machine_code,unit_number,data_date,sampled_at_jst,original_slump_value,chained_slump_value,hours_from_origin,is_day_start
M0001,3075,2026-08-11,2026-08-11T10:53:13+09:00,-100,-100,0.0000,1
M0001,3075,2026-08-11,2026-08-11T11:28:39+09:00,500,500,0.5906,0
M0001,3075,2026-08-11,2026-08-11T12:02:43+09:00,-100,-100,1.1583,0
M0001,3075,2026-08-11,2026-08-11T12:36:02+09:00,1300,1300,1.7136,0
M0001,3075,2026-08-11,2026-08-11T13:06:25+09:00,2800,2800,2.2200,0
M0001,3075,2026-08-11,2026-08-11T14:09:42+09:00,4300,4300,3.2747,0
M0001,3075,2026-08-11,2026-08-11T14:50:37+09:00,4000,4000,3.9567,0
M0001,3075,2026-08-11,2026-08-11T15:29:09+09:00,4200,4200,4.5989,0
M0001,3075,2026-08-11,2026-08-11T16:05:23+09:00,3500,3500,5.2028,0
M0001,3075,2026-08-11,2026-08-11T16:40:17+09:00,4000,4000,5.7844,0
M0001,3075,2026-08-11,2026-08-11T18:06:29+09:00,3700,3700,7.2211,0
M0001,3075,2026-08-11,2026-08-11T18:41:47+09:00,3100,3100,7.8094,0
M0001,3075,2026-08-11,2026-08-11T19:30:51+09:00,3300,3300,8.6272,0
M0001,3075,2026-08-11,2026-08-11T20:08:57+09:00,2600,2600,9.2622,0
M0001,3075,2026-08-11,2026-08-11T21:03:30+09:00,3000,3000,10.1714,0
M0001,3075,2026-08-11,2026-08-11T23:04:47+09:00,2900,2900,12.1928,0
M0001,3075,2026-08-12,2026-08-12T10:53:47+09:00,-100,2900,12.1928,1
M0001,3075,2026-08-12,2026-08-12T11:28:45+09:00,-400,2600,12.7756,0
M0001,3075,2026-08-12,2026-08-12T12:02:51+09:00,-900,2100,13.3439,0
M0001,3075,2026-08-12,2026-08-12T12:36:01+09:00,-1500,1500,13.8967,0
M0001,3075,2026-08-12,2026-08-12T13:06:31+09:00,-400,2600,14.4050,0
M0001,3075,2026-08-12,2026-08-12T13:35:53+09:00,-1000,2000,14.8944,0
M0001,3075,2026-08-12,2026-08-12T14:11:01+09:00,-1900,1100,15.4800,0
M0001,3075,2026-08-12,2026-08-12T14:56:33+09:00,-2600,400,16.2389,0
M0001,3075,2026-08-12,2026-08-12T15:31:45+09:00,-3300,-300,16.8256,0
M0001,3075,2026-08-12,2026-08-12T16:07:57+09:00,-4100,-1100,17.4289,0
M0001,3075,2026-08-12,2026-08-12T16:35:17+09:00,-3600,-600,17.8844,0
M0001,3075,2026-08-12,2026-08-12T18:14:03+09:00,-3400,-400,19.5306,0
M0001,3075,2026-08-12,2026-08-12T19:01:02+09:00,-1600,1400,20.3136,0
M0001,3075,2026-08-12,2026-08-12T21:39:31+09:00,-2200,800,22.9550,0
M0001,3075,2026-08-12,2026-08-12T22:26:01+09:00,-1900,1100,23.7300,0
M0001,3075,2026-08-13,2026-08-13T10:54:54+09:00,-200,1100,23.7300,1
M0001,3075,2026-08-13,2026-08-13T11:29:13+09:00,-800,500,24.3019,0
M0001,3075,2026-08-13,2026-08-13T12:03:39+09:00,800,2100,24.8758,0
M0001,3075,2026-08-13,2026-08-13T12:36:57+09:00,1500,2800,25.4308,0
M0001,3075,2026-08-13,2026-08-13T13:09:39+09:00,3100,4400,25.9758,0
M0001,3075,2026-08-13,2026-08-13T14:00:59+09:00,2900,4200,26.8314,0
M0001,3075,2026-08-13,2026-08-13T14:35:09+09:00,2700,4000,27.4008,0
M0001,3075,2026-08-13,2026-08-13T15:11:23+09:00,2500,3800,28.0047,0
M0001,3075,2026-08-13,2026-08-13T15:58:27+09:00,2000,3300,28.7892,0
M0001,3075,2026-08-13,2026-08-13T16:33:27+09:00,3700,5000,29.3725,0
M0001,3075,2026-08-13,2026-08-13T17:10:25+09:00,6000,7300,29.9886,0
M0001,3075,2026-08-13,2026-08-13T17:59:47+09:00,6300,7600,30.8114,0
M0001,3075,2026-08-13,2026-08-13T18:36:04+09:00,6000,7300,31.4161,0
M0001,3075,2026-08-13,2026-08-13T19:14:33+09:00,5900,7200,32.0575,0
M0001,3075,2026-08-13,2026-08-13T20:02:43+09:00,5200,6500,32.8603,0
M0001,3075,2026-08-13,2026-08-13T20:39:10+09:00,4300,5600,33.4678,0
M0001,3075,2026-08-13,2026-08-13T22:03:35+09:00,6100,7400,34.8747,0
M0001,3075,2026-08-13,2026-08-13T22:40:21+09:00,6400,7700,35.4875,0
M0001,3075,2026-08-14,2026-08-14T10:54:41+09:00,-200,7700,35.4875,1
M0001,3075,2026-08-14,2026-08-14T11:29:45+09:00,-900,7000,36.0719,0
M0001,3075,2026-08-14,2026-08-14T12:04:15+09:00,-1400,6500,36.6469,0
M0001,3075,2026-08-14,2026-08-14T12:37:28+09:00,-2000,5900,37.2006,0
M0001,3075,2026-08-14,2026-08-14T13:06:37+09:00,-2700,5200,37.6864,0
M0001,3075,2026-08-14,2026-08-14T13:35:02+09:00,-2500,5400,38.1600,0
M0001,3075,2026-08-14,2026-08-14T14:10:37+09:00,-3700,4200,38.7531,0
M0001,3075,2026-08-14,2026-08-14T14:55:41+09:00,-3500,4400,39.5042,0
M0001,3075,2026-08-14,2026-08-14T15:31:41+09:00,-3200,4700,40.1042,0
M0001,3075,2026-08-14,2026-08-14T16:41:57+09:00,-3700,4200,41.2753,0
M0001,3075,2026-08-14,2026-08-14T17:30:37+09:00,-4400,3500,42.0864,0
M0001,3075,2026-08-14,2026-08-14T18:07:43+09:00,-4600,3300,42.7047,0
M0001,3075,2026-08-14,2026-08-14T18:43:04+09:00,-3800,4100,43.2939,0
M0001,3075,2026-08-14,2026-08-14T19:31:33+09:00,-3300,4600,44.1019,0
M0001,3075,2026-08-14,2026-08-14T20:09:17+09:00,-3900,4000,44.7308,0
M0001,3075,2026-08-14,2026-08-14T20:55:41+09:00,-3800,4100,45.5042,0
M0001,3075,2026-08-14,2026-08-14T21:33:02+09:00,-4000,3900,46.1267,0
M0001,3075,2026-08-14,2026-08-14T22:11:45+09:00,-3500,4400,46.7719,0
M0001,3075,2026-08-15,2026-08-15T10:54:13+09:00,-100,4400,46.7719,1
M0001,3075,2026-08-15,2026-08-15T11:29:09+09:00,-600,3900,47.3542,0
M0001,3075,2026-08-15,2026-08-15T12:03:27+09:00,-800,3700,47.9258,0
M0001,3075,2026-08-15,2026-08-15T12:36:37+09:00,-400,4100,48.4786,0
M0001,3075,2026-08-15,2026-08-15T13:08:49+09:00,-1300,3200,49.0153,0
M0001,3075,2026-08-15,2026-08-15T14:01:55+09:00,-1400,3100,49.9003,0
M0001,3075,2026-08-15,2026-08-15T14:36:09+09:00,-1300,3200,50.4708,0
M0001,3075,2026-08-15,2026-08-15T15:11:53+09:00,-1800,2700,51.0664,0
M0001,3075,2026-08-15,2026-08-15T15:58:43+09:00,-2300,2200,51.8469,0
M0001,3075,2026-08-15,2026-08-15T16:34:01+09:00,-2900,1600,52.4353,0
M0001,3075,2026-08-15,2026-08-15T17:11:17+09:00,-3200,1300,53.0564,0
M0001,3075,2026-08-15,2026-08-15T17:58:39+09:00,-3600,900,53.8458,0
M0001,3075,2026-08-15,2026-08-15T18:35:13+09:00,-4400,100,54.4553,0
M0001,3075,2026-08-15,2026-08-15T19:12:53+09:00,-5000,-500,55.0831,0
M0001,3075,2026-08-15,2026-08-15T20:01:19+09:00,-5700,-1200,55.8903,0
M0001,3075,2026-08-15,2026-08-15T20:38:25+09:00,-5600,-1100,56.5086,0
M0001,3075,2026-08-15,2026-08-15T21:25:49+09:00,-5800,-1300,57.2986,0
M0001,3075,2026-08-15,2026-08-15T22:04:23+09:00,-4600,-100,57.9414,0
M0001,3075,2026-08-15,2026-08-15T22:41:53+09:00,-4200,300,58.5664,0
M0001,3075,2026-08-16,2026-08-16T10:53:41+09:00,-100,300,58.5664,1
M0001,3075,2026-08-16,2026-08-16T11:28:27+09:00,500,900,59.1458,0
M0001,3075,2026-08-16,2026-08-16T12:35:49+09:00,-100,300,60.2686,0
M0001,3075,2026-08-16,2026-08-16T14:09:21+09:00,-200,200,61.8275,0
M0001,3075,2026-08-16,2026-08-16T14:51:21+09:00,-800,-400,62.5275,0
M0001,3075,2026-08-16,2026-08-16T15:29:10+09:00,-1400,-1000,63.1578,0
M0001,3075,2026-08-16,2026-08-16T16:05:23+09:00,-1800,-1400,63.7614,0
M0001,3075,2026-08-16,2026-08-16T16:39:55+09:00,-1300,-900,64.3369,0
M0001,3075,2026-08-16,2026-08-16T17:30:17+09:00,400,800,65.1764,0
M0001,3075,2026-08-16,2026-08-16T18:07:35+09:00,900,1300,65.7981,0
M0001,3075,2026-08-16,2026-08-16T18:38:25+09:00,1300,1700,66.3119,0
M0001,3075,2026-08-16,2026-08-16T19:40:19+09:00,3600,4000,67.3436,0
M0001,3075,2026-08-16,2026-08-16T20:25:39+09:00,3100,3500,68.0992,0
M0001,3075,2026-08-16,2026-08-16T21:04:51+09:00,3800,4200,68.7525,0
M0001,3075,2026-08-17,2026-08-17T10:52:31+09:00,0,4200,68.7525,1
M0001,3075,2026-08-17,2026-08-17T11:28:29+09:00,-500,3700,69.3519,0
M0001,3075,2026-08-17,2026-08-17T12:02:23+09:00,0,4200,69.9169,0
M0001,3075,2026-08-17,2026-08-17T12:34:35+09:00,-200,4000,70.4536,0
M0001,3075,2026-08-17,2026-08-17T13:07:15+09:00,-1000,3200,70.9981,0
M0001,3075,2026-08-17,2026-08-17T13:35:21+09:00,-1100,3100,71.4664,0
M0001,3075,2026-08-17,2026-08-17T14:03:11+09:00,-1200,3000,71.9303,0
M0001,3075,2026-08-17,2026-08-17T14:36:43+09:00,-600,3600,72.4892,0
M0001,3075,2026-08-17,2026-08-17T15:59:33+09:00,-800,3400,73.8697,0
M0001,3075,2026-08-17,2026-08-17T17:09:07+09:00,-1000,3200,75.0292,0
M0001,3075,2026-08-17,2026-08-17T18:33:03+09:00,-1200,3000,76.4281,0
M0001,3075,2026-08-17,2026-08-17T19:09:23+09:00,-1500,2700,77.0336,0
M0001,3075,2026-08-17,2026-08-17T19:59:55+09:00,-1600,2600,77.8758,0
M0001,3075,2026-08-17,2026-08-17T20:35:21+09:00,100,4300,78.4664,0
M0001,3075,2026-08-17,2026-08-17T21:13:05+09:00,700,4900,79.0953,0
M0001,3075,2026-08-17,2026-08-17T21:59:13+09:00,1400,5600,79.8642,0
M0001,3075,2026-08-17,2026-08-17T22:34:49+09:00,1000,5200,80.4575,0
M0001,3075,2026-08-18,2026-08-18T10:52:51+09:00,200,5200,80.4575,1
M0001,3075,2026-08-18,2026-08-18T11:28:45+09:00,-100,4900,81.0558,0
M0001,3075,2026-08-18,2026-08-18T12:02:47+09:00,-800,4200,81.6231,0
M0001,3075,2026-08-18,2026-08-18T12:35:21+09:00,100,5100,82.1658,0
M0001,3075,2026-08-18,2026-08-18T14:04:28+09:00,-300,4700,83.6511,0
M0002,3076,2026-08-11,2026-08-11T10:53:13+09:00,-100,-100,0.0000,1
M0002,3076,2026-08-11,2026-08-11T11:28:39+09:00,-800,-800,0.5906,0
M0002,3076,2026-08-11,2026-08-11T12:36:02+09:00,-1100,-1100,1.7136,0
M0002,3076,2026-08-11,2026-08-11T13:06:25+09:00,-1900,-1900,2.2200,0
M0002,3076,2026-08-11,2026-08-11T13:34:33+09:00,-2400,-2400,2.6889,0
M0002,3076,2026-08-11,2026-08-11T14:09:42+09:00,-3400,-3400,3.2747,0
M0002,3076,2026-08-11,2026-08-11T14:50:37+09:00,-2800,-2800,3.9567,0
M0002,3076,2026-08-11,2026-08-11T15:29:09+09:00,-3200,-3200,4.5989,0
M0002,3076,2026-08-11,2026-08-11T16:05:23+09:00,-3300,-3300,5.2028,0
M0002,3076,2026-08-11,2026-08-11T16:40:17+09:00,-3000,-3000,5.7844,0
M0002,3076,2026-08-11,2026-08-11T17:28:47+09:00,-3600,-3600,6.5928,0
M0002,3076,2026-08-11,2026-08-11T18:06:29+09:00,-3800,-3800,7.2211,0
M0002,3076,2026-08-11,2026-08-11T18:41:47+09:00,-4000,-4000,7.8094,0
M0002,3076,2026-08-11,2026-08-11T19:30:51+09:00,-4400,-4400,8.6272,0
M0002,3076,2026-08-11,2026-08-11T20:08:57+09:00,-4200,-4200,9.2622,0
M0002,3076,2026-08-12,2026-08-12T10:53:47+09:00,-200,-4200,9.2622,1
M0002,3076,2026-08-12,2026-08-12T11:28:45+09:00,-1000,-5000,9.8450,0
M0002,3076,2026-08-12,2026-08-12T15:31:45+09:00,-1500,-5500,13.8950,0
M0002,3076,2026-08-12,2026-08-12T16:07:57+09:00,-2300,-6300,14.4983,0
M0002,3076,2026-08-12,2026-08-12T16:35:17+09:00,-1900,-5900,14.9539,0
M0002,3076,2026-08-13,2026-08-13T10:54:54+09:00,-100,-5900,14.9539,1
M0002,3076,2026-08-13,2026-08-13T11:29:13+09:00,-700,-6500,15.5258,0
M0002,3076,2026-08-13,2026-08-13T12:03:39+09:00,-1100,-6900,16.0997,0
M0002,3076,2026-08-13,2026-08-13T12:36:57+09:00,-400,-6200,16.6547,0
M0002,3076,2026-08-13,2026-08-13T13:09:39+09:00,2400,-3400,17.1997,0
M0002,3076,2026-08-13,2026-08-13T14:00:59+09:00,3200,-2600,18.0553,0
M0002,3076,2026-08-13,2026-08-13T14:35:09+09:00,3000,-2800,18.6247,0
M0002,3076,2026-08-13,2026-08-13T15:11:23+09:00,1900,-3900,19.2286,0
M0002,3076,2026-08-13,2026-08-13T15:58:27+09:00,1300,-4500,20.0131,0
M0002,3076,2026-08-13,2026-08-13T16:33:27+09:00,1700,-4100,20.5964,0
M0002,3076,2026-08-13,2026-08-13T17:10:25+09:00,500,-5300,21.2125,0
M0002,3076,2026-08-13,2026-08-13T17:59:47+09:00,-200,-6000,22.0353,0
M0002,3076,2026-08-13,2026-08-13T18:36:04+09:00,-900,-6700,22.6400,0
M0002,3076,2026-08-13,2026-08-13T19:14:33+09:00,-400,-6200,23.2814,0
M0002,3076,2026-08-13,2026-08-13T20:02:43+09:00,300,-5500,24.0842,0
M0002,3076,2026-08-13,2026-08-13T20:39:10+09:00,900,-4900,24.6917,0
M0002,3076,2026-08-13,2026-08-13T21:23:43+09:00,800,-5000,25.4342,0
M0002,3076,2026-08-14,2026-08-14T10:54:41+09:00,-100,-5000,25.4342,1
M0002,3076,2026-08-14,2026-08-14T11:29:45+09:00,1800,-3100,26.0186,0
M0002,3076,2026-08-14,2026-08-14T12:04:15+09:00,2400,-2500,26.5936,0
M0002,3076,2026-08-14,2026-08-14T12:37:28+09:00,3000,-1900,27.1472,0
M0002,3076,2026-08-14,2026-08-14T13:06:37+09:00,2200,-2700,27.6331,0
M0002,3076,2026-08-14,2026-08-14T13:35:02+09:00,1500,-3400,28.1067,0
M0002,3076,2026-08-14,2026-08-14T14:10:37+09:00,3500,-1400,28.6997,0
M0002,3076,2026-08-14,2026-08-14T14:55:41+09:00,2900,-2000,29.4508,0
M0002,3076,2026-08-14,2026-08-14T15:31:41+09:00,2200,-2700,30.0508,0
M0002,3076,2026-08-14,2026-08-14T16:08:02+09:00,2700,-2200,30.6567,0
M0002,3076,2026-08-14,2026-08-14T16:41:57+09:00,5000,100,31.2219,0
M0002,3076,2026-08-14,2026-08-14T17:30:37+09:00,4800,-100,32.0331,0
M0002,3076,2026-08-14,2026-08-14T18:43:04+09:00,4200,-700,33.2406,0
M0002,3076,2026-08-14,2026-08-14T19:31:33+09:00,3400,-1500,34.0486,0
M0002,3076,2026-08-14,2026-08-14T20:09:17+09:00,2800,-2100,34.6775,0
M0002,3076,2026-08-14,2026-08-14T20:55:41+09:00,2100,-2800,35.4508,0
M0002,3076,2026-08-14,2026-08-14T21:33:02+09:00,2000,-2900,36.0733,0
M0002,3076,2026-08-14,2026-08-14T22:11:45+09:00,4000,-900,36.7186,0
M0002,3076,2026-08-15,2026-08-15T10:54:13+09:00,-100,-900,36.7186,1
M0002,3076,2026-08-15,2026-08-15T11:29:09+09:00,-600,-1400,37.3008,0
M0002,3076,2026-08-15,2026-08-15T12:03:27+09:00,-1200,-2000,37.8725,0
M0002,3076,2026-08-15,2026-08-15T12:36:37+09:00,-1700,-2500,38.4253,0
M0002,3076,2026-08-15,2026-08-15T13:08:49+09:00,-2100,-2900,38.9619,0
M0002,3076,2026-08-15,2026-08-15T14:01:55+09:00,-2000,-2800,39.8469,0
M0002,3076,2026-08-15,2026-08-15T14:36:09+09:00,-400,-1200,40.4175,0
M0002,3076,2026-08-15,2026-08-15T15:11:53+09:00,700,-100,41.0131,0
M0002,3076,2026-08-15,2026-08-15T15:58:43+09:00,800,0,41.7936,0
M0002,3076,2026-08-15,2026-08-15T16:34:01+09:00,1400,600,42.3819,0
M0002,3076,2026-08-15,2026-08-15T17:11:17+09:00,4700,3900,43.0031,0
M0002,3076,2026-08-15,2026-08-15T17:58:39+09:00,6800,6000,43.7925,0
M0002,3076,2026-08-15,2026-08-15T18:35:13+09:00,8000,7200,44.4019,0
M0002,3076,2026-08-15,2026-08-15T19:12:53+09:00,7600,6800,45.0297,0
M0002,3076,2026-08-15,2026-08-15T20:01:19+09:00,6800,6000,45.8369,0
M0002,3076,2026-08-15,2026-08-15T20:38:25+09:00,6700,5900,46.4553,0
M0002,3076,2026-08-15,2026-08-15T21:25:49+09:00,8200,7400,47.2453,0
M0002,3076,2026-08-15,2026-08-15T22:04:23+09:00,7300,6500,47.8881,0
M0002,3076,2026-08-15,2026-08-15T22:41:53+09:00,7100,6300,48.5131,0
M0002,3076,2026-08-16,2026-08-16T10:53:41+09:00,-200,6300,48.5131,1
M0002,3076,2026-08-16,2026-08-16T12:02:27+09:00,-300,6200,49.6592,0
M0002,3076,2026-08-16,2026-08-16T12:35:49+09:00,500,7000,50.2153,0
M0002,3076,2026-08-16,2026-08-16T13:06:49+09:00,-100,6400,50.7319,0
M0002,3076,2026-08-16,2026-08-16T13:36:19+09:00,200,6700,51.2236,0
M0002,3076,2026-08-16,2026-08-16T14:09:21+09:00,3400,9900,51.7742,0
M0002,3076,2026-08-16,2026-08-16T14:51:21+09:00,3100,9600,52.4742,0
M0002,3076,2026-08-16,2026-08-16T15:29:10+09:00,2700,9200,53.1044,0
M0002,3076,2026-08-16,2026-08-16T16:05:23+09:00,2800,9300,53.7081,0
M0002,3076,2026-08-16,2026-08-16T16:39:55+09:00,1800,8300,54.2836,0
M0002,3076,2026-08-16,2026-08-16T17:30:17+09:00,1200,7700,55.1231,0
M0002,3076,2026-08-16,2026-08-16T18:07:35+09:00,1000,7500,55.7447,0
M0002,3076,2026-08-16,2026-08-16T18:38:25+09:00,300,6800,56.2586,0
M0002,3076,2026-08-16,2026-08-16T19:40:19+09:00,600,7100,57.2903,0
M0002,3076,2026-08-16,2026-08-16T20:25:39+09:00,-200,6300,58.0458,0
M0002,3076,2026-08-16,2026-08-16T21:04:51+09:00,200,6700,58.6992,0
M0002,3076,2026-08-16,2026-08-16T21:42:13+09:00,-1000,5500,59.3219,0
M0002,3076,2026-08-16,2026-08-16T22:32:01+09:00,-700,5800,60.1519,0
M0002,3076,2026-08-17,2026-08-17T10:52:31+09:00,0,5800,60.1519,1
M0002,3076,2026-08-17,2026-08-17T11:28:29+09:00,100,5900,60.7514,0
M0002,3076,2026-08-17,2026-08-17T12:02:23+09:00,-200,5600,61.3164,0
M0002,3076,2026-08-17,2026-08-17T12:34:35+09:00,-900,4900,61.8531,0
M0002,3076,2026-08-17,2026-08-17T13:07:15+09:00,-1500,4300,62.3975,0
M0002,3076,2026-08-17,2026-08-17T13:35:21+09:00,-500,5300,62.8658,0
M0002,3076,2026-08-17,2026-08-17T15:11:21+09:00,-1100,4700,64.4658,0
M0002,3076,2026-08-17,2026-08-17T15:59:33+09:00,-200,5600,65.2692,0
M0002,3076,2026-08-17,2026-08-17T16:33:27+09:00,100,5900,65.8342,0
M0002,3076,2026-08-17,2026-08-17T17:09:07+09:00,0,5800,66.4286,0
M0002,3076,2026-08-17,2026-08-17T17:58:27+09:00,100,5900,67.2508,0
M0002,3076,2026-08-17,2026-08-17T18:33:03+09:00,300,6100,67.8275,0
M0002,3076,2026-08-17,2026-08-17T19:09:23+09:00,700,6500,68.4331,0
M0002,3076,2026-08-17,2026-08-17T19:59:55+09:00,200,6000,69.2753,0
M0002,3076,2026-08-17,2026-08-17T20:35:21+09:00,2100,7900,69.8658,0
M0002,3076,2026-08-17,2026-08-17T21:13:05+09:00,2400,8200,70.4947,0
M0002,3076,2026-08-17,2026-08-17T21:59:13+09:00,4900,10700,71.2636,0
M0002,3076,2026-08-17,2026-08-17T22:34:49+09:00,4800,10600,71.8569,0
M0002,3076,2026-08-18,2026-08-18T10:52:51+09:00,-200,10600,71.8569,1
M0002,3076,2026-08-18,2026-08-18T11:28:45+09:00,400,11200,72.4553,0
M0002,3076,2026-08-18,2026-08-18T12:02:47+09:00,-400,10400,73.0225,0
M0002,3076,2026-08-18,2026-08-18T12:35:21+09:00,-600,10200,73.5653,0
M0002,3076,2026-08-18,2026-08-18T13:07:37+09:00,200,11000,74.1031,0
M0003,3077,2026-08-11,2026-08-11T10:53:13+09:00,-200,-200,0.0000,1
M0003,3077,2026-08-11,2026-08-11T11:28:39+09:00,-700,-700,0.5906,0
M0003,3077,2026-08-11,2026-08-11T12:02:43+09:00,-1000,-1000,1.1583,0
M0003,3077,2026-08-11,2026-08-11T12:36:02+09:00,1900,1900,1.7136,0
M0003,3077,2026-08-11,2026-08-11T13:06:25+09:00,2700,2700,2.2200,0
M0003,3077,2026-08-11,2026-08-11T14:09:42+09:00,2500,2500,3.2747,0
M0003,3077,2026-08-11,2026-08-11T14:50:37+09:00,3000,3000,3.9567,0
M0003,3077,2026-08-11,2026-08-11T15:29:09+09:00,2800,2800,4.5989,0
M0003,3077,2026-08-11,2026-08-11T16:05:23+09:00,2100,2100,5.2028,0
M0003,3077,2026-08-11,2026-08-11T16:40:17+09:00,1500,1500,5.7844,0
M0003,3077,2026-08-11,2026-08-11T17:28:47+09:00,900,900,6.5928,0
M0003,3077,2026-08-11,2026-08-11T18:06:29+09:00,500,500,7.2211,0
M0003,3077,2026-08-11,2026-08-11T18:41:47+09:00,100,100,7.8094,0
M0003,3077,2026-08-11,2026-08-11T19:30:51+09:00,-700,-700,8.6272,0
M0003,3077,2026-08-11,2026-08-11T20:08:57+09:00,-1600,-1600,9.2622,0
M0003,3077,2026-08-11,2026-08-11T21:03:30+09:00,-1200,-1200,10.1714,0
M0003,3077,2026-08-12,2026-08-12T10:53:47+09:00,-200,-1200,10.1714,1
M0003,3077,2026-08-12,2026-08-12T12:02:51+09:00,-400,-1400,11.3225,0
M0003,3077,2026-08-12,2026-08-12T12:36:01+09:00,1400,400,11.8753,0
M0003,3077,2026-08-12,2026-08-12T13:06:31+09:00,2100,1100,12.3836,0
M0003,3077,2026-08-12,2026-08-12T13:35:53+09:00,2700,1700,12.8731,0
M0003,3077,2026-08-12,2026-08-12T14:11:01+09:00,4100,3100,13.4586,0
M0003,3077,2026-08-12,2026-08-12T14:56:33+09:00,3900,2900,14.2175,0
M0003,3077,2026-08-12,2026-08-12T15:31:45+09:00,3300,2300,14.8042,0
M0003,3077,2026-08-12,2026-08-12T16:07:57+09:00,2600,1600,15.4075,0
M0003,3077,2026-08-12,2026-08-12T16:35:17+09:00,2300,1300,15.8631,0
M0003,3077,2026-08-12,2026-08-12T17:01:31+09:00,1600,600,16.3003,0
M0003,3077,2026-08-12,2026-08-12T17:36:51+09:00,1100,100,16.8892,0
M0003,3077,2026-08-12,2026-08-12T18:14:03+09:00,2600,1600,17.5092,0
M0003,3077,2026-08-12,2026-08-12T19:01:02+09:00,3300,2300,18.2922,0
M0003,3077,2026-08-12,2026-08-12T19:36:51+09:00,3100,2100,18.8892,0
M0003,3077,2026-08-12,2026-08-12T20:14:43+09:00,2300,1300,19.5203,0
M0003,3077,2026-08-12,2026-08-12T21:39:31+09:00,2700,1700,20.9336,0
M0003,3077,2026-08-13,2026-08-13T10:54:54+09:00,-300,1700,20.9336,1
M0003,3077,2026-08-13,2026-08-13T11:29:13+09:00,600,2600,21.5056,0
M0003,3077,2026-08-13,2026-08-13T12:03:39+09:00,300,2300,22.0794,0
M0003,3077,2026-08-13,2026-08-13T12:36:57+09:00,-300,1700,22.6344,0
M0003,3077,2026-08-13,2026-08-13T13:09:39+09:00,1100,3100,23.1794,0
M0003,3077,2026-08-13,2026-08-13T14:00:59+09:00,1000,3000,24.0350,0
M0003,3077,2026-08-13,2026-08-13T14:35:09+09:00,800,2800,24.6044,0
M0003,3077,2026-08-13,2026-08-13T15:11:23+09:00,600,2600,25.2083,0
M0003,3077,2026-08-13,2026-08-13T15:58:27+09:00,800,2800,25.9928,0
M0003,3077,2026-08-13,2026-08-13T16:33:27+09:00,100,2100,26.5761,0
M0003,3077,2026-08-13,2026-08-13T17:10:25+09:00,-1100,900,27.1922,0
M0003,3077,2026-08-13,2026-08-13T17:59:47+09:00,-1700,300,28.0150,0
M0003,3077,2026-08-13,2026-08-13T18:36:04+09:00,-1800,200,28.6197,0
M0003,3077,2026-08-13,2026-08-13T19:14:33+09:00,-2200,-200,29.2611,0
M0003,3077,2026-08-13,2026-08-13T20:02:43+09:00,-2800,-800,30.0639,0
M0003,3077,2026-08-13,2026-08-13T20:39:10+09:00,-3300,-1300,30.6714,0
M0003,3077,2026-08-13,2026-08-13T21:23:43+09:00,-1100,900,31.4139,0
M0003,3077,2026-08-13,2026-08-13T22:40:21+09:00,-300,1700,32.6911,0
M0003,3077,2026-08-13,2026-08-13T23:29:55+09:00,-400,1600,33.5172,0
M0003,3077,2026-08-14,2026-08-14T10:54:41+09:00,-100,1600,33.5172,1
M0003,3077,2026-08-14,2026-08-14T11:29:45+09:00,100,1800,34.1017,0
M0003,3077,2026-08-14,2026-08-14T12:04:15+09:00,2200,3900,34.6767,0
M0003,3077,2026-08-14,2026-08-14T12:37:28+09:00,4500,6200,35.2303,0
M0003,3077,2026-08-14,2026-08-14T13:06:37+09:00,5400,7100,35.7161,0
M0003,3077,2026-08-14,2026-08-14T13:35:02+09:00,5200,6900,36.1897,0
M0003,3077,2026-08-14,2026-08-14T16:08:02+09:00,4800,6500,38.7397,0
M0003,3077,2026-08-14,2026-08-14T17:30:37+09:00,4400,6100,40.1161,0
M0003,3077,2026-08-14,2026-08-14T18:07:43+09:00,4500,6200,40.7344,0
M0003,3077,2026-08-14,2026-08-14T18:43:04+09:00,4100,5800,41.3236,0
M0003,3077,2026-08-14,2026-08-14T19:31:33+09:00,4200,5900,42.1317,0
M0003,3077,2026-08-14,2026-08-14T20:09:17+09:00,5000,6700,42.7606,0
M0003,3077,2026-08-14,2026-08-14T20:55:41+09:00,4500,6200,43.5339,0
M0003,3077,2026-08-14,2026-08-14T21:33:02+09:00,4400,6100,44.1564,0
M0003,3077,2026-08-14,2026-08-14T22:11:45+09:00,4800,6500,44.8017,0
M0003,3077,2026-08-15,2026-08-15T10:54:13+09:00,-100,6500,44.8017,1
M0003,3077,2026-08-15,2026-08-15T11:29:09+09:00,-700,5900,45.3839,0
M0003,3077,2026-08-15,2026-08-15T12:03:27+09:00,-1400,5200,45.9556,0
M0003,3077,2026-08-15,2026-08-15T12:36:37+09:00,-2000,4600,46.5083,0
M0003,3077,2026-08-15,2026-08-15T13:08:49+09:00,-3200,3400,47.0450,0
M0003,3077,2026-08-15,2026-08-15T14:01:55+09:00,-2700,3900,47.9300,0
M0003,3077,2026-08-15,2026-08-15T14:36:09+09:00,-2900,3700,48.5006,0
M0003,3077,2026-08-15,2026-08-15T15:58:43+09:00,-3400,3200,49.8767,0
M0003,3077,2026-08-15,2026-08-15T16:34:01+09:00,-3900,2700,50.4650,0
M0003,3077,2026-08-15,2026-08-15T17:11:17+09:00,-5000,1600,51.0861,0
M0003,3077,2026-08-15,2026-08-15T17:58:39+09:00,-5600,1000,51.8756,0
M0003,3077,2026-08-15,2026-08-15T18:35:13+09:00,-6200,400,52.4850,0
M0003,3077,2026-08-15,2026-08-15T19:12:53+09:00,-7200,-600,53.1128,0
M0003,3077,2026-08-15,2026-08-15T20:01:19+09:00,-6700,-100,53.9200,0
M0003,3077,2026-08-16,2026-08-16T10:53:41+09:00,-100,-100,53.9200,1
M0003,3077,2026-08-16,2026-08-16T11:28:27+09:00,200,200,54.4994,0
M0003,3077,2026-08-16,2026-08-16T12:02:27+09:00,100,100,55.0661,0
M0003,3077,2026-08-16,2026-08-16T12:35:49+09:00,800,800,55.6222,0
M0003,3077,2026-08-16,2026-08-16T13:06:49+09:00,400,400,56.1389,0
M0003,3077,2026-08-16,2026-08-16T13:36:19+09:00,-300,-300,56.6306,0
M0003,3077,2026-08-16,2026-08-16T14:09:21+09:00,-700,-700,57.1811,0
M0003,3077,2026-08-16,2026-08-16T14:51:21+09:00,-200,-200,57.8811,0
M0003,3077,2026-08-16,2026-08-16T15:29:10+09:00,-500,-500,58.5114,0
M0003,3077,2026-08-16,2026-08-16T16:05:23+09:00,-1100,-1100,59.1150,0
M0003,3077,2026-08-16,2026-08-16T16:39:55+09:00,-800,-800,59.6906,0
M0003,3077,2026-08-16,2026-08-16T17:30:17+09:00,-900,-900,60.5300,0
M0003,3077,2026-08-16,2026-08-16T18:07:35+09:00,-600,-600,61.1517,0
M0003,3077,2026-08-16,2026-08-16T18:38:25+09:00,-700,-700,61.6656,0
M0003,3077,2026-08-16,2026-08-16T19:40:19+09:00,-1300,-1300,62.6972,0
M0003,3077,2026-08-16,2026-08-16T20:25:39+09:00,-1900,-1900,63.4528,0
M0003,3077,2026-08-16,2026-08-16T21:04:51+09:00,-2500,-2500,64.1061,0
M0003,3077,2026-08-16,2026-08-16T21:42:13+09:00,-3800,-3800,64.7289,0
M0003,3077,2026-08-16,2026-08-16T22:32:01+09:00,-3500,-3500,65.5589,0
M0003,3077,2026-08-17,2026-08-17T10:52:31+09:00,-200,-3500,65.5589,1
M0003,3077,2026-08-17,2026-08-17T11:28:29+09:00,-600,-3900,66.1583,0
M0003,3077,2026-08-17,2026-08-17T12:02:23+09:00,-1300,-4600,66.7233,0
M0003,3077,2026-08-17,2026-08-17T12:34:35+09:00,-1000,-4300,67.2600,0
M0003,3077,2026-08-17,2026-08-17T15:11:21+09:00,-1300,-4600,69.8728,0
M0003,3077,2026-08-17,2026-08-17T15:59:33+09:00,-1400,-4700,70.6761,0
M0003,3077,2026-08-17,2026-08-17T16:33:27+09:00,-1900,-5200,71.2411,0
M0003,3077,2026-08-17,2026-08-17T17:09:07+09:00,-1600,-4900,71.8356,0
M0003,3077,2026-08-17,2026-08-17T17:58:27+09:00,-900,-4200,72.6578,0
M0003,3077,2026-08-17,2026-08-17T18:33:03+09:00,1200,-2100,73.2344,0
M0003,3077,2026-08-17,2026-08-17T19:09:23+09:00,2000,-1300,73.8400,0
M0003,3077,2026-08-17,2026-08-17T19:59:55+09:00,1500,-1800,74.6822,0
M0003,3077,2026-08-17,2026-08-17T20:35:21+09:00,900,-2400,75.2728,0
M0003,3077,2026-08-17,2026-08-17T21:13:05+09:00,1800,-1500,75.9017,0
M0003,3077,2026-08-17,2026-08-17T21:59:13+09:00,2300,-1000,76.6706,0
M0003,3077,2026-08-17,2026-08-17T22:34:49+09:00,2400,-900,77.2639,0
M0003,3077,2026-08-17,2026-08-17T23:11:50+09:00,1900,-1400,77.8808,0
M0003,3077,2026-08-18,2026-08-18T10:52:51+09:00,-300,-1400,77.8808,1
M0003,3077,2026-08-18,2026-08-18T11:28:45+09:00,-1000,-2100,78.4792,0
M0003,3077,2026-08-18,2026-08-18T12:02:47+09:00,1200,100,79.0464,0
M0003,3077,2026-08-18,2026-08-18T12:35:21+09:00,1900,800,79.5892,0
M0003,3077,2026-08-18,2026-08-18T13:07:37+09:00,1200,100,80.1269,0
M0003,3077,2026-08-18,2026-08-18T13:35:43+09:00,1000,-100,80.5953,0
M0003,3077,2026-08-18,2026-08-18T14:04:28+09:00,1500,400,81.0744,0
M0004,3078,2026-08-11,2026-08-11T10:53:13+09:00,-100,-100,0.0000,1
M0004,3078,2026-08-11,2026-08-11T11:28:39+09:00,-600,-600,0.5906,0
M0004,3078,2026-08-11,2026-08-11T12:02:43+09:00,1600,1600,1.1583,0
M0004,3078,2026-08-11,2026-08-11T12:36:02+09:00,2300,2300,1.7136,0
M0004,3078,2026-08-11,2026-08-11T13:06:25+09:00,2400,2400,2.2200,0
M0004,3078,2026-08-11,2026-08-11T13:34:33+09:00,3500,3500,2.6889,0
M0004,3078,2026-08-11,2026-08-11T14:09:42+09:00,2400,2400,3.2747,0
M0004,3078,2026-08-11,2026-08-11T14:50:37+09:00,2200,2200,3.9567,0
M0004,3078,2026-08-11,2026-08-11T15:29:09+09:00,1600,1600,4.5989,0
M0004,3078,2026-08-11,2026-08-11T16:05:23+09:00,1300,1300,5.2028,0
M0004,3078,2026-08-11,2026-08-11T16:40:17+09:00,100,100,5.7844,0
M0004,3078,2026-08-11,2026-08-11T17:28:47+09:00,-500,-500,6.5928,0
M0004,3078,2026-08-11,2026-08-11T18:06:29+09:00,-900,-900,7.2211,0
M0004,3078,2026-08-11,2026-08-11T18:41:47+09:00,600,600,7.8094,0
M0004,3078,2026-08-11,2026-08-11T19:30:51+09:00,100,100,8.6272,0
M0004,3078,2026-08-11,2026-08-11T20:08:57+09:00,3300,3300,9.2622,0
M0004,3078,2026-08-12,2026-08-12T10:53:47+09:00,0,3300,9.2622,1
M0004,3078,2026-08-12,2026-08-12T12:02:51+09:00,500,3800,10.4133,0
M0004,3078,2026-08-12,2026-08-12T13:35:53+09:00,0,3300,11.9639,0
M0004,3078,2026-08-12,2026-08-12T14:11:01+09:00,-1200,2100,12.5494,0
M0004,3078,2026-08-12,2026-08-12T15:31:45+09:00,-1800,1500,13.8950,0
M0004,3078,2026-08-12,2026-08-12T16:07:57+09:00,-1600,1700,14.4983,0
M0004,3078,2026-08-13,2026-08-13T10:54:54+09:00,-100,1700,14.4983,1
M0004,3078,2026-08-13,2026-08-13T11:29:13+09:00,-600,1200,15.0703,0
M0004,3078,2026-08-13,2026-08-13T12:03:39+09:00,-1000,800,15.6442,0
M0004,3078,2026-08-13,2026-08-13T13:09:39+09:00,3400,5200,16.7442,0
M0004,3078,2026-08-13,2026-08-13T14:00:59+09:00,5800,7600,17.5997,0
M0004,3078,2026-08-13,2026-08-13T14:35:09+09:00,7200,9000,18.1692,0
M0004,3078,2026-08-13,2026-08-13T15:11:23+09:00,7100,8900,18.7731,0
M0004,3078,2026-08-13,2026-08-13T15:58:27+09:00,6600,8400,19.5575,0
M0004,3078,2026-08-13,2026-08-13T16:33:27+09:00,6000,7800,20.1408,0
M0004,3078,2026-08-13,2026-08-13T17:59:47+09:00,5900,7700,21.5797,0
M0004,3078,2026-08-13,2026-08-13T18:36:04+09:00,6400,8200,22.1844,0
M0004,3078,2026-08-13,2026-08-13T19:14:33+09:00,5400,7200,22.8258,0
M0004,3078,2026-08-13,2026-08-13T20:02:43+09:00,4800,6600,23.6286,0
M0004,3078,2026-08-13,2026-08-13T20:39:10+09:00,6600,8400,24.2361,0
M0004,3078,2026-08-13,2026-08-13T21:23:43+09:00,6100,7900,24.9786,0
M0004,3078,2026-08-13,2026-08-13T22:03:35+09:00,7700,9500,25.6431,0
M0004,3078,2026-08-13,2026-08-13T22:40:21+09:00,10700,12500,26.2558,0
M0004,3078,2026-08-14,2026-08-14T10:54:41+09:00,-100,12500,26.2558,1
M0004,3078,2026-08-14,2026-08-14T11:29:45+09:00,300,12900,26.8403,0
M0004,3078,2026-08-14,2026-08-14T12:04:15+09:00,500,13100,27.4153,0
M0004,3078,2026-08-14,2026-08-14T12:37:28+09:00,800,13400,27.9689,0
M0004,3078,2026-08-14,2026-08-14T13:06:37+09:00,300,12900,28.4547,0
M0004,3078,2026-08-14,2026-08-14T13:35:02+09:00,-400,12200,28.9283,0
M0004,3078,2026-08-14,2026-08-14T14:10:37+09:00,-1700,10900,29.5214,0
M0004,3078,2026-08-14,2026-08-14T14:55:41+09:00,-1300,11300,30.2725,0
M0004,3078,2026-08-14,2026-08-14T15:31:41+09:00,-1900,10700,30.8725,0
M0004,3078,2026-08-14,2026-08-14T16:08:02+09:00,-2100,10500,31.4783,0
M0004,3078,2026-08-14,2026-08-14T16:41:57+09:00,-1500,11100,32.0436,0
M0004,3078,2026-08-14,2026-08-14T17:30:37+09:00,-700,11900,32.8547,0
M0004,3078,2026-08-14,2026-08-14T18:07:43+09:00,600,13200,33.4731,0
M0004,3078,2026-08-14,2026-08-14T18:43:04+09:00,-700,11900,34.0622,0
M0004,3078,2026-08-14,2026-08-14T19:31:33+09:00,-1200,11400,34.8703,0
M0004,3078,2026-08-14,2026-08-14T20:09:17+09:00,900,13500,35.4992,0
M0004,3078,2026-08-14,2026-08-14T20:55:41+09:00,600,13200,36.2725,0
M0004,3078,2026-08-14,2026-08-14T21:33:02+09:00,0,12600,36.8950,0
M0004,3078,2026-08-14,2026-08-14T22:11:45+09:00,-200,12400,37.5403,0
M0004,3078,2026-08-15,2026-08-15T10:54:13+09:00,-100,12400,37.5403,1
M0004,3078,2026-08-15,2026-08-15T11:29:09+09:00,-900,11600,38.1225,0
M0004,3078,2026-08-15,2026-08-15T12:03:27+09:00,-800,11700,38.6942,0
M0004,3078,2026-08-15,2026-08-15T12:36:37+09:00,-1500,11000,39.2469,0
M0004,3078,2026-08-15,2026-08-15T13:08:49+09:00,-500,12000,39.7836,0
M0004,3078,2026-08-15,2026-08-15T14:01:55+09:00,800,13300,40.6686,0
M0004,3078,2026-08-15,2026-08-15T14:36:09+09:00,300,12800,41.2392,0
M0004,3078,2026-08-15,2026-08-15T15:11:53+09:00,-100,12400,41.8347,0
M0004,3078,2026-08-15,2026-08-15T15:58:43+09:00,-400,12100,42.6153,0
M0004,3078,2026-08-15,2026-08-15T16:34:01+09:00,0,12500,43.2036,0
M0004,3078,2026-08-15,2026-08-15T17:11:17+09:00,-800,11700,43.8247,0
M0004,3078,2026-08-15,2026-08-15T17:58:39+09:00,-700,11800,44.6142,0
M0004,3078,2026-08-15,2026-08-15T18:35:13+09:00,1400,13900,45.2236,0
M0004,3078,2026-08-15,2026-08-15T19:12:53+09:00,1900,14400,45.8514,0
M0004,3078,2026-08-15,2026-08-15T20:01:19+09:00,1800,14300,46.6586,0
M0004,3078,2026-08-15,2026-08-15T20:38:25+09:00,800,13300,47.2769,0
M0004,3078,2026-08-15,2026-08-15T21:25:49+09:00,500,13000,48.0669,0
M0004,3078,2026-08-15,2026-08-15T22:04:23+09:00,400,12900,48.7097,0
M0004,3078,2026-08-16,2026-08-16T10:53:41+09:00,-200,12900,48.7097,1
M0004,3078,2026-08-16,2026-08-16T11:28:27+09:00,-800,12300,49.2892,0
M0004,3078,2026-08-16,2026-08-16T12:02:27+09:00,-600,12500,49.8558,0
M0004,3078,2026-08-16,2026-08-16T12:35:49+09:00,-900,12200,50.4119,0
M0004,3078,2026-08-16,2026-08-16T13:06:49+09:00,-1400,11700,50.9286,0
M0004,3078,2026-08-16,2026-08-16T13:36:19+09:00,-1000,12100,51.4203,0
M0004,3078,2026-08-16,2026-08-16T14:09:21+09:00,-2200,10900,51.9708,0
M0004,3078,2026-08-16,2026-08-16T14:51:21+09:00,-2300,10800,52.6708,0
M0004,3078,2026-08-16,2026-08-16T15:29:10+09:00,-2900,10200,53.3011,0
M0004,3078,2026-08-16,2026-08-16T16:05:23+09:00,-3200,9900,53.9047,0
M0004,3078,2026-08-16,2026-08-16T16:39:55+09:00,-3300,9800,54.4803,0
M0004,3078,2026-08-16,2026-08-16T17:30:17+09:00,-3100,10000,55.3197,0
M0004,3078,2026-08-16,2026-08-16T18:07:35+09:00,-3400,9700,55.9414,0
M0004,3078,2026-08-16,2026-08-16T18:38:25+09:00,-2900,10200,56.4553,0
M0004,3078,2026-08-16,2026-08-16T19:40:19+09:00,800,13900,57.4869,0
M0004,3078,2026-08-16,2026-08-16T20:25:39+09:00,600,13700,58.2425,0
M0004,3078,2026-08-17,2026-08-17T10:52:31+09:00,0,13700,58.2425,1
M0004,3078,2026-08-17,2026-08-17T12:02:23+09:00,-500,13200,59.4069,0
M0004,3078,2026-08-17,2026-08-17T12:34:35+09:00,-800,12900,59.9436,0
M0004,3078,2026-08-17,2026-08-17T13:07:15+09:00,-1600,12100,60.4881,0
M0004,3078,2026-08-17,2026-08-17T13:35:21+09:00,-1300,12400,60.9564,0
M0004,3078,2026-08-17,2026-08-17T14:03:11+09:00,-1400,12300,61.4203,0
M0004,3078,2026-08-17,2026-08-17T14:36:43+09:00,-100,13600,61.9792,0
M0004,3078,2026-08-17,2026-08-17T15:11:21+09:00,500,14200,62.5564,0
M0004,3078,2026-08-17,2026-08-17T16:33:27+09:00,0,13700,63.9247,0
M0004,3078,2026-08-17,2026-08-17T17:09:07+09:00,-300,13400,64.5192,0
M0004,3078,2026-08-17,2026-08-17T19:09:23+09:00,-900,12800,66.5236,0
M0004,3078,2026-08-17,2026-08-17T19:59:55+09:00,-500,13200,67.3658,0
M0004,3078,2026-08-17,2026-08-17T20:35:21+09:00,-1100,12600,67.9564,0
M0004,3078,2026-08-17,2026-08-17T21:13:05+09:00,-2400,11300,68.5853,0
M0004,3078,2026-08-17,2026-08-17T21:59:13+09:00,-2100,11600,69.3542,0
M0004,3078,2026-08-18,2026-08-18T10:52:51+09:00,-100,11600,69.3542,1
M0004,3078,2026-08-18,2026-08-18T11:28:45+09:00,-900,10800,69.9525,0
M0004,3078,2026-08-18,2026-08-18T12:02:47+09:00,-1600,10100,70.5197,0
M0004,3078,2026-08-18,2026-08-18T12:35:21+09:00,-2200,9500,71.0625,0
M0004,3078,2026-08-18,2026-08-18T13:07:37+09:00,-1000,10700,71.6003,0
M0004,3078,2026-08-18,2026-08-18T13:35:43+09:00,-700,11000,72.0686,0
M0004,3078,2026-08-18,2026-08-18T14:04:28+09:00,-900,10800,72.5478,0
M0005,3079,2026-08-11,2026-08-11T10:53:13+09:00,0,0,0.0000,1
M0005,3079,2026-08-11,2026-08-11T11:28:39+09:00,-600,-600,0.5906,0
M0005,3079,2026-08-11,2026-08-11T12:02:43+09:00,-1100,-1100,1.1583,0
M0005,3079,2026-08-11,2026-08-11T12:36:02+09:00,-1400,-1400,1.7136,0
M0005,3079,2026-08-11,2026-08-11T13:06:25+09:00,-2100,-2100,2.2200,0
M0005,3079,2026-08-11,2026-08-11T14:09:42+09:00,-1700,-1700,3.2747,0
M0005,3079,2026-08-11,2026-08-11T14:50:37+09:00,-2400,-2400,3.9567,0
M0005,3079,2026-08-11,2026-08-11T15:29:09+09:00,-2000,-2000,4.5989,0
M0005,3079,2026-08-11,2026-08-11T16:05:23+09:00,-2300,-2300,5.2028,0
M0005,3079,2026-08-11,2026-08-11T16:40:17+09:00,-2000,-2000,5.7844,0
M0005,3079,2026-08-11,2026-08-11T17:28:47+09:00,-2500,-2500,6.5928,0
M0005,3079,2026-08-11,2026-08-11T18:06:29+09:00,-2300,-2300,7.2211,0
M0005,3079,2026-08-11,2026-08-11T18:41:47+09:00,-2400,-2400,7.8094,0
M0005,3079,2026-08-11,2026-08-11T19:30:51+09:00,-2200,-2200,8.6272,0
M0005,3079,2026-08-11,2026-08-11T20:08:57+09:00,-3000,-3000,9.2622,0
M0005,3079,2026-08-11,2026-08-11T21:03:30+09:00,-3100,-3100,10.1714,0
M0005,3079,2026-08-11,2026-08-11T21:39:59+09:00,-2600,-2600,10.7794,0
M0005,3079,2026-08-12,2026-08-12T10:53:47+09:00,100,-2600,10.7794,1
M0005,3079,2026-08-12,2026-08-12T11:28:45+09:00,2400,-300,11.3622,0
M0005,3079,2026-08-12,2026-08-12T12:02:51+09:00,4400,1700,11.9306,0
M0005,3079,2026-08-12,2026-08-12T12:36:01+09:00,5100,2400,12.4833,0
M0005,3079,2026-08-12,2026-08-12T13:06:31+09:00,5500,2800,12.9917,0
M0005,3079,2026-08-12,2026-08-12T13:35:53+09:00,5000,2300,13.4811,0
M0005,3079,2026-08-12,2026-08-12T14:11:01+09:00,3600,900,14.0667,0
M0005,3079,2026-08-12,2026-08-12T14:56:33+09:00,3700,1000,14.8256,0
M0005,3079,2026-08-12,2026-08-12T15:31:45+09:00,4500,1800,15.4122,0
M0005,3079,2026-08-12,2026-08-12T16:07:57+09:00,6900,4200,16.0156,0
M0005,3079,2026-08-12,2026-08-12T16:35:17+09:00,6500,3800,16.4711,0
M0005,3079,2026-08-12,2026-08-12T17:01:31+09:00,6400,3700,16.9083,0
M0005,3079,2026-08-12,2026-08-12T17:36:51+09:00,5700,3000,17.4972,0
M0005,3079,2026-08-12,2026-08-12T18:14:03+09:00,4400,1700,18.1172,0
M0005,3079,2026-08-12,2026-08-12T19:01:02+09:00,5100,2400,18.9003,0
M0005,3079,2026-08-12,2026-08-12T20:14:43+09:00,4700,2000,20.1283,0
M0005,3079,2026-08-12,2026-08-12T21:03:27+09:00,4000,1300,20.9406,0
M0005,3079,2026-08-12,2026-08-12T21:39:31+09:00,6100,3400,21.5417,0
M0005,3079,2026-08-12,2026-08-12T22:26:01+09:00,5900,3200,22.3167,0
M0005,3079,2026-08-12,2026-08-12T23:05:02+09:00,5500,2800,22.9669,0
M0005,3079,2026-08-12,2026-08-12T23:42:09+09:00,5100,2400,23.5856,0
M0005,3079,2026-08-13,2026-08-13T10:54:54+09:00,0,2400,23.5856,1
M0005,3079,2026-08-13,2026-08-13T11:29:13+09:00,-100,2300,24.1575,0
M0005,3079,2026-08-13,2026-08-13T12:03:39+09:00,-300,2100,24.7314,0
M0005,3079,2026-08-13,2026-08-13T12:36:57+09:00,-800,1600,25.2864,0
M0005,3079,2026-08-13,2026-08-13T13:09:39+09:00,-1600,800,25.8314,0
M0005,3079,2026-08-13,2026-08-13T14:00:59+09:00,-1700,700,26.6869,0
M0005,3079,2026-08-13,2026-08-13T15:11:23+09:00,-2600,-200,27.8603,0
M0005,3079,2026-08-13,2026-08-13T15:58:27+09:00,-3100,-700,28.6447,0
M0005,3079,2026-08-13,2026-08-13T16:33:27+09:00,-3700,-1300,29.2281,0
M0005,3079,2026-08-13,2026-08-13T17:10:25+09:00,-1900,500,29.8442,0
M0005,3079,2026-08-13,2026-08-13T17:59:47+09:00,-2000,400,30.6669,0
M0005,3079,2026-08-13,2026-08-13T18:36:04+09:00,-2600,-200,31.2717,0
M0005,3079,2026-08-13,2026-08-13T19:14:33+09:00,-3900,-1500,31.9131,0
M0005,3079,2026-08-13,2026-08-13T20:02:43+09:00,-4500,-2100,32.7158,0
M0005,3079,2026-08-13,2026-08-13T20:39:10+09:00,-5100,-2700,33.3233,0
M0005,3079,2026-08-13,2026-08-13T21:23:43+09:00,-5600,-3200,34.0658,0
M0005,3079,2026-08-13,2026-08-13T22:03:35+09:00,-5300,-2900,34.7303,0
M0005,3079,2026-08-13,2026-08-13T22:40:21+09:00,-5700,-3300,35.3431,0
M0005,3079,2026-08-14,2026-08-14T10:54:41+09:00,-200,-3300,35.3431,1
M0005,3079,2026-08-14,2026-08-14T11:29:45+09:00,-600,-3700,35.9275,0
M0005,3079,2026-08-14,2026-08-14T12:04:15+09:00,-1300,-4400,36.5025,0
M0005,3079,2026-08-14,2026-08-14T12:37:28+09:00,-800,-3900,37.0561,0
M0005,3079,2026-08-14,2026-08-14T13:06:37+09:00,-900,-4000,37.5419,0
M0005,3079,2026-08-14,2026-08-14T13:35:02+09:00,-700,-3800,38.0156,0
M0005,3079,2026-08-14,2026-08-14T14:10:37+09:00,-2000,-5100,38.6086,0
M0005,3079,2026-08-14,2026-08-14T15:31:41+09:00,-1700,-4800,39.9597,0
M0005,3079,2026-08-14,2026-08-14T16:08:02+09:00,-2200,-5300,40.5656,0
M0005,3079,2026-08-14,2026-08-14T16:41:57+09:00,-600,-3700,41.1308,0
M0005,3079,2026-08-14,2026-08-14T17:30:37+09:00,-800,-3900,41.9419,0
M0005,3079,2026-08-14,2026-08-14T18:43:04+09:00,-900,-4000,43.1494,0
M0005,3079,2026-08-14,2026-08-14T19:31:33+09:00,-700,-3800,43.9575,0
M0005,3079,2026-08-14,2026-08-14T20:09:17+09:00,1700,-1400,44.5864,0
M0005,3079,2026-08-14,2026-08-14T20:55:41+09:00,1100,-2000,45.3597,0
M0005,3079,2026-08-14,2026-08-14T21:33:02+09:00,700,-2400,45.9822,0
M0005,3079,2026-08-14,2026-08-14T22:11:45+09:00,1100,-2000,46.6275,0
M0005,3079,2026-08-15,2026-08-15T10:54:13+09:00,-200,-2000,46.6275,1
M0005,3079,2026-08-15,2026-08-15T11:29:09+09:00,800,-1000,47.2097,0
M0005,3079,2026-08-15,2026-08-15T12:03:27+09:00,400,-1400,47.7814,0
M0005,3079,2026-08-15,2026-08-15T12:36:37+09:00,200,-1600,48.3342,0
M0005,3079,2026-08-15,2026-08-15T13:08:49+09:00,1400,-400,48.8708,0
M0005,3079,2026-08-15,2026-08-15T14:01:55+09:00,800,-1000,49.7558,0
M0005,3079,2026-08-15,2026-08-15T15:11:53+09:00,-300,-2100,50.9219,0
M0005,3079,2026-08-15,2026-08-15T15:58:43+09:00,-1000,-2800,51.7025,0
M0005,3079,2026-08-15,2026-08-15T16:34:01+09:00,-1200,-3000,52.2908,0
M0005,3079,2026-08-15,2026-08-15T17:11:17+09:00,-2300,-4100,52.9119,0
M0005,3079,2026-08-15,2026-08-15T17:58:39+09:00,-1900,-3700,53.7014,0
M0005,3079,2026-08-15,2026-08-15T19:12:53+09:00,-2300,-4100,54.9386,0
M0005,3079,2026-08-15,2026-08-15T20:38:25+09:00,-1300,-3100,56.3642,0
M0005,3079,2026-08-15,2026-08-15T22:04:23+09:00,-1700,-3500,57.7969,0
M0005,3079,2026-08-15,2026-08-15T22:41:53+09:00,-2200,-4000,58.4219,0
M0005,3079,2026-08-16,2026-08-16T10:53:41+09:00,-300,-4000,58.4219,1
M0005,3079,2026-08-16,2026-08-16T11:28:27+09:00,-800,-4500,59.0014,0
M0005,3079,2026-08-16,2026-08-16T12:02:27+09:00,-700,-4400,59.5681,0
M0005,3079,2026-08-16,2026-08-16T12:35:49+09:00,-1300,-5000,60.1242,0
M0005,3079,2026-08-16,2026-08-16T13:06:49+09:00,-2000,-5700,60.6408,0
M0005,3079,2026-08-16,2026-08-16T13:36:19+09:00,-2600,-6300,61.1325,0
M0005,3079,2026-08-16,2026-08-16T14:09:21+09:00,-2700,-6400,61.6831,0
M0005,3079,2026-08-16,2026-08-16T14:51:21+09:00,-2900,-6600,62.3831,0
M0005,3079,2026-08-16,2026-08-16T15:29:10+09:00,-3300,-7000,63.0133,0
M0005,3079,2026-08-16,2026-08-16T16:05:23+09:00,-4000,-7700,63.6169,0
M0005,3079,2026-08-16,2026-08-16T16:39:55+09:00,-4900,-8600,64.1925,0
M0005,3079,2026-08-16,2026-08-16T17:30:17+09:00,-4500,-8200,65.0319,0
M0005,3079,2026-08-16,2026-08-16T18:07:35+09:00,-4700,-8400,65.6536,0
M0005,3079,2026-08-16,2026-08-16T18:38:25+09:00,-5400,-9100,66.1675,0
M0005,3079,2026-08-16,2026-08-16T19:40:19+09:00,-6000,-9700,67.1992,0
M0005,3079,2026-08-16,2026-08-16T20:25:39+09:00,-6600,-10300,67.9547,0
M0005,3079,2026-08-16,2026-08-16T21:04:51+09:00,-7300,-11000,68.6081,0
M0005,3079,2026-08-16,2026-08-16T21:42:13+09:00,-8500,-12200,69.2308,0
M0005,3079,2026-08-16,2026-08-16T22:32:01+09:00,-9100,-12800,70.0608,0
M0005,3079,2026-08-16,2026-08-16T23:11:15+09:00,-9600,-13300,70.7147,0
M0005,3079,2026-08-17,2026-08-17T10:52:31+09:00,-200,-13300,70.7147,1
M0005,3079,2026-08-17,2026-08-17T11:28:29+09:00,-900,-14000,71.3142,0
M0005,3079,2026-08-17,2026-08-17T12:02:23+09:00,-600,-13700,71.8792,0
M0005,3079,2026-08-17,2026-08-17T16:33:27+09:00,-1100,-14200,76.3969,0
M0005,3079,2026-08-17,2026-08-17T17:09:07+09:00,-900,-14000,76.9914,0
M0005,3079,2026-08-17,2026-08-17T17:58:27+09:00,-600,-13700,77.8136,0
M0005,3079,2026-08-17,2026-08-17T18:33:03+09:00,-1300,-14400,78.3903,0
M0005,3079,2026-08-17,2026-08-17T19:09:23+09:00,-2300,-15400,78.9958,0
M0005,3079,2026-08-17,2026-08-17T19:59:55+09:00,-2100,-15200,79.8381,0
M0005,3079,2026-08-17,2026-08-17T20:35:21+09:00,1100,-12000,80.4286,0
M0005,3079,2026-08-17,2026-08-17T21:13:05+09:00,4500,-8600,81.0575,0
M0005,3079,2026-08-17,2026-08-17T21:59:13+09:00,4600,-8500,81.8264,0
M0005,3079,2026-08-17,2026-08-17T22:34:49+09:00,4700,-8400,82.4197,0
M0005,3079,2026-08-18,2026-08-18T10:52:51+09:00,-200,-8400,82.4197,1
M0005,3079,2026-08-18,2026-08-18T11:28:45+09:00,-600,-8800,83.0181,0
M0005,3079,2026-08-18,2026-08-18T12:02:47+09:00,-700,-8900,83.5853,0
M0005,3079,2026-08-18,2026-08-18T13:07:37+09:00,-1100,-9300,84.6658,0
M0005,3079,2026-08-18,2026-08-18T13:35:43+09:00,-1800,-10000,85.1342,0
M0005,3079,2026-08-18,2026-08-18T14:04:28+09:00,-1500,-9700,85.6133,0
M0006,3080,2026-08-11,2026-08-11T10:53:13+09:00,-100,-100,0.0000,1
M0006,3080,2026-08-11,2026-08-11T11:28:39+09:00,-400,-400,0.5906,0
M0006,3080,2026-08-11,2026-08-11T12:02:43+09:00,-1200,-1200,1.1583,0
M0006,3080,2026-08-11,2026-08-11T12:36:02+09:00,-1000,-1000,1.7136,0
M0006,3080,2026-08-11,2026-08-11T13:06:25+09:00,-1500,-1500,2.2200,0
M0006,3080,2026-08-11,2026-08-11T14:09:42+09:00,-1400,-1400,3.2747,0
M0006,3080,2026-08-11,2026-08-11T14:50:37+09:00,-700,-700,3.9567,0
M0006,3080,2026-08-11,2026-08-11T15:29:09+09:00,-1100,-1100,4.5989,0
M0006,3080,2026-08-11,2026-08-11T16:05:23+09:00,-300,-300,5.2028,0
M0006,3080,2026-08-11,2026-08-11T16:40:17+09:00,-1000,-1000,5.7844,0
M0006,3080,2026-08-11,2026-08-11T17:28:47+09:00,-1400,-1400,6.5928,0
M0006,3080,2026-08-11,2026-08-11T18:06:29+09:00,-1900,-1900,7.2211,0
M0006,3080,2026-08-11,2026-08-11T18:41:47+09:00,-1600,-1600,7.8094,0
M0006,3080,2026-08-11,2026-08-11T19:30:51+09:00,-1200,-1200,8.6272,0
M0006,3080,2026-08-11,2026-08-11T21:03:30+09:00,-1600,-1600,10.1714,0
M0006,3080,2026-08-11,2026-08-11T21:39:59+09:00,-1900,-1900,10.7794,0
M0006,3080,2026-08-11,2026-08-11T22:25:23+09:00,-1100,-1100,11.5361,0
M0006,3080,2026-08-12,2026-08-12T10:53:47+09:00,-200,-1100,11.5361,1
M0006,3080,2026-08-12,2026-08-12T11:28:45+09:00,-800,-1700,12.1189,0
M0006,3080,2026-08-12,2026-08-12T12:02:51+09:00,-1400,-2300,12.6872,0
M0006,3080,2026-08-12,2026-08-12T12:36:01+09:00,-700,-1600,13.2400,0
M0006,3080,2026-08-12,2026-08-12T13:06:31+09:00,-1200,-2100,13.7483,0
M0006,3080,2026-08-12,2026-08-12T14:11:01+09:00,-1800,-2700,14.8233,0
M0006,3080,2026-08-12,2026-08-12T14:56:33+09:00,-2200,-3100,15.5822,0
M0006,3080,2026-08-12,2026-08-12T15:31:45+09:00,-2800,-3700,16.1689,0
M0006,3080,2026-08-12,2026-08-12T16:07:57+09:00,-2200,-3100,16.7722,0
M0006,3080,2026-08-12,2026-08-12T16:35:17+09:00,-2500,-3400,17.2278,0
M0006,3080,2026-08-12,2026-08-12T17:01:31+09:00,-2100,-3000,17.6650,0
M0006,3080,2026-08-12,2026-08-12T17:36:51+09:00,-1700,-2600,18.2539,0
M0006,3080,2026-08-12,2026-08-12T18:14:03+09:00,-800,-1700,18.8739,0
M0006,3080,2026-08-12,2026-08-12T19:36:51+09:00,-1100,-2000,20.2539,0
M0006,3080,2026-08-12,2026-08-12T20:14:43+09:00,-2200,-3100,20.8850,0
M0006,3080,2026-08-12,2026-08-12T21:03:27+09:00,300,-600,21.6972,0
M0006,3080,2026-08-12,2026-08-12T21:39:31+09:00,-1100,-2000,22.2983,0
M0006,3080,2026-08-12,2026-08-12T22:26:01+09:00,-500,-1400,23.0733,0
M0006,3080,2026-08-13,2026-08-13T10:54:54+09:00,-100,-1400,23.0733,1
M0006,3080,2026-08-13,2026-08-13T11:29:13+09:00,-800,-2100,23.6453,0
M0006,3080,2026-08-13,2026-08-13T12:03:39+09:00,100,-1200,24.2192,0
M0006,3080,2026-08-13,2026-08-13T12:36:57+09:00,-300,-1600,24.7742,0
M0006,3080,2026-08-13,2026-08-13T13:09:39+09:00,2200,900,25.3192,0
M0006,3080,2026-08-13,2026-08-13T14:00:59+09:00,2900,1600,26.1747,0
M0006,3080,2026-08-13,2026-08-13T14:35:09+09:00,2600,1300,26.7442,0
M0006,3080,2026-08-13,2026-08-13T15:11:23+09:00,2100,800,27.3481,0
M0006,3080,2026-08-13,2026-08-13T15:58:27+09:00,3700,2400,28.1325,0
M0006,3080,2026-08-13,2026-08-13T16:33:27+09:00,4500,3200,28.7158,0
M0006,3080,2026-08-13,2026-08-13T17:10:25+09:00,4600,3300,29.3319,0
M0006,3080,2026-08-13,2026-08-13T17:59:47+09:00,4000,2700,30.1547,0
M0006,3080,2026-08-13,2026-08-13T18:36:04+09:00,3400,2100,30.7594,0
M0006,3080,2026-08-13,2026-08-13T19:14:33+09:00,3300,2000,31.4008,0
M0006,3080,2026-08-13,2026-08-13T20:02:43+09:00,2900,1600,32.2036,0
M0006,3080,2026-08-13,2026-08-13T20:39:10+09:00,2000,700,32.8111,0
M0006,3080,2026-08-13,2026-08-13T21:23:43+09:00,2700,1400,33.5536,0
M0006,3080,2026-08-14,2026-08-14T10:54:41+09:00,-100,1400,33.5536,1
M0006,3080,2026-08-14,2026-08-14T11:29:45+09:00,300,1800,34.1381,0
M0006,3080,2026-08-14,2026-08-14T12:04:15+09:00,-100,1400,34.7131,0
M0006,3080,2026-08-14,2026-08-14T12:37:28+09:00,-800,700,35.2667,0
M0006,3080,2026-08-14,2026-08-14T13:06:37+09:00,-1400,100,35.7525,0
M0006,3080,2026-08-14,2026-08-14T13:35:02+09:00,-1100,400,36.2261,0
M0006,3080,2026-08-14,2026-08-14T14:10:37+09:00,-700,800,36.8192,0
M0006,3080,2026-08-14,2026-08-14T14:55:41+09:00,1000,2500,37.5703,0
M0006,3080,2026-08-14,2026-08-14T15:31:41+09:00,200,1700,38.1703,0
M0006,3080,2026-08-14,2026-08-14T16:08:02+09:00,900,2400,38.7761,0
M0006,3080,2026-08-14,2026-08-14T16:41:57+09:00,700,2200,39.3414,0
M0006,3080,2026-08-14,2026-08-14T17:30:37+09:00,500,2000,40.1525,0
M0006,3080,2026-08-14,2026-08-14T18:07:43+09:00,100,1600,40.7708,0
M0006,3080,2026-08-14,2026-08-14T18:43:04+09:00,1900,3400,41.3600,0
M0006,3080,2026-08-14,2026-08-14T19:31:33+09:00,1300,2800,42.1681,0
M0006,3080,2026-08-14,2026-08-14T20:09:17+09:00,300,1800,42.7969,0
M0006,3080,2026-08-14,2026-08-14T20:55:41+09:00,2600,4100,43.5703,0
M0006,3080,2026-08-14,2026-08-14T21:33:02+09:00,1900,3400,44.1928,0
M0006,3080,2026-08-14,2026-08-14T22:11:45+09:00,2800,4300,44.8381,0
M0006,3080,2026-08-14,2026-08-14T23:00:09+09:00,4000,5500,45.6447,0
M0006,3080,2026-08-15,2026-08-15T10:54:13+09:00,-200,5500,45.6447,1
M0006,3080,2026-08-15,2026-08-15T11:29:09+09:00,0,5700,46.2269,0
M0006,3080,2026-08-15,2026-08-15T12:03:27+09:00,-300,5400,46.7986,0
M0006,3080,2026-08-15,2026-08-15T12:36:37+09:00,300,6000,47.3514,0
M0006,3080,2026-08-15,2026-08-15T13:08:49+09:00,400,6100,47.8881,0
M0006,3080,2026-08-15,2026-08-15T14:01:55+09:00,-300,5400,48.7731,0
M0006,3080,2026-08-15,2026-08-15T14:36:09+09:00,-800,4900,49.3436,0
M0006,3080,2026-08-15,2026-08-15T15:11:53+09:00,-2300,3400,49.9392,0
M0006,3080,2026-08-15,2026-08-15T15:58:43+09:00,-2800,2900,50.7197,0
M0006,3080,2026-08-15,2026-08-15T16:34:01+09:00,-3100,2600,51.3081,0
M0006,3080,2026-08-15,2026-08-15T17:11:17+09:00,-4000,1700,51.9292,0
M0006,3080,2026-08-15,2026-08-15T17:58:39+09:00,-4100,1600,52.7186,0
M0006,3080,2026-08-15,2026-08-15T18:35:13+09:00,-4400,1300,53.3281,0
M0006,3080,2026-08-15,2026-08-15T19:12:53+09:00,-4900,800,53.9558,0
M0006,3080,2026-08-15,2026-08-15T20:01:19+09:00,-5100,600,54.7631,0
M0006,3080,2026-08-15,2026-08-15T20:38:25+09:00,-5000,700,55.3814,0
M0006,3080,2026-08-15,2026-08-15T21:25:49+09:00,-4900,800,56.1714,0
M0006,3080,2026-08-16,2026-08-16T10:53:41+09:00,-200,800,56.1714,1
M0006,3080,2026-08-16,2026-08-16T11:28:27+09:00,-600,400,56.7508,0
M0006,3080,2026-08-16,2026-08-16T12:02:27+09:00,-100,900,57.3175,0
M0006,3080,2026-08-16,2026-08-16T12:35:49+09:00,-800,200,57.8736,0
M0006,3080,2026-08-16,2026-08-16T13:06:49+09:00,-1500,-500,58.3903,0
M0006,3080,2026-08-16,2026-08-16T13:36:19+09:00,-2200,-1200,58.8819,0
M0006,3080,2026-08-16,2026-08-16T14:09:21+09:00,-1200,-200,59.4325,0
M0006,3080,2026-08-16,2026-08-16T14:51:21+09:00,-1700,-700,60.1325,0
M0006,3080,2026-08-16,2026-08-16T15:29:10+09:00,-1300,-300,60.7628,0
M0006,3080,2026-08-16,2026-08-16T16:05:23+09:00,-500,500,61.3664,0
M0006,3080,2026-08-16,2026-08-16T16:39:55+09:00,-200,800,61.9419,0
M0006,3080,2026-08-16,2026-08-16T17:30:17+09:00,-700,300,62.7814,0
M0006,3080,2026-08-16,2026-08-16T18:07:35+09:00,-1100,-100,63.4031,0
M0006,3080,2026-08-16,2026-08-16T18:38:25+09:00,-1700,-700,63.9169,0
M0006,3080,2026-08-16,2026-08-16T19:40:19+09:00,-800,200,64.9486,0
M0006,3080,2026-08-16,2026-08-16T20:25:39+09:00,-1100,-100,65.7042,0
M0006,3080,2026-08-16,2026-08-16T21:04:51+09:00,100,1100,66.3575,0
M0006,3080,2026-08-16,2026-08-16T21:42:13+09:00,1300,2300,66.9803,0
M0006,3080,2026-08-16,2026-08-16T22:32:01+09:00,500,1500,67.8103,0
M0006,3080,2026-08-16,2026-08-16T23:11:15+09:00,100,1100,68.4642,0
M0006,3080,2026-08-17,2026-08-17T10:52:31+09:00,0,1100,68.4642,1
M0006,3080,2026-08-17,2026-08-17T11:28:29+09:00,-600,500,69.0636,0
M0006,3080,2026-08-17,2026-08-17T12:02:23+09:00,-300,800,69.6286,0
M0006,3080,2026-08-17,2026-08-17T13:07:15+09:00,-900,200,70.7097,0
M0006,3080,2026-08-17,2026-08-17T13:35:21+09:00,-1500,-400,71.1781,0
M0006,3080,2026-08-17,2026-08-17T14:03:11+09:00,-1900,-800,71.6419,0
M0006,3080,2026-08-17,2026-08-17T14:36:43+09:00,-2400,-1300,72.2008,0
M0006,3080,2026-08-17,2026-08-17T15:11:21+09:00,-2600,-1500,72.7781,0
M0006,3080,2026-08-17,2026-08-17T15:59:33+09:00,-3400,-2300,73.5814,0
M0006,3080,2026-08-17,2026-08-17T16:33:27+09:00,-2500,-1400,74.1464,0
M0006,3080,2026-08-17,2026-08-17T19:09:23+09:00,-3000,-1900,76.7453,0
M0006,3080,2026-08-17,2026-08-17T19:59:55+09:00,-2500,-1400,77.5875,0
M0006,3080,2026-08-17,2026-08-17T21:13:05+09:00,-2800,-1700,78.8069,0
M0006,3080,2026-08-17,2026-08-17T21:59:13+09:00,-2900,-1800,79.5758,0
M0006,3080,2026-08-17,2026-08-17T23:11:50+09:00,-2200,-1100,80.7861,0
M0006,3080,2026-08-18,2026-08-18T10:52:51+09:00,-100,-1100,80.7861,1
M0006,3080,2026-08-18,2026-08-18T11:28:45+09:00,-600,-1600,81.3844,0
M0006,3080,2026-08-18,2026-08-18T12:02:47+09:00,-1300,-2300,81.9517,0
M0006,3080,2026-08-18,2026-08-18T12:35:21+09:00,-1700,-2700,82.4944,0
M0006,3080,2026-08-18,2026-08-18T13:07:37+09:00,-2400,-3400,83.0322,0
M0006,3080,2026-08-18,2026-08-18T13:35:43+09:00,-1800,-2800,83.5006,0
M0006,3080,2026-08-18,2026-08-18T14:04:28+09:00,-1200,-2200,83.9797,0
M0007,3081,2026-08-11,2026-08-11T10:53:13+09:00,0,0,0.0000,1
M0007,3081,2026-08-11,2026-08-11T11:28:39+09:00,-600,-600,0.5906,0
M0007,3081,2026-08-11,2026-08-11T12:02:43+09:00,-500,-500,1.1583,0
M0007,3081,2026-08-11,2026-08-11T12:36:02+09:00,-600,-600,1.7136,0
M0007,3081,2026-08-11,2026-08-11T13:06:25+09:00,-1200,-1200,2.2200,0
M0007,3081,2026-08-11,2026-08-11T13:34:33+09:00,-1500,-1500,2.6889,0
M0007,3081,2026-08-11,2026-08-11T14:09:42+09:00,-2500,-2500,3.2747,0
M0007,3081,2026-08-11,2026-08-11T14:50:37+09:00,-1900,-1900,3.9567,0
M0007,3081,2026-08-11,2026-08-11T15:29:09+09:00,-1700,-1700,4.5989,0
M0007,3081,2026-08-11,2026-08-11T16:05:23+09:00,-1900,-1900,5.2028,0
M0007,3081,2026-08-11,2026-08-11T16:40:17+09:00,-1800,-1800,5.7844,0
M0007,3081,2026-08-11,2026-08-11T17:28:47+09:00,-2200,-2200,6.5928,0
M0007,3081,2026-08-11,2026-08-11T18:41:47+09:00,-2800,-2800,7.8094,0
M0007,3081,2026-08-11,2026-08-11T19:30:51+09:00,-3400,-3400,8.6272,0
M0007,3081,2026-08-11,2026-08-11T20:08:57+09:00,-3200,-3200,9.2622,0
M0007,3081,2026-08-12,2026-08-12T10:53:47+09:00,0,-3200,9.2622,1
M0007,3081,2026-08-12,2026-08-12T12:36:01+09:00,-400,-3600,10.9661,0
M0007,3081,2026-08-12,2026-08-12T13:06:31+09:00,-600,-3800,11.4744,0
M0007,3081,2026-08-12,2026-08-12T19:01:02+09:00,-1000,-4200,17.3831,0
M0007,3081,2026-08-12,2026-08-12T19:36:51+09:00,-500,-3700,17.9800,0
M0007,3081,2026-08-12,2026-08-12T21:03:27+09:00,-1100,-4300,19.4233,0
M0007,3081,2026-08-12,2026-08-12T21:39:31+09:00,-1200,-4400,20.0244,0
M0007,3081,2026-08-12,2026-08-12T22:26:01+09:00,-800,-4000,20.7994,0
M0007,3081,2026-08-13,2026-08-13T10:54:54+09:00,-100,-4000,20.7994,1
M0007,3081,2026-08-13,2026-08-13T11:29:13+09:00,-500,-4400,21.3714,0
M0007,3081,2026-08-13,2026-08-13T12:03:39+09:00,-600,-4500,21.9453,0
M0007,3081,2026-08-13,2026-08-13T12:36:57+09:00,-1300,-5200,22.5003,0
M0007,3081,2026-08-13,2026-08-13T13:09:39+09:00,-2400,-6300,23.0453,0
M0007,3081,2026-08-13,2026-08-13T14:00:59+09:00,-2900,-6800,23.9008,0
M0007,3081,2026-08-13,2026-08-13T14:35:09+09:00,-3600,-7500,24.4703,0
M0007,3081,2026-08-13,2026-08-13T15:58:27+09:00,-4000,-7900,25.8586,0
M0007,3081,2026-08-13,2026-08-13T16:33:27+09:00,-3800,-7700,26.4419,0
M0007,3081,2026-08-13,2026-08-13T17:10:25+09:00,-5000,-8900,27.0581,0
M0007,3081,2026-08-13,2026-08-13T17:59:47+09:00,-3000,-6900,27.8808,0
M0007,3081,2026-08-13,2026-08-13T18:36:04+09:00,-3100,-7000,28.4856,0
M0007,3081,2026-08-13,2026-08-13T19:14:33+09:00,-3500,-7400,29.1269,0
M0007,3081,2026-08-13,2026-08-13T20:02:43+09:00,-1700,-5600,29.9297,0
M0007,3081,2026-08-13,2026-08-13T20:39:10+09:00,-2600,-6500,30.5372,0
M0007,3081,2026-08-13,2026-08-13T21:23:43+09:00,-3300,-7200,31.2797,0
M0007,3081,2026-08-13,2026-08-13T22:03:35+09:00,-3800,-7700,31.9442,0
M0007,3081,2026-08-13,2026-08-13T22:40:21+09:00,-3600,-7500,32.5569,0
M0007,3081,2026-08-14,2026-08-14T10:54:41+09:00,0,-7500,32.5569,1
M0007,3081,2026-08-14,2026-08-14T11:29:45+09:00,700,-6800,33.1414,0
M0007,3081,2026-08-14,2026-08-14T12:04:15+09:00,1900,-5600,33.7164,0
M0007,3081,2026-08-14,2026-08-14T12:37:28+09:00,1400,-6100,34.2700,0
M0007,3081,2026-08-14,2026-08-14T13:06:37+09:00,1200,-6300,34.7558,0
M0007,3081,2026-08-14,2026-08-14T13:35:02+09:00,700,-6800,35.2294,0
M0007,3081,2026-08-14,2026-08-14T14:10:37+09:00,-200,-7700,35.8225,0
M0007,3081,2026-08-14,2026-08-14T14:55:41+09:00,100,-7400,36.5736,0
M0007,3081,2026-08-14,2026-08-14T15:31:41+09:00,-100,-7600,37.1736,0
M0007,3081,2026-08-14,2026-08-14T16:08:02+09:00,-300,-7800,37.7794,0
M0007,3081,2026-08-14,2026-08-14T16:41:57+09:00,400,-7100,38.3447,0
M0007,3081,2026-08-14,2026-08-14T17:30:37+09:00,2600,-4900,39.1558,0
M0007,3081,2026-08-14,2026-08-14T18:07:43+09:00,4000,-3500,39.7742,0
M0007,3081,2026-08-14,2026-08-14T18:43:04+09:00,4800,-2700,40.3633,0
M0007,3081,2026-08-14,2026-08-14T19:31:33+09:00,4700,-2800,41.1714,0
M0007,3081,2026-08-14,2026-08-14T20:09:17+09:00,3900,-3600,41.8003,0
M0007,3081,2026-08-14,2026-08-14T20:55:41+09:00,5600,-1900,42.5736,0
M0007,3081,2026-08-14,2026-08-14T21:33:02+09:00,6700,-800,43.1961,0
M0007,3081,2026-08-14,2026-08-14T22:11:45+09:00,5300,-2200,43.8414,0
M0007,3081,2026-08-14,2026-08-14T23:00:09+09:00,5400,-2100,44.6481,0
M0007,3081,2026-08-15,2026-08-15T10:54:13+09:00,-100,-2100,44.6481,1
M0007,3081,2026-08-15,2026-08-15T11:29:09+09:00,-700,-2700,45.2303,0
M0007,3081,2026-08-15,2026-08-15T12:03:27+09:00,-1400,-3400,45.8019,0
M0007,3081,2026-08-15,2026-08-15T12:36:37+09:00,-2000,-4000,46.3547,0
M0007,3081,2026-08-15,2026-08-15T13:08:49+09:00,-2300,-4300,46.8914,0
M0007,3081,2026-08-15,2026-08-15T15:11:53+09:00,-1300,-3300,48.9425,0
M0007,3081,2026-08-15,2026-08-15T16:34:01+09:00,-1600,-3600,50.3114,0
M0007,3081,2026-08-15,2026-08-15T17:11:17+09:00,-2500,-4500,50.9325,0
M0007,3081,2026-08-15,2026-08-15T17:58:39+09:00,-2600,-4600,51.7219,0
M0007,3081,2026-08-15,2026-08-15T20:01:19+09:00,-3100,-5100,53.7664,0
M0007,3081,2026-08-15,2026-08-15T20:38:25+09:00,-2600,-4600,54.3847,0
M0007,3081,2026-08-15,2026-08-15T21:25:49+09:00,-3100,-5100,55.1747,0
M0007,3081,2026-08-15,2026-08-15T22:04:23+09:00,-3200,-5200,55.8175,0
M0007,3081,2026-08-15,2026-08-15T22:41:53+09:00,-3800,-5800,56.4425,0
M0007,3081,2026-08-16,2026-08-16T10:53:41+09:00,-100,-5800,56.4425,1
M0007,3081,2026-08-16,2026-08-16T11:28:27+09:00,400,-5300,57.0219,0
M0007,3081,2026-08-16,2026-08-16T12:02:27+09:00,-100,-5800,57.5886,0
M0007,3081,2026-08-16,2026-08-16T12:35:49+09:00,-400,-6100,58.1447,0
M0007,3081,2026-08-16,2026-08-16T13:06:49+09:00,-1000,-6700,58.6614,0
M0007,3081,2026-08-16,2026-08-16T13:36:19+09:00,-800,-6500,59.1531,0
M0007,3081,2026-08-16,2026-08-16T14:09:21+09:00,-1600,-7300,59.7036,0
M0007,3081,2026-08-16,2026-08-16T14:51:21+09:00,-2400,-8100,60.4036,0
M0007,3081,2026-08-16,2026-08-16T15:29:10+09:00,-2600,-8300,61.0339,0
M0007,3081,2026-08-16,2026-08-16T16:05:23+09:00,-2100,-7800,61.6375,0
M0007,3081,2026-08-16,2026-08-16T16:39:55+09:00,-2400,-8100,62.2131,0
M0007,3081,2026-08-16,2026-08-16T17:30:17+09:00,-1700,-7400,63.0525,0
M0007,3081,2026-08-16,2026-08-16T18:07:35+09:00,-2100,-7800,63.6742,0
M0007,3081,2026-08-16,2026-08-16T18:38:25+09:00,-2000,-7700,64.1881,0
M0007,3081,2026-08-16,2026-08-16T19:40:19+09:00,-3000,-8700,65.2197,0
M0007,3081,2026-08-16,2026-08-16T20:25:39+09:00,-3600,-9300,65.9753,0
M0007,3081,2026-08-16,2026-08-16T21:04:51+09:00,-4000,-9700,66.6286,0
M0007,3081,2026-08-16,2026-08-16T21:42:13+09:00,-3800,-9500,67.2514,0
M0007,3081,2026-08-17,2026-08-17T10:52:31+09:00,0,-9500,67.2514,1
M0007,3081,2026-08-17,2026-08-17T13:07:15+09:00,2000,-7500,69.4969,0
M0007,3081,2026-08-17,2026-08-17T13:35:21+09:00,3500,-6000,69.9653,0
M0007,3081,2026-08-17,2026-08-17T14:03:11+09:00,2800,-6700,70.4292,0
M0007,3081,2026-08-17,2026-08-17T14:36:43+09:00,3000,-6500,70.9881,0
M0007,3081,2026-08-17,2026-08-17T15:11:21+09:00,2900,-6600,71.5653,0
M0007,3081,2026-08-17,2026-08-17T15:59:33+09:00,2400,-7100,72.3686,0
M0007,3081,2026-08-17,2026-08-17T16:33:27+09:00,2000,-7500,72.9336,0
M0007,3081,2026-08-17,2026-08-17T17:09:07+09:00,2200,-7300,73.5281,0
M0007,3081,2026-08-17,2026-08-17T17:58:27+09:00,2000,-7500,74.3503,0
M0007,3081,2026-08-17,2026-08-17T18:33:03+09:00,2800,-6700,74.9269,0
M0007,3081,2026-08-17,2026-08-17T19:09:23+09:00,2400,-7100,75.5325,0
M0007,3081,2026-08-17,2026-08-17T19:59:55+09:00,1900,-7600,76.3747,0
M0007,3081,2026-08-17,2026-08-17T20:35:21+09:00,3500,-6000,76.9653,0
M0007,3081,2026-08-17,2026-08-17T21:13:05+09:00,6500,-3000,77.5942,0
M0007,3081,2026-08-17,2026-08-17T21:59:13+09:00,7500,-2000,78.3631,0
M0007,3081,2026-08-17,2026-08-17T22:34:49+09:00,8900,-600,78.9564,0
M0007,3081,2026-08-18,2026-08-18T10:52:51+09:00,-100,-600,78.9564,1
M0007,3081,2026-08-18,2026-08-18T11:28:45+09:00,700,200,79.5547,0
M0007,3081,2026-08-18,2026-08-18T12:02:47+09:00,1400,900,80.1219,0
M0007,3081,2026-08-18,2026-08-18T12:35:21+09:00,3100,2600,80.6647,0
M0007,3081,2026-08-18,2026-08-18T13:07:37+09:00,3700,3200,81.2025,0
M0007,3081,2026-08-18,2026-08-18T13:35:43+09:00,3500,3000,81.6708,0
M0007,3081,2026-08-18,2026-08-18T14:04:28+09:00,3400,2900,82.1500,0
M0008,3082,2026-08-11,2026-08-11T10:53:13+09:00,-100,-100,0.0000,1
M0008,3082,2026-08-11,2026-08-11T11:28:39+09:00,-700,-700,0.5906,0
M0008,3082,2026-08-11,2026-08-11T12:02:43+09:00,-200,-200,1.1583,0
M0008,3082,2026-08-11,2026-08-11T12:36:02+09:00,1800,1800,1.7136,0
M0008,3082,2026-08-11,2026-08-11T13:06:25+09:00,2500,2500,2.2200,0
M0008,3082,2026-08-11,2026-08-11T13:34:33+09:00,1900,1900,2.6889,0
M0008,3082,2026-08-11,2026-08-11T14:09:42+09:00,1000,1000,3.2747,0
M0008,3082,2026-08-11,2026-08-11T15:29:09+09:00,500,500,4.5989,0
M0008,3082,2026-08-11,2026-08-11T16:05:23+09:00,400,400,5.2028,0
M0008,3082,2026-08-11,2026-08-11T16:40:17+09:00,-1000,-1000,5.7844,0
M0008,3082,2026-08-11,2026-08-11T17:28:47+09:00,100,100,6.5928,0
M0008,3082,2026-08-11,2026-08-11T18:41:47+09:00,-100,-100,7.8094,0
M0008,3082,2026-08-11,2026-08-11T19:30:51+09:00,-500,-500,8.6272,0
M0008,3082,2026-08-11,2026-08-11T20:08:57+09:00,-200,-200,9.2622,0
M0008,3082,2026-08-12,2026-08-12T10:53:47+09:00,0,-200,9.2622,1
M0008,3082,2026-08-12,2026-08-12T11:28:45+09:00,-600,-800,9.8450,0
M0008,3082,2026-08-12,2026-08-12T12:02:51+09:00,-1100,-1300,10.4133,0
M0008,3082,2026-08-12,2026-08-12T12:36:01+09:00,-400,-600,10.9661,0
M0008,3082,2026-08-12,2026-08-12T13:06:31+09:00,-300,-500,11.4744,0
M0008,3082,2026-08-12,2026-08-12T13:35:53+09:00,-900,-1100,11.9639,0
M0008,3082,2026-08-12,2026-08-12T14:11:01+09:00,2800,2600,12.5494,0
M0008,3082,2026-08-12,2026-08-12T14:56:33+09:00,2300,2100,13.3083,0
M0008,3082,2026-08-12,2026-08-12T15:31:45+09:00,2700,2500,13.8950,0
M0008,3082,2026-08-12,2026-08-12T16:07:57+09:00,2800,2600,14.4983,0
M0008,3082,2026-08-12,2026-08-12T16:35:17+09:00,3000,2800,14.9539,0
M0008,3082,2026-08-12,2026-08-12T17:36:51+09:00,3700,3500,15.9800,0
M0008,3082,2026-08-12,2026-08-12T18:14:03+09:00,4000,3800,16.6000,0
M0008,3082,2026-08-12,2026-08-12T19:01:02+09:00,5600,5400,17.3831,0
M0008,3082,2026-08-12,2026-08-12T19:36:51+09:00,8000,7800,17.9800,0
M0008,3082,2026-08-12,2026-08-12T21:03:27+09:00,8500,8300,19.4233,0
M0008,3082,2026-08-12,2026-08-12T23:05:02+09:00,8400,8200,21.4497,0
M0008,3082,2026-08-13,2026-08-13T10:54:54+09:00,0,8200,21.4497,1
M0008,3082,2026-08-13,2026-08-13T11:29:13+09:00,-100,8100,22.0217,0
M0008,3082,2026-08-13,2026-08-13T12:03:39+09:00,-800,7400,22.5956,0
M0008,3082,2026-08-13,2026-08-13T12:36:57+09:00,-1200,7000,23.1506,0
M0008,3082,2026-08-13,2026-08-13T13:09:39+09:00,-1700,6500,23.6956,0
M0008,3082,2026-08-13,2026-08-13T14:00:59+09:00,-2300,5900,24.5511,0
M0008,3082,2026-08-13,2026-08-13T14:35:09+09:00,-2500,5700,25.1206,0
M0008,3082,2026-08-13,2026-08-13T15:11:23+09:00,-3500,4700,25.7244,0
M0008,3082,2026-08-13,2026-08-13T15:58:27+09:00,-4100,4100,26.5089,0
M0008,3082,2026-08-13,2026-08-13T17:10:25+09:00,-4200,4000,27.7083,0
M0008,3082,2026-08-13,2026-08-13T17:59:47+09:00,-3000,5200,28.5311,0
M0008,3082,2026-08-13,2026-08-13T18:36:04+09:00,-200,8000,29.1358,0
M0008,3082,2026-08-13,2026-08-13T19:14:33+09:00,1600,9800,29.7772,0
M0008,3082,2026-08-13,2026-08-13T20:02:43+09:00,1300,9500,30.5800,0
M0008,3082,2026-08-13,2026-08-13T20:39:10+09:00,0,8200,31.1875,0
M0008,3082,2026-08-13,2026-08-13T21:23:43+09:00,400,8600,31.9300,0
M0008,3082,2026-08-14,2026-08-14T10:54:41+09:00,-100,8600,31.9300,1
M0008,3082,2026-08-14,2026-08-14T11:29:45+09:00,-600,8100,32.5144,0
M0008,3082,2026-08-14,2026-08-14T12:04:15+09:00,-1000,7700,33.0894,0
M0008,3082,2026-08-14,2026-08-14T12:37:28+09:00,-1600,7100,33.6431,0
M0008,3082,2026-08-14,2026-08-14T13:06:37+09:00,-500,8200,34.1289,0
M0008,3082,2026-08-14,2026-08-14T14:10:37+09:00,-1000,7700,35.1956,0
M0008,3082,2026-08-14,2026-08-14T14:55:41+09:00,-800,7900,35.9467,0
M0008,3082,2026-08-14,2026-08-14T15:31:41+09:00,-1300,7400,36.5467,0
M0008,3082,2026-08-14,2026-08-14T16:08:02+09:00,-1100,7600,37.1525,0
M0008,3082,2026-08-14,2026-08-14T16:41:57+09:00,-1200,7500,37.7178,0
M0008,3082,2026-08-14,2026-08-14T17:30:37+09:00,-600,8100,38.5289,0
M0008,3082,2026-08-14,2026-08-14T18:07:43+09:00,-400,8300,39.1472,0
M0008,3082,2026-08-14,2026-08-14T18:43:04+09:00,-1800,6900,39.7364,0
M0008,3082,2026-08-14,2026-08-14T19:31:33+09:00,-2500,6200,40.5444,0
M0008,3082,2026-08-14,2026-08-14T20:09:17+09:00,-2300,6400,41.1733,0
M0008,3082,2026-08-14,2026-08-14T21:33:02+09:00,-1700,7000,42.5692,0
M0008,3082,2026-08-15,2026-08-15T10:54:13+09:00,-100,7000,42.5692,1
M0008,3082,2026-08-15,2026-08-15T11:29:09+09:00,400,7500,43.1514,0
M0008,3082,2026-08-15,2026-08-15T12:03:27+09:00,-300,6800,43.7231,0
M0008,3082,2026-08-15,2026-08-15T12:36:37+09:00,-800,6300,44.2758,0
M0008,3082,2026-08-15,2026-08-15T13:08:49+09:00,-2200,4900,44.8125,0
M0008,3082,2026-08-15,2026-08-15T14:01:55+09:00,-2100,5000,45.6975,0
M0008,3082,2026-08-15,2026-08-15T14:36:09+09:00,-200,6900,46.2681,0
M0008,3082,2026-08-15,2026-08-15T15:11:53+09:00,3400,10500,46.8636,0
M0008,3082,2026-08-15,2026-08-15T15:58:43+09:00,3100,10200,47.6442,0
M0008,3082,2026-08-15,2026-08-15T16:34:01+09:00,2700,9800,48.2325,0
M0008,3082,2026-08-15,2026-08-15T17:11:17+09:00,2000,9100,48.8536,0
M0008,3082,2026-08-15,2026-08-15T18:35:13+09:00,2200,9300,50.2525,0
M0008,3082,2026-08-15,2026-08-15T19:12:53+09:00,1700,8800,50.8803,0
M0008,3082,2026-08-15,2026-08-15T20:01:19+09:00,4100,11200,51.6875,0
M0008,3082,2026-08-15,2026-08-15T20:38:25+09:00,7800,14900,52.3058,0
M0008,3082,2026-08-15,2026-08-15T21:25:49+09:00,9200,16300,53.0958,0
M0008,3082,2026-08-15,2026-08-15T22:04:23+09:00,9100,16200,53.7386,0
M0008,3082,2026-08-15,2026-08-15T22:41:53+09:00,8500,15600,54.3636,0
M0008,3082,2026-08-16,2026-08-16T10:53:41+09:00,-100,15600,54.3636,1
M0008,3082,2026-08-16,2026-08-16T11:28:27+09:00,200,15900,54.9431,0
M0008,3082,2026-08-16,2026-08-16T12:02:27+09:00,-500,15200,55.5097,0
M0008,3082,2026-08-16,2026-08-16T12:35:49+09:00,0,15700,56.0658,0
M0008,3082,2026-08-16,2026-08-16T13:06:49+09:00,-600,15100,56.5825,0
M0008,3082,2026-08-16,2026-08-16T13:36:19+09:00,-700,15000,57.0742,0
M0008,3082,2026-08-16,2026-08-16T14:09:21+09:00,-1400,14300,57.6247,0
M0008,3082,2026-08-16,2026-08-16T14:51:21+09:00,-2000,13700,58.3247,0
M0008,3082,2026-08-16,2026-08-16T15:29:10+09:00,-1500,14200,58.9550,0
M0008,3082,2026-08-16,2026-08-16T16:05:23+09:00,-1000,14700,59.5586,0
M0008,3082,2026-08-16,2026-08-16T16:39:55+09:00,-2000,13700,60.1342,0
M0008,3082,2026-08-16,2026-08-16T17:30:17+09:00,-2200,13500,60.9736,0
M0008,3082,2026-08-16,2026-08-16T18:07:35+09:00,-2100,13600,61.5953,0
M0008,3082,2026-08-16,2026-08-16T18:38:25+09:00,-3500,12200,62.1092,0
M0008,3082,2026-08-16,2026-08-16T19:40:19+09:00,-3400,12300,63.1408,0
M0008,3082,2026-08-16,2026-08-16T20:25:39+09:00,-4000,11700,63.8964,0
M0008,3082,2026-08-16,2026-08-16T21:04:51+09:00,-4600,11100,64.5497,0
M0008,3082,2026-08-17,2026-08-17T10:52:31+09:00,0,11100,64.5497,1
M0008,3082,2026-08-17,2026-08-17T12:34:35+09:00,-400,10700,66.2508,0
M0008,3082,2026-08-17,2026-08-17T13:07:15+09:00,-500,10600,66.7953,0
M0008,3082,2026-08-17,2026-08-17T14:36:43+09:00,-1100,10000,68.2864,0
M0008,3082,2026-08-17,2026-08-17T15:11:21+09:00,-900,10200,68.8636,0
M0008,3082,2026-08-17,2026-08-17T17:58:27+09:00,-1200,9900,71.6486,0
M0008,3082,2026-08-17,2026-08-17T18:33:03+09:00,-1700,9400,72.2253,0
M0008,3082,2026-08-17,2026-08-17T19:09:23+09:00,-200,10900,72.8308,0
M0008,3082,2026-08-17,2026-08-17T19:59:55+09:00,400,11500,73.6731,0
M0008,3082,2026-08-17,2026-08-17T20:35:21+09:00,-400,10700,74.2636,0
M0008,3082,2026-08-17,2026-08-17T21:13:05+09:00,0,11100,74.8925,0
M0008,3082,2026-08-17,2026-08-17T21:59:13+09:00,-700,10400,75.6614,0
M0008,3082,2026-08-17,2026-08-17T22:34:49+09:00,-900,10200,76.2547,0
M0008,3082,2026-08-18,2026-08-18T10:52:51+09:00,-200,10200,76.2547,1
M0008,3082,2026-08-18,2026-08-18T11:28:45+09:00,-700,9700,76.8531,0
M0008,3082,2026-08-18,2026-08-18T12:02:47+09:00,-500,9900,77.4203,0
M0008,3082,2026-08-18,2026-08-18T12:35:21+09:00,-900,9500,77.9631,0
M0008,3082,2026-08-18,2026-08-18T13:07:37+09:00,-400,10000,78.5008,0
M0008,3082,2026-08-18,2026-08-18T13:35:43+09:00,-200,10200,78.9692,0
M0008,3082,2026-08-18,2026-08-18T14:04:28+09:00,500,10900,79.4483,0
M0009,3083,2026-08-11,2026-08-11T10:53:13+09:00,0,0,0.0000,1
M0009,3083,2026-08-11,2026-08-11T11:28:39+09:00,-400,-400,0.5906,0
M0009,3083,2026-08-11,2026-08-11T12:02:43+09:00,-900,-900,1.1583,0
M0009,3083,2026-08-11,2026-08-11T12:36:02+09:00,-800,-800,1.7136,0
M0009,3083,2026-08-11,2026-08-11T13:06:25+09:00,-1400,-1400,2.2200,0
M0009,3083,2026-08-11,2026-08-11T13:34:33+09:00,-2100,-2100,2.6889,0
M0009,3083,2026-08-11,2026-08-11T14:09:42+09:00,-300,-300,3.2747,0
M0009,3083,2026-08-11,2026-08-11T14:50:37+09:00,200,200,3.9567,0
M0009,3083,2026-08-11,2026-08-11T15:29:09+09:00,-300,-300,4.5989,0
M0009,3083,2026-08-11,2026-08-11T16:05:23+09:00,700,700,5.2028,0
M0009,3083,2026-08-11,2026-08-11T16:40:17+09:00,0,0,5.7844,0
M0009,3083,2026-08-11,2026-08-11T17:28:47+09:00,-800,-800,6.5928,0
M0009,3083,2026-08-11,2026-08-11T18:06:29+09:00,-100,-100,7.2211,0
M0009,3083,2026-08-11,2026-08-11T18:41:47+09:00,-700,-700,7.8094,0
M0009,3083,2026-08-11,2026-08-11T19:30:51+09:00,-1100,-1100,8.6272,0
M0009,3083,2026-08-11,2026-08-11T20:08:57+09:00,-1000,-1000,9.2622,0
M0009,3083,2026-08-11,2026-08-11T21:03:30+09:00,-300,-300,10.1714,0
M0009,3083,2026-08-12,2026-08-12T10:53:47+09:00,0,-300,10.1714,1
M0009,3083,2026-08-12,2026-08-12T12:36:01+09:00,-200,-500,11.8753,0
M0009,3083,2026-08-12,2026-08-12T13:06:31+09:00,-700,-1000,12.3836,0
M0009,3083,2026-08-12,2026-08-12T13:35:53+09:00,-400,-700,12.8731,0
M0009,3083,2026-08-12,2026-08-12T15:31:45+09:00,-1000,-1300,14.8042,0
M0009,3083,2026-08-12,2026-08-12T16:07:57+09:00,-1700,-2000,15.4075,0
M0009,3083,2026-08-12,2026-08-12T16:35:17+09:00,-1800,-2100,15.8631,0
M0009,3083,2026-08-12,2026-08-12T17:36:51+09:00,-2100,-2400,16.8892,0
M0009,3083,2026-08-12,2026-08-12T18:14:03+09:00,-1400,-1700,17.5092,0
M0009,3083,2026-08-13,2026-08-13T10:54:54+09:00,-100,-1700,17.5092,1
M0009,3083,2026-08-13,2026-08-13T11:29:13+09:00,-600,-2200,18.0811,0
M0009,3083,2026-08-13,2026-08-13T12:03:39+09:00,-1200,-2800,18.6550,0
M0009,3083,2026-08-13,2026-08-13T12:36:57+09:00,-1600,-3200,19.2100,0
M0009,3083,2026-08-13,2026-08-13T13:09:39+09:00,-200,-1800,19.7550,0
M0009,3083,2026-08-13,2026-08-13T14:00:59+09:00,-100,-1700,20.6106,0
M0009,3083,2026-08-13,2026-08-13T14:35:09+09:00,-800,-2400,21.1800,0
M0009,3083,2026-08-13,2026-08-13T15:11:23+09:00,-1000,-2600,21.7839,0
M0009,3083,2026-08-13,2026-08-13T15:58:27+09:00,-1700,-3300,22.5683,0
M0009,3083,2026-08-13,2026-08-13T16:33:27+09:00,-2100,-3700,23.1517,0
M0009,3083,2026-08-13,2026-08-13T17:10:25+09:00,-2600,-4200,23.7678,0
M0009,3083,2026-08-13,2026-08-13T17:59:47+09:00,-2500,-4100,24.5906,0
M0009,3083,2026-08-13,2026-08-13T18:36:04+09:00,-900,-2500,25.1953,0
M0009,3083,2026-08-13,2026-08-13T19:14:33+09:00,-1200,-2800,25.8367,0
M0009,3083,2026-08-13,2026-08-13T20:02:43+09:00,-1000,-2600,26.6394,0
M0009,3083,2026-08-13,2026-08-13T20:39:10+09:00,-500,-2100,27.2469,0
M0009,3083,2026-08-14,2026-08-14T10:54:41+09:00,0,-2100,27.2469,1
M0009,3083,2026-08-14,2026-08-14T11:29:45+09:00,-700,-2800,27.8314,0
M0009,3083,2026-08-14,2026-08-14T12:04:15+09:00,-300,-2400,28.4064,0
M0009,3083,2026-08-14,2026-08-14T12:37:28+09:00,-700,-2800,28.9600,0
M0009,3083,2026-08-14,2026-08-14T13:06:37+09:00,-1300,-3400,29.4458,0
M0009,3083,2026-08-14,2026-08-14T13:35:02+09:00,-100,-2200,29.9194,0
M0009,3083,2026-08-14,2026-08-14T14:10:37+09:00,400,-1700,30.5125,0
M0009,3083,2026-08-14,2026-08-14T14:55:41+09:00,700,-1400,31.2636,0
M0009,3083,2026-08-14,2026-08-14T15:31:41+09:00,100,-2000,31.8636,0
M0009,3083,2026-08-14,2026-08-14T16:08:02+09:00,-100,-2200,32.4694,0
M0009,3083,2026-08-14,2026-08-14T16:41:57+09:00,-1100,-3200,33.0347,0
M0009,3083,2026-08-14,2026-08-14T17:30:37+09:00,-600,-2700,33.8458,0
M0009,3083,2026-08-14,2026-08-14T19:31:33+09:00,-1100,-3200,35.8614,0
M0009,3083,2026-08-14,2026-08-14T20:09:17+09:00,-2500,-4600,36.4903,0
M0009,3083,2026-08-14,2026-08-14T20:55:41+09:00,-2000,-4100,37.2636,0
M0009,3083,2026-08-14,2026-08-14T21:33:02+09:00,0,-2100,37.8861,0
M0009,3083,2026-08-14,2026-08-14T22:11:45+09:00,-800,-2900,38.5314,0
M0009,3083,2026-08-15,2026-08-15T10:54:13+09:00,-200,-2900,38.5314,1
M0009,3083,2026-08-15,2026-08-15T11:29:09+09:00,-300,-3000,39.1136,0
M0009,3083,2026-08-15,2026-08-15T12:03:27+09:00,200,-2500,39.6853,0
M0009,3083,2026-08-15,2026-08-15T12:36:37+09:00,0,-2700,40.2381,0
M0009,3083,2026-08-15,2026-08-15T13:08:49+09:00,-500,-3200,40.7747,0
M0009,3083,2026-08-15,2026-08-15T14:01:55+09:00,-1200,-3900,41.6597,0
M0009,3083,2026-08-15,2026-08-15T14:36:09+09:00,-1500,-4200,42.2303,0
M0009,3083,2026-08-15,2026-08-15T15:11:53+09:00,-2700,-5400,42.8258,0
M0009,3083,2026-08-15,2026-08-15T15:58:43+09:00,-2800,-5500,43.6064,0
M0009,3083,2026-08-15,2026-08-15T16:34:01+09:00,-3300,-6000,44.1947,0
M0009,3083,2026-08-15,2026-08-15T17:11:17+09:00,-3200,-5900,44.8158,0
M0009,3083,2026-08-15,2026-08-15T18:35:13+09:00,-3800,-6500,46.2147,0
M0009,3083,2026-08-15,2026-08-15T19:12:53+09:00,-4300,-7000,46.8425,0
M0009,3083,2026-08-15,2026-08-15T20:01:19+09:00,-4900,-7600,47.6497,0
M0009,3083,2026-08-15,2026-08-15T20:38:25+09:00,-5000,-7700,48.2681,0
M0009,3083,2026-08-16,2026-08-16T10:53:41+09:00,-100,-7700,48.2681,1
M0009,3083,2026-08-16,2026-08-16T11:28:27+09:00,0,-7600,48.8475,0
M0009,3083,2026-08-16,2026-08-16T12:02:27+09:00,2400,-5200,49.4142,0
M0009,3083,2026-08-16,2026-08-16T12:35:49+09:00,5000,-2600,49.9703,0
M0009,3083,2026-08-16,2026-08-16T13:06:49+09:00,7600,0,50.4869,0
M0009,3083,2026-08-16,2026-08-16T13:36:19+09:00,7200,-400,50.9786,0
M0009,3083,2026-08-16,2026-08-16T14:09:21+09:00,7400,-200,51.5292,0
M0009,3083,2026-08-16,2026-08-16T14:51:21+09:00,6700,-900,52.2292,0
M0009,3083,2026-08-16,2026-08-16T15:29:10+09:00,6400,-1200,52.8594,0
M0009,3083,2026-08-16,2026-08-16T16:05:23+09:00,5800,-1800,53.4631,0
M0009,3083,2026-08-16,2026-08-16T16:39:55+09:00,6600,-1000,54.0386,0
M0009,3083,2026-08-16,2026-08-16T17:30:17+09:00,6400,-1200,54.8781,0
M0009,3083,2026-08-16,2026-08-16T18:07:35+09:00,5600,-2000,55.4997,0
M0009,3083,2026-08-16,2026-08-16T18:38:25+09:00,4400,-3200,56.0136,0
M0009,3083,2026-08-16,2026-08-16T19:40:19+09:00,6500,-1100,57.0453,0
M0009,3083,2026-08-16,2026-08-16T20:25:39+09:00,8500,900,57.8008,0
M0009,3083,2026-08-16,2026-08-16T21:04:51+09:00,10500,2900,58.4542,0
M0009,3083,2026-08-16,2026-08-16T21:42:13+09:00,9400,1800,59.0769,0
M0009,3083,2026-08-16,2026-08-16T22:32:01+09:00,9500,1900,59.9069,0
M0009,3083,2026-08-17,2026-08-17T10:52:31+09:00,-100,1900,59.9069,1
M0009,3083,2026-08-17,2026-08-17T11:28:29+09:00,-200,1800,60.5064,0
M0009,3083,2026-08-17,2026-08-17T12:02:23+09:00,-800,1200,61.0714,0
M0009,3083,2026-08-17,2026-08-17T12:34:35+09:00,-1400,600,61.6081,0
M0009,3083,2026-08-17,2026-08-17T13:07:15+09:00,-2100,-100,62.1525,0
M0009,3083,2026-08-17,2026-08-17T13:35:21+09:00,-2000,0,62.6208,0
M0009,3083,2026-08-17,2026-08-17T14:03:11+09:00,-1700,300,63.0847,0
M0009,3083,2026-08-17,2026-08-17T16:33:27+09:00,-1900,100,65.5892,0
M0009,3083,2026-08-17,2026-08-17T18:33:03+09:00,-2100,-100,67.5825,0
M0009,3083,2026-08-17,2026-08-17T19:09:23+09:00,-2400,-400,68.1881,0
M0009,3083,2026-08-17,2026-08-17T19:59:55+09:00,-2800,-800,69.0303,0
M0009,3083,2026-08-17,2026-08-17T20:35:21+09:00,-3500,-1500,69.6208,0
M0009,3083,2026-08-17,2026-08-17T21:13:05+09:00,-3300,-1300,70.2497,0
M0009,3083,2026-08-17,2026-08-17T21:59:13+09:00,-1200,800,71.0186,0
M0009,3083,2026-08-17,2026-08-17T22:34:49+09:00,-800,1200,71.6119,0
M0009,3083,2026-08-17,2026-08-17T23:11:50+09:00,-900,1100,72.2289,0
M0009,3083,2026-08-18,2026-08-18T10:52:51+09:00,-100,1100,72.2289,1
M0009,3083,2026-08-18,2026-08-18T11:28:45+09:00,2400,3600,72.8272,0
M0009,3083,2026-08-18,2026-08-18T12:02:47+09:00,2900,4100,73.3944,0
M0009,3083,2026-08-18,2026-08-18T12:35:21+09:00,2200,3400,73.9372,0
M0009,3083,2026-08-18,2026-08-18T13:07:37+09:00,1700,2900,74.4750,0
M0009,3083,2026-08-18,2026-08-18T13:35:43+09:00,1900,3100,74.9433,0
M0009,3083,2026-08-18,2026-08-18T14:04:28+09:00,1700,2900,75.4225,0
M0010,3084,2026-08-11,2026-08-11T10:53:13+09:00,0,0,0.0000,1
M0010,3084,2026-08-11,2026-08-11T11:28:39+09:00,-100,-100,0.5906,0
M0010,3084,2026-08-11,2026-08-11T12:36:02+09:00,-800,-800,1.7136,0
M0010,3084,2026-08-11,2026-08-11T13:34:33+09:00,-1400,-1400,2.6889,0
M0010,3084,2026-08-11,2026-08-11T14:09:42+09:00,-2100,-2100,3.2747,0
M0010,3084,2026-08-11,2026-08-11T14:50:37+09:00,-2800,-2800,3.9567,0
M0010,3084,2026-08-11,2026-08-11T15:29:09+09:00,-3400,-3400,4.5989,0
M0010,3084,2026-08-11,2026-08-11T16:05:23+09:00,-3800,-3800,5.2028,0
M0010,3084,2026-08-11,2026-08-11T16:40:17+09:00,-2700,-2700,5.7844,0
M0010,3084,2026-08-11,2026-08-11T17:28:47+09:00,-3400,-3400,6.5928,0
M0010,3084,2026-08-11,2026-08-11T18:06:29+09:00,-3900,-3900,7.2211,0
M0010,3084,2026-08-11,2026-08-11T18:41:47+09:00,-1700,-1700,7.8094,0
M0010,3084,2026-08-11,2026-08-11T19:30:51+09:00,-2000,-2000,8.6272,0
M0010,3084,2026-08-11,2026-08-11T20:08:57+09:00,-2900,-2900,9.2622,0
M0010,3084,2026-08-11,2026-08-11T21:03:30+09:00,-3100,-3100,10.1714,0
M0010,3084,2026-08-12,2026-08-12T10:53:47+09:00,0,-3100,10.1714,1
M0010,3084,2026-08-12,2026-08-12T12:02:51+09:00,-400,-3500,11.3225,0
M0010,3084,2026-08-12,2026-08-12T12:36:01+09:00,-1000,-4100,11.8753,0
M0010,3084,2026-08-12,2026-08-12T13:06:31+09:00,-800,-3900,12.3836,0
M0010,3084,2026-08-12,2026-08-12T13:35:53+09:00,-1400,-4500,12.8731,0
M0010,3084,2026-08-12,2026-08-12T14:11:01+09:00,-2500,-5600,13.4586,0
M0010,3084,2026-08-12,2026-08-12T14:56:33+09:00,-3100,-6200,14.2175,0
M0010,3084,2026-08-12,2026-08-12T15:31:45+09:00,-2900,-6000,14.8042,0
M0010,3084,2026-08-12,2026-08-12T16:07:57+09:00,-3600,-6700,15.4075,0
M0010,3084,2026-08-12,2026-08-12T16:35:17+09:00,-4100,-7200,15.8631,0
M0010,3084,2026-08-12,2026-08-12T17:01:31+09:00,-4600,-7700,16.3003,0
M0010,3084,2026-08-12,2026-08-12T17:36:51+09:00,-5300,-8400,16.8892,0
M0010,3084,2026-08-12,2026-08-12T18:14:03+09:00,-4900,-8000,17.5092,0
M0010,3084,2026-08-12,2026-08-12T19:01:02+09:00,-4300,-7400,18.2922,0
M0010,3084,2026-08-13,2026-08-13T10:54:54+09:00,-100,-7400,18.2922,1
M0010,3084,2026-08-13,2026-08-13T11:29:13+09:00,-700,-8000,18.8642,0
M0010,3084,2026-08-13,2026-08-13T12:03:39+09:00,-900,-8200,19.4381,0
M0010,3084,2026-08-13,2026-08-13T12:36:57+09:00,-1300,-8600,19.9931,0
M0010,3084,2026-08-13,2026-08-13T13:09:39+09:00,-1500,-8800,20.5381,0
M0010,3084,2026-08-13,2026-08-13T14:35:09+09:00,-2000,-9300,21.9631,0
M0010,3084,2026-08-13,2026-08-13T15:11:23+09:00,-2900,-10200,22.5669,0
M0010,3084,2026-08-13,2026-08-13T15:58:27+09:00,-3600,-10900,23.3514,0
M0010,3084,2026-08-13,2026-08-13T16:33:27+09:00,-3800,-11100,23.9347,0
M0010,3084,2026-08-13,2026-08-13T17:10:25+09:00,-2700,-10000,24.5508,0
M0010,3084,2026-08-13,2026-08-13T17:59:47+09:00,-500,-7800,25.3736,0
M0010,3084,2026-08-13,2026-08-13T18:36:04+09:00,1000,-6300,25.9783,0
M0010,3084,2026-08-13,2026-08-13T19:14:33+09:00,100,-7200,26.6197,0
M0010,3084,2026-08-13,2026-08-13T20:02:43+09:00,400,-6900,27.4225,0
M0010,3084,2026-08-13,2026-08-13T20:39:10+09:00,-600,-7900,28.0300,0
M0010,3084,2026-08-13,2026-08-13T21:23:43+09:00,-1200,-8500,28.7725,0
M0010,3084,2026-08-13,2026-08-13T22:03:35+09:00,-1100,-8400,29.4369,0
M0010,3084,2026-08-14,2026-08-14T10:54:41+09:00,-100,-8400,29.4369,1
M0010,3084,2026-08-14,2026-08-14T11:29:45+09:00,-300,-8600,30.0214,0
M0010,3084,2026-08-14,2026-08-14T12:04:15+09:00,-900,-9200,30.5964,0
M0010,3084,2026-08-14,2026-08-14T12:37:28+09:00,-1300,-9600,31.1500,0
M0010,3084,2026-08-14,2026-08-14T13:06:37+09:00,-2000,-10300,31.6358,0
M0010,3084,2026-08-14,2026-08-14T13:35:02+09:00,-1200,-9500,32.1094,0
M0010,3084,2026-08-14,2026-08-14T14:10:37+09:00,-2400,-10700,32.7025,0
M0010,3084,2026-08-14,2026-08-14T14:55:41+09:00,-2900,-11200,33.4536,0
M0010,3084,2026-08-14,2026-08-14T15:31:41+09:00,-3500,-11800,34.0536,0
M0010,3084,2026-08-14,2026-08-14T16:08:02+09:00,-4000,-12300,34.6594,0
M0010,3084,2026-08-14,2026-08-14T16:41:57+09:00,-4200,-12500,35.2247,0
M0010,3084,2026-08-14,2026-08-14T17:30:37+09:00,-3000,-11300,36.0358,0
M0010,3084,2026-08-14,2026-08-14T18:07:43+09:00,-600,-8900,36.6542,0
M0010,3084,2026-08-14,2026-08-14T18:43:04+09:00,-2000,-10300,37.2433,0
M0010,3084,2026-08-14,2026-08-14T19:31:33+09:00,-2100,-10400,38.0514,0
M0010,3084,2026-08-14,2026-08-14T20:09:17+09:00,-2600,-10900,38.6803,0
M0010,3084,2026-08-14,2026-08-14T20:55:41+09:00,-3300,-11600,39.4536,0
M0010,3084,2026-08-14,2026-08-14T21:33:02+09:00,-3900,-12200,40.0761,0
M0010,3084,2026-08-14,2026-08-14T22:11:45+09:00,-3700,-12000,40.7214,0
M0010,3084,2026-08-15,2026-08-15T10:54:13+09:00,-100,-12000,40.7214,1
M0010,3084,2026-08-15,2026-08-15T11:29:09+09:00,-500,-12400,41.3036,0
M0010,3084,2026-08-15,2026-08-15T12:03:27+09:00,-1000,-12900,41.8753,0
M0010,3084,2026-08-15,2026-08-15T12:36:37+09:00,-1700,-13600,42.4281,0
M0010,3084,2026-08-15,2026-08-15T13:08:49+09:00,2200,-9700,42.9647,0
M0010,3084,2026-08-15,2026-08-15T14:01:55+09:00,3200,-8700,43.8497,0
M0010,3084,2026-08-15,2026-08-15T14:36:09+09:00,2900,-9000,44.4203,0
M0010,3084,2026-08-15,2026-08-15T15:11:53+09:00,2100,-9800,45.0158,0
M0010,3084,2026-08-15,2026-08-15T15:58:43+09:00,2500,-9400,45.7964,0
M0010,3084,2026-08-15,2026-08-15T16:34:01+09:00,2100,-9800,46.3847,0
M0010,3084,2026-08-15,2026-08-15T17:11:17+09:00,1800,-10100,47.0058,0
M0010,3084,2026-08-15,2026-08-15T17:58:39+09:00,3400,-8500,47.7953,0
M0010,3084,2026-08-15,2026-08-15T18:35:13+09:00,3200,-8700,48.4047,0
M0010,3084,2026-08-15,2026-08-15T19:12:53+09:00,2000,-9900,49.0325,0
M0010,3084,2026-08-15,2026-08-15T20:01:19+09:00,1800,-10100,49.8397,0
M0010,3084,2026-08-15,2026-08-15T20:38:25+09:00,1500,-10400,50.4581,0
M0010,3084,2026-08-16,2026-08-16T10:53:41+09:00,-200,-10400,50.4581,1
M0010,3084,2026-08-16,2026-08-16T11:28:27+09:00,1400,-8800,51.0375,0
M0010,3084,2026-08-16,2026-08-16T12:02:27+09:00,1700,-8500,51.6042,0
M0010,3084,2026-08-16,2026-08-16T12:35:49+09:00,1000,-9200,52.1603,0
M0010,3084,2026-08-16,2026-08-16T13:06:49+09:00,500,-9700,52.6769,0
M0010,3084,2026-08-16,2026-08-16T13:36:19+09:00,1200,-9000,53.1686,0
M0010,3084,2026-08-16,2026-08-16T14:09:21+09:00,1400,-8800,53.7192,0
M0010,3084,2026-08-16,2026-08-16T14:51:21+09:00,2000,-8200,54.4192,0
M0010,3084,2026-08-16,2026-08-16T15:29:10+09:00,1700,-8500,55.0494,0
M0010,3084,2026-08-16,2026-08-16T16:05:23+09:00,2600,-7600,55.6531,0
M0010,3084,2026-08-16,2026-08-16T16:39:55+09:00,1200,-9000,56.2286,0
M0010,3084,2026-08-16,2026-08-16T17:30:17+09:00,1300,-8900,57.0681,0
M0010,3084,2026-08-16,2026-08-16T18:07:35+09:00,500,-9700,57.6897,0
M0010,3084,2026-08-16,2026-08-16T18:38:25+09:00,-800,-11000,58.2036,0
M0010,3084,2026-08-16,2026-08-16T19:40:19+09:00,200,-10000,59.2353,0
M0010,3084,2026-08-16,2026-08-16T21:42:13+09:00,1000,-9200,61.2669,0
M0010,3084,2026-08-16,2026-08-16T22:32:01+09:00,1900,-8300,62.0969,0
M0010,3084,2026-08-17,2026-08-17T10:52:31+09:00,0,-8300,62.0969,1
M0010,3084,2026-08-17,2026-08-17T12:02:23+09:00,-500,-8800,63.2614,0
M0010,3084,2026-08-17,2026-08-17T12:34:35+09:00,-600,-8900,63.7981,0
M0010,3084,2026-08-17,2026-08-17T14:03:11+09:00,-1100,-9400,65.2747,0
M0010,3084,2026-08-17,2026-08-17T14:36:43+09:00,-1000,-9300,65.8336,0
M0010,3084,2026-08-17,2026-08-17T15:11:21+09:00,700,-7600,66.4108,0
M0010,3084,2026-08-17,2026-08-17T17:09:07+09:00,100,-8200,68.3736,0
M0010,3084,2026-08-17,2026-08-17T17:58:27+09:00,900,-7400,69.1958,0
M0010,3084,2026-08-17,2026-08-17T19:09:23+09:00,100,-8200,70.3781,0
M0010,3084,2026-08-17,2026-08-17T19:59:55+09:00,700,-7600,71.2203,0
M0010,3084,2026-08-17,2026-08-17T21:13:05+09:00,500,-7800,72.4397,0
M0010,3084,2026-08-17,2026-08-17T21:59:13+09:00,100,-8200,73.2086,0
M0010,3084,2026-08-17,2026-08-17T22:34:49+09:00,-500,-8800,73.8019,0
M0010,3084,2026-08-17,2026-08-17T23:11:50+09:00,500,-7800,74.4189,0
M0010,3084,2026-08-18,2026-08-18T10:52:51+09:00,0,-7800,74.4189,1
M0010,3084,2026-08-18,2026-08-18T12:02:47+09:00,100,-7700,75.5844,0
M0010,3084,2026-08-18,2026-08-18T12:35:21+09:00,0,-7800,76.1272,0
M0010,3084,2026-08-18,2026-08-18T13:07:37+09:00,700,-7100,76.6650,0
M0010,3084,2026-08-18,2026-08-18T13:35:43+09:00,100,-7700,77.1333,0
M0010,3084,2026-08-18,2026-08-18T14:04:28+09:00,-500,-8300,77.6125,0
M0011,3085,2026-08-11,2026-08-11T10:53:13+09:00,0,0,0.0000,1
M0011,3085,2026-08-11,2026-08-11T11:28:39+09:00,-500,-500,0.5906,0
M0011,3085,2026-08-11,2026-08-11T12:02:43+09:00,-800,-800,1.1583,0
M0011,3085,2026-08-11,2026-08-11T12:36:02+09:00,-1400,-1400,1.7136,0
M0011,3085,2026-08-11,2026-08-11T13:06:25+09:00,-1800,-1800,2.2200,0
M0011,3085,2026-08-11,2026-08-11T13:34:33+09:00,-2300,-2300,2.6889,0
M0011,3085,2026-08-11,2026-08-11T14:09:42+09:00,-3300,-3300,3.2747,0
M0011,3085,2026-08-11,2026-08-11T15:29:09+09:00,-2400,-2400,4.5989,0
M0011,3085,2026-08-11,2026-08-11T16:05:23+09:00,-2900,-2900,5.2028,0
M0011,3085,2026-08-11,2026-08-11T16:40:17+09:00,-3600,-3600,5.7844,0
M0011,3085,2026-08-11,2026-08-11T17:28:47+09:00,-4400,-4400,6.5928,0
M0011,3085,2026-08-11,2026-08-11T18:41:47+09:00,-3800,-3800,7.8094,0
M0011,3085,2026-08-12,2026-08-12T10:53:47+09:00,0,-3800,7.8094,1
M0011,3085,2026-08-12,2026-08-12T12:36:01+09:00,-600,-4400,9.5133,0
M0011,3085,2026-08-12,2026-08-12T13:06:31+09:00,-500,-4300,10.0217,0
M0011,3085,2026-08-12,2026-08-12T13:35:53+09:00,-1100,-4900,10.5111,0
M0011,3085,2026-08-12,2026-08-12T14:11:01+09:00,-2000,-5800,11.0967,0
M0011,3085,2026-08-12,2026-08-12T14:56:33+09:00,-1800,-5600,11.8556,0
M0011,3085,2026-08-12,2026-08-12T15:31:45+09:00,-1300,-5100,12.4422,0
M0011,3085,2026-08-12,2026-08-12T16:07:57+09:00,-1500,-5300,13.0456,0
M0011,3085,2026-08-12,2026-08-12T16:35:17+09:00,-1600,-5400,13.5011,0
M0011,3085,2026-08-13,2026-08-13T10:54:54+09:00,0,-5400,13.5011,1
M0011,3085,2026-08-13,2026-08-13T11:29:13+09:00,-700,-6100,14.0731,0
M0011,3085,2026-08-13,2026-08-13T12:03:39+09:00,-1300,-6700,14.6469,0
M0011,3085,2026-08-13,2026-08-13T13:09:39+09:00,-1400,-6800,15.7469,0
M0011,3085,2026-08-13,2026-08-13T14:35:09+09:00,-1800,-7200,17.1719,0
M0011,3085,2026-08-13,2026-08-13T15:11:23+09:00,-2600,-8000,17.7758,0
M0011,3085,2026-08-13,2026-08-13T17:10:25+09:00,-3100,-8500,19.7597,0
M0011,3085,2026-08-13,2026-08-13T17:59:47+09:00,-3500,-8900,20.5825,0
M0011,3085,2026-08-13,2026-08-13T18:36:04+09:00,-2900,-8300,21.1872,0
M0011,3085,2026-08-13,2026-08-13T19:14:33+09:00,-3900,-9300,21.8286,0
M0011,3085,2026-08-13,2026-08-13T20:02:43+09:00,-4300,-9700,22.6314,0
M0011,3085,2026-08-13,2026-08-13T20:39:10+09:00,-5400,-10800,23.2389,0
M0011,3085,2026-08-13,2026-08-13T22:03:35+09:00,-6000,-11400,24.6458,0
M0011,3085,2026-08-13,2026-08-13T22:40:21+09:00,-7100,-12500,25.2586,0
M0011,3085,2026-08-13,2026-08-13T23:29:55+09:00,-7300,-12700,26.0847,0
M0011,3085,2026-08-14,2026-08-14T10:54:41+09:00,-100,-12700,26.0847,1
M0011,3085,2026-08-14,2026-08-14T11:29:45+09:00,-700,-13300,26.6692,0
M0011,3085,2026-08-14,2026-08-14T12:04:15+09:00,900,-11700,27.2442,0
M0011,3085,2026-08-14,2026-08-14T12:37:28+09:00,1200,-11400,27.7978,0
M0011,3085,2026-08-14,2026-08-14T13:06:37+09:00,1300,-11300,28.2836,0
M0011,3085,2026-08-14,2026-08-14T13:35:02+09:00,700,-11900,28.7572,0
M0011,3085,2026-08-14,2026-08-14T14:10:37+09:00,200,-12400,29.3503,0
M0011,3085,2026-08-14,2026-08-14T14:55:41+09:00,-200,-12800,30.1014,0
M0011,3085,2026-08-14,2026-08-14T15:31:41+09:00,200,-12400,30.7014,0
M0011,3085,2026-08-14,2026-08-14T16:08:02+09:00,-300,-12900,31.3072,0
M0011,3085,2026-08-14,2026-08-14T16:41:57+09:00,-500,-13100,31.8725,0
M0011,3085,2026-08-14,2026-08-14T17:30:37+09:00,-1200,-13800,32.6836,0
M0011,3085,2026-08-14,2026-08-14T18:07:43+09:00,-1800,-14400,33.3019,0
M0011,3085,2026-08-14,2026-08-14T18:43:04+09:00,-1100,-13700,33.8911,0
M0011,3085,2026-08-14,2026-08-14T19:31:33+09:00,-1600,-14200,34.6992,0
M0011,3085,2026-08-14,2026-08-14T20:09:17+09:00,-800,-13400,35.3281,0
M0011,3085,2026-08-14,2026-08-14T20:55:41+09:00,-1100,-13700,36.1014,0
M0011,3085,2026-08-14,2026-08-14T21:33:02+09:00,-1700,-14300,36.7239,0
M0011,3085,2026-08-14,2026-08-14T22:11:45+09:00,-1100,-13700,37.3692,0
M0011,3085,2026-08-15,2026-08-15T10:54:13+09:00,-200,-13700,37.3692,1
M0011,3085,2026-08-15,2026-08-15T12:03:27+09:00,-1000,-14500,38.5231,0
M0011,3085,2026-08-15,2026-08-15T12:36:37+09:00,-1500,-15000,39.0758,0
M0011,3085,2026-08-15,2026-08-15T13:08:49+09:00,-2800,-16300,39.6125,0
M0011,3085,2026-08-15,2026-08-15T14:01:55+09:00,-2900,-16400,40.4975,0
M0011,3085,2026-08-15,2026-08-15T14:36:09+09:00,-3300,-16800,41.0681,0
M0011,3085,2026-08-15,2026-08-15T15:11:53+09:00,-4000,-17500,41.6636,0
M0011,3085,2026-08-15,2026-08-15T15:58:43+09:00,-4600,-18100,42.4442,0
M0011,3085,2026-08-15,2026-08-15T16:34:01+09:00,-4700,-18200,43.0325,0
M0011,3085,2026-08-15,2026-08-15T17:11:17+09:00,-3100,-16600,43.6536,0
M0011,3085,2026-08-15,2026-08-15T17:58:39+09:00,-600,-14100,44.4431,0
M0011,3085,2026-08-15,2026-08-15T18:35:13+09:00,1800,-11700,45.0525,0
M0011,3085,2026-08-15,2026-08-15T19:12:53+09:00,7200,-6300,45.6803,0
M0011,3085,2026-08-15,2026-08-15T20:01:19+09:00,8500,-5000,46.4875,0
M0011,3085,2026-08-15,2026-08-15T20:38:25+09:00,7800,-5700,47.1058,0
M0011,3085,2026-08-15,2026-08-15T21:25:49+09:00,9200,-4300,47.8958,0
M0011,3085,2026-08-15,2026-08-15T22:04:23+09:00,8700,-4800,48.5386,0
M0011,3085,2026-08-16,2026-08-16T10:53:41+09:00,-100,-4800,48.5386,1
M0011,3085,2026-08-16,2026-08-16T11:28:27+09:00,100,-4600,49.1181,0
M0011,3085,2026-08-16,2026-08-16T12:02:27+09:00,700,-4000,49.6847,0
M0011,3085,2026-08-16,2026-08-16T12:35:49+09:00,-100,-4800,50.2408,0
M0011,3085,2026-08-16,2026-08-16T13:06:49+09:00,-700,-5400,50.7575,0
M0011,3085,2026-08-16,2026-08-16T13:36:19+09:00,-800,-5500,51.2492,0
M0011,3085,2026-08-16,2026-08-16T14:09:21+09:00,-1000,-5700,51.7997,0
M0011,3085,2026-08-16,2026-08-16T14:51:21+09:00,-600,-5300,52.4997,0
M0011,3085,2026-08-16,2026-08-16T15:29:10+09:00,-300,-5000,53.1300,0
M0011,3085,2026-08-16,2026-08-16T16:05:23+09:00,-1000,-5700,53.7336,0
M0011,3085,2026-08-16,2026-08-16T16:39:55+09:00,-1700,-6400,54.3092,0
M0011,3085,2026-08-16,2026-08-16T17:30:17+09:00,-800,-5500,55.1486,0
M0011,3085,2026-08-16,2026-08-16T18:07:35+09:00,-600,-5300,55.7703,0
M0011,3085,2026-08-16,2026-08-16T18:38:25+09:00,-1300,-6000,56.2842,0
M0011,3085,2026-08-16,2026-08-16T19:40:19+09:00,1000,-3700,57.3158,0
M0011,3085,2026-08-16,2026-08-16T20:25:39+09:00,1200,-3500,58.0714,0
M0011,3085,2026-08-16,2026-08-16T21:04:51+09:00,1500,-3200,58.7247,0
M0011,3085,2026-08-16,2026-08-16T21:42:13+09:00,2300,-2400,59.3475,0
M0011,3085,2026-08-16,2026-08-16T22:32:01+09:00,1900,-2800,60.1775,0
M0011,3085,2026-08-17,2026-08-17T10:52:31+09:00,0,-2800,60.1775,1
M0011,3085,2026-08-17,2026-08-17T11:28:29+09:00,-400,-3200,60.7769,0
M0011,3085,2026-08-17,2026-08-17T12:02:23+09:00,-500,-3300,61.3419,0
M0011,3085,2026-08-17,2026-08-17T14:36:43+09:00,-900,-3700,63.9142,0
M0011,3085,2026-08-17,2026-08-17T15:11:21+09:00,-2000,-4800,64.4914,0
M0011,3085,2026-08-17,2026-08-17T15:59:33+09:00,-2300,-5100,65.2947,0
M0011,3085,2026-08-17,2026-08-17T16:33:27+09:00,-2000,-4800,65.8597,0
M0011,3085,2026-08-17,2026-08-17T17:09:07+09:00,-1900,-4700,66.4542,0
M0011,3085,2026-08-17,2026-08-17T17:58:27+09:00,-2100,-4900,67.2764,0
M0011,3085,2026-08-17,2026-08-17T19:59:55+09:00,-2600,-5400,69.3008,0
M0011,3085,2026-08-17,2026-08-17T20:35:21+09:00,-3300,-6100,69.8914,0
M0011,3085,2026-08-17,2026-08-17T21:13:05+09:00,-3600,-6400,70.5203,0
M0011,3085,2026-08-17,2026-08-17T21:59:13+09:00,-3900,-6700,71.2892,0
M0011,3085,2026-08-17,2026-08-17T22:34:49+09:00,-4600,-7400,71.8825,0
M0011,3085,2026-08-17,2026-08-17T23:11:50+09:00,-4800,-7600,72.4994,0
M0011,3085,2026-08-18,2026-08-18T10:52:51+09:00,0,-7600,72.4994,1
M0011,3085,2026-08-18,2026-08-18T11:28:45+09:00,-700,-8300,73.0978,0
M0011,3085,2026-08-18,2026-08-18T12:02:47+09:00,-900,-8500,73.6650,0
M0011,3085,2026-08-18,2026-08-18T12:35:21+09:00,-500,-8100,74.2078,0
M0011,3085,2026-08-18,2026-08-18T13:07:37+09:00,-1100,-8700,74.7456,0
M0011,3085,2026-08-18,2026-08-18T13:35:43+09:00,-1200,-8800,75.2139,0
M0011,3085,2026-08-18,2026-08-18T14:04:28+09:00,-1600,-9200,75.6931,0
M0012,3086,2026-08-11,2026-08-11T10:53:13+09:00,-100,-100,0.0000,1
M0012,3086,2026-08-11,2026-08-11T12:02:43+09:00,-200,-200,1.1583,0
M0012,3086,2026-08-11,2026-08-11T12:36:02+09:00,100,100,1.7136,0
M0012,3086,2026-08-11,2026-08-11T13:06:25+09:00,-400,-400,2.2200,0
M0012,3086,2026-08-11,2026-08-11T13:34:33+09:00,-600,-600,2.6889,0
M0012,3086,2026-08-11,2026-08-11T14:09:42+09:00,-1200,-1200,3.2747,0
M0012,3086,2026-08-11,2026-08-11T14:50:37+09:00,-1400,-1400,3.9567,0
M0012,3086,2026-08-11,2026-08-11T15:29:09+09:00,-1800,-1800,4.5989,0
M0012,3086,2026-08-11,2026-08-11T16:05:23+09:00,-1700,-1700,5.2028,0
M0012,3086,2026-08-11,2026-08-11T16:40:17+09:00,-1900,-1900,5.7844,0
M0012,3086,2026-08-11,2026-08-11T17:28:47+09:00,-2000,-2000,6.5928,0
M0012,3086,2026-08-11,2026-08-11T18:06:29+09:00,-400,-400,7.2211,0
M0012,3086,2026-08-11,2026-08-11T18:41:47+09:00,-200,-200,7.8094,0
M0012,3086,2026-08-11,2026-08-11T19:30:51+09:00,-800,-800,8.6272,0
M0012,3086,2026-08-11,2026-08-11T20:08:57+09:00,1700,1700,9.2622,0
M0012,3086,2026-08-11,2026-08-11T21:03:30+09:00,1000,1000,10.1714,0
M0012,3086,2026-08-11,2026-08-11T21:39:59+09:00,900,900,10.7794,0
M0012,3086,2026-08-11,2026-08-11T22:25:23+09:00,1200,1200,11.5361,0
M0012,3086,2026-08-12,2026-08-12T10:53:47+09:00,0,1200,11.5361,1
M0012,3086,2026-08-12,2026-08-12T12:36:01+09:00,-200,1000,13.2400,0
M0012,3086,2026-08-12,2026-08-12T13:06:31+09:00,-600,600,13.7483,0
M0012,3086,2026-08-12,2026-08-12T13:35:53+09:00,-700,500,14.2378,0
M0012,3086,2026-08-12,2026-08-12T14:11:01+09:00,-500,700,14.8233,0
M0012,3086,2026-08-12,2026-08-12T14:56:33+09:00,-1100,100,15.5822,0
M0012,3086,2026-08-12,2026-08-12T15:31:45+09:00,-700,500,16.1689,0
M0012,3086,2026-08-12,2026-08-12T16:07:57+09:00,-200,1000,16.7722,0
M0012,3086,2026-08-12,2026-08-12T16:35:17+09:00,-300,900,17.2278,0
M0012,3086,2026-08-12,2026-08-12T17:01:31+09:00,-1000,200,17.6650,0
M0012,3086,2026-08-12,2026-08-12T17:36:51+09:00,0,1200,18.2539,0
M0012,3086,2026-08-12,2026-08-12T18:14:03+09:00,1600,2800,18.8739,0
M0012,3086,2026-08-12,2026-08-12T19:01:02+09:00,1200,2400,19.6569,0
M0012,3086,2026-08-12,2026-08-12T19:36:51+09:00,1100,2300,20.2539,0
M0012,3086,2026-08-12,2026-08-12T20:14:43+09:00,1200,2400,20.8850,0
M0012,3086,2026-08-12,2026-08-12T21:03:27+09:00,1000,2200,21.6972,0
M0012,3086,2026-08-12,2026-08-12T21:39:31+09:00,300,1500,22.2983,0
M0012,3086,2026-08-12,2026-08-12T22:26:01+09:00,100,1300,23.0733,0
M0012,3086,2026-08-13,2026-08-13T10:54:54+09:00,0,1300,23.0733,1
M0012,3086,2026-08-13,2026-08-13T11:29:13+09:00,-700,600,23.6453,0
M0012,3086,2026-08-13,2026-08-13T12:03:39+09:00,200,1500,24.2192,0
M0012,3086,2026-08-13,2026-08-13T12:36:57+09:00,-300,1000,24.7742,0
M0012,3086,2026-08-13,2026-08-13T13:09:39+09:00,-1000,300,25.3192,0
M0012,3086,2026-08-13,2026-08-13T14:00:59+09:00,-1700,-400,26.1747,0
M0012,3086,2026-08-13,2026-08-13T14:35:09+09:00,-1800,-500,26.7442,0
M0012,3086,2026-08-13,2026-08-13T15:11:23+09:00,-2400,-1100,27.3481,0
M0012,3086,2026-08-13,2026-08-13T15:58:27+09:00,-1600,-300,28.1325,0
M0012,3086,2026-08-13,2026-08-13T16:33:27+09:00,-2200,-900,28.7158,0
M0012,3086,2026-08-13,2026-08-13T17:10:25+09:00,-1400,-100,29.3319,0
M0012,3086,2026-08-13,2026-08-13T17:59:47+09:00,-900,400,30.1547,0
M0012,3086,2026-08-13,2026-08-13T18:36:04+09:00,-1600,-300,30.7594,0
M0012,3086,2026-08-13,2026-08-13T19:14:33+09:00,-2300,-1000,31.4008,0
M0012,3086,2026-08-13,2026-08-13T20:02:43+09:00,-2800,-1500,32.2036,0
M0012,3086,2026-08-13,2026-08-13T20:39:10+09:00,-3900,-2600,32.8111,0
M0012,3086,2026-08-13,2026-08-13T21:23:43+09:00,-3000,-1700,33.5536,0
M0012,3086,2026-08-13,2026-08-13T22:03:35+09:00,-2300,-1000,34.2181,0
M0012,3086,2026-08-13,2026-08-13T22:40:21+09:00,-2400,-1100,34.8308,0
M0012,3086,2026-08-14,2026-08-14T10:54:41+09:00,-100,-1100,34.8308,1
M0012,3086,2026-08-14,2026-08-14T11:29:45+09:00,-600,-1600,35.4153,0
M0012,3086,2026-08-14,2026-08-14T12:04:15+09:00,-800,-1800,35.9903,0
M0012,3086,2026-08-14,2026-08-14T12:37:28+09:00,-1300,-2300,36.5439,0
M0012,3086,2026-08-14,2026-08-14T13:06:37+09:00,-1400,-2400,37.0297,0
M0012,3086,2026-08-14,2026-08-14T13:35:02+09:00,-1500,-2500,37.5033,0
M0012,3086,2026-08-14,2026-08-14T14:10:37+09:00,-2300,-3300,38.0964,0
M0012,3086,2026-08-14,2026-08-14T14:55:41+09:00,-2900,-3900,38.8475,0
M0012,3086,2026-08-14,2026-08-14T15:31:41+09:00,-2400,-3400,39.4475,0
M0012,3086,2026-08-14,2026-08-14T16:08:02+09:00,-1900,-2900,40.0533,0
M0012,3086,2026-08-14,2026-08-14T16:41:57+09:00,-3300,-4300,40.6186,0
M0012,3086,2026-08-14,2026-08-14T17:30:37+09:00,-3800,-4800,41.4297,0
M0012,3086,2026-08-14,2026-08-14T18:07:43+09:00,-1400,-2400,42.0481,0
M0012,3086,2026-08-14,2026-08-14T18:43:04+09:00,-2000,-3000,42.6372,0
M0012,3086,2026-08-14,2026-08-14T19:31:33+09:00,-2600,-3600,43.4453,0
M0012,3086,2026-08-14,2026-08-14T20:09:17+09:00,-3600,-4600,44.0742,0
M0012,3086,2026-08-14,2026-08-14T20:55:41+09:00,-3700,-4700,44.8475,0
M0012,3086,2026-08-14,2026-08-14T21:33:02+09:00,-3800,-4800,45.4700,0
M0012,3086,2026-08-14,2026-08-14T22:11:45+09:00,-4900,-5900,46.1153,0
M0012,3086,2026-08-14,2026-08-14T23:38:17+09:00,-4500,-5500,47.5575,0
M0012,3086,2026-08-15,2026-08-15T10:54:13+09:00,-100,-5500,47.5575,1
M0012,3086,2026-08-15,2026-08-15T11:29:09+09:00,-700,-6100,48.1397,0
M0012,3086,2026-08-15,2026-08-15T12:03:27+09:00,-1100,-6500,48.7114,0
M0012,3086,2026-08-15,2026-08-15T12:36:37+09:00,-1500,-6900,49.2642,0
M0012,3086,2026-08-15,2026-08-15T13:08:49+09:00,-2700,-8100,49.8008,0
M0012,3086,2026-08-15,2026-08-15T14:36:09+09:00,-3200,-8600,51.2564,0
M0012,3086,2026-08-15,2026-08-15T15:58:43+09:00,-3900,-9300,52.6325,0
M0012,3086,2026-08-15,2026-08-15T16:34:01+09:00,-4200,-9600,53.2208,0
M0012,3086,2026-08-15,2026-08-15T17:11:17+09:00,-3900,-9300,53.8419,0
M0012,3086,2026-08-15,2026-08-15T17:58:39+09:00,-4700,-10100,54.6314,0
M0012,3086,2026-08-15,2026-08-15T18:35:13+09:00,-3400,-8800,55.2408,0
M0012,3086,2026-08-15,2026-08-15T19:12:53+09:00,-1300,-6700,55.8686,0
M0012,3086,2026-08-15,2026-08-15T20:01:19+09:00,-1400,-6800,56.6758,0
M0012,3086,2026-08-15,2026-08-15T20:38:25+09:00,-1700,-7100,57.2942,0
M0012,3086,2026-08-15,2026-08-15T21:25:49+09:00,-2300,-7700,58.0842,0
M0012,3086,2026-08-15,2026-08-15T22:04:23+09:00,-2600,-8000,58.7269,0
M0012,3086,2026-08-16,2026-08-16T10:53:41+09:00,-100,-8000,58.7269,1
M0012,3086,2026-08-16,2026-08-16T11:28:27+09:00,-700,-8600,59.3064,0
M0012,3086,2026-08-16,2026-08-16T12:02:27+09:00,-900,-8800,59.8731,0
M0012,3086,2026-08-16,2026-08-16T12:35:49+09:00,-1300,-9200,60.4292,0
M0012,3086,2026-08-16,2026-08-16T13:06:49+09:00,-900,-8800,60.9458,0
M0012,3086,2026-08-16,2026-08-16T13:36:19+09:00,-1300,-9200,61.4375,0
M0012,3086,2026-08-16,2026-08-16T14:09:21+09:00,-800,-8700,61.9881,0
M0012,3086,2026-08-16,2026-08-16T14:51:21+09:00,-900,-8800,62.6881,0
M0012,3086,2026-08-16,2026-08-16T15:29:10+09:00,-1500,-9400,63.3183,0
M0012,3086,2026-08-16,2026-08-16T16:05:23+09:00,-1600,-9500,63.9219,0
M0012,3086,2026-08-16,2026-08-16T16:39:55+09:00,-2200,-10100,64.4975,0
M0012,3086,2026-08-16,2026-08-16T17:30:17+09:00,-600,-8500,65.3369,0
M0012,3086,2026-08-16,2026-08-16T18:07:35+09:00,200,-7700,65.9586,0
M0012,3086,2026-08-16,2026-08-16T18:38:25+09:00,-1100,-9000,66.4725,0
M0012,3086,2026-08-16,2026-08-16T19:40:19+09:00,-1300,-9200,67.5042,0
M0012,3086,2026-08-16,2026-08-16T20:25:39+09:00,-1800,-9700,68.2597,0
M0012,3086,2026-08-16,2026-08-16T21:04:51+09:00,-2400,-10300,68.9131,0
M0012,3086,2026-08-16,2026-08-16T21:42:13+09:00,-2500,-10400,69.5358,0
M0012,3086,2026-08-16,2026-08-16T22:32:01+09:00,-2700,-10600,70.3658,0
M0012,3086,2026-08-16,2026-08-16T23:11:15+09:00,-2800,-10700,71.0197,0
M0012,3086,2026-08-17,2026-08-17T10:52:31+09:00,-100,-10700,71.0197,1
M0012,3086,2026-08-17,2026-08-17T11:28:29+09:00,-600,-11200,71.6192,0
M0012,3086,2026-08-17,2026-08-17T12:02:23+09:00,-400,-11000,72.1842,0
M0012,3086,2026-08-17,2026-08-17T12:34:35+09:00,-900,-11500,72.7208,0
M0012,3086,2026-08-17,2026-08-17T13:07:15+09:00,-1100,-11700,73.2653,0
M0012,3086,2026-08-17,2026-08-17T14:36:43+09:00,-1500,-12100,74.7564,0
M0012,3086,2026-08-17,2026-08-17T15:11:21+09:00,2000,-8600,75.3336,0
M0012,3086,2026-08-17,2026-08-17T15:59:33+09:00,3800,-6800,76.1369,0
M0012,3086,2026-08-17,2026-08-17T16:33:27+09:00,6100,-4500,76.7019,0
M0012,3086,2026-08-17,2026-08-17T17:09:07+09:00,5900,-4700,77.2964,0
M0012,3086,2026-08-17,2026-08-17T17:58:27+09:00,5600,-5000,78.1186,0
M0012,3086,2026-08-17,2026-08-17T18:33:03+09:00,5200,-5400,78.6953,0
M0012,3086,2026-08-17,2026-08-17T19:09:23+09:00,3900,-6700,79.3008,0
M0012,3086,2026-08-17,2026-08-17T19:59:55+09:00,5900,-4700,80.1431,0
M0012,3086,2026-08-17,2026-08-17T20:35:21+09:00,6400,-4200,80.7336,0
M0012,3086,2026-08-17,2026-08-17T21:13:05+09:00,6600,-4000,81.3625,0
M0012,3086,2026-08-17,2026-08-17T22:34:49+09:00,6500,-4100,82.7247,0
M0012,3086,2026-08-17,2026-08-17T23:11:50+09:00,6000,-4600,83.3417,0
M0012,3086,2026-08-18,2026-08-18T10:52:51+09:00,-100,-4600,83.3417,1
M0012,3086,2026-08-18,2026-08-18T11:28:45+09:00,2200,-2300,83.9400,0
M0012,3086,2026-08-18,2026-08-18T12:02:47+09:00,4400,-100,84.5072,0
M0012,3086,2026-08-18,2026-08-18T12:35:21+09:00,4100,-400,85.0500,0
M0012,3086,2026-08-18,2026-08-18T13:07:37+09:00,4200,-300,85.5878,0
M0012,3086,2026-08-18,2026-08-18T13:35:43+09:00,3400,-1100,86.0561,0
M0012,3086,2026-08-18,2026-08-18T14:04:28+09:00,2800,-1700,86.5353,0
M0013,3087,2026-08-11,2026-08-11T10:53:13+09:00,-100,-100,0.0000,1
M0013,3087,2026-08-11,2026-08-11T11:28:39+09:00,-900,-900,0.5906,0
M0013,3087,2026-08-11,2026-08-11T12:02:43+09:00,-1200,-1200,1.1583,0
M0013,3087,2026-08-11,2026-08-11T12:36:02+09:00,-1700,-1700,1.7136,0
M0013,3087,2026-08-11,2026-08-11T13:06:25+09:00,-1500,-1500,2.2200,0
M0013,3087,2026-08-11,2026-08-11T13:34:33+09:00,-2100,-2100,2.6889,0
M0013,3087,2026-08-11,2026-08-11T14:09:42+09:00,0,0,3.2747,0
M0013,3087,2026-08-11,2026-08-11T14:50:37+09:00,200,200,3.9567,0
M0013,3087,2026-08-11,2026-08-11T15:29:09+09:00,600,600,4.5989,0
M0013,3087,2026-08-11,2026-08-11T16:05:23+09:00,500,500,5.2028,0
M0013,3087,2026-08-11,2026-08-11T16:40:17+09:00,600,600,5.7844,0
M0013,3087,2026-08-11,2026-08-11T17:28:47+09:00,2000,2000,6.5928,0
M0013,3087,2026-08-11,2026-08-11T18:06:29+09:00,1300,1300,7.2211,0
M0013,3087,2026-08-11,2026-08-11T18:41:47+09:00,800,800,7.8094,0
M0013,3087,2026-08-11,2026-08-11T19:30:51+09:00,500,500,8.6272,0
M0013,3087,2026-08-11,2026-08-11T20:08:57+09:00,-800,-800,9.2622,0
M0013,3087,2026-08-11,2026-08-11T21:03:30+09:00,-1300,-1300,10.1714,0
M0013,3087,2026-08-12,2026-08-12T10:53:47+09:00,-100,-1300,10.1714,1
M0013,3087,2026-08-12,2026-08-12T11:28:45+09:00,-900,-2100,10.7542,0
M0013,3087,2026-08-12,2026-08-12T12:02:51+09:00,-1300,-2500,11.3225,0
M0013,3087,2026-08-12,2026-08-12T12:36:01+09:00,-2000,-3200,11.8753,0
M0013,3087,2026-08-12,2026-08-12T13:06:31+09:00,-1900,-3100,12.3836,0
M0013,3087,2026-08-12,2026-08-12T13:35:53+09:00,-2200,-3400,12.8731,0
M0013,3087,2026-08-12,2026-08-12T14:11:01+09:00,-2400,-3600,13.4586,0
M0013,3087,2026-08-12,2026-08-12T14:56:33+09:00,-3000,-4200,14.2175,0
M0013,3087,2026-08-12,2026-08-12T15:31:45+09:00,-3800,-5000,14.8042,0
M0013,3087,2026-08-12,2026-08-12T16:07:57+09:00,-4200,-5400,15.4075,0
M0013,3087,2026-08-12,2026-08-12T16:35:17+09:00,-2800,-4000,15.8631,0
M0013,3087,2026-08-12,2026-08-12T17:01:31+09:00,-2400,-3600,16.3003,0
M0013,3087,2026-08-12,2026-08-12T18:14:03+09:00,-2500,-3700,17.5092,0
M0013,3087,2026-08-12,2026-08-12T19:01:02+09:00,-2300,-3500,18.2922,0
M0013,3087,2026-08-12,2026-08-12T19:36:51+09:00,-2600,-3800,18.8892,0
M0013,3087,2026-08-12,2026-08-12T20:14:43+09:00,-2800,-4000,19.5203,0
M0013,3087,2026-08-12,2026-08-12T21:03:27+09:00,-3400,-4600,20.3325,0
M0013,3087,2026-08-12,2026-08-12T21:39:31+09:00,-3300,-4500,20.9336,0
M0013,3087,2026-08-13,2026-08-13T10:54:54+09:00,-100,-4500,20.9336,1
M0013,3087,2026-08-13,2026-08-13T11:29:13+09:00,800,-3600,21.5056,0
M0013,3087,2026-08-13,2026-08-13T12:03:39+09:00,100,-4300,22.0794,0
M0013,3087,2026-08-13,2026-08-13T12:36:57+09:00,-500,-4900,22.6344,0
M0013,3087,2026-08-13,2026-08-13T13:09:39+09:00,-1700,-6100,23.1794,0
M0013,3087,2026-08-13,2026-08-13T14:00:59+09:00,-1300,-5700,24.0350,0
M0013,3087,2026-08-13,2026-08-13T14:35:09+09:00,-2100,-6500,24.6044,0
M0013,3087,2026-08-13,2026-08-13T15:11:23+09:00,-2000,-6400,25.2083,0
M0013,3087,2026-08-13,2026-08-13T15:58:27+09:00,-1500,-5900,25.9928,0
M0013,3087,2026-08-13,2026-08-13T16:33:27+09:00,-2300,-6700,26.5761,0
M0013,3087,2026-08-13,2026-08-13T17:10:25+09:00,-3200,-7600,27.1922,0
M0013,3087,2026-08-13,2026-08-13T17:59:47+09:00,-3700,-8100,28.0150,0
M0013,3087,2026-08-13,2026-08-13T18:36:04+09:00,-4100,-8500,28.6197,0
M0013,3087,2026-08-13,2026-08-13T19:14:33+09:00,-3700,-8100,29.2611,0
M0013,3087,2026-08-13,2026-08-13T20:39:10+09:00,-3800,-8200,30.6714,0
M0013,3087,2026-08-13,2026-08-13T21:23:43+09:00,-3600,-8000,31.4139,0
M0013,3087,2026-08-13,2026-08-13T22:03:35+09:00,-2200,-6600,32.0783,0
M0013,3087,2026-08-13,2026-08-13T22:40:21+09:00,-1700,-6100,32.6911,0
M0013,3087,2026-08-14,2026-08-14T10:54:41+09:00,-100,-6100,32.6911,1
M0013,3087,2026-08-14,2026-08-14T11:29:45+09:00,0,-6000,33.2756,0
M0013,3087,2026-08-14,2026-08-14T12:04:15+09:00,1500,-4500,33.8506,0
M0013,3087,2026-08-14,2026-08-14T12:37:28+09:00,2200,-3800,34.4042,0
M0013,3087,2026-08-14,2026-08-14T13:06:37+09:00,1300,-4700,34.8900,0
M0013,3087,2026-08-14,2026-08-14T13:35:02+09:00,800,-5200,35.3636,0
M0013,3087,2026-08-14,2026-08-14T14:10:37+09:00,900,-5100,35.9567,0
M0013,3087,2026-08-14,2026-08-14T14:55:41+09:00,200,-5800,36.7078,0
M0013,3087,2026-08-14,2026-08-14T15:31:41+09:00,-200,-6200,37.3078,0
M0013,3087,2026-08-14,2026-08-14T16:08:02+09:00,-900,-6900,37.9136,0
M0013,3087,2026-08-14,2026-08-14T16:41:57+09:00,-2000,-8000,38.4789,0
M0013,3087,2026-08-14,2026-08-14T17:30:37+09:00,-2100,-8100,39.2900,0
M0013,3087,2026-08-14,2026-08-14T18:07:43+09:00,-2400,-8400,39.9083,0
M0013,3087,2026-08-14,2026-08-14T18:43:04+09:00,-3700,-9700,40.4975,0
M0013,3087,2026-08-14,2026-08-14T19:31:33+09:00,-3900,-9900,41.3056,0
M0013,3087,2026-08-15,2026-08-15T10:54:13+09:00,-200,-9900,41.3056,1
M0013,3087,2026-08-15,2026-08-15T11:29:09+09:00,100,-9600,41.8878,0
M0013,3087,2026-08-15,2026-08-15T12:03:27+09:00,600,-9100,42.4594,0
M0013,3087,2026-08-15,2026-08-15T12:36:37+09:00,300,-9400,43.0122,0
M0013,3087,2026-08-15,2026-08-15T13:08:49+09:00,1000,-8700,43.5489,0
M0013,3087,2026-08-15,2026-08-15T14:01:55+09:00,400,-9300,44.4339,0
M0013,3087,2026-08-15,2026-08-15T14:36:09+09:00,1400,-8300,45.0044,0
M0013,3087,2026-08-15,2026-08-15T15:11:53+09:00,1800,-7900,45.6000,0
M0013,3087,2026-08-15,2026-08-15T15:58:43+09:00,2800,-6900,46.3806,0
M0013,3087,2026-08-15,2026-08-15T16:34:01+09:00,2300,-7400,46.9689,0
M0013,3087,2026-08-15,2026-08-15T17:11:17+09:00,2500,-7200,47.5900,0
M0013,3087,2026-08-15,2026-08-15T17:58:39+09:00,1900,-7800,48.3794,0
M0013,3087,2026-08-15,2026-08-15T18:35:13+09:00,1800,-7900,48.9889,0
M0013,3087,2026-08-15,2026-08-15T19:12:53+09:00,2400,-7300,49.6167,0
M0013,3087,2026-08-15,2026-08-15T20:01:19+09:00,2200,-7500,50.4239,0
M0013,3087,2026-08-15,2026-08-15T20:38:25+09:00,2400,-7300,51.0422,0
M0013,3087,2026-08-15,2026-08-15T21:25:49+09:00,4400,-5300,51.8322,0
M0013,3087,2026-08-15,2026-08-15T22:04:23+09:00,5700,-4000,52.4750,0
M0013,3087,2026-08-15,2026-08-15T22:41:53+09:00,8600,-1100,53.1000,0
M0013,3087,2026-08-16,2026-08-16T10:53:41+09:00,-100,-1100,53.1000,1
M0013,3087,2026-08-16,2026-08-16T11:28:27+09:00,-500,-1500,53.6794,0
M0013,3087,2026-08-16,2026-08-16T12:35:49+09:00,-1200,-2200,54.8022,0
M0013,3087,2026-08-16,2026-08-16T13:06:49+09:00,-1600,-2600,55.3189,0
M0013,3087,2026-08-16,2026-08-16T13:36:19+09:00,-2000,-3000,55.8106,0
M0013,3087,2026-08-16,2026-08-16T14:09:21+09:00,-500,-1500,56.3611,0
M0013,3087,2026-08-16,2026-08-16T14:51:21+09:00,-200,-1200,57.0611,0
M0013,3087,2026-08-16,2026-08-16T15:29:10+09:00,-900,-1900,57.6914,0
M0013,3087,2026-08-16,2026-08-16T16:05:23+09:00,-1600,-2600,58.2950,0
M0013,3087,2026-08-16,2026-08-16T16:39:55+09:00,-2200,-3200,58.8706,0
M0013,3087,2026-08-16,2026-08-16T17:30:17+09:00,-1400,-2400,59.7100,0
M0013,3087,2026-08-16,2026-08-16T18:07:35+09:00,-2000,-3000,60.3317,0
M0013,3087,2026-08-16,2026-08-16T18:38:25+09:00,-700,-1700,60.8456,0
M0013,3087,2026-08-16,2026-08-16T19:40:19+09:00,-2000,-3000,61.8772,0
M0013,3087,2026-08-16,2026-08-16T20:25:39+09:00,-1800,-2800,62.6328,0
M0013,3087,2026-08-16,2026-08-16T21:04:51+09:00,-2200,-3200,63.2861,0
M0013,3087,2026-08-16,2026-08-16T21:42:13+09:00,-2500,-3500,63.9089,0
M0013,3087,2026-08-16,2026-08-16T22:32:01+09:00,-2900,-3900,64.7389,0
M0013,3087,2026-08-17,2026-08-17T10:52:31+09:00,0,-3900,64.7389,1
M0013,3087,2026-08-17,2026-08-17T13:07:15+09:00,-200,-4100,66.9844,0
M0013,3087,2026-08-17,2026-08-17T13:35:21+09:00,-900,-4800,67.4528,0
M0013,3087,2026-08-17,2026-08-17T14:03:11+09:00,-100,-4000,67.9167,0
M0013,3087,2026-08-17,2026-08-17T14:36:43+09:00,-800,-4700,68.4756,0
M0013,3087,2026-08-17,2026-08-17T15:11:21+09:00,-1200,-5100,69.0528,0
M0013,3087,2026-08-17,2026-08-17T15:59:33+09:00,-600,-4500,69.8561,0
M0013,3087,2026-08-17,2026-08-17T16:33:27+09:00,1300,-2600,70.4211,0
M0013,3087,2026-08-17,2026-08-17T17:09:07+09:00,900,-3000,71.0156,0
M0013,3087,2026-08-17,2026-08-17T17:58:27+09:00,1100,-2800,71.8378,0
M0013,3087,2026-08-17,2026-08-17T18:33:03+09:00,1600,-2300,72.4144,0
M0013,3087,2026-08-17,2026-08-17T19:09:23+09:00,200,-3700,73.0200,0
M0013,3087,2026-08-17,2026-08-17T19:59:55+09:00,-100,-4000,73.8622,0
M0013,3087,2026-08-17,2026-08-17T20:35:21+09:00,1200,-2700,74.4528,0
M0013,3087,2026-08-17,2026-08-17T21:13:05+09:00,2400,-1500,75.0817,0
M0013,3087,2026-08-17,2026-08-17T21:59:13+09:00,1800,-2100,75.8506,0
M0013,3087,2026-08-17,2026-08-17T22:34:49+09:00,1300,-2600,76.4439,0
M0013,3087,2026-08-17,2026-08-17T23:11:50+09:00,1100,-2800,77.0608,0
M0013,3087,2026-08-18,2026-08-18T10:52:51+09:00,-200,-2800,77.0608,1
M0013,3087,2026-08-18,2026-08-18T11:28:45+09:00,-800,-3400,77.6592,0
M0013,3087,2026-08-18,2026-08-18T13:07:37+09:00,-700,-3300,79.3069,0
M0013,3087,2026-08-18,2026-08-18T13:35:43+09:00,-1300,-3900,79.7753,0
M0014,3150,2026-08-11,2026-08-11T10:53:13+09:00,-200,-200,0.0000,1
M0014,3150,2026-08-11,2026-08-11T11:28:39+09:00,0,0,0.5906,0
M0014,3150,2026-08-11,2026-08-11T12:02:43+09:00,-400,-400,1.1583,0
M0014,3150,2026-08-11,2026-08-11T12:36:02+09:00,-900,-900,1.7136,0
M0014,3150,2026-08-11,2026-08-11T13:06:25+09:00,-1400,-1400,2.2200,0
M0014,3150,2026-08-11,2026-08-11T13:34:33+09:00,-1300,-1300,2.6889,0
M0014,3150,2026-08-11,2026-08-11T14:09:42+09:00,-1200,-1200,3.2747,0
M0014,3150,2026-08-11,2026-08-11T14:50:37+09:00,-1800,-1800,3.9567,0
M0014,3150,2026-08-11,2026-08-11T15:29:09+09:00,-2200,-2200,4.5989,0
M0014,3150,2026-08-11,2026-08-11T16:05:23+09:00,-2100,-2100,5.2028,0
M0014,3150,2026-08-11,2026-08-11T16:40:17+09:00,-1800,-1800,5.7844,0
M0014,3150,2026-08-11,2026-08-11T17:28:47+09:00,-2600,-2600,6.5928,0
M0014,3150,2026-08-11,2026-08-11T18:06:29+09:00,-3100,-3100,7.2211,0
M0014,3150,2026-08-11,2026-08-11T18:41:47+09:00,-2700,-2700,7.8094,0
M0014,3150,2026-08-11,2026-08-11T19:30:51+09:00,-3400,-3400,8.6272,0
M0014,3150,2026-08-11,2026-08-11T20:08:57+09:00,-3900,-3900,9.2622,0
M0014,3150,2026-08-12,2026-08-12T10:53:47+09:00,-100,-3900,9.2622,1
M0014,3150,2026-08-12,2026-08-12T11:28:45+09:00,-200,-4000,9.8450,0
M0014,3150,2026-08-12,2026-08-12T12:02:51+09:00,-800,-4600,10.4133,0
M0014,3150,2026-08-12,2026-08-12T12:36:01+09:00,-500,-4300,10.9661,0
M0014,3150,2026-08-12,2026-08-12T13:06:31+09:00,-1200,-5000,11.4744,0
M0014,3150,2026-08-12,2026-08-12T13:35:53+09:00,-500,-4300,11.9639,0
M0014,3150,2026-08-12,2026-08-12T14:11:01+09:00,-1700,-5500,12.5494,0
M0014,3150,2026-08-12,2026-08-12T14:56:33+09:00,-2100,-5900,13.3083,0
M0014,3150,2026-08-12,2026-08-12T15:31:45+09:00,-1900,-5700,13.8950,0
M0014,3150,2026-08-12,2026-08-12T16:07:57+09:00,-2600,-6400,14.4983,0
M0014,3150,2026-08-12,2026-08-12T16:35:17+09:00,-2300,-6100,14.9539,0
M0014,3150,2026-08-12,2026-08-12T17:01:31+09:00,-2700,-6500,15.3911,0
M0014,3150,2026-08-12,2026-08-12T17:36:51+09:00,-3400,-7200,15.9800,0
M0014,3150,2026-08-12,2026-08-12T18:14:03+09:00,-4600,-8400,16.6000,0
M0014,3150,2026-08-12,2026-08-12T19:01:02+09:00,-5100,-8900,17.3831,0
M0014,3150,2026-08-12,2026-08-12T19:36:51+09:00,-4700,-8500,17.9800,0
M0014,3150,2026-08-12,2026-08-12T20:14:43+09:00,-4800,-8600,18.6111,0
M0014,3150,2026-08-13,2026-08-13T10:54:54+09:00,-100,-8600,18.6111,1
M0014,3150,2026-08-13,2026-08-13T11:29:13+09:00,-700,-9200,19.1831,0
M0014,3150,2026-08-13,2026-08-13T12:03:39+09:00,-1200,-9700,19.7569,0
M0014,3150,2026-08-13,2026-08-13T12:36:57+09:00,-1800,-10300,20.3119,0
M0014,3150,2026-08-13,2026-08-13T13:09:39+09:00,-2200,-10700,20.8569,0
M0014,3150,2026-08-13,2026-08-13T14:00:59+09:00,-2300,-10800,21.7125,0
M0014,3150,2026-08-13,2026-08-13T14:35:09+09:00,-2100,-10600,22.2819,0
M0014,3150,2026-08-13,2026-08-13T15:58:27+09:00,-2600,-11100,23.6703,0
M0014,3150,2026-08-13,2026-08-13T16:33:27+09:00,-1900,-10400,24.2536,0
M0014,3150,2026-08-13,2026-08-13T17:10:25+09:00,-2700,-11200,24.8697,0
M0014,3150,2026-08-13,2026-08-13T17:59:47+09:00,-2400,-10900,25.6925,0
M0014,3150,2026-08-13,2026-08-13T18:36:04+09:00,-1800,-10300,26.2972,0
M0014,3150,2026-08-13,2026-08-13T19:14:33+09:00,-1900,-10400,26.9386,0
M0014,3150,2026-08-13,2026-08-13T20:02:43+09:00,-2600,-11100,27.7414,0
M0014,3150,2026-08-13,2026-08-13T20:39:10+09:00,-2000,-10500,28.3489,0
M0014,3150,2026-08-13,2026-08-13T21:23:43+09:00,-2400,-10900,29.0914,0
M0014,3150,2026-08-13,2026-08-13T22:03:35+09:00,-2800,-11300,29.7558,0
M0014,3150,2026-08-13,2026-08-13T22:40:21+09:00,-3300,-11800,30.3686,0
M0014,3150,2026-08-14,2026-08-14T10:54:41+09:00,-100,-11800,30.3686,1
M0014,3150,2026-08-14,2026-08-14T11:29:45+09:00,-700,-12400,30.9531,0
M0014,3150,2026-08-14,2026-08-14T12:04:15+09:00,-900,-12600,31.5281,0
M0014,3150,2026-08-14,2026-08-14T12:37:28+09:00,-1100,-12800,32.0817,0
M0014,3150,2026-08-14,2026-08-14T13:35:02+09:00,-1700,-13400,33.0411,0
M0014,3150,2026-08-14,2026-08-14T14:10:37+09:00,-1500,-13200,33.6342,0
M0014,3150,2026-08-14,2026-08-14T14:55:41+09:00,-900,-12600,34.3853,0
M0014,3150,2026-08-14,2026-08-14T15:31:41+09:00,-1400,-13100,34.9853,0
M0014,3150,2026-08-14,2026-08-14T16:08:02+09:00,-900,-12600,35.5911,0
M0014,3150,2026-08-14,2026-08-14T16:41:57+09:00,-2300,-14000,36.1564,0
M0014,3150,2026-08-14,2026-08-14T17:30:37+09:00,-1800,-13500,36.9675,0
M0014,3150,2026-08-14,2026-08-14T18:07:43+09:00,-100,-11800,37.5858,0
M0014,3150,2026-08-14,2026-08-14T18:43:04+09:00,-1300,-13000,38.1750,0
M0014,3150,2026-08-14,2026-08-14T19:31:33+09:00,-900,-12600,38.9831,0
M0014,3150,2026-08-14,2026-08-14T20:09:17+09:00,-1800,-13500,39.6119,0
M0014,3150,2026-08-14,2026-08-14T20:55:41+09:00,-2400,-14100,40.3853,0
M0014,3150,2026-08-14,2026-08-14T21:33:02+09:00,-2500,-14200,41.0078,0
M0014,3150,2026-08-15,2026-08-15T10:54:13+09:00,100,-14200,41.0078,1
M0014,3150,2026-08-15,2026-08-15T11:29:09+09:00,-200,-14500,41.5900,0
M0014,3150,2026-08-15,2026-08-15T12:03:27+09:00,-700,-15000,42.1617,0
M0014,3150,2026-08-15,2026-08-15T12:36:37+09:00,-500,-14800,42.7144,0
M0014,3150,2026-08-15,2026-08-15T13:08:49+09:00,-400,-14700,43.2511,0
M0014,3150,2026-08-15,2026-08-15T14:01:55+09:00,-500,-14800,44.1361,0
M0014,3150,2026-08-15,2026-08-15T14:36:09+09:00,-1100,-15400,44.7067,0
M0014,3150,2026-08-15,2026-08-15T15:11:53+09:00,-200,-14500,45.3022,0
M0014,3150,2026-08-15,2026-08-15T15:58:43+09:00,2000,-12300,46.0828,0
M0014,3150,2026-08-15,2026-08-15T16:34:01+09:00,4000,-10300,46.6711,0
M0014,3150,2026-08-15,2026-08-15T17:11:17+09:00,4200,-10100,47.2922,0
M0014,3150,2026-08-15,2026-08-15T17:58:39+09:00,3800,-10500,48.0817,0
M0014,3150,2026-08-15,2026-08-15T18:35:13+09:00,3200,-11100,48.6911,0
M0014,3150,2026-08-15,2026-08-15T20:01:19+09:00,2700,-11600,50.1261,0
M0014,3150,2026-08-15,2026-08-15T20:38:25+09:00,3000,-11300,50.7444,0
M0014,3150,2026-08-15,2026-08-15T21:25:49+09:00,2600,-11700,51.5344,0
M0014,3150,2026-08-15,2026-08-15T22:04:23+09:00,3000,-11300,52.1772,0
M0014,3150,2026-08-15,2026-08-15T22:41:53+09:00,3300,-11000,52.8022,0
M0014,3150,2026-08-16,2026-08-16T10:53:41+09:00,-200,-11000,52.8022,1
M0014,3150,2026-08-16,2026-08-16T11:28:27+09:00,-400,-11200,53.3817,0
M0014,3150,2026-08-16,2026-08-16T12:02:27+09:00,-800,-11600,53.9483,0
M0014,3150,2026-08-16,2026-08-16T12:35:49+09:00,-1300,-12100,54.5044,0
M0014,3150,2026-08-16,2026-08-16T13:06:49+09:00,1000,-9800,55.0211,0
M0014,3150,2026-08-16,2026-08-16T13:36:19+09:00,700,-10100,55.5128,0
M0014,3150,2026-08-16,2026-08-16T14:09:21+09:00,200,-10600,56.0633,0
M0014,3150,2026-08-16,2026-08-16T14:51:21+09:00,700,-10100,56.7633,0
M0014,3150,2026-08-16,2026-08-16T15:29:10+09:00,0,-10800,57.3936,0
M0014,3150,2026-08-16,2026-08-16T16:05:23+09:00,-100,-10900,57.9972,0
M0014,3150,2026-08-16,2026-08-16T16:39:55+09:00,300,-10500,58.5728,0
M0014,3150,2026-08-16,2026-08-16T17:30:17+09:00,-400,-11200,59.4122,0
M0014,3150,2026-08-16,2026-08-16T18:07:35+09:00,-1000,-11800,60.0339,0
M0014,3150,2026-08-16,2026-08-16T18:38:25+09:00,-1500,-12300,60.5478,0
M0014,3150,2026-08-16,2026-08-16T19:40:19+09:00,-1100,-11900,61.5794,0
M0014,3150,2026-08-16,2026-08-16T20:25:39+09:00,-1300,-12100,62.3350,0
M0014,3150,2026-08-16,2026-08-16T21:04:51+09:00,-1100,-11900,62.9883,0
M0014,3150,2026-08-16,2026-08-16T21:42:13+09:00,-1800,-12600,63.6111,0
M0014,3150,2026-08-16,2026-08-16T22:32:01+09:00,-1300,-12100,64.4411,0
M0014,3150,2026-08-17,2026-08-17T10:52:31+09:00,0,-12100,64.4411,1
M0014,3150,2026-08-17,2026-08-17T12:34:35+09:00,-500,-12600,66.1422,0
M0014,3150,2026-08-17,2026-08-17T13:07:15+09:00,-300,-12400,66.6867,0
M0014,3150,2026-08-17,2026-08-17T13:35:21+09:00,0,-12100,67.1550,0
M0014,3150,2026-08-17,2026-08-17T19:59:55+09:00,200,-11900,73.5644,0
M0014,3150,2026-08-17,2026-08-17T20:35:21+09:00,-100,-12200,74.1550,0
M0014,3150,2026-08-17,2026-08-17T21:13:05+09:00,-700,-12800,74.7839,0
M0014,3150,2026-08-17,2026-08-17T21:59:13+09:00,100,-12000,75.5528,0
M0014,3150,2026-08-17,2026-08-17T22:34:49+09:00,-600,-12700,76.1461,0
M0014,3150,2026-08-17,2026-08-17T23:11:50+09:00,-700,-12800,76.7631,0
M0014,3150,2026-08-18,2026-08-18T10:52:51+09:00,-100,-12800,76.7631,1
M0014,3150,2026-08-18,2026-08-18T11:28:45+09:00,400,-12300,77.3614,0
M0014,3150,2026-08-18,2026-08-18T12:02:47+09:00,2900,-9800,77.9286,0
M0014,3150,2026-08-18,2026-08-18T12:35:21+09:00,5200,-7500,78.4714,0
M0014,3150,2026-08-18,2026-08-18T13:07:37+09:00,6200,-6500,79.0092,0
M0014,3150,2026-08-18,2026-08-18T13:35:43+09:00,6600,-6100,79.4775,0
M0014,3150,2026-08-18,2026-08-18T14:04:28+09:00,7300,-5400,79.9567,0
M0015,3151,2026-08-11,2026-08-11T10:53:13+09:00,-100,-100,0.0000,1
M0015,3151,2026-08-11,2026-08-11T11:28:39+09:00,-600,-600,0.5906,0
M0015,3151,2026-08-11,2026-08-11T12:02:43+09:00,-1100,-1100,1.1583,0
M0015,3151,2026-08-11,2026-08-11T12:36:02+09:00,-1700,-1700,1.7136,0
M0015,3151,2026-08-11,2026-08-11T13:06:25+09:00,-2100,-2100,2.2200,0
M0015,3151,2026-08-11,2026-08-11T13:34:33+09:00,-2300,-2300,2.6889,0
M0015,3151,2026-08-11,2026-08-11T14:09:42+09:00,-2500,-2500,3.2747,0
M0015,3151,2026-08-11,2026-08-11T14:50:37+09:00,-3100,-3100,3.9567,0
M0015,3151,2026-08-11,2026-08-11T15:29:09+09:00,-3800,-3800,4.5989,0
M0015,3151,2026-08-11,2026-08-11T16:05:23+09:00,-1700,-1700,5.2028,0
M0015,3151,2026-08-11,2026-08-11T16:40:17+09:00,100,100,5.7844,0
M0015,3151,2026-08-11,2026-08-11T17:28:47+09:00,-500,-500,6.5928,0
M0015,3151,2026-08-11,2026-08-11T18:06:29+09:00,-700,-700,7.2211,0
M0015,3151,2026-08-11,2026-08-11T18:41:47+09:00,-2100,-2100,7.8094,0
M0015,3151,2026-08-11,2026-08-11T19:30:51+09:00,-2300,-2300,8.6272,0
M0015,3151,2026-08-11,2026-08-11T20:08:57+09:00,-400,-400,9.2622,0
M0015,3151,2026-08-12,2026-08-12T10:53:47+09:00,-100,-400,9.2622,1
M0015,3151,2026-08-12,2026-08-12T11:28:45+09:00,-800,-1100,9.8450,0
M0015,3151,2026-08-12,2026-08-12T12:02:51+09:00,-300,-600,10.4133,0
M0015,3151,2026-08-12,2026-08-12T12:36:01+09:00,-600,-900,10.9661,0
M0015,3151,2026-08-12,2026-08-12T13:06:31+09:00,-800,-1100,11.4744,0
M0015,3151,2026-08-12,2026-08-12T14:11:01+09:00,-1500,-1800,12.5494,0
M0015,3151,2026-08-13,2026-08-13T10:54:54+09:00,-100,-1800,12.5494,1
M0015,3151,2026-08-13,2026-08-13T11:29:13+09:00,0,-1700,13.1214,0
M0015,3151,2026-08-13,2026-08-13T12:03:39+09:00,-400,-2100,13.6953,0
M0015,3151,2026-08-13,2026-08-13T12:36:57+09:00,-1000,-2700,14.2503,0
M0015,3151,2026-08-13,2026-08-13T13:09:39+09:00,-2000,-3700,14.7953,0
M0015,3151,2026-08-13,2026-08-13T14:00:59+09:00,-2700,-4400,15.6508,0
M0015,3151,2026-08-13,2026-08-13T14:35:09+09:00,-2900,-4600,16.2203,0
M0015,3151,2026-08-13,2026-08-13T15:11:23+09:00,-3700,-5400,16.8242,0
M0015,3151,2026-08-13,2026-08-13T15:58:27+09:00,-4200,-5900,17.6086,0
M0015,3151,2026-08-13,2026-08-13T16:33:27+09:00,-3300,-5000,18.1919,0
M0015,3151,2026-08-13,2026-08-13T17:10:25+09:00,100,-1600,18.8081,0
M0015,3151,2026-08-13,2026-08-13T17:59:47+09:00,400,-1300,19.6308,0
M0015,3151,2026-08-13,2026-08-13T18:36:04+09:00,2600,900,20.2356,0
M0015,3151,2026-08-13,2026-08-13T19:14:33+09:00,6000,4300,20.8769,0
M0015,3151,2026-08-13,2026-08-13T20:39:10+09:00,5900,4200,22.2872,0
M0015,3151,2026-08-13,2026-08-13T21:23:43+09:00,5700,4000,23.0297,0
M0015,3151,2026-08-13,2026-08-13T22:03:35+09:00,5200,3500,23.6942,0
M0015,3151,2026-08-13,2026-08-13T22:40:21+09:00,4300,2600,24.3069,0
M0015,3151,2026-08-14,2026-08-14T10:54:41+09:00,-100,2600,24.3069,1
M0015,3151,2026-08-14,2026-08-14T11:29:45+09:00,-600,2100,24.8914,0
M0015,3151,2026-08-14,2026-08-14T12:04:15+09:00,500,3200,25.4664,0
M0015,3151,2026-08-14,2026-08-14T12:37:28+09:00,2100,4800,26.0200,0
M0015,3151,2026-08-14,2026-08-14T13:06:37+09:00,1700,4400,26.5058,0
M0015,3151,2026-08-14,2026-08-14T13:35:02+09:00,1300,4000,26.9794,0
M0015,3151,2026-08-14,2026-08-14T14:10:37+09:00,1100,3800,27.5725,0
M0015,3151,2026-08-14,2026-08-14T14:55:41+09:00,600,3300,28.3236,0
M0015,3151,2026-08-14,2026-08-14T15:31:41+09:00,200,2900,28.9236,0
M0015,3151,2026-08-14,2026-08-14T16:08:02+09:00,-400,2300,29.5294,0
M0015,3151,2026-08-14,2026-08-14T16:41:57+09:00,0,2700,30.0947,0
M0015,3151,2026-08-14,2026-08-14T17:30:37+09:00,-600,2100,30.9058,0
M0015,3151,2026-08-14,2026-08-14T18:07:43+09:00,-1300,1400,31.5242,0
M0015,3151,2026-08-14,2026-08-14T18:43:04+09:00,-1400,1300,32.1133,0
M0015,3151,2026-08-14,2026-08-14T20:09:17+09:00,-2000,700,33.5503,0
M0015,3151,2026-08-15,2026-08-15T10:54:13+09:00,-200,700,33.5503,1
M0015,3151,2026-08-15,2026-08-15T11:29:09+09:00,-800,100,34.1325,0
M0015,3151,2026-08-15,2026-08-15T12:03:27+09:00,-1400,-500,34.7042,0
M0015,3151,2026-08-15,2026-08-15T12:36:37+09:00,100,1000,35.2569,0
M0015,3151,2026-08-15,2026-08-15T13:08:49+09:00,1000,1900,35.7936,0
M0015,3151,2026-08-15,2026-08-15T14:01:55+09:00,600,1500,36.6786,0
M0015,3151,2026-08-15,2026-08-15T14:36:09+09:00,700,1600,37.2492,0
M0015,3151,2026-08-15,2026-08-15T15:11:53+09:00,1000,1900,37.8447,0
M0015,3151,2026-08-15,2026-08-15T15:58:43+09:00,600,1500,38.6253,0
M0015,3151,2026-08-15,2026-08-15T16:34:01+09:00,1400,2300,39.2136,0
M0015,3151,2026-08-15,2026-08-15T17:11:17+09:00,100,1000,39.8347,0
M0015,3151,2026-08-15,2026-08-15T17:58:39+09:00,800,1700,40.6242,0
M0015,3151,2026-08-15,2026-08-15T18:35:13+09:00,2300,3200,41.2336,0
M0015,3151,2026-08-15,2026-08-15T19:12:53+09:00,2400,3300,41.8614,0
M0015,3151,2026-08-15,2026-08-15T20:01:19+09:00,1700,2600,42.6686,0
M0015,3151,2026-08-15,2026-08-15T20:38:25+09:00,1500,2400,43.2869,0
M0015,3151,2026-08-15,2026-08-15T21:25:49+09:00,1400,2300,44.0769,0
M0015,3151,2026-08-15,2026-08-15T22:04:23+09:00,1200,2100,44.7197,0
M0015,3151,2026-08-16,2026-08-16T10:53:41+09:00,-100,2100,44.7197,1
M0015,3151,2026-08-16,2026-08-16T11:28:27+09:00,200,2400,45.2992,0
M0015,3151,2026-08-16,2026-08-16T12:02:27+09:00,-500,1700,45.8658,0
M0015,3151,2026-08-16,2026-08-16T12:35:49+09:00,200,2400,46.4219,0
M0015,3151,2026-08-16,2026-08-16T13:06:49+09:00,-500,1700,46.9386,0
M0015,3151,2026-08-16,2026-08-16T14:09:21+09:00,-1100,1100,47.9808,0
M0015,3151,2026-08-16,2026-08-16T14:51:21+09:00,-1700,500,48.6808,0
M0015,3151,2026-08-16,2026-08-16T15:29:10+09:00,-1500,700,49.3111,0
M0015,3151,2026-08-16,2026-08-16T16:05:23+09:00,-1900,300,49.9147,0
M0015,3151,2026-08-16,2026-08-16T16:39:55+09:00,-3100,-900,50.4903,0
M0015,3151,2026-08-16,2026-08-16T17:30:17+09:00,-2800,-600,51.3297,0
M0015,3151,2026-08-16,2026-08-16T18:07:35+09:00,-3200,-1000,51.9514,0
M0015,3151,2026-08-16,2026-08-16T19:40:19+09:00,-3100,-900,53.4969,0
M0015,3151,2026-08-17,2026-08-17T10:52:31+09:00,0,-900,53.4969,1
M0015,3151,2026-08-17,2026-08-17T11:28:29+09:00,-500,-1400,54.0964,0
M0015,3151,2026-08-17,2026-08-17T12:02:23+09:00,-800,-1700,54.6614,0
M0015,3151,2026-08-17,2026-08-17T12:34:35+09:00,-1300,-2200,55.1981,0
M0015,3151,2026-08-17,2026-08-17T13:07:15+09:00,-600,-1500,55.7425,0
M0015,3151,2026-08-17,2026-08-17T13:35:21+09:00,-1200,-2100,56.2108,0
M0015,3151,2026-08-17,2026-08-17T14:03:11+09:00,-1800,-2700,56.6747,0
M0015,3151,2026-08-17,2026-08-17T14:36:43+09:00,-1100,-2000,57.2336,0
M0015,3151,2026-08-17,2026-08-17T15:11:21+09:00,-400,-1300,57.8108,0
M0015,3151,2026-08-17,2026-08-17T15:59:33+09:00,-800,-1700,58.6142,0
M0015,3151,2026-08-17,2026-08-17T16:33:27+09:00,-900,-1800,59.1792,0
M0015,3151,2026-08-17,2026-08-17T17:09:07+09:00,-2400,-3300,59.7736,0
M0015,3151,2026-08-17,2026-08-17T18:33:03+09:00,-3100,-4000,61.1725,0
M0015,3151,2026-08-17,2026-08-17T19:09:23+09:00,-4300,-5200,61.7781,0
M0015,3151,2026-08-17,2026-08-17T19:59:55+09:00,-4900,-5800,62.6203,0
M0015,3151,2026-08-17,2026-08-17T20:35:21+09:00,-3000,-3900,63.2108,0
M0015,3151,2026-08-17,2026-08-17T21:13:05+09:00,-2600,-3500,63.8397,0
M0015,3151,2026-08-18,2026-08-18T10:52:51+09:00,-100,-3500,63.8397,1
M0015,3151,2026-08-18,2026-08-18T11:28:45+09:00,500,-2900,64.4381,0
M0015,3151,2026-08-18,2026-08-18T12:02:47+09:00,100,-3300,65.0053,0
M0015,3151,2026-08-18,2026-08-18T12:35:21+09:00,-400,-3800,65.5481,0
M0015,3151,2026-08-18,2026-08-18T13:07:37+09:00,-100,-3500,66.0858,0
M0015,3151,2026-08-18,2026-08-18T13:35:43+09:00,-700,-4100,66.5542,0
M0015,3151,2026-08-18,2026-08-18T14:04:28+09:00,-500,-3900,67.0333,0
M0016,3152,2026-08-11,2026-08-11T10:53:13+09:00,-100,-100,0.0000,1
M0016,3152,2026-08-11,2026-08-11T11:28:39+09:00,-700,-700,0.5906,0
M0016,3152,2026-08-11,2026-08-11T12:02:43+09:00,-1300,-1300,1.1583,0
M0016,3152,2026-08-11,2026-08-11T12:36:02+09:00,-2000,-2000,1.7136,0
M0016,3152,2026-08-11,2026-08-11T13:06:25+09:00,-2500,-2500,2.2200,0
M0016,3152,2026-08-11,2026-08-11T13:34:33+09:00,-2800,-2800,2.6889,0
M0016,3152,2026-08-11,2026-08-11T14:09:42+09:00,-2400,-2400,3.2747,0
M0016,3152,2026-08-11,2026-08-11T14:50:37+09:00,-3100,-3100,3.9567,0
M0016,3152,2026-08-11,2026-08-11T15:29:09+09:00,-3900,-3900,4.5989,0
M0016,3152,2026-08-11,2026-08-11T16:05:23+09:00,-3500,-3500,5.2028,0
M0016,3152,2026-08-11,2026-08-11T16:40:17+09:00,-3700,-3700,5.7844,0
M0016,3152,2026-08-11,2026-08-11T19:30:51+09:00,-2900,-2900,8.6272,0
M0016,3152,2026-08-11,2026-08-11T20:08:57+09:00,1300,1300,9.2622,0
M0016,3152,2026-08-11,2026-08-11T21:03:30+09:00,4000,4000,10.1714,0
M0016,3152,2026-08-11,2026-08-11T21:39:59+09:00,5900,5900,10.7794,0
M0016,3152,2026-08-11,2026-08-11T22:25:23+09:00,5800,5800,11.5361,0
M0016,3152,2026-08-12,2026-08-12T10:53:47+09:00,0,5800,11.5361,1
M0016,3152,2026-08-12,2026-08-12T13:06:31+09:00,300,6100,13.7483,0
M0016,3152,2026-08-12,2026-08-12T13:35:53+09:00,200,6000,14.2378,0
M0016,3152,2026-08-12,2026-08-12T14:11:01+09:00,1900,7700,14.8233,0
M0016,3152,2026-08-12,2026-08-12T14:56:33+09:00,2300,8100,15.5822,0
M0016,3152,2026-08-12,2026-08-12T15:31:45+09:00,2100,7900,16.1689,0
M0016,3152,2026-08-12,2026-08-12T17:01:31+09:00,1300,7100,17.6650,0
M0016,3152,2026-08-12,2026-08-12T17:36:51+09:00,1000,6800,18.2539,0
M0016,3152,2026-08-12,2026-08-12T18:14:03+09:00,-300,5500,18.8739,0
M0016,3152,2026-08-12,2026-08-12T19:01:02+09:00,200,6000,19.6569,0
M0016,3152,2026-08-12,2026-08-12T20:14:43+09:00,-100,5700,20.8850,0
M0016,3152,2026-08-12,2026-08-12T21:03:27+09:00,100,5900,21.6972,0
M0016,3152,2026-08-12,2026-08-12T21:39:31+09:00,-500,5300,22.2983,0
M0016,3152,2026-08-12,2026-08-12T22:26:01+09:00,-300,5500,23.0733,0
M0016,3152,2026-08-13,2026-08-13T10:54:54+09:00,0,5500,23.0733,1
M0016,3152,2026-08-13,2026-08-13T11:29:13+09:00,-300,5200,23.6453,0
M0016,3152,2026-08-13,2026-08-13T12:03:39+09:00,2000,7500,24.2192,0
M0016,3152,2026-08-13,2026-08-13T12:36:57+09:00,3400,8900,24.7742,0
M0016,3152,2026-08-13,2026-08-13T13:09:39+09:00,3600,9100,25.3192,0
M0016,3152,2026-08-13,2026-08-13T14:00:59+09:00,3400,8900,26.1747,0
M0016,3152,2026-08-13,2026-08-13T14:35:09+09:00,3000,8500,26.7442,0
M0016,3152,2026-08-13,2026-08-13T15:11:23+09:00,2600,8100,27.3481,0
M0016,3152,2026-08-13,2026-08-13T15:58:27+09:00,2200,7700,28.1325,0
M0016,3152,2026-08-13,2026-08-13T16:33:27+09:00,3300,8800,28.7158,0
M0016,3152,2026-08-13,2026-08-13T17:10:25+09:00,2400,7900,29.3319,0
M0016,3152,2026-08-13,2026-08-13T17:59:47+09:00,1700,7200,30.1547,0
M0016,3152,2026-08-13,2026-08-13T18:36:04+09:00,1200,6700,30.7594,0
M0016,3152,2026-08-13,2026-08-13T19:14:33+09:00,400,5900,31.4008,0
M0016,3152,2026-08-13,2026-08-13T20:02:43+09:00,-100,5400,32.2036,0
M0016,3152,2026-08-13,2026-08-13T20:39:10+09:00,-1100,4400,32.8111,0
M0016,3152,2026-08-13,2026-08-13T21:23:43+09:00,-1000,4500,33.5536,0
M0016,3152,2026-08-13,2026-08-13T22:03:35+09:00,-1200,4300,34.2181,0
M0016,3152,2026-08-14,2026-08-14T10:54:41+09:00,-100,4300,34.2181,1
M0016,3152,2026-08-14,2026-08-14T11:29:45+09:00,-300,4100,34.8025,0
M0016,3152,2026-08-14,2026-08-14T12:04:15+09:00,-200,4200,35.3775,0
M0016,3152,2026-08-14,2026-08-14T12:37:28+09:00,-900,3500,35.9311,0
M0016,3152,2026-08-14,2026-08-14T13:06:37+09:00,-1400,3000,36.4169,0
M0016,3152,2026-08-14,2026-08-14T13:35:02+09:00,-2000,2400,36.8906,0
M0016,3152,2026-08-14,2026-08-14T14:10:37+09:00,-3000,1400,37.4836,0
M0016,3152,2026-08-14,2026-08-14T14:55:41+09:00,-3700,700,38.2347,0
M0016,3152,2026-08-14,2026-08-14T15:31:41+09:00,-1400,3000,38.8347,0
M0016,3152,2026-08-14,2026-08-14T16:08:02+09:00,1000,5400,39.4406,0
M0016,3152,2026-08-14,2026-08-14T16:41:57+09:00,4800,9200,40.0058,0
M0016,3152,2026-08-14,2026-08-14T17:30:37+09:00,4600,9000,40.8169,0
M0016,3152,2026-08-14,2026-08-14T18:07:43+09:00,4200,8600,41.4353,0
M0016,3152,2026-08-14,2026-08-14T18:43:04+09:00,4300,8700,42.0244,0
M0016,3152,2026-08-14,2026-08-14T19:31:33+09:00,4400,8800,42.8325,0
M0016,3152,2026-08-14,2026-08-14T20:09:17+09:00,4800,9200,43.4614,0
M0016,3152,2026-08-15,2026-08-15T10:54:13+09:00,-100,9200,43.4614,1
M0016,3152,2026-08-15,2026-08-15T11:29:09+09:00,-200,9100,44.0436,0
M0016,3152,2026-08-15,2026-08-15T12:03:27+09:00,-800,8500,44.6153,0
M0016,3152,2026-08-15,2026-08-15T12:36:37+09:00,-1300,8000,45.1681,0
M0016,3152,2026-08-15,2026-08-15T13:08:49+09:00,-1600,7700,45.7047,0
M0016,3152,2026-08-15,2026-08-15T14:01:55+09:00,-1300,8000,46.5897,0
M0016,3152,2026-08-15,2026-08-15T15:11:53+09:00,-2600,6700,47.7558,0
M0016,3152,2026-08-15,2026-08-15T15:58:43+09:00,-2200,7100,48.5364,0
M0016,3152,2026-08-15,2026-08-15T16:34:01+09:00,-2600,6700,49.1247,0
M0016,3152,2026-08-15,2026-08-15T17:11:17+09:00,-4000,5300,49.7458,0
M0016,3152,2026-08-15,2026-08-15T17:58:39+09:00,-3400,5900,50.5353,0
M0016,3152,2026-08-15,2026-08-15T18:35:13+09:00,-4100,5200,51.1447,0
M0016,3152,2026-08-15,2026-08-15T19:12:53+09:00,-3800,5500,51.7725,0
M0016,3152,2026-08-16,2026-08-16T10:53:41+09:00,-100,5500,51.7725,1
M0016,3152,2026-08-16,2026-08-16T11:28:27+09:00,1500,7100,52.3519,0
M0016,3152,2026-08-16,2026-08-16T12:02:27+09:00,2900,8500,52.9186,0
M0016,3152,2026-08-16,2026-08-16T12:35:49+09:00,2500,8100,53.4747,0
M0016,3152,2026-08-16,2026-08-16T13:06:49+09:00,3400,9000,53.9914,0
M0016,3152,2026-08-16,2026-08-16T13:36:19+09:00,5600,11200,54.4831,0
M0016,3152,2026-08-16,2026-08-16T14:09:21+09:00,6500,12100,55.0336,0
M0016,3152,2026-08-16,2026-08-16T14:51:21+09:00,6200,11800,55.7336,0
M0016,3152,2026-08-16,2026-08-16T15:29:10+09:00,6300,11900,56.3639,0
M0016,3152,2026-08-16,2026-08-16T16:05:23+09:00,6500,12100,56.9675,0
M0016,3152,2026-08-16,2026-08-16T16:39:55+09:00,6800,12400,57.5431,0
M0016,3152,2026-08-16,2026-08-16T17:30:17+09:00,8300,13900,58.3825,0
M0016,3152,2026-08-16,2026-08-16T18:07:35+09:00,8800,14400,59.0042,0
M0016,3152,2026-08-16,2026-08-16T18:38:25+09:00,7800,13400,59.5181,0
M0016,3152,2026-08-16,2026-08-16T19:40:19+09:00,6700,12300,60.5497,0
M0016,3152,2026-08-16,2026-08-16T20:25:39+09:00,5900,11500,61.3053,0
M0016,3152,2026-08-16,2026-08-16T21:04:51+09:00,5300,10900,61.9586,0
M0016,3152,2026-08-16,2026-08-16T21:42:13+09:00,6300,11900,62.5814,0
M0016,3152,2026-08-17,2026-08-17T10:52:31+09:00,0,11900,62.5814,1
M0016,3152,2026-08-17,2026-08-17T13:07:15+09:00,-200,11700,64.8269,0
M0016,3152,2026-08-17,2026-08-17T13:35:21+09:00,400,12300,65.2953,0
M0016,3152,2026-08-17,2026-08-17T14:03:11+09:00,100,12000,65.7592,0
M0016,3152,2026-08-17,2026-08-17T14:36:43+09:00,-400,11500,66.3181,0
M0016,3152,2026-08-17,2026-08-17T15:11:21+09:00,0,11900,66.8953,0
M0016,3152,2026-08-17,2026-08-17T15:59:33+09:00,500,12400,67.6986,0
M0016,3152,2026-08-17,2026-08-17T16:33:27+09:00,700,12600,68.2636,0
M0016,3152,2026-08-17,2026-08-17T17:09:07+09:00,-400,11500,68.8581,0
M0016,3152,2026-08-17,2026-08-17T19:59:55+09:00,-600,11300,71.7047,0
M0016,3152,2026-08-17,2026-08-17T20:35:21+09:00,-1200,10700,72.2953,0
M0016,3152,2026-08-17,2026-08-17T21:13:05+09:00,-100,11800,72.9242,0
M0016,3152,2026-08-17,2026-08-17T21:59:13+09:00,100,12000,73.6931,0
M0016,3152,2026-08-17,2026-08-17T22:34:49+09:00,-300,11600,74.2864,0
M0016,3152,2026-08-17,2026-08-17T23:11:50+09:00,-200,11700,74.9033,0
M0016,3152,2026-08-18,2026-08-18T10:52:51+09:00,-200,11700,74.9033,1
M0016,3152,2026-08-18,2026-08-18T11:28:45+09:00,0,11900,75.5017,0
M0016,3152,2026-08-18,2026-08-18T12:02:47+09:00,-600,11300,76.0689,0
M0016,3152,2026-08-18,2026-08-18T12:35:21+09:00,-1100,10800,76.6117,0
M0016,3152,2026-08-18,2026-08-18T13:07:37+09:00,-1700,10200,77.1494,0
M0016,3152,2026-08-18,2026-08-18T13:35:43+09:00,-1300,10600,77.6178,0
M0016,3152,2026-08-18,2026-08-18T14:04:28+09:00,-2000,9900,78.0969,0
M0017,3153,2026-08-11,2026-08-11T10:53:13+09:00,-100,-100,0.0000,1
M0017,3153,2026-08-11,2026-08-11T11:28:39+09:00,-700,-700,0.5906,0
M0017,3153,2026-08-11,2026-08-11T12:02:43+09:00,-1400,-1400,1.1583,0
M0017,3153,2026-08-11,2026-08-11T12:36:02+09:00,-1700,-1700,1.7136,0
M0017,3153,2026-08-11,2026-08-11T13:06:25+09:00,-1900,-1900,2.2200,0
M0017,3153,2026-08-11,2026-08-11T13:34:33+09:00,-2300,-2300,2.6889,0
M0017,3153,2026-08-11,2026-08-11T14:09:42+09:00,-3800,-3800,3.2747,0
M0017,3153,2026-08-11,2026-08-11T14:50:37+09:00,-4300,-4300,3.9567,0
M0017,3153,2026-08-11,2026-08-11T15:29:09+09:00,-4700,-4700,4.5989,0
M0017,3153,2026-08-11,2026-08-11T16:05:23+09:00,-4200,-4200,5.2028,0
M0017,3153,2026-08-11,2026-08-11T16:40:17+09:00,-3900,-3900,5.7844,0
M0017,3153,2026-08-11,2026-08-11T17:28:47+09:00,-3000,-3000,6.5928,0
M0017,3153,2026-08-11,2026-08-11T18:06:29+09:00,-3100,-3100,7.2211,0
M0017,3153,2026-08-11,2026-08-11T18:41:47+09:00,-4100,-4100,7.8094,0
M0017,3153,2026-08-11,2026-08-11T19:30:51+09:00,-4200,-4200,8.6272,0
M0017,3153,2026-08-11,2026-08-11T20:08:57+09:00,-4000,-4000,9.2622,0
M0017,3153,2026-08-12,2026-08-12T10:53:47+09:00,-100,-4000,9.2622,1
M0017,3153,2026-08-12,2026-08-12T11:28:45+09:00,400,-3500,9.8450,0
M0017,3153,2026-08-12,2026-08-12T12:02:51+09:00,0,-3900,10.4133,0
M0017,3153,2026-08-12,2026-08-12T12:36:01+09:00,-500,-4400,10.9661,0
M0017,3153,2026-08-12,2026-08-12T13:06:31+09:00,-1200,-5100,11.4744,0
M0017,3153,2026-08-12,2026-08-12T13:35:53+09:00,-100,-4000,11.9639,0
M0017,3153,2026-08-12,2026-08-12T14:11:01+09:00,-800,-4700,12.5494,0
M0017,3153,2026-08-12,2026-08-12T14:56:33+09:00,-1000,-4900,13.3083,0
M0017,3153,2026-08-12,2026-08-12T15:31:45+09:00,-500,-4400,13.8950,0
M0017,3153,2026-08-12,2026-08-12T16:07:57+09:00,700,-3200,14.4983,0
M0017,3153,2026-08-12,2026-08-12T16:35:17+09:00,500,-3400,14.9539,0
M0017,3153,2026-08-12,2026-08-12T17:01:31+09:00,1000,-2900,15.3911,0
M0017,3153,2026-08-12,2026-08-12T17:36:51+09:00,900,-3000,15.9800,0
M0017,3153,2026-08-12,2026-08-12T18:14:03+09:00,-200,-4100,16.6000,0
M0017,3153,2026-08-12,2026-08-12T19:01:02+09:00,-900,-4800,17.3831,0
M0017,3153,2026-08-12,2026-08-12T19:36:51+09:00,-1600,-5500,17.9800,0
M0017,3153,2026-08-12,2026-08-12T20:14:43+09:00,-900,-4800,18.6111,0
M0017,3153,2026-08-12,2026-08-12T21:03:27+09:00,-600,-4500,19.4233,0
M0017,3153,2026-08-13,2026-08-13T10:54:54+09:00,-100,-4500,19.4233,1
M0017,3153,2026-08-13,2026-08-13T11:29:13+09:00,-600,-5000,19.9953,0
M0017,3153,2026-08-13,2026-08-13T12:03:39+09:00,-1100,-5500,20.5692,0
M0017,3153,2026-08-13,2026-08-13T13:09:39+09:00,-2000,-6400,21.6692,0
M0017,3153,2026-08-13,2026-08-13T14:35:09+09:00,-2300,-6700,23.0942,0
M0017,3153,2026-08-13,2026-08-13T15:11:23+09:00,-2200,-6600,23.6981,0
M0017,3153,2026-08-13,2026-08-13T15:58:27+09:00,-2700,-7100,24.4825,0
M0017,3153,2026-08-13,2026-08-13T16:33:27+09:00,-2900,-7300,25.0658,0
M0017,3153,2026-08-13,2026-08-13T17:10:25+09:00,-300,-4700,25.6819,0
M0017,3153,2026-08-13,2026-08-13T17:59:47+09:00,-400,-4800,26.5047,0
M0017,3153,2026-08-13,2026-08-13T18:36:04+09:00,-1100,-5500,27.1094,0
M0017,3153,2026-08-13,2026-08-13T19:14:33+09:00,-1300,-5700,27.7508,0
M0017,3153,2026-08-13,2026-08-13T20:02:43+09:00,-1600,-6000,28.5536,0
M0017,3153,2026-08-13,2026-08-13T20:39:10+09:00,-800,-5200,29.1611,0
M0017,3153,2026-08-13,2026-08-13T21:23:43+09:00,-400,-4800,29.9036,0
M0017,3153,2026-08-14,2026-08-14T10:54:41+09:00,-200,-4800,29.9036,1
M0017,3153,2026-08-14,2026-08-14T11:29:45+09:00,400,-4200,30.4881,0
M0017,3153,2026-08-14,2026-08-14T12:04:15+09:00,0,-4600,31.0631,0
M0017,3153,2026-08-14,2026-08-14T12:37:28+09:00,-300,-4900,31.6167,0
M0017,3153,2026-08-14,2026-08-14T13:06:37+09:00,-700,-5300,32.1025,0
M0017,3153,2026-08-14,2026-08-14T13:35:02+09:00,-1500,-6100,32.5761,0
M0017,3153,2026-08-14,2026-08-14T14:10:37+09:00,-2000,-6600,33.1692,0
M0017,3153,2026-08-14,2026-08-14T14:55:41+09:00,-2700,-7300,33.9203,0
M0017,3153,2026-08-14,2026-08-14T16:08:02+09:00,-3100,-7700,35.1261,0
M0017,3153,2026-08-14,2026-08-14T16:41:57+09:00,-2700,-7300,35.6914,0
M0017,3153,2026-08-14,2026-08-14T17:30:37+09:00,-2500,-7100,36.5025,0
M0017,3153,2026-08-14,2026-08-14T20:09:17+09:00,-3700,-8300,39.1469,0
M0017,3153,2026-08-14,2026-08-14T20:55:41+09:00,-3900,-8500,39.9203,0
M0017,3153,2026-08-14,2026-08-14T21:33:02+09:00,-3800,-8400,40.5428,0
M0017,3153,2026-08-15,2026-08-15T10:54:13+09:00,-200,-8400,40.5428,1
M0017,3153,2026-08-15,2026-08-15T11:29:09+09:00,-500,-8700,41.1250,0
M0017,3153,2026-08-15,2026-08-15T12:03:27+09:00,-1200,-9400,41.6967,0
M0017,3153,2026-08-15,2026-08-15T12:36:37+09:00,-1700,-9900,42.2494,0
M0017,3153,2026-08-15,2026-08-15T13:08:49+09:00,-2000,-10200,42.7861,0
M0017,3153,2026-08-15,2026-08-15T14:01:55+09:00,700,-7500,43.6711,0
M0017,3153,2026-08-15,2026-08-15T14:36:09+09:00,1800,-6400,44.2417,0
M0017,3153,2026-08-15,2026-08-15T15:11:53+09:00,2200,-6000,44.8372,0
M0017,3153,2026-08-15,2026-08-15T15:58:43+09:00,1600,-6600,45.6178,0
M0017,3153,2026-08-15,2026-08-15T16:34:01+09:00,1000,-7200,46.2061,0
M0017,3153,2026-08-15,2026-08-15T17:11:17+09:00,-200,-8400,46.8272,0
M0017,3153,2026-08-15,2026-08-15T17:58:39+09:00,1600,-6600,47.6167,0
M0017,3153,2026-08-15,2026-08-15T18:35:13+09:00,1500,-6700,48.2261,0
M0017,3153,2026-08-15,2026-08-15T19:12:53+09:00,700,-7500,48.8539,0
M0017,3153,2026-08-15,2026-08-15T20:01:19+09:00,0,-8200,49.6611,0
M0017,3153,2026-08-15,2026-08-15T20:38:25+09:00,-400,-8600,50.2794,0
M0017,3153,2026-08-15,2026-08-15T21:25:49+09:00,2400,-5800,51.0694,0
M0017,3153,2026-08-15,2026-08-15T22:04:23+09:00,4200,-4000,51.7122,0
M0017,3153,2026-08-15,2026-08-15T22:41:53+09:00,4100,-4100,52.3372,0
M0017,3153,2026-08-16,2026-08-16T10:53:41+09:00,-100,-4100,52.3372,1
M0017,3153,2026-08-16,2026-08-16T11:28:27+09:00,-700,-4700,52.9167,0
M0017,3153,2026-08-16,2026-08-16T12:02:27+09:00,-100,-4100,53.4833,0
M0017,3153,2026-08-16,2026-08-16T12:35:49+09:00,-700,-4700,54.0394,0
M0017,3153,2026-08-16,2026-08-16T13:06:49+09:00,-1300,-5300,54.5561,0
M0017,3153,2026-08-16,2026-08-16T13:36:19+09:00,-1900,-5900,55.0478,0
M0017,3153,2026-08-16,2026-08-16T14:09:21+09:00,-2600,-6600,55.5983,0
M0017,3153,2026-08-16,2026-08-16T15:29:10+09:00,-2100,-6100,56.9286,0
M0017,3153,2026-08-16,2026-08-16T16:05:23+09:00,-2800,-6800,57.5322,0
M0017,3153,2026-08-16,2026-08-16T16:39:55+09:00,-3900,-7900,58.1078,0
M0017,3153,2026-08-16,2026-08-16T17:30:17+09:00,-3800,-7800,58.9472,0
M0017,3153,2026-08-16,2026-08-16T18:07:35+09:00,-4400,-8400,59.5689,0
M0017,3153,2026-08-16,2026-08-16T18:38:25+09:00,-4300,-8300,60.0828,0
M0017,3153,2026-08-16,2026-08-16T19:40:19+09:00,-4600,-8600,61.1144,0
M0017,3153,2026-08-16,2026-08-16T20:25:39+09:00,-4300,-8300,61.8700,0
M0017,3153,2026-08-17,2026-08-17T10:52:31+09:00,0,-8300,61.8700,1
M0017,3153,2026-08-17,2026-08-17T11:28:29+09:00,-800,-9100,62.4694,0
M0017,3153,2026-08-17,2026-08-17T12:02:23+09:00,-900,-9200,63.0344,0
M0017,3153,2026-08-17,2026-08-17T14:36:43+09:00,-1200,-9500,65.6067,0
M0017,3153,2026-08-17,2026-08-17T15:11:21+09:00,-400,-8700,66.1839,0
M0017,3153,2026-08-17,2026-08-17T19:59:55+09:00,-1100,-9400,70.9933,0
M0017,3153,2026-08-17,2026-08-17T20:35:21+09:00,-1500,-9800,71.5839,0
M0017,3153,2026-08-17,2026-08-17T21:13:05+09:00,-400,-8700,72.2128,0
M0017,3153,2026-08-17,2026-08-17T21:59:13+09:00,0,-8300,72.9817,0
M0017,3153,2026-08-17,2026-08-17T22:34:49+09:00,-200,-8500,73.5750,0
M0017,3153,2026-08-17,2026-08-17T23:11:50+09:00,900,-7400,74.1919,0
M0017,3153,2026-08-18,2026-08-18T10:52:51+09:00,100,-7400,74.1919,1
M0017,3153,2026-08-18,2026-08-18T11:28:45+09:00,-500,-8000,74.7903,0
M0017,3153,2026-08-18,2026-08-18T12:02:47+09:00,-400,-7900,75.3575,0
M0017,3153,2026-08-18,2026-08-18T12:35:21+09:00,-900,-8400,75.9003,0
M0017,3153,2026-08-18,2026-08-18T13:07:37+09:00,100,-7400,76.4381,0
M0017,3153,2026-08-18,2026-08-18T13:35:43+09:00,500,-7000,76.9064,0
M0017,3153,2026-08-18,2026-08-18T14:04:28+09:00,600,-6900,77.3856,0
M0018,3154,2026-08-11,2026-08-11T10:53:13+09:00,-100,-100,0.0000,1
M0018,3154,2026-08-11,2026-08-11T11:28:39+09:00,1100,1100,0.5906,0
M0018,3154,2026-08-11,2026-08-11T12:02:43+09:00,3600,3600,1.1583,0
M0018,3154,2026-08-11,2026-08-11T12:36:02+09:00,4300,4300,1.7136,0
M0018,3154,2026-08-11,2026-08-11T13:06:25+09:00,3900,3900,2.2200,0
M0018,3154,2026-08-11,2026-08-11T13:34:33+09:00,3500,3500,2.6889,0
M0018,3154,2026-08-11,2026-08-11T14:09:42+09:00,2300,2300,3.2747,0
M0018,3154,2026-08-11,2026-08-11T14:50:37+09:00,1600,1600,3.9567,0
M0018,3154,2026-08-11,2026-08-11T15:29:09+09:00,2000,2000,4.5989,0
M0018,3154,2026-08-11,2026-08-11T16:05:23+09:00,2500,2500,5.2028,0
M0018,3154,2026-08-11,2026-08-11T16:40:17+09:00,2000,2000,5.7844,0
M0018,3154,2026-08-11,2026-08-11T17:28:47+09:00,1600,1600,6.5928,0
M0018,3154,2026-08-11,2026-08-11T18:06:29+09:00,2200,2200,7.2211,0
M0018,3154,2026-08-11,2026-08-11T18:41:47+09:00,4800,4800,7.8094,0
M0018,3154,2026-08-11,2026-08-11T19:30:51+09:00,4400,4400,8.6272,0
M0018,3154,2026-08-11,2026-08-11T20:08:57+09:00,4000,4000,9.2622,0
M0018,3154,2026-08-11,2026-08-11T21:03:30+09:00,3500,3500,10.1714,0
M0018,3154,2026-08-11,2026-08-11T21:39:59+09:00,3400,3400,10.7794,0
M0018,3154,2026-08-12,2026-08-12T10:53:47+09:00,-200,3400,10.7794,1
M0018,3154,2026-08-12,2026-08-12T11:28:45+09:00,-700,2900,11.3622,0
M0018,3154,2026-08-12,2026-08-12T12:02:51+09:00,-1300,2300,11.9306,0
M0018,3154,2026-08-12,2026-08-12T12:36:01+09:00,-1000,2600,12.4833,0
M0018,3154,2026-08-12,2026-08-12T13:06:31+09:00,1500,5100,12.9917,0
M0018,3154,2026-08-12,2026-08-12T13:35:53+09:00,3100,6700,13.4811,0
M0018,3154,2026-08-12,2026-08-12T14:11:01+09:00,3600,7200,14.0667,0
M0018,3154,2026-08-12,2026-08-12T14:56:33+09:00,3000,6600,14.8256,0
M0018,3154,2026-08-12,2026-08-12T15:31:45+09:00,2300,5900,15.4122,0
M0018,3154,2026-08-12,2026-08-12T16:07:57+09:00,2200,5800,16.0156,0
M0018,3154,2026-08-12,2026-08-12T16:35:17+09:00,1600,5200,16.4711,0
M0018,3154,2026-08-12,2026-08-12T17:01:31+09:00,1500,5100,16.9083,0
M0018,3154,2026-08-12,2026-08-12T17:36:51+09:00,800,4400,17.4972,0
M0018,3154,2026-08-12,2026-08-12T18:14:03+09:00,600,4200,18.1172,0
M0018,3154,2026-08-12,2026-08-12T19:01:02+09:00,100,3700,18.9003,0
M0018,3154,2026-08-12,2026-08-12T20:14:43+09:00,700,4300,20.1283,0
M0018,3154,2026-08-12,2026-08-12T21:39:31+09:00,600,4200,21.5417,0
M0018,3154,2026-08-13,2026-08-13T10:54:54+09:00,-100,4200,21.5417,1
M0018,3154,2026-08-13,2026-08-13T11:29:13+09:00,1000,5300,22.1136,0
M0018,3154,2026-08-13,2026-08-13T12:03:39+09:00,2300,6600,22.6875,0
M0018,3154,2026-08-13,2026-08-13T13:09:39+09:00,1900,6200,23.7875,0
M0018,3154,2026-08-13,2026-08-13T14:00:59+09:00,4000,8300,24.6431,0
M0018,3154,2026-08-13,2026-08-13T14:35:09+09:00,3600,7900,25.2125,0
M0018,3154,2026-08-13,2026-08-13T15:11:23+09:00,2600,6900,25.8164,0
M0018,3154,2026-08-13,2026-08-13T16:33:27+09:00,2000,6300,27.1842,0
M0018,3154,2026-08-13,2026-08-13T17:10:25+09:00,1000,5300,27.8003,0
M0018,3154,2026-08-13,2026-08-13T17:59:47+09:00,800,5100,28.6231,0
M0018,3154,2026-08-13,2026-08-13T18:36:04+09:00,1300,5600,29.2278,0
M0018,3154,2026-08-13,2026-08-13T19:14:33+09:00,1100,5400,29.8692,0
M0018,3154,2026-08-13,2026-08-13T20:02:43+09:00,600,4900,30.6719,0
M0018,3154,2026-08-13,2026-08-13T20:39:10+09:00,500,4800,31.2794,0
M0018,3154,2026-08-13,2026-08-13T22:03:35+09:00,800,5100,32.6864,0
M0018,3154,2026-08-14,2026-08-14T10:54:41+09:00,0,5100,32.6864,1
M0018,3154,2026-08-14,2026-08-14T11:29:45+09:00,-300,4800,33.2708,0
M0018,3154,2026-08-14,2026-08-14T12:04:15+09:00,-700,4400,33.8458,0
M0018,3154,2026-08-14,2026-08-14T12:37:28+09:00,-1400,3700,34.3994,0
M0018,3154,2026-08-14,2026-08-14T13:06:37+09:00,-1700,3400,34.8853,0
M0018,3154,2026-08-14,2026-08-14T13:35:02+09:00,-2100,3000,35.3589,0
M0018,3154,2026-08-14,2026-08-14T14:10:37+09:00,1400,6500,35.9519,0
M0018,3154,2026-08-14,2026-08-14T14:55:41+09:00,2800,7900,36.7031,0
M0018,3154,2026-08-14,2026-08-14T15:31:41+09:00,2700,7800,37.3031,0
M0018,3154,2026-08-14,2026-08-14T16:08:02+09:00,3800,8900,37.9089,0
M0018,3154,2026-08-14,2026-08-14T16:41:57+09:00,7800,12900,38.4742,0
M0018,3154,2026-08-14,2026-08-14T17:30:37+09:00,8900,14000,39.2853,0
M0018,3154,2026-08-14,2026-08-14T18:07:43+09:00,9500,14600,39.9036,0
M0018,3154,2026-08-14,2026-08-14T18:43:04+09:00,8600,13700,40.4928,0
M0018,3154,2026-08-14,2026-08-14T19:31:33+09:00,9200,14300,41.3008,0
M0018,3154,2026-08-14,2026-08-14T20:09:17+09:00,8100,13200,41.9297,0
M0018,3154,2026-08-14,2026-08-14T20:55:41+09:00,8000,13100,42.7031,0
M0018,3154,2026-08-14,2026-08-14T21:33:02+09:00,8300,13400,43.3256,0
M0018,3154,2026-08-15,2026-08-15T10:54:13+09:00,-100,13400,43.3256,1
M0018,3154,2026-08-15,2026-08-15T11:29:09+09:00,-200,13300,43.9078,0
M0018,3154,2026-08-15,2026-08-15T12:03:27+09:00,-700,12800,44.4794,0
M0018,3154,2026-08-15,2026-08-15T12:36:37+09:00,-900,12600,45.0322,0
M0018,3154,2026-08-15,2026-08-15T13:08:49+09:00,0,13500,45.5689,0
M0018,3154,2026-08-15,2026-08-15T14:01:55+09:00,1100,14600,46.4539,0
M0018,3154,2026-08-15,2026-08-15T14:36:09+09:00,500,14000,47.0244,0
M0018,3154,2026-08-15,2026-08-15T15:11:53+09:00,900,14400,47.6200,0
M0018,3154,2026-08-15,2026-08-15T15:58:43+09:00,1000,14500,48.4006,0
M0018,3154,2026-08-15,2026-08-15T16:34:01+09:00,1900,15400,48.9889,0
M0018,3154,2026-08-15,2026-08-15T17:11:17+09:00,1200,14700,49.6100,0
M0018,3154,2026-08-15,2026-08-15T17:58:39+09:00,1600,15100,50.3994,0
M0018,3154,2026-08-15,2026-08-15T19:12:53+09:00,300,13800,51.6367,0
M0018,3154,2026-08-15,2026-08-15T20:01:19+09:00,0,13500,52.4439,0
M0018,3154,2026-08-15,2026-08-15T20:38:25+09:00,1900,15400,53.0622,0
M0018,3154,2026-08-15,2026-08-15T21:25:49+09:00,1700,15200,53.8522,0
M0018,3154,2026-08-15,2026-08-15T22:04:23+09:00,1000,14500,54.4950,0
M0018,3154,2026-08-15,2026-08-15T22:41:53+09:00,1400,14900,55.1200,0
M0018,3154,2026-08-16,2026-08-16T10:53:41+09:00,-200,14900,55.1200,1
M0018,3154,2026-08-16,2026-08-16T11:28:27+09:00,400,15500,55.6994,0
M0018,3154,2026-08-16,2026-08-16T12:02:27+09:00,200,15300,56.2661,0
M0018,3154,2026-08-16,2026-08-16T12:35:49+09:00,-400,14700,56.8222,0
M0018,3154,2026-08-16,2026-08-16T13:06:49+09:00,-500,14600,57.3389,0
M0018,3154,2026-08-16,2026-08-16T13:36:19+09:00,-1100,14000,57.8306,0
M0018,3154,2026-08-16,2026-08-16T14:09:21+09:00,-2300,12800,58.3811,0
M0018,3154,2026-08-16,2026-08-16T14:51:21+09:00,-1600,13500,59.0811,0
M0018,3154,2026-08-16,2026-08-16T15:29:10+09:00,-1900,13200,59.7114,0
M0018,3154,2026-08-16,2026-08-16T16:05:23+09:00,-2100,13000,60.3150,0
M0018,3154,2026-08-16,2026-08-16T16:39:55+09:00,-2700,12400,60.8906,0
M0018,3154,2026-08-16,2026-08-16T17:30:17+09:00,-3500,11600,61.7300,0
M0018,3154,2026-08-16,2026-08-16T18:07:35+09:00,-1700,13400,62.3517,0
M0018,3154,2026-08-16,2026-08-16T18:38:25+09:00,-900,14200,62.8656,0
M0018,3154,2026-08-16,2026-08-16T19:40:19+09:00,-1300,13800,63.8972,0
M0018,3154,2026-08-16,2026-08-16T20:25:39+09:00,-1700,13400,64.6528,0
M0018,3154,2026-08-16,2026-08-16T21:04:51+09:00,100,15200,65.3061,0
M0018,3154,2026-08-16,2026-08-16T21:42:13+09:00,200,15300,65.9289,0
M0018,3154,2026-08-17,2026-08-17T10:52:31+09:00,-100,15300,65.9289,1
M0018,3154,2026-08-17,2026-08-17T11:28:29+09:00,300,15700,66.5283,0
M0018,3154,2026-08-17,2026-08-17T12:02:23+09:00,600,16000,67.0933,0
M0018,3154,2026-08-17,2026-08-17T12:34:35+09:00,3100,18500,67.6300,0
M0018,3154,2026-08-17,2026-08-17T13:07:15+09:00,3900,19300,68.1744,0
M0018,3154,2026-08-17,2026-08-17T13:35:21+09:00,4600,20000,68.6428,0
M0018,3154,2026-08-17,2026-08-17T14:03:11+09:00,4100,19500,69.1067,0
M0018,3154,2026-08-17,2026-08-17T14:36:43+09:00,4300,19700,69.6656,0
M0018,3154,2026-08-17,2026-08-17T15:11:21+09:00,4000,19400,70.2428,0
M0018,3154,2026-08-17,2026-08-17T15:59:33+09:00,4800,20200,71.0461,0
M0018,3154,2026-08-17,2026-08-17T16:33:27+09:00,4300,19700,71.6111,0
M0018,3154,2026-08-17,2026-08-17T17:58:27+09:00,4000,19400,73.0278,0
M0018,3154,2026-08-17,2026-08-17T18:33:03+09:00,3400,18800,73.6044,0
M0018,3154,2026-08-17,2026-08-17T19:09:23+09:00,3500,18900,74.2100,0
M0018,3154,2026-08-17,2026-08-17T19:59:55+09:00,2900,18300,75.0522,0
M0018,3154,2026-08-17,2026-08-17T20:35:21+09:00,3600,19000,75.6428,0
M0018,3154,2026-08-17,2026-08-17T21:59:13+09:00,3700,19100,77.0406,0
M0018,3154,2026-08-17,2026-08-17T22:34:49+09:00,4000,19400,77.6339,0
M0018,3154,2026-08-18,2026-08-18T10:52:51+09:00,0,19400,77.6339,1
M0018,3154,2026-08-18,2026-08-18T11:28:45+09:00,-400,19000,78.2322,0
M0018,3154,2026-08-18,2026-08-18T12:02:47+09:00,-700,18700,78.7994,0
M0018,3154,2026-08-18,2026-08-18T12:35:21+09:00,-800,18600,79.3422,0
M0019,3155,2026-08-11,2026-08-11T10:53:13+09:00,-100,-100,0.0000,1
M0019,3155,2026-08-11,2026-08-11T11:28:39+09:00,-600,-600,0.5906,0
M0019,3155,2026-08-11,2026-08-11T12:02:43+09:00,400,400,1.1583,0
M0019,3155,2026-08-11,2026-08-11T12:36:02+09:00,-200,-200,1.7136,0
M0019,3155,2026-08-11,2026-08-11T13:06:25+09:00,-700,-700,2.2200,0
M0019,3155,2026-08-11,2026-08-11T14:09:42+09:00,-1400,-1400,3.2747,0
M0019,3155,2026-08-11,2026-08-11T14:50:37+09:00,-1700,-1700,3.9567,0
M0019,3155,2026-08-11,2026-08-11T15:29:09+09:00,-2300,-2300,4.5989,0
M0019,3155,2026-08-11,2026-08-11T16:40:17+09:00,-2500,-2500,5.7844,0
M0019,3155,2026-08-11,2026-08-11T17:28:47+09:00,-3200,-3200,6.5928,0
M0019,3155,2026-08-11,2026-08-11T18:06:29+09:00,-3000,-3000,7.2211,0
M0019,3155,2026-08-11,2026-08-11T19:30:51+09:00,-3100,-3100,8.6272,0
M0019,3155,2026-08-11,2026-08-11T20:08:57+09:00,-4100,-4100,9.2622,0
M0019,3155,2026-08-11,2026-08-11T21:03:30+09:00,-4800,-4800,10.1714,0
M0019,3155,2026-08-11,2026-08-11T21:39:59+09:00,-5900,-5900,10.7794,0
M0019,3155,2026-08-11,2026-08-11T22:25:23+09:00,-6100,-6100,11.5361,0
M0019,3155,2026-08-12,2026-08-12T10:53:47+09:00,0,-6100,11.5361,1
M0019,3155,2026-08-12,2026-08-12T12:36:01+09:00,-400,-6500,13.2400,0
M0019,3155,2026-08-12,2026-08-12T13:06:31+09:00,0,-6100,13.7483,0
M0019,3155,2026-08-12,2026-08-12T13:35:53+09:00,400,-5700,14.2378,0
M0019,3155,2026-08-12,2026-08-12T14:11:01+09:00,200,-5900,14.8233,0
M0019,3155,2026-08-12,2026-08-12T14:56:33+09:00,-100,-6200,15.5822,0
M0019,3155,2026-08-12,2026-08-12T16:07:57+09:00,200,-5900,16.7722,0
M0019,3155,2026-08-12,2026-08-12T16:35:17+09:00,-200,-6300,17.2278,0
M0019,3155,2026-08-12,2026-08-12T17:36:51+09:00,-500,-6600,18.2539,0
M0019,3155,2026-08-12,2026-08-12T18:14:03+09:00,-900,-7000,18.8739,0
M0019,3155,2026-08-12,2026-08-12T19:36:51+09:00,-1100,-7200,20.2539,0
M0019,3155,2026-08-12,2026-08-12T20:14:43+09:00,-1400,-7500,20.8850,0
M0019,3155,2026-08-13,2026-08-13T10:54:54+09:00,100,-7500,20.8850,1
M0019,3155,2026-08-13,2026-08-13T11:29:13+09:00,-400,-8000,21.4569,0
M0019,3155,2026-08-13,2026-08-13T12:03:39+09:00,-1000,-8600,22.0308,0
M0019,3155,2026-08-13,2026-08-13T12:36:57+09:00,-1500,-9100,22.5858,0
M0019,3155,2026-08-13,2026-08-13T13:09:39+09:00,1100,-6500,23.1308,0
M0019,3155,2026-08-13,2026-08-13T14:00:59+09:00,900,-6700,23.9864,0
M0019,3155,2026-08-13,2026-08-13T14:35:09+09:00,2700,-4900,24.5558,0
M0019,3155,2026-08-13,2026-08-13T15:11:23+09:00,5600,-2000,25.1597,0
M0019,3155,2026-08-13,2026-08-13T15:58:27+09:00,6700,-900,25.9442,0
M0019,3155,2026-08-13,2026-08-13T16:33:27+09:00,6900,-700,26.5275,0
M0019,3155,2026-08-13,2026-08-13T17:10:25+09:00,5800,-1800,27.1436,0
M0019,3155,2026-08-13,2026-08-13T18:36:04+09:00,5500,-2100,28.5711,0
M0019,3155,2026-08-13,2026-08-13T19:14:33+09:00,5000,-2600,29.2125,0
M0019,3155,2026-08-13,2026-08-13T20:02:43+09:00,4200,-3400,30.0153,0
M0019,3155,2026-08-13,2026-08-13T20:39:10+09:00,3100,-4500,30.6228,0
M0019,3155,2026-08-13,2026-08-13T21:23:43+09:00,2900,-4700,31.3653,0
M0019,3155,2026-08-13,2026-08-13T22:03:35+09:00,2600,-5000,32.0297,0
M0019,3155,2026-08-13,2026-08-13T22:40:21+09:00,2000,-5600,32.6425,0
M0019,3155,2026-08-14,2026-08-14T10:54:41+09:00,-100,-5600,32.6425,1
M0019,3155,2026-08-14,2026-08-14T11:29:45+09:00,-300,-5800,33.2269,0
M0019,3155,2026-08-14,2026-08-14T12:04:15+09:00,400,-5100,33.8019,0
M0019,3155,2026-08-14,2026-08-14T13:06:37+09:00,-100,-5600,34.8414,0
M0019,3155,2026-08-14,2026-08-14T13:35:02+09:00,-400,-5900,35.3150,0
M0019,3155,2026-08-14,2026-08-14T14:10:37+09:00,300,-5200,35.9081,0
M0019,3155,2026-08-14,2026-08-14T14:55:41+09:00,800,-4700,36.6592,0
M0019,3155,2026-08-14,2026-08-14T15:31:41+09:00,200,-5300,37.2592,0
M0019,3155,2026-08-14,2026-08-14T16:08:02+09:00,-400,-5900,37.8650,0
M0019,3155,2026-08-14,2026-08-14T16:41:57+09:00,-200,-5700,38.4303,0
M0019,3155,2026-08-14,2026-08-14T17:30:37+09:00,-700,-6200,39.2414,0
M0019,3155,2026-08-14,2026-08-14T18:43:04+09:00,-300,-5800,40.4489,0
M0019,3155,2026-08-14,2026-08-14T19:31:33+09:00,-400,-5900,41.2569,0
M0019,3155,2026-08-14,2026-08-14T20:09:17+09:00,-1400,-6900,41.8858,0
M0019,3155,2026-08-14,2026-08-14T20:55:41+09:00,-700,-6200,42.6592,0
M0019,3155,2026-08-14,2026-08-14T21:33:02+09:00,-900,-6400,43.2817,0
M0019,3155,2026-08-14,2026-08-14T22:11:45+09:00,-1200,-6700,43.9269,0
M0019,3155,2026-08-14,2026-08-14T23:00:09+09:00,-1900,-7400,44.7336,0
M0019,3155,2026-08-14,2026-08-14T23:38:17+09:00,-2100,-7600,45.3692,0
M0019,3155,2026-08-15,2026-08-15T10:54:13+09:00,-100,-7600,45.3692,1
M0019,3155,2026-08-15,2026-08-15T11:29:09+09:00,300,-7200,45.9514,0
M0019,3155,2026-08-15,2026-08-15T12:03:27+09:00,600,-6900,46.5231,0
M0019,3155,2026-08-15,2026-08-15T12:36:37+09:00,100,-7400,47.0758,0
M0019,3155,2026-08-15,2026-08-15T13:08:49+09:00,-600,-8100,47.6125,0
M0019,3155,2026-08-15,2026-08-15T14:01:55+09:00,-1000,-8500,48.4975,0
M0019,3155,2026-08-15,2026-08-15T14:36:09+09:00,-700,-8200,49.0681,0
M0019,3155,2026-08-15,2026-08-15T15:11:53+09:00,-100,-7600,49.6636,0
M0019,3155,2026-08-15,2026-08-15T15:58:43+09:00,0,-7500,50.4442,0
M0019,3155,2026-08-15,2026-08-15T16:34:01+09:00,-400,-7900,51.0325,0
M0019,3155,2026-08-15,2026-08-15T17:11:17+09:00,-1100,-8600,51.6536,0
M0019,3155,2026-08-15,2026-08-15T17:58:39+09:00,800,-6700,52.4431,0
M0019,3155,2026-08-15,2026-08-15T18:35:13+09:00,300,-7200,53.0525,0
M0019,3155,2026-08-15,2026-08-15T19:12:53+09:00,-700,-8200,53.6803,0
M0019,3155,2026-08-15,2026-08-15T20:01:19+09:00,-1200,-8700,54.4875,0
M0019,3155,2026-08-15,2026-08-15T20:38:25+09:00,-1600,-9100,55.1058,0
M0019,3155,2026-08-15,2026-08-15T21:25:49+09:00,-2200,-9700,55.8958,0
M0019,3155,2026-08-15,2026-08-15T22:04:23+09:00,-2900,-10400,56.5386,0
M0019,3155,2026-08-15,2026-08-15T22:41:53+09:00,1200,-6300,57.1636,0
M0019,3155,2026-08-15,2026-08-15T23:30:39+09:00,2000,-5500,57.9764,0
M0019,3155,2026-08-16,2026-08-16T10:53:41+09:00,-100,-5500,57.9764,1
M0019,3155,2026-08-16,2026-08-16T11:28:27+09:00,-600,-6000,58.5558,0
M0019,3155,2026-08-16,2026-08-16T12:02:27+09:00,-1200,-6600,59.1225,0
M0019,3155,2026-08-16,2026-08-16T12:35:49+09:00,-1700,-7100,59.6786,0
M0019,3155,2026-08-16,2026-08-16T13:06:49+09:00,-2300,-7700,60.1953,0
M0019,3155,2026-08-16,2026-08-16T14:09:21+09:00,-2800,-8200,61.2375,0
M0019,3155,2026-08-16,2026-08-16T14:51:21+09:00,-3400,-8800,61.9375,0
M0019,3155,2026-08-16,2026-08-16T15:29:10+09:00,-3600,-9000,62.5678,0
M0019,3155,2026-08-16,2026-08-16T16:05:23+09:00,-2800,-8200,63.1714,0
M0019,3155,2026-08-16,2026-08-16T16:39:55+09:00,-4100,-9500,63.7469,0
M0019,3155,2026-08-16,2026-08-16T17:30:17+09:00,-4700,-10100,64.5864,0
M0019,3155,2026-08-16,2026-08-16T18:07:35+09:00,-5400,-10800,65.2081,0
M0019,3155,2026-08-16,2026-08-16T18:38:25+09:00,-3700,-9100,65.7219,0
M0019,3155,2026-08-16,2026-08-16T19:40:19+09:00,-3900,-9300,66.7536,0
M0019,3155,2026-08-17,2026-08-17T10:52:31+09:00,0,-9300,66.7536,1
M0019,3155,2026-08-17,2026-08-17T12:02:23+09:00,-200,-9500,67.9181,0
M0019,3155,2026-08-17,2026-08-17T12:34:35+09:00,-600,-9900,68.4547,0
M0019,3155,2026-08-17,2026-08-17T13:07:15+09:00,-900,-10200,68.9992,0
M0019,3155,2026-08-17,2026-08-17T13:35:21+09:00,-1000,-10300,69.4675,0
M0019,3155,2026-08-17,2026-08-17T14:36:43+09:00,-1200,-10500,70.4903,0
M0019,3155,2026-08-17,2026-08-17T15:11:21+09:00,-1900,-11200,71.0675,0
M0019,3155,2026-08-17,2026-08-17T16:33:27+09:00,-2200,-11500,72.4358,0
M0019,3155,2026-08-17,2026-08-17T17:09:07+09:00,-3100,-12400,73.0303,0
M0019,3155,2026-08-17,2026-08-17T17:58:27+09:00,-2400,-11700,73.8525,0
M0019,3155,2026-08-18,2026-08-18T10:52:51+09:00,-100,-11700,73.8525,1
M0019,3155,2026-08-18,2026-08-18T12:02:47+09:00,2400,-9200,75.0181,0
M0019,3155,2026-08-18,2026-08-18T12:35:21+09:00,3400,-8200,75.5608,0
M0019,3155,2026-08-18,2026-08-18T13:07:37+09:00,4000,-7600,76.0986,0
M0019,3155,2026-08-18,2026-08-18T13:35:43+09:00,6400,-5200,76.5669,0
M0019,3155,2026-08-18,2026-08-18T14:04:28+09:00,7500,-4100,77.0461,0
M0020,3156,2026-08-11,2026-08-11T10:53:13+09:00,-100,-100,0.0000,1
M0020,3156,2026-08-11,2026-08-11T11:28:39+09:00,-200,-200,0.5906,0
M0020,3156,2026-08-11,2026-08-11T12:02:43+09:00,-800,-800,1.1583,0
M0020,3156,2026-08-11,2026-08-11T12:36:02+09:00,-900,-900,1.7136,0
M0020,3156,2026-08-11,2026-08-11T13:06:25+09:00,-1500,-1500,2.2200,0
M0020,3156,2026-08-11,2026-08-11T13:34:33+09:00,-1100,-1100,2.6889,0
M0020,3156,2026-08-11,2026-08-11T14:09:42+09:00,1600,1600,3.2747,0
M0020,3156,2026-08-11,2026-08-11T14:50:37+09:00,1700,1700,3.9567,0
M0020,3156,2026-08-11,2026-08-11T16:05:23+09:00,1100,1100,5.2028,0
M0020,3156,2026-08-11,2026-08-11T16:40:17+09:00,900,900,5.7844,0
M0020,3156,2026-08-11,2026-08-11T17:28:47+09:00,1200,1200,6.5928,0
M0020,3156,2026-08-11,2026-08-11T18:06:29+09:00,1400,1400,7.2211,0
M0020,3156,2026-08-11,2026-08-11T18:41:47+09:00,1500,1500,7.8094,0
M0020,3156,2026-08-11,2026-08-11T19:30:51+09:00,1000,1000,8.6272,0
M0020,3156,2026-08-11,2026-08-11T20:08:57+09:00,200,200,9.2622,0
M0020,3156,2026-08-11,2026-08-11T21:03:30+09:00,2300,2300,10.1714,0
M0020,3156,2026-08-11,2026-08-11T21:39:59+09:00,5600,5600,10.7794,0
M0020,3156,2026-08-12,2026-08-12T10:53:47+09:00,0,5600,10.7794,1
M0020,3156,2026-08-12,2026-08-12T12:02:51+09:00,-300,5300,11.9306,0
M0020,3156,2026-08-12,2026-08-12T12:36:01+09:00,-900,4700,12.4833,0
M0020,3156,2026-08-12,2026-08-12T13:06:31+09:00,1300,6900,12.9917,0
M0020,3156,2026-08-12,2026-08-12T13:35:53+09:00,3600,9200,13.4811,0
M0020,3156,2026-08-12,2026-08-12T14:11:01+09:00,7200,12800,14.0667,0
M0020,3156,2026-08-12,2026-08-12T15:31:45+09:00,7100,12700,15.4122,0
M0020,3156,2026-08-12,2026-08-12T16:07:57+09:00,7500,13100,16.0156,0
M0020,3156,2026-08-12,2026-08-12T16:35:17+09:00,8100,13700,16.4711,0
M0020,3156,2026-08-12,2026-08-12T17:01:31+09:00,7400,13000,16.9083,0
M0020,3156,2026-08-12,2026-08-12T18:14:03+09:00,6800,12400,18.1172,0
M0020,3156,2026-08-12,2026-08-12T19:01:02+09:00,7600,13200,18.9003,0
M0020,3156,2026-08-12,2026-08-12T19:36:51+09:00,7900,13500,19.4972,0
M0020,3156,2026-08-12,2026-08-12T20:14:43+09:00,7700,13300,20.1283,0
M0020,3156,2026-08-12,2026-08-12T21:03:27+09:00,7100,12700,20.9406,0
M0020,3156,2026-08-12,2026-08-12T21:39:31+09:00,7300,12900,21.5417,0
M0020,3156,2026-08-13,2026-08-13T10:54:54+09:00,0,12900,21.5417,1
M0020,3156,2026-08-13,2026-08-13T11:29:13+09:00,-400,12500,22.1136,0
M0020,3156,2026-08-13,2026-08-13T12:36:57+09:00,-1100,11800,23.2425,0
M0020,3156,2026-08-13,2026-08-13T13:09:39+09:00,-1600,11300,23.7875,0
M0020,3156,2026-08-13,2026-08-13T14:00:59+09:00,-1900,11000,24.6431,0
M0020,3156,2026-08-13,2026-08-13T15:58:27+09:00,-2100,10800,26.6008,0
M0020,3156,2026-08-13,2026-08-13T17:10:25+09:00,-3100,9800,27.8003,0
M0020,3156,2026-08-13,2026-08-13T18:36:04+09:00,-3300,9600,29.2278,0
M0020,3156,2026-08-13,2026-08-13T19:14:33+09:00,-4700,8200,29.8692,0
M0020,3156,2026-08-13,2026-08-13T20:39:10+09:00,-5200,7700,31.2794,0
M0020,3156,2026-08-14,2026-08-14T10:54:41+09:00,-100,7700,31.2794,1
M0020,3156,2026-08-14,2026-08-14T11:29:45+09:00,-800,7000,31.8639,0
M0020,3156,2026-08-14,2026-08-14T12:04:15+09:00,-600,7200,32.4389,0
M0020,3156,2026-08-14,2026-08-14T12:37:28+09:00,-1000,6800,32.9925,0
M0020,3156,2026-08-14,2026-08-14T13:06:37+09:00,-1700,6100,33.4783,0
M0020,3156,2026-08-14,2026-08-14T13:35:02+09:00,-2000,5800,33.9519,0
M0020,3156,2026-08-14,2026-08-14T14:10:37+09:00,-3100,4700,34.5450,0
M0020,3156,2026-08-14,2026-08-14T14:55:41+09:00,-3700,4100,35.2961,0
M0020,3156,2026-08-14,2026-08-14T15:31:41+09:00,-2900,4900,35.8961,0
M0020,3156,2026-08-14,2026-08-14T16:08:02+09:00,-600,7200,36.5019,0
M0020,3156,2026-08-14,2026-08-14T16:41:57+09:00,3300,11100,37.0672,0
M0020,3156,2026-08-14,2026-08-14T17:30:37+09:00,4300,12100,37.8783,0
M0020,3156,2026-08-14,2026-08-14T18:07:43+09:00,3700,11500,38.4967,0
M0020,3156,2026-08-14,2026-08-14T18:43:04+09:00,2500,10300,39.0858,0
M0020,3156,2026-08-14,2026-08-14T19:31:33+09:00,3100,10900,39.8939,0
M0020,3156,2026-08-14,2026-08-14T20:09:17+09:00,2400,10200,40.5228,0
M0020,3156,2026-08-14,2026-08-14T20:55:41+09:00,1700,9500,41.2961,0
M0020,3156,2026-08-14,2026-08-14T21:33:02+09:00,1600,9400,41.9186,0
M0020,3156,2026-08-14,2026-08-14T22:11:45+09:00,900,8700,42.5639,0
M0020,3156,2026-08-15,2026-08-15T10:54:13+09:00,0,8700,42.5639,1
M0020,3156,2026-08-15,2026-08-15T11:29:09+09:00,-200,8500,43.1461,0
M0020,3156,2026-08-15,2026-08-15T12:03:27+09:00,-500,8200,43.7178,0
M0020,3156,2026-08-15,2026-08-15T12:36:37+09:00,-900,7800,44.2706,0
M0020,3156,2026-08-15,2026-08-15T13:08:49+09:00,-1700,7000,44.8072,0
M0020,3156,2026-08-15,2026-08-15T14:01:55+09:00,-800,7900,45.6922,0
M0020,3156,2026-08-15,2026-08-15T14:36:09+09:00,400,9100,46.2628,0
M0020,3156,2026-08-15,2026-08-15T15:11:53+09:00,900,9600,46.8583,0
M0020,3156,2026-08-15,2026-08-15T15:58:43+09:00,1900,10600,47.6389,0
M0020,3156,2026-08-15,2026-08-15T16:34:01+09:00,1400,10100,48.2272,0
M0020,3156,2026-08-15,2026-08-15T17:11:17+09:00,4100,12800,48.8483,0
M0020,3156,2026-08-15,2026-08-15T17:58:39+09:00,4500,13200,49.6378,0
M0020,3156,2026-08-15,2026-08-15T18:35:13+09:00,6800,15500,50.2472,0
M0020,3156,2026-08-15,2026-08-15T19:12:53+09:00,6200,14900,50.8750,0
M0020,3156,2026-08-15,2026-08-15T20:01:19+09:00,6500,15200,51.6822,0
M0020,3156,2026-08-15,2026-08-15T20:38:25+09:00,5900,14600,52.3006,0
M0020,3156,2026-08-15,2026-08-15T21:25:49+09:00,8600,17300,53.0906,0
M0020,3156,2026-08-15,2026-08-15T22:04:23+09:00,11000,19700,53.7333,0
M0020,3156,2026-08-15,2026-08-15T22:41:53+09:00,13800,22500,54.3583,0
M0020,3156,2026-08-16,2026-08-16T10:53:41+09:00,-200,22500,54.3583,1
M0020,3156,2026-08-16,2026-08-16T11:28:27+09:00,0,22700,54.9378,0
M0020,3156,2026-08-16,2026-08-16T12:02:27+09:00,-200,22500,55.5044,0
M0020,3156,2026-08-16,2026-08-16T12:35:49+09:00,-700,22000,56.0606,0
M0020,3156,2026-08-16,2026-08-16T13:06:49+09:00,-500,22200,56.5772,0
M0020,3156,2026-08-16,2026-08-16T13:36:19+09:00,-1100,21600,57.0689,0
M0020,3156,2026-08-16,2026-08-16T14:09:21+09:00,-1500,21200,57.6194,0
M0020,3156,2026-08-16,2026-08-16T14:51:21+09:00,-2200,20500,58.3194,0
M0020,3156,2026-08-16,2026-08-16T15:29:10+09:00,-2500,20200,58.9497,0
M0020,3156,2026-08-16,2026-08-16T16:39:55+09:00,-3100,19600,60.1289,0
M0020,3156,2026-08-16,2026-08-16T17:30:17+09:00,-3700,19000,60.9683,0
M0020,3156,2026-08-16,2026-08-16T18:07:35+09:00,-3800,18900,61.5900,0
M0020,3156,2026-08-16,2026-08-16T18:38:25+09:00,-4900,17800,62.1039,0
M0020,3156,2026-08-16,2026-08-16T19:40:19+09:00,-6000,16700,63.1356,0
M0020,3156,2026-08-16,2026-08-16T20:25:39+09:00,-6200,16500,63.8911,0
M0020,3156,2026-08-17,2026-08-17T10:52:31+09:00,0,16500,63.8911,1
M0020,3156,2026-08-17,2026-08-17T13:07:15+09:00,-300,16200,66.1367,0
M0020,3156,2026-08-17,2026-08-17T13:35:21+09:00,-1000,15500,66.6050,0
M0020,3156,2026-08-17,2026-08-17T14:03:11+09:00,-900,15600,67.0689,0
M0020,3156,2026-08-17,2026-08-17T14:36:43+09:00,-1000,15500,67.6278,0
M0020,3156,2026-08-17,2026-08-17T19:09:23+09:00,-1900,14600,72.1722,0
M0020,3156,2026-08-17,2026-08-17T19:59:55+09:00,-1600,14900,73.0144,0
M0020,3156,2026-08-17,2026-08-17T20:35:21+09:00,-2100,14400,73.6050,0
M0020,3156,2026-08-17,2026-08-17T21:13:05+09:00,-1900,14600,74.2339,0
M0020,3156,2026-08-17,2026-08-17T21:59:13+09:00,-2600,13900,75.0028,0
M0020,3156,2026-08-17,2026-08-17T22:34:49+09:00,-2800,13700,75.5961,0
M0020,3156,2026-08-18,2026-08-18T10:52:51+09:00,0,13700,75.5961,1
M0020,3156,2026-08-18,2026-08-18T11:28:45+09:00,-700,13000,76.1944,0
M0020,3156,2026-08-18,2026-08-18T12:02:47+09:00,-200,13500,76.7617,0
M0020,3156,2026-08-18,2026-08-18T12:35:21+09:00,-400,13300,77.3044,0
M0020,3156,2026-08-18,2026-08-18T13:07:37+09:00,-600,13100,77.8422,0
M0020,3156,2026-08-18,2026-08-18T13:35:43+09:00,-1000,12700,78.3106,0
M0020,3156,2026-08-18,2026-08-18T14:04:28+09:00,400,14100,78.7897,0
M0021,3157,2026-08-11,2026-08-11T10:53:13+09:00,-100,-100,0.0000,1
M0021,3157,2026-08-11,2026-08-11T11:28:39+09:00,400,400,0.5906,0
M0021,3157,2026-08-11,2026-08-11T12:02:43+09:00,100,100,1.1583,0
M0021,3157,2026-08-11,2026-08-11T13:06:25+09:00,-500,-500,2.2200,0
M0021,3157,2026-08-11,2026-08-11T13:34:33+09:00,-1300,-1300,2.6889,0
M0021,3157,2026-08-11,2026-08-11T14:09:42+09:00,-1500,-1500,3.2747,0
M0021,3157,2026-08-11,2026-08-11T14:50:37+09:00,-2200,-2200,3.9567,0
M0021,3157,2026-08-11,2026-08-11T15:29:09+09:00,-2300,-2300,4.5989,0
M0021,3157,2026-08-11,2026-08-11T16:05:23+09:00,-2800,-2800,5.2028,0
M0021,3157,2026-08-11,2026-08-11T16:40:17+09:00,-2600,-2600,5.7844,0
M0021,3157,2026-08-11,2026-08-11T17:28:47+09:00,-2800,-2800,6.5928,0
M0021,3157,2026-08-11,2026-08-11T18:06:29+09:00,-3200,-3200,7.2211,0
M0021,3157,2026-08-11,2026-08-11T18:41:47+09:00,-3700,-3700,7.8094,0
M0021,3157,2026-08-11,2026-08-11T19:30:51+09:00,-4300,-4300,8.6272,0
M0021,3157,2026-08-11,2026-08-11T20:08:57+09:00,-4600,-4600,9.2622,0
M0021,3157,2026-08-11,2026-08-11T21:03:30+09:00,-4700,-4700,10.1714,0
M0021,3157,2026-08-11,2026-08-11T21:39:59+09:00,-5200,-5200,10.7794,0
M0021,3157,2026-08-11,2026-08-11T22:25:23+09:00,-5800,-5800,11.5361,0
M0021,3157,2026-08-11,2026-08-11T23:04:47+09:00,-6500,-6500,12.1928,0
M0021,3157,2026-08-11,2026-08-11T23:43:02+09:00,-6600,-6600,12.8303,0
M0021,3157,2026-08-12,2026-08-12T10:53:47+09:00,-100,-6600,12.8303,1
M0021,3157,2026-08-12,2026-08-12T11:28:45+09:00,-300,-6800,13.4131,0
M0021,3157,2026-08-12,2026-08-12T12:02:51+09:00,-900,-7400,13.9814,0
M0021,3157,2026-08-12,2026-08-12T12:36:01+09:00,-1500,-8000,14.5342,0
M0021,3157,2026-08-12,2026-08-12T13:06:31+09:00,-2000,-8500,15.0425,0
M0021,3157,2026-08-12,2026-08-12T13:35:53+09:00,-2200,-8700,15.5319,0
M0021,3157,2026-08-12,2026-08-12T14:11:01+09:00,-2500,-9000,16.1175,0
M0021,3157,2026-08-12,2026-08-12T14:56:33+09:00,-2200,-8700,16.8764,0
M0021,3157,2026-08-13,2026-08-13T10:54:54+09:00,-100,-8700,16.8764,1
M0021,3157,2026-08-13,2026-08-13T11:29:13+09:00,-600,-9200,17.4483,0
M0021,3157,2026-08-13,2026-08-13T12:03:39+09:00,-800,-9400,18.0222,0
M0021,3157,2026-08-13,2026-08-13T13:09:39+09:00,-400,-9000,19.1222,0
M0021,3157,2026-08-13,2026-08-13T14:00:59+09:00,-900,-9500,19.9778,0
M0021,3157,2026-08-13,2026-08-13T14:35:09+09:00,-800,-9400,20.5472,0
M0021,3157,2026-08-13,2026-08-13T15:11:23+09:00,-600,-9200,21.1511,0
M0021,3157,2026-08-13,2026-08-13T15:58:27+09:00,0,-8600,21.9356,0
M0021,3157,2026-08-13,2026-08-13T16:33:27+09:00,-200,-8800,22.5189,0
M0021,3157,2026-08-13,2026-08-13T17:10:25+09:00,-500,-9100,23.1350,0
M0021,3157,2026-08-13,2026-08-13T17:59:47+09:00,-1000,-9600,23.9578,0
M0021,3157,2026-08-13,2026-08-13T19:14:33+09:00,-1700,-10300,25.2039,0
M0021,3157,2026-08-13,2026-08-13T20:02:43+09:00,-2000,-10600,26.0067,0
M0021,3157,2026-08-13,2026-08-13T20:39:10+09:00,-1500,-10100,26.6142,0
M0021,3157,2026-08-13,2026-08-13T21:23:43+09:00,-1600,-10200,27.3567,0
M0021,3157,2026-08-13,2026-08-13T22:40:21+09:00,-2400,-11000,28.6339,0
M0021,3157,2026-08-13,2026-08-13T23:29:55+09:00,-2700,-11300,29.4600,0
M0021,3157,2026-08-14,2026-08-14T10:54:41+09:00,-200,-11300,29.4600,1
M0021,3157,2026-08-14,2026-08-14T11:29:45+09:00,500,-10600,30.0444,0
M0021,3157,2026-08-14,2026-08-14T12:04:15+09:00,100,-11000,30.6194,0
M0021,3157,2026-08-14,2026-08-14T12:37:28+09:00,0,-11100,31.1731,0
M0021,3157,2026-08-14,2026-08-14T13:06:37+09:00,-400,-11500,31.6589,0
M0021,3157,2026-08-14,2026-08-14T13:35:02+09:00,-800,-11900,32.1325,0
M0021,3157,2026-08-14,2026-08-14T14:10:37+09:00,-1900,-13000,32.7256,0
M0021,3157,2026-08-14,2026-08-14T14:55:41+09:00,-700,-11800,33.4767,0
M0021,3157,2026-08-14,2026-08-14T15:31:41+09:00,1600,-9500,34.0767,0
M0021,3157,2026-08-14,2026-08-14T16:08:02+09:00,2800,-8300,34.6825,0
M0021,3157,2026-08-14,2026-08-14T16:41:57+09:00,5000,-6100,35.2478,0
M0021,3157,2026-08-14,2026-08-14T17:30:37+09:00,4600,-6500,36.0589,0
M0021,3157,2026-08-14,2026-08-14T18:43:04+09:00,3500,-7600,37.2664,0
M0021,3157,2026-08-14,2026-08-14T19:31:33+09:00,3000,-8100,38.0744,0
M0021,3157,2026-08-14,2026-08-14T20:09:17+09:00,4900,-6200,38.7033,0
M0021,3157,2026-08-14,2026-08-14T20:55:41+09:00,4500,-6600,39.4767,0
M0021,3157,2026-08-14,2026-08-14T21:33:02+09:00,5300,-5800,40.0992,0
M0021,3157,2026-08-15,2026-08-15T10:54:13+09:00,-200,-5800,40.0992,1
M0021,3157,2026-08-15,2026-08-15T11:29:09+09:00,-800,-6400,40.6814,0
M0021,3157,2026-08-15,2026-08-15T12:03:27+09:00,-1500,-7100,41.2531,0
M0021,3157,2026-08-15,2026-08-15T12:36:37+09:00,-1300,-6900,41.8058,0
M0021,3157,2026-08-15,2026-08-15T13:08:49+09:00,-2200,-7800,42.3425,0
M0021,3157,2026-08-15,2026-08-15T14:01:55+09:00,-2700,-8300,43.2275,0
M0021,3157,2026-08-15,2026-08-15T14:36:09+09:00,-1500,-7100,43.7981,0
M0021,3157,2026-08-15,2026-08-15T15:11:53+09:00,-1900,-7500,44.3936,0
M0021,3157,2026-08-15,2026-08-15T15:58:43+09:00,-2200,-7800,45.1742,0
M0021,3157,2026-08-15,2026-08-15T16:34:01+09:00,-2600,-8200,45.7625,0
M0021,3157,2026-08-15,2026-08-15T17:11:17+09:00,-300,-5900,46.3836,0
M0021,3157,2026-08-15,2026-08-15T17:58:39+09:00,-500,-6100,47.1731,0
M0021,3157,2026-08-15,2026-08-15T18:35:13+09:00,-800,-6400,47.7825,0
M0021,3157,2026-08-15,2026-08-15T19:12:53+09:00,-1000,-6600,48.4103,0
M0021,3157,2026-08-15,2026-08-15T20:01:19+09:00,-1500,-7100,49.2175,0
M0021,3157,2026-08-15,2026-08-15T20:38:25+09:00,-2000,-7600,49.8358,0
M0021,3157,2026-08-15,2026-08-15T21:25:49+09:00,-2500,-8100,50.6258,0
M0021,3157,2026-08-15,2026-08-15T22:04:23+09:00,-2200,-7800,51.2686,0
M0021,3157,2026-08-16,2026-08-16T10:53:41+09:00,-100,-7800,51.2686,1
M0021,3157,2026-08-16,2026-08-16T11:28:27+09:00,300,-7400,51.8481,0
M0021,3157,2026-08-16,2026-08-16T12:02:27+09:00,-200,-7900,52.4147,0
M0021,3157,2026-08-16,2026-08-16T12:35:49+09:00,-800,-8500,52.9708,0
M0021,3157,2026-08-16,2026-08-16T13:06:49+09:00,-1600,-9300,53.4875,0
M0021,3157,2026-08-16,2026-08-16T13:36:19+09:00,-1400,-9100,53.9792,0
M0021,3157,2026-08-16,2026-08-16T14:09:21+09:00,-2100,-9800,54.5297,0
M0021,3157,2026-08-16,2026-08-16T14:51:21+09:00,-2700,-10400,55.2297,0
M0021,3157,2026-08-16,2026-08-16T15:29:10+09:00,-2800,-10500,55.8600,0
M0021,3157,2026-08-16,2026-08-16T16:05:23+09:00,-300,-8000,56.4636,0
M0021,3157,2026-08-16,2026-08-16T16:39:55+09:00,-600,-8300,57.0392,0
M0021,3157,2026-08-16,2026-08-16T17:30:17+09:00,-1200,-8900,57.8786,0
M0021,3157,2026-08-16,2026-08-16T18:07:35+09:00,-1300,-9000,58.5003,0
M0021,3157,2026-08-16,2026-08-16T18:38:25+09:00,-1700,-9400,59.0142,0
M0021,3157,2026-08-16,2026-08-16T19:40:19+09:00,-2300,-10000,60.0458,0
M0021,3157,2026-08-16,2026-08-16T20:25:39+09:00,-2200,-9900,60.8014,0
M0021,3157,2026-08-16,2026-08-16T21:04:51+09:00,-900,-8600,61.4547,0
M0021,3157,2026-08-16,2026-08-16T21:42:13+09:00,2100,-5600,62.0775,0
M0021,3157,2026-08-17,2026-08-17T10:52:31+09:00,-100,-5600,62.0775,1
M0021,3157,2026-08-17,2026-08-17T12:02:23+09:00,200,-5300,63.2419,0
M0021,3157,2026-08-17,2026-08-17T13:07:15+09:00,-500,-6000,64.3231,0
M0021,3157,2026-08-17,2026-08-17T13:35:21+09:00,-1100,-6600,64.7914,0
M0021,3157,2026-08-17,2026-08-17T14:03:11+09:00,-1700,-7200,65.2553,0
M0021,3157,2026-08-17,2026-08-17T14:36:43+09:00,-2200,-7700,65.8142,0
M0021,3157,2026-08-17,2026-08-17T15:11:21+09:00,-2800,-8300,66.3914,0
M0021,3157,2026-08-17,2026-08-17T15:59:33+09:00,-3200,-8700,67.1947,0
M0021,3157,2026-08-17,2026-08-17T16:33:27+09:00,-3400,-8900,67.7597,0
M0021,3157,2026-08-17,2026-08-17T17:09:07+09:00,-3800,-9300,68.3542,0
M0021,3157,2026-08-17,2026-08-17T17:58:27+09:00,-4200,-9700,69.1764,0
M0021,3157,2026-08-17,2026-08-17T18:33:03+09:00,-4300,-9800,69.7531,0
M0021,3157,2026-08-17,2026-08-17T19:09:23+09:00,-4400,-9900,70.3586,0
M0021,3157,2026-08-17,2026-08-17T19:59:55+09:00,-3400,-8900,71.2008,0
M0021,3157,2026-08-17,2026-08-17T20:35:21+09:00,-2400,-7900,71.7914,0
M0021,3157,2026-08-17,2026-08-17T21:13:05+09:00,-1900,-7400,72.4203,0
M0021,3157,2026-08-17,2026-08-17T21:59:13+09:00,-2500,-8000,73.1892,0
M0021,3157,2026-08-17,2026-08-17T22:34:49+09:00,-2100,-7600,73.7825,0
M0021,3157,2026-08-17,2026-08-17T23:11:50+09:00,-100,-5600,74.3994,0
M0021,3157,2026-08-18,2026-08-18T10:52:51+09:00,-200,-5600,74.3994,1
M0021,3157,2026-08-18,2026-08-18T11:28:45+09:00,-1000,-6400,74.9978,0
M0021,3157,2026-08-18,2026-08-18T12:02:47+09:00,-1400,-6800,75.5650,0
M0021,3157,2026-08-18,2026-08-18T12:35:21+09:00,-1600,-7000,76.1078,0
M0021,3157,2026-08-18,2026-08-18T13:07:37+09:00,-1100,-6500,76.6456,0
M0021,3157,2026-08-18,2026-08-18T13:35:43+09:00,-1500,-6900,77.1139,0
M0021,3157,2026-08-18,2026-08-18T14:04:28+09:00,-1200,-6600,77.5931,0
M0022,3158,2026-08-11,2026-08-11T10:53:13+09:00,-200,-200,0.0000,1
M0022,3158,2026-08-11,2026-08-11T11:28:39+09:00,-800,-800,0.5906,0
M0022,3158,2026-08-11,2026-08-11T12:02:43+09:00,-1300,-1300,1.1583,0
M0022,3158,2026-08-11,2026-08-11T12:36:02+09:00,-1200,-1200,1.7136,0
M0022,3158,2026-08-11,2026-08-11T13:06:25+09:00,-1800,-1800,2.2200,0
M0022,3158,2026-08-11,2026-08-11T13:34:33+09:00,-1100,-1100,2.6889,0
M0022,3158,2026-08-11,2026-08-11T14:09:42+09:00,600,600,3.2747,0
M0022,3158,2026-08-11,2026-08-11T14:50:37+09:00,0,0,3.9567,0
M0022,3158,2026-08-11,2026-08-11T15:29:09+09:00,-400,-400,4.5989,0
M0022,3158,2026-08-11,2026-08-11T16:05:23+09:00,-100,-100,5.2028,0
M0022,3158,2026-08-11,2026-08-11T16:40:17+09:00,200,200,5.7844,0
M0022,3158,2026-08-11,2026-08-11T17:28:47+09:00,0,0,6.5928,0
M0022,3158,2026-08-11,2026-08-11T18:06:29+09:00,-100,-100,7.2211,0
M0022,3158,2026-08-11,2026-08-11T18:41:47+09:00,-1200,-1200,7.8094,0
M0022,3158,2026-08-11,2026-08-11T19:30:51+09:00,-800,-800,8.6272,0
M0022,3158,2026-08-11,2026-08-11T20:08:57+09:00,-1600,-1600,9.2622,0
M0022,3158,2026-08-11,2026-08-11T21:03:30+09:00,-2300,-2300,10.1714,0
M0022,3158,2026-08-11,2026-08-11T21:39:59+09:00,-2900,-2900,10.7794,0
M0022,3158,2026-08-11,2026-08-11T22:25:23+09:00,-2700,-2700,11.5361,0
M0022,3158,2026-08-12,2026-08-12T10:53:47+09:00,-200,-2700,11.5361,1
M0022,3158,2026-08-12,2026-08-12T11:28:45+09:00,-900,-3400,12.1189,0
M0022,3158,2026-08-12,2026-08-12T13:35:53+09:00,-1600,-4100,14.2378,0
M0022,3158,2026-08-12,2026-08-12T14:11:01+09:00,-1300,-3800,14.8233,0
M0022,3158,2026-08-12,2026-08-12T14:56:33+09:00,-2000,-4500,15.5822,0
M0022,3158,2026-08-12,2026-08-12T15:31:45+09:00,-2600,-5100,16.1689,0
M0022,3158,2026-08-12,2026-08-12T16:07:57+09:00,-2500,-5000,16.7722,0
M0022,3158,2026-08-12,2026-08-12T21:03:27+09:00,-2800,-5300,21.6972,0
M0022,3158,2026-08-12,2026-08-12T21:39:31+09:00,-2300,-4800,22.2983,0
M0022,3158,2026-08-13,2026-08-13T10:54:54+09:00,-100,-4800,22.2983,1
M0022,3158,2026-08-13,2026-08-13T11:29:13+09:00,-400,-5100,22.8703,0
M0022,3158,2026-08-13,2026-08-13T12:03:39+09:00,-900,-5600,23.4442,0
M0022,3158,2026-08-13,2026-08-13T12:36:57+09:00,-1500,-6200,23.9992,0
M0022,3158,2026-08-13,2026-08-13T13:09:39+09:00,-2600,-7300,24.5442,0
M0022,3158,2026-08-13,2026-08-13T14:00:59+09:00,-3200,-7900,25.3997,0
M0022,3158,2026-08-13,2026-08-13T14:35:09+09:00,-3100,-7800,25.9692,0
M0022,3158,2026-08-13,2026-08-13T15:11:23+09:00,-3200,-7900,26.5731,0
M0022,3158,2026-08-13,2026-08-13T15:58:27+09:00,-2900,-7600,27.3575,0
M0022,3158,2026-08-13,2026-08-13T16:33:27+09:00,-3000,-7700,27.9408,0
M0022,3158,2026-08-13,2026-08-13T17:10:25+09:00,-3500,-8200,28.5569,0
M0022,3158,2026-08-13,2026-08-13T17:59:47+09:00,-4200,-8900,29.3797,0
M0022,3158,2026-08-13,2026-08-13T19:14:33+09:00,-1100,-5800,30.6258,0
M0022,3158,2026-08-13,2026-08-13T20:02:43+09:00,-300,-5000,31.4286,0
M0022,3158,2026-08-13,2026-08-13T20:39:10+09:00,-1500,-6200,32.0361,0
M0022,3158,2026-08-13,2026-08-13T21:23:43+09:00,-1200,-5900,32.7786,0
M0022,3158,2026-08-13,2026-08-13T22:03:35+09:00,-900,-5600,33.4431,0
M0022,3158,2026-08-14,2026-08-14T10:54:41+09:00,-100,-5600,33.4431,1
M0022,3158,2026-08-14,2026-08-14T11:29:45+09:00,600,-4900,34.0275,0
M0022,3158,2026-08-14,2026-08-14T12:04:15+09:00,2000,-3500,34.6025,0
M0022,3158,2026-08-14,2026-08-14T12:37:28+09:00,2400,-3100,35.1561,0
M0022,3158,2026-08-14,2026-08-14T13:06:37+09:00,3500,-2000,35.6419,0
M0022,3158,2026-08-14,2026-08-14T13:35:02+09:00,5700,200,36.1156,0
M0022,3158,2026-08-14,2026-08-14T14:10:37+09:00,8000,2500,36.7086,0
M0022,3158,2026-08-14,2026-08-14T14:55:41+09:00,8500,3000,37.4597,0
M0022,3158,2026-08-14,2026-08-14T15:31:41+09:00,8300,2800,38.0597,0
M0022,3158,2026-08-14,2026-08-14T16:08:02+09:00,7700,2200,38.6656,0
M0022,3158,2026-08-14,2026-08-14T16:41:57+09:00,6400,900,39.2308,0
M0022,3158,2026-08-14,2026-08-14T17:30:37+09:00,7300,1800,40.0419,0
M0022,3158,2026-08-14,2026-08-14T18:07:43+09:00,8100,2600,40.6603,0
M0022,3158,2026-08-14,2026-08-14T18:43:04+09:00,8000,2500,41.2494,0
M0022,3158,2026-08-14,2026-08-14T19:31:33+09:00,7700,2200,42.0575,0
M0022,3158,2026-08-14,2026-08-14T20:09:17+09:00,8300,2800,42.6864,0
M0022,3158,2026-08-14,2026-08-14T20:55:41+09:00,7700,2200,43.4597,0
M0022,3158,2026-08-14,2026-08-14T21:33:02+09:00,7200,1700,44.0822,0
M0022,3158,2026-08-14,2026-08-14T22:11:45+09:00,6700,1200,44.7275,0
M0022,3158,2026-08-14,2026-08-14T23:00:09+09:00,7300,1800,45.5342,0
M0022,3158,2026-08-15,2026-08-15T10:54:13+09:00,-100,1800,45.5342,1
M0022,3158,2026-08-15,2026-08-15T11:29:09+09:00,-300,1600,46.1164,0
M0022,3158,2026-08-15,2026-08-15T12:03:27+09:00,-1100,800,46.6881,0
M0022,3158,2026-08-15,2026-08-15T12:36:37+09:00,-100,1800,47.2408,0
M0022,3158,2026-08-15,2026-08-15T13:08:49+09:00,2000,3900,47.7775,0
M0022,3158,2026-08-15,2026-08-15T14:36:09+09:00,1500,3400,49.2331,0
M0022,3158,2026-08-15,2026-08-15T15:11:53+09:00,2000,3900,49.8286,0
M0022,3158,2026-08-15,2026-08-15T15:58:43+09:00,1200,3100,50.6092,0
M0022,3158,2026-08-15,2026-08-15T16:34:01+09:00,2200,4100,51.1975,0
M0022,3158,2026-08-15,2026-08-15T17:11:17+09:00,3800,5700,51.8186,0
M0022,3158,2026-08-15,2026-08-15T17:58:39+09:00,3300,5200,52.6081,0
M0022,3158,2026-08-15,2026-08-15T18:35:13+09:00,5100,7000,53.2175,0
M0022,3158,2026-08-15,2026-08-15T19:12:53+09:00,5000,6900,53.8453,0
M0022,3158,2026-08-15,2026-08-15T20:01:19+09:00,4300,6200,54.6525,0
M0022,3158,2026-08-15,2026-08-15T20:38:25+09:00,3800,5700,55.2708,0
M0022,3158,2026-08-15,2026-08-15T21:25:49+09:00,3900,5800,56.0608,0
M0022,3158,2026-08-15,2026-08-15T22:04:23+09:00,3600,5500,56.7036,0
M0022,3158,2026-08-15,2026-08-15T22:41:53+09:00,2700,4600,57.3286,0
M0022,3158,2026-08-15,2026-08-15T23:30:39+09:00,3700,5600,58.1414,0
M0022,3158,2026-08-16,2026-08-16T10:53:41+09:00,-100,5600,58.1414,1
M0022,3158,2026-08-16,2026-08-16T11:28:27+09:00,700,6400,58.7208,0
M0022,3158,2026-08-16,2026-08-16T12:02:27+09:00,300,6000,59.2875,0
M0022,3158,2026-08-16,2026-08-16T12:35:49+09:00,-300,5400,59.8436,0
M0022,3158,2026-08-16,2026-08-16T13:06:49+09:00,-900,4800,60.3603,0
M0022,3158,2026-08-16,2026-08-16T13:36:19+09:00,-1500,4200,60.8519,0
M0022,3158,2026-08-16,2026-08-16T14:09:21+09:00,-2200,3500,61.4025,0
M0022,3158,2026-08-16,2026-08-16T14:51:21+09:00,-1300,4400,62.1025,0
M0022,3158,2026-08-16,2026-08-16T15:29:10+09:00,-700,5000,62.7328,0
M0022,3158,2026-08-16,2026-08-16T16:05:23+09:00,-1300,4400,63.3364,0
M0022,3158,2026-08-16,2026-08-16T16:39:55+09:00,3800,9500,63.9119,0
M0022,3158,2026-08-16,2026-08-16T17:30:17+09:00,6200,11900,64.7514,0
M0022,3158,2026-08-16,2026-08-16T18:07:35+09:00,6800,12500,65.3731,0
M0022,3158,2026-08-16,2026-08-16T18:38:25+09:00,6600,12300,65.8869,0
M0022,3158,2026-08-16,2026-08-16T19:40:19+09:00,5900,11600,66.9186,0
M0022,3158,2026-08-16,2026-08-16T20:25:39+09:00,5400,11100,67.6742,0
M0022,3158,2026-08-16,2026-08-16T21:04:51+09:00,5800,11500,68.3275,0
M0022,3158,2026-08-16,2026-08-16T21:42:13+09:00,5300,11000,68.9503,0
M0022,3158,2026-08-17,2026-08-17T10:52:31+09:00,-100,11000,68.9503,1
M0022,3158,2026-08-17,2026-08-17T11:28:29+09:00,-900,10200,69.5497,0
M0022,3158,2026-08-17,2026-08-17T12:02:23+09:00,-700,10400,70.1147,0
M0022,3158,2026-08-17,2026-08-17T12:34:35+09:00,-300,10800,70.6514,0
M0022,3158,2026-08-17,2026-08-17T15:11:21+09:00,-1300,9800,73.2642,0
M0022,3158,2026-08-17,2026-08-17T15:59:33+09:00,-1500,9600,74.0675,0
M0022,3158,2026-08-17,2026-08-17T16:33:27+09:00,-1900,9200,74.6325,0
M0022,3158,2026-08-17,2026-08-17T18:33:03+09:00,-2200,8900,76.6258,0
M0022,3158,2026-08-17,2026-08-17T19:09:23+09:00,-1700,9400,77.2314,0
M0022,3158,2026-08-17,2026-08-17T19:59:55+09:00,-2400,8700,78.0736,0
M0022,3158,2026-08-17,2026-08-17T20:35:21+09:00,-3100,8000,78.6642,0
M0022,3158,2026-08-17,2026-08-17T21:13:05+09:00,-2900,8200,79.2931,0
M0022,3158,2026-08-18,2026-08-18T10:52:51+09:00,-100,8200,79.2931,1
M0022,3158,2026-08-18,2026-08-18T11:28:45+09:00,-600,7700,79.8914,0
M0022,3158,2026-08-18,2026-08-18T12:02:47+09:00,-1200,7100,80.4586,0
M0022,3158,2026-08-18,2026-08-18T12:35:21+09:00,-200,8100,81.0014,0
M0023,3159,2026-08-11,2026-08-11T10:53:13+09:00,-200,-200,0.0000,1
M0023,3159,2026-08-11,2026-08-11T11:28:39+09:00,-800,-800,0.5906,0
M0023,3159,2026-08-11,2026-08-11T12:02:43+09:00,-1300,-1300,1.1583,0
M0023,3159,2026-08-11,2026-08-11T12:36:02+09:00,-1800,-1800,1.7136,0
M0023,3159,2026-08-11,2026-08-11T13:06:25+09:00,-2300,-2300,2.2200,0
M0023,3159,2026-08-11,2026-08-11T14:09:42+09:00,-1800,-1800,3.2747,0
M0023,3159,2026-08-11,2026-08-11T14:50:37+09:00,-2400,-2400,3.9567,0
M0023,3159,2026-08-11,2026-08-11T15:29:09+09:00,-2700,-2700,4.5989,0
M0023,3159,2026-08-11,2026-08-11T16:05:23+09:00,-3300,-3300,5.2028,0
M0023,3159,2026-08-11,2026-08-11T16:40:17+09:00,-2800,-2800,5.7844,0
M0023,3159,2026-08-11,2026-08-11T17:28:47+09:00,-1400,-1400,6.5928,0
M0023,3159,2026-08-11,2026-08-11T18:06:29+09:00,300,300,7.2211,0
M0023,3159,2026-08-11,2026-08-11T18:41:47+09:00,2900,2900,7.8094,0
M0023,3159,2026-08-11,2026-08-11T19:30:51+09:00,3200,3200,8.6272,0
M0023,3159,2026-08-11,2026-08-11T20:08:57+09:00,2600,2600,9.2622,0
M0023,3159,2026-08-11,2026-08-11T21:03:30+09:00,2100,2100,10.1714,0
M0023,3159,2026-08-12,2026-08-12T10:53:47+09:00,0,2100,10.1714,1
M0023,3159,2026-08-12,2026-08-12T12:02:51+09:00,-200,1900,11.3225,0
M0023,3159,2026-08-12,2026-08-12T12:36:01+09:00,-900,1200,11.8753,0
M0023,3159,2026-08-12,2026-08-12T13:06:31+09:00,-1600,500,12.3836,0
M0023,3159,2026-08-12,2026-08-12T13:35:53+09:00,-1100,1000,12.8731,0
M0023,3159,2026-08-12,2026-08-12T14:11:01+09:00,-800,1300,13.4586,0
M0023,3159,2026-08-12,2026-08-12T16:35:17+09:00,-1000,1100,15.8631,0
M0023,3159,2026-08-12,2026-08-12T17:01:31+09:00,-1400,700,16.3003,0
M0023,3159,2026-08-12,2026-08-12T17:36:51+09:00,-1900,200,16.8892,0
M0023,3159,2026-08-12,2026-08-12T18:14:03+09:00,-1700,400,17.5092,0
M0023,3159,2026-08-12,2026-08-12T19:01:02+09:00,-1900,200,18.2922,0
M0023,3159,2026-08-12,2026-08-12T19:36:51+09:00,-2200,-100,18.8892,0
M0023,3159,2026-08-12,2026-08-12T20:14:43+09:00,-1700,400,19.5203,0
M0023,3159,2026-08-12,2026-08-12T21:03:27+09:00,800,2900,20.3325,0
M0023,3159,2026-08-12,2026-08-12T21:39:31+09:00,4000,6100,20.9336,0
M0023,3159,2026-08-13,2026-08-13T10:54:54+09:00,-100,6100,20.9336,1
M0023,3159,2026-08-13,2026-08-13T11:29:13+09:00,-500,5700,21.5056,0
M0023,3159,2026-08-13,2026-08-13T12:03:39+09:00,-1100,5100,22.0794,0
M0023,3159,2026-08-13,2026-08-13T12:36:57+09:00,-1800,4400,22.6344,0
M0023,3159,2026-08-13,2026-08-13T13:09:39+09:00,-2100,4100,23.1794,0
M0023,3159,2026-08-13,2026-08-13T14:00:59+09:00,-1500,4700,24.0350,0
M0023,3159,2026-08-13,2026-08-13T14:35:09+09:00,-1600,4600,24.6044,0
M0023,3159,2026-08-13,2026-08-13T15:11:23+09:00,-1900,4300,25.2083,0
M0023,3159,2026-08-13,2026-08-13T15:58:27+09:00,-2600,3600,25.9928,0
M0023,3159,2026-08-13,2026-08-13T16:33:27+09:00,-3100,3100,26.5761,0
M0023,3159,2026-08-13,2026-08-13T17:10:25+09:00,-3600,2600,27.1922,0
M0023,3159,2026-08-13,2026-08-13T19:14:33+09:00,-4500,1700,29.2611,0
M0023,3159,2026-08-13,2026-08-13T20:02:43+09:00,-3800,2400,30.0639,0
M0023,3159,2026-08-13,2026-08-13T20:39:10+09:00,-4500,1700,30.6714,0
M0023,3159,2026-08-13,2026-08-13T21:23:43+09:00,-4600,1600,31.4139,0
M0023,3159,2026-08-13,2026-08-13T22:03:35+09:00,-4800,1400,32.0783,0
M0023,3159,2026-08-13,2026-08-13T22:40:21+09:00,-5300,900,32.6911,0
M0023,3159,2026-08-14,2026-08-14T10:54:41+09:00,0,900,32.6911,1
M0023,3159,2026-08-14,2026-08-14T11:29:45+09:00,-700,200,33.2756,0
M0023,3159,2026-08-14,2026-08-14T12:04:15+09:00,-1300,-400,33.8506,0
M0023,3159,2026-08-14,2026-08-14T12:37:28+09:00,-1100,-200,34.4042,0
M0023,3159,2026-08-14,2026-08-14T13:06:37+09:00,-1500,-600,34.8900,0
M0023,3159,2026-08-14,2026-08-14T13:35:02+09:00,-800,100,35.3636,0
M0023,3159,2026-08-14,2026-08-14T14:10:37+09:00,100,1000,35.9567,0
M0023,3159,2026-08-14,2026-08-14T14:55:41+09:00,1600,2500,36.7078,0
M0023,3159,2026-08-14,2026-08-14T15:31:41+09:00,2400,3300,37.3078,0
M0023,3159,2026-08-14,2026-08-14T16:08:02+09:00,4600,5500,37.9136,0
M0023,3159,2026-08-14,2026-08-14T16:41:57+09:00,6100,7000,38.4789,0
M0023,3159,2026-08-14,2026-08-14T17:30:37+09:00,5800,6700,39.2900,0
M0023,3159,2026-08-14,2026-08-14T18:07:43+09:00,5200,6100,39.9083,0
M0023,3159,2026-08-14,2026-08-14T18:43:04+09:00,6900,7800,40.4975,0
M0023,3159,2026-08-14,2026-08-14T19:31:33+09:00,6400,7300,41.3056,0
M0023,3159,2026-08-14,2026-08-14T20:09:17+09:00,6600,7500,41.9344,0
M0023,3159,2026-08-14,2026-08-14T20:55:41+09:00,5900,6800,42.7078,0
M0023,3159,2026-08-14,2026-08-14T21:33:02+09:00,5300,6200,43.3303,0
M0023,3159,2026-08-14,2026-08-14T22:11:45+09:00,6400,7300,43.9756,0
M0023,3159,2026-08-14,2026-08-14T23:00:09+09:00,5800,6700,44.7822,0
M0023,3159,2026-08-15,2026-08-15T10:54:13+09:00,-100,6700,44.7822,1
M0023,3159,2026-08-15,2026-08-15T11:29:09+09:00,-300,6500,45.3644,0
M0023,3159,2026-08-15,2026-08-15T12:03:27+09:00,2100,8900,45.9361,0
M0023,3159,2026-08-15,2026-08-15T12:36:37+09:00,4500,11300,46.4889,0
M0023,3159,2026-08-15,2026-08-15T13:08:49+09:00,6000,12800,47.0256,0
M0023,3159,2026-08-15,2026-08-15T14:01:55+09:00,6100,12900,47.9106,0
M0023,3159,2026-08-15,2026-08-15T14:36:09+09:00,6000,12800,48.4811,0
M0023,3159,2026-08-15,2026-08-15T15:11:53+09:00,5700,12500,49.0767,0
M0023,3159,2026-08-15,2026-08-15T15:58:43+09:00,7700,14500,49.8572,0
M0023,3159,2026-08-15,2026-08-15T16:34:01+09:00,9600,16400,50.4456,0
M0023,3159,2026-08-15,2026-08-15T17:11:17+09:00,10600,17400,51.0667,0
M0023,3159,2026-08-15,2026-08-15T17:58:39+09:00,10900,17700,51.8561,0
M0023,3159,2026-08-15,2026-08-15T18:35:13+09:00,10200,17000,52.4656,0
M0023,3159,2026-08-15,2026-08-15T19:12:53+09:00,9900,16700,53.0933,0
M0023,3159,2026-08-15,2026-08-15T20:01:19+09:00,9300,16100,53.9006,0
M0023,3159,2026-08-15,2026-08-15T20:38:25+09:00,8300,15100,54.5189,0
M0023,3159,2026-08-15,2026-08-15T21:25:49+09:00,9200,16000,55.3089,0
M0023,3159,2026-08-15,2026-08-15T22:41:53+09:00,10000,16800,56.5767,0
M0023,3159,2026-08-15,2026-08-15T23:30:39+09:00,12400,19200,57.3894,0
M0023,3159,2026-08-16,2026-08-16T10:53:41+09:00,-100,19200,57.3894,1
M0023,3159,2026-08-16,2026-08-16T11:28:27+09:00,300,19600,57.9689,0
M0023,3159,2026-08-16,2026-08-16T12:02:27+09:00,-400,18900,58.5356,0
M0023,3159,2026-08-16,2026-08-16T12:35:49+09:00,-900,18400,59.0917,0
M0023,3159,2026-08-16,2026-08-16T13:06:49+09:00,-700,18600,59.6083,0
M0023,3159,2026-08-16,2026-08-16T13:36:19+09:00,-1200,18100,60.1000,0
M0023,3159,2026-08-16,2026-08-16T14:09:21+09:00,-1400,17900,60.6506,0
M0023,3159,2026-08-16,2026-08-16T14:51:21+09:00,-600,18700,61.3506,0
M0023,3159,2026-08-16,2026-08-16T15:29:10+09:00,-1100,18200,61.9808,0
M0023,3159,2026-08-16,2026-08-16T16:05:23+09:00,100,19400,62.5844,0
M0023,3159,2026-08-16,2026-08-16T16:39:55+09:00,3200,22500,63.1600,0
M0023,3159,2026-08-16,2026-08-16T17:30:17+09:00,2700,22000,63.9994,0
M0023,3159,2026-08-16,2026-08-16T18:07:35+09:00,2200,21500,64.6211,0
M0023,3159,2026-08-16,2026-08-16T18:38:25+09:00,1900,21200,65.1350,0
M0023,3159,2026-08-16,2026-08-16T19:40:19+09:00,1100,20400,66.1667,0
M0023,3159,2026-08-16,2026-08-16T20:25:39+09:00,1300,20600,66.9222,0
M0023,3159,2026-08-16,2026-08-16T21:04:51+09:00,500,19800,67.5756,0
M0023,3159,2026-08-16,2026-08-16T21:42:13+09:00,600,19900,68.1983,0
M0023,3159,2026-08-17,2026-08-17T10:52:31+09:00,0,19900,68.1983,1
M0023,3159,2026-08-17,2026-08-17T11:28:29+09:00,100,20000,68.7978,0
M0023,3159,2026-08-17,2026-08-17T12:02:23+09:00,0,19900,69.3628,0
M0023,3159,2026-08-17,2026-08-17T12:34:35+09:00,-200,19700,69.8994,0
M0023,3159,2026-08-17,2026-08-17T13:07:15+09:00,-900,19000,70.4439,0
M0023,3159,2026-08-17,2026-08-17T13:35:21+09:00,-1300,18600,70.9122,0
M0023,3159,2026-08-17,2026-08-17T14:03:11+09:00,-500,19400,71.3761,0
M0023,3159,2026-08-17,2026-08-17T17:09:07+09:00,-600,19300,74.4750,0
M0023,3159,2026-08-17,2026-08-17T17:58:27+09:00,-1200,18700,75.2972,0
M0023,3159,2026-08-17,2026-08-17T18:33:03+09:00,-1900,18000,75.8739,0
M0023,3159,2026-08-17,2026-08-17T19:09:23+09:00,-900,19000,76.4794,0
M0023,3159,2026-08-17,2026-08-17T21:13:05+09:00,-1200,18700,78.5411,0
M0023,3159,2026-08-17,2026-08-17T21:59:13+09:00,-1900,18000,79.3100,0
M0023,3159,2026-08-17,2026-08-17T22:34:49+09:00,-2200,17700,79.9033,0
M0023,3159,2026-08-17,2026-08-17T23:11:50+09:00,-2000,17900,80.5203,0
M0023,3159,2026-08-18,2026-08-18T10:52:51+09:00,-200,17900,80.5203,1
M0023,3159,2026-08-18,2026-08-18T11:28:45+09:00,-900,17200,81.1186,0
M0023,3159,2026-08-18,2026-08-18T12:02:47+09:00,-500,17600,81.6858,0
M0023,3159,2026-08-18,2026-08-18T12:35:21+09:00,-1100,17000,82.2286,0
M0023,3159,2026-08-18,2026-08-18T13:07:37+09:00,-1300,16800,82.7664,0
M0023,3159,2026-08-18,2026-08-18T14:04:28+09:00,-1700,16400,83.7139,0
M0024,3160,2026-08-11,2026-08-11T10:53:13+09:00,200,200,0.0000,1
M0024,3160,2026-08-11,2026-08-11T11:28:39+09:00,-200,-200,0.5906,0
M0024,3160,2026-08-11,2026-08-11T12:02:43+09:00,2200,2200,1.1583,0
M0024,3160,2026-08-11,2026-08-11T12:36:02+09:00,5000,5000,1.7136,0
M0024,3160,2026-08-11,2026-08-11T13:06:25+09:00,4600,4600,2.2200,0
M0024,3160,2026-08-11,2026-08-11T13:34:33+09:00,4400,4400,2.6889,0
M0024,3160,2026-08-11,2026-08-11T14:09:42+09:00,3700,3700,3.2747,0
M0024,3160,2026-08-11,2026-08-11T16:05:23+09:00,3100,3100,5.2028,0
M0024,3160,2026-08-11,2026-08-11T16:40:17+09:00,3200,3200,5.7844,0
M0024,3160,2026-08-11,2026-08-11T17:28:47+09:00,5800,5800,6.5928,0
M0024,3160,2026-08-11,2026-08-11T18:06:29+09:00,5100,5100,7.2211,0
M0024,3160,2026-08-11,2026-08-11T18:41:47+09:00,5600,5600,7.8094,0
M0024,3160,2026-08-11,2026-08-11T19:30:51+09:00,5900,5900,8.6272,0
M0024,3160,2026-08-11,2026-08-11T20:08:57+09:00,5300,5300,9.2622,0
M0024,3160,2026-08-11,2026-08-11T21:39:59+09:00,5200,5200,10.7794,0
M0024,3160,2026-08-11,2026-08-11T22:25:23+09:00,5600,5600,11.5361,0
M0024,3160,2026-08-12,2026-08-12T10:53:47+09:00,0,5600,11.5361,1
M0024,3160,2026-08-12,2026-08-12T13:06:31+09:00,-100,5500,13.7483,0
M0024,3160,2026-08-12,2026-08-12T13:35:53+09:00,0,5600,14.2378,0
M0024,3160,2026-08-12,2026-08-12T14:11:01+09:00,1600,7200,14.8233,0
M0024,3160,2026-08-12,2026-08-12T14:56:33+09:00,1400,7000,15.5822,0
M0024,3160,2026-08-12,2026-08-12T15:31:45+09:00,1000,6600,16.1689,0
M0024,3160,2026-08-13,2026-08-13T10:54:54+09:00,-100,6600,16.1689,1
M0024,3160,2026-08-13,2026-08-13T11:29:13+09:00,-500,6200,16.7408,0
M0024,3160,2026-08-13,2026-08-13T12:03:39+09:00,1100,7800,17.3147,0
M0024,3160,2026-08-13,2026-08-13T12:36:57+09:00,900,7600,17.8697,0
M0024,3160,2026-08-13,2026-08-13T13:09:39+09:00,800,7500,18.4147,0
M0024,3160,2026-08-13,2026-08-13T14:00:59+09:00,100,6800,19.2703,0
M0024,3160,2026-08-13,2026-08-13T14:35:09+09:00,-200,6500,19.8397,0
M0024,3160,2026-08-13,2026-08-13T15:11:23+09:00,400,7100,20.4436,0
M0024,3160,2026-08-13,2026-08-13T15:58:27+09:00,600,7300,21.2281,0
M0024,3160,2026-08-13,2026-08-13T16:33:27+09:00,3300,10000,21.8114,0
M0024,3160,2026-08-13,2026-08-13T17:10:25+09:00,3900,10600,22.4275,0
M0024,3160,2026-08-13,2026-08-13T17:59:47+09:00,5000,11700,23.2503,0
M0024,3160,2026-08-13,2026-08-13T18:36:04+09:00,5500,12200,23.8550,0
M0024,3160,2026-08-13,2026-08-13T19:14:33+09:00,5400,12100,24.4964,0
M0024,3160,2026-08-13,2026-08-13T20:02:43+09:00,5900,12600,25.2992,0
M0024,3160,2026-08-13,2026-08-13T20:39:10+09:00,6600,13300,25.9067,0
M0024,3160,2026-08-13,2026-08-13T21:23:43+09:00,5900,12600,26.6492,0
M0024,3160,2026-08-13,2026-08-13T22:03:35+09:00,5300,12000,27.3136,0
M0024,3160,2026-08-13,2026-08-13T22:40:21+09:00,5000,11700,27.9264,0
M0024,3160,2026-08-14,2026-08-14T10:54:41+09:00,-100,11700,27.9264,1
M0024,3160,2026-08-14,2026-08-14T11:29:45+09:00,-400,11400,28.5108,0
M0024,3160,2026-08-14,2026-08-14T12:04:15+09:00,-800,11000,29.0858,0
M0024,3160,2026-08-14,2026-08-14T12:37:28+09:00,-1000,10800,29.6394,0
M0024,3160,2026-08-14,2026-08-14T13:06:37+09:00,-1400,10400,30.1253,0
M0024,3160,2026-08-14,2026-08-14T13:35:02+09:00,-2000,9800,30.5989,0
M0024,3160,2026-08-14,2026-08-14T14:10:37+09:00,2400,14200,31.1919,0
M0024,3160,2026-08-14,2026-08-14T14:55:41+09:00,3000,14800,31.9431,0
M0024,3160,2026-08-14,2026-08-14T15:31:41+09:00,2700,14500,32.5431,0
M0024,3160,2026-08-14,2026-08-14T16:08:02+09:00,2500,14300,33.1489,0
M0024,3160,2026-08-14,2026-08-14T16:41:57+09:00,1600,13400,33.7142,0
M0024,3160,2026-08-14,2026-08-14T17:30:37+09:00,1000,12800,34.5253,0
M0024,3160,2026-08-14,2026-08-14T18:07:43+09:00,400,12200,35.1436,0
M0024,3160,2026-08-14,2026-08-14T18:43:04+09:00,-600,11200,35.7328,0
M0024,3160,2026-08-14,2026-08-14T19:31:33+09:00,-1300,10500,36.5408,0
M0024,3160,2026-08-14,2026-08-14T20:55:41+09:00,-1800,10000,37.9431,0
M0024,3160,2026-08-14,2026-08-14T21:33:02+09:00,-2300,9500,38.5656,0
M0024,3160,2026-08-14,2026-08-14T22:11:45+09:00,-3400,8400,39.2108,0
M0024,3160,2026-08-14,2026-08-14T23:00:09+09:00,-3600,8200,40.0175,0
M0024,3160,2026-08-15,2026-08-15T10:54:13+09:00,-200,8200,40.0175,1
M0024,3160,2026-08-15,2026-08-15T11:29:09+09:00,-800,7600,40.5997,0
M0024,3160,2026-08-15,2026-08-15T12:03:27+09:00,-1400,7000,41.1714,0
M0024,3160,2026-08-15,2026-08-15T12:36:37+09:00,-2100,6300,41.7242,0
M0024,3160,2026-08-15,2026-08-15T13:08:49+09:00,-2900,5500,42.2608,0
M0024,3160,2026-08-15,2026-08-15T14:01:55+09:00,-3000,5400,43.1458,0
M0024,3160,2026-08-15,2026-08-15T14:36:09+09:00,-3200,5200,43.7164,0
M0024,3160,2026-08-15,2026-08-15T15:11:53+09:00,-4600,3800,44.3119,0
M0024,3160,2026-08-15,2026-08-15T15:58:43+09:00,-5000,3400,45.0925,0
M0024,3160,2026-08-15,2026-08-15T16:34:01+09:00,-5600,2800,45.6808,0
M0024,3160,2026-08-15,2026-08-15T17:11:17+09:00,-6800,1600,46.3019,0
M0024,3160,2026-08-15,2026-08-15T17:58:39+09:00,-7400,1000,47.0914,0
M0024,3160,2026-08-15,2026-08-15T18:35:13+09:00,-7700,700,47.7008,0
M0024,3160,2026-08-15,2026-08-15T19:12:53+09:00,-7800,600,48.3286,0
M0024,3160,2026-08-15,2026-08-15T20:01:19+09:00,-8300,100,49.1358,0
M0024,3160,2026-08-15,2026-08-15T20:38:25+09:00,-9700,-1300,49.7542,0
M0024,3160,2026-08-15,2026-08-15T21:25:49+09:00,-8100,300,50.5442,0
M0024,3160,2026-08-15,2026-08-15T22:04:23+09:00,-5600,2800,51.1869,0
M0024,3160,2026-08-15,2026-08-15T22:41:53+09:00,-2100,6300,51.8119,0
M0024,3160,2026-08-15,2026-08-15T23:30:39+09:00,-2700,5700,52.6247,0
M0024,3160,2026-08-16,2026-08-16T10:53:41+09:00,-100,5700,52.6247,1
M0024,3160,2026-08-16,2026-08-16T11:28:27+09:00,-800,5000,53.2042,0
M0024,3160,2026-08-16,2026-08-16T12:02:27+09:00,-1100,4700,53.7708,0
M0024,3160,2026-08-16,2026-08-16T12:35:49+09:00,-1000,4800,54.3269,0
M0024,3160,2026-08-16,2026-08-16T13:06:49+09:00,-1400,4400,54.8436,0
M0024,3160,2026-08-16,2026-08-16T13:36:19+09:00,-800,5000,55.3353,0
M0024,3160,2026-08-16,2026-08-16T14:09:21+09:00,-1900,3900,55.8858,0
M0024,3160,2026-08-16,2026-08-16T14:51:21+09:00,-1300,4500,56.5858,0
M0024,3160,2026-08-16,2026-08-16T15:29:10+09:00,-1900,3900,57.2161,0
M0024,3160,2026-08-16,2026-08-16T16:05:23+09:00,-1600,4200,57.8197,0
M0024,3160,2026-08-16,2026-08-16T16:39:55+09:00,-1800,4000,58.3953,0
M0024,3160,2026-08-16,2026-08-16T17:30:17+09:00,-1500,4300,59.2347,0
M0024,3160,2026-08-16,2026-08-16T18:38:25+09:00,-2500,3300,60.3703,0
M0024,3160,2026-08-16,2026-08-16T19:40:19+09:00,-2200,3600,61.4019,0
M0024,3160,2026-08-16,2026-08-16T20:25:39+09:00,-2100,3700,62.1575,0
M0024,3160,2026-08-17,2026-08-17T10:52:31+09:00,0,3700,62.1575,1
M0024,3160,2026-08-17,2026-08-17T12:34:35+09:00,-200,3500,63.8586,0
M0024,3160,2026-08-17,2026-08-17T13:07:15+09:00,-1000,2700,64.4031,0
M0024,3160,2026-08-17,2026-08-17T13:35:21+09:00,-1400,2300,64.8714,0
M0024,3160,2026-08-17,2026-08-17T14:03:11+09:00,-2000,1700,65.3353,0
M0024,3160,2026-08-17,2026-08-17T14:36:43+09:00,-1900,1800,65.8942,0
M0024,3160,2026-08-17,2026-08-17T15:11:21+09:00,-2500,1200,66.4714,0
M0024,3160,2026-08-17,2026-08-17T17:09:07+09:00,-2400,1300,68.4342,0
M0024,3160,2026-08-17,2026-08-17T17:58:27+09:00,-600,3100,69.2564,0
M0024,3160,2026-08-17,2026-08-17T18:33:03+09:00,1700,5400,69.8331,0
M0024,3160,2026-08-17,2026-08-17T19:09:23+09:00,2600,6300,70.4386,0
M0024,3160,2026-08-17,2026-08-17T19:59:55+09:00,2700,6400,71.2808,0
M0024,3160,2026-08-17,2026-08-17T20:35:21+09:00,2100,5800,71.8714,0
M0024,3160,2026-08-17,2026-08-17T21:13:05+09:00,2600,6300,72.5003,0
M0024,3160,2026-08-17,2026-08-17T21:59:13+09:00,2400,6100,73.2692,0
M0024,3160,2026-08-17,2026-08-17T22:34:49+09:00,2000,5700,73.8625,0
M0024,3160,2026-08-18,2026-08-18T10:52:51+09:00,-100,5700,73.8625,1
M0024,3160,2026-08-18,2026-08-18T11:28:45+09:00,-800,5000,74.4608,0
M0024,3160,2026-08-18,2026-08-18T12:02:47+09:00,-1400,4400,75.0281,0
M0024,3160,2026-08-18,2026-08-18T12:35:21+09:00,-1900,3900,75.5708,0
M0024,3160,2026-08-18,2026-08-18T13:07:37+09:00,-2100,3700,76.1086,0
M0024,3160,2026-08-18,2026-08-18T13:35:43+09:00,-1100,4700,76.5769,0
M0025,3161,2026-08-11,2026-08-11T10:53:13+09:00,-100,-100,0.0000,1
M0025,3161,2026-08-11,2026-08-11T11:28:39+09:00,300,300,0.5906,0
M0025,3161,2026-08-11,2026-08-11T12:02:43+09:00,0,0,1.1583,0
M0025,3161,2026-08-11,2026-08-11T12:36:02+09:00,-700,-700,1.7136,0
M0025,3161,2026-08-11,2026-08-11T13:06:25+09:00,700,700,2.2200,0
M0025,3161,2026-08-11,2026-08-11T13:34:33+09:00,600,600,2.6889,0
M0025,3161,2026-08-11,2026-08-11T14:09:42+09:00,300,300,3.2747,0
M0025,3161,2026-08-11,2026-08-11T14:50:37+09:00,100,100,3.9567,0
M0025,3161,2026-08-11,2026-08-11T15:29:09+09:00,0,0,4.5989,0
M0025,3161,2026-08-11,2026-08-11T16:05:23+09:00,-700,-700,5.2028,0
M0025,3161,2026-08-11,2026-08-11T16:40:17+09:00,-1500,-1500,5.7844,0
M0025,3161,2026-08-11,2026-08-11T17:28:47+09:00,-800,-800,6.5928,0
M0025,3161,2026-08-11,2026-08-11T19:30:51+09:00,-1400,-1400,8.6272,0
M0025,3161,2026-08-11,2026-08-11T20:08:57+09:00,-2000,-2000,9.2622,0
M0025,3161,2026-08-11,2026-08-11T21:03:30+09:00,-200,-200,10.1714,0
M0025,3161,2026-08-11,2026-08-11T21:39:59+09:00,600,600,10.7794,0
M0025,3161,2026-08-12,2026-08-12T10:53:47+09:00,-100,600,10.7794,1
M0025,3161,2026-08-12,2026-08-12T11:28:45+09:00,-300,400,11.3622,0
M0025,3161,2026-08-12,2026-08-12T12:02:51+09:00,-600,100,11.9306,0
M0025,3161,2026-08-12,2026-08-12T12:36:01+09:00,-1000,-300,12.4833,0
M0025,3161,2026-08-12,2026-08-12T13:06:31+09:00,-1800,-1100,12.9917,0
M0025,3161,2026-08-12,2026-08-12T14:11:01+09:00,-1300,-600,14.0667,0
M0025,3161,2026-08-12,2026-08-12T14:56:33+09:00,-1200,-500,14.8256,0
M0025,3161,2026-08-12,2026-08-12T16:35:17+09:00,-1500,-800,16.4711,0
M0025,3161,2026-08-12,2026-08-12T17:01:31+09:00,-900,-200,16.9083,0
M0025,3161,2026-08-12,2026-08-12T17:36:51+09:00,-1600,-900,17.4972,0
M0025,3161,2026-08-12,2026-08-12T19:36:51+09:00,-2100,-1400,19.4972,0
M0025,3161,2026-08-12,2026-08-12T20:14:43+09:00,-2400,-1700,20.1283,0
M0025,3161,2026-08-13,2026-08-13T10:54:54+09:00,0,-1700,20.1283,1
M0025,3161,2026-08-13,2026-08-13T11:29:13+09:00,-700,-2400,20.7003,0
M0025,3161,2026-08-13,2026-08-13T12:03:39+09:00,-1200,-2900,21.2742,0
M0025,3161,2026-08-13,2026-08-13T12:36:57+09:00,1200,-500,21.8292,0
M0025,3161,2026-08-13,2026-08-13T13:09:39+09:00,2900,1200,22.3742,0
M0025,3161,2026-08-13,2026-08-13T14:00:59+09:00,2500,800,23.2297,0
M0025,3161,2026-08-13,2026-08-13T15:11:23+09:00,1500,-200,24.4031,0
M0025,3161,2026-08-13,2026-08-13T15:58:27+09:00,1400,-300,25.1875,0
M0025,3161,2026-08-13,2026-08-13T16:33:27+09:00,1700,0,25.7708,0
M0025,3161,2026-08-13,2026-08-13T17:10:25+09:00,2000,300,26.3869,0
M0025,3161,2026-08-13,2026-08-13T17:59:47+09:00,2500,800,27.2097,0
M0025,3161,2026-08-13,2026-08-13T18:36:04+09:00,2200,500,27.8144,0
M0025,3161,2026-08-13,2026-08-13T19:14:33+09:00,3200,1500,28.4558,0
M0025,3161,2026-08-13,2026-08-13T20:39:10+09:00,3300,1600,29.8661,0
M0025,3161,2026-08-13,2026-08-13T21:23:43+09:00,3400,1700,30.6086,0
M0025,3161,2026-08-13,2026-08-13T22:03:35+09:00,2900,1200,31.2731,0
M0025,3161,2026-08-13,2026-08-13T22:40:21+09:00,2800,1100,31.8858,0
M0025,3161,2026-08-14,2026-08-14T10:54:41+09:00,-100,1100,31.8858,1
M0025,3161,2026-08-14,2026-08-14T12:04:15+09:00,2000,3200,33.0453,0
M0025,3161,2026-08-14,2026-08-14T12:37:28+09:00,1400,2600,33.5989,0
M0025,3161,2026-08-14,2026-08-14T13:06:37+09:00,900,2100,34.0847,0
M0025,3161,2026-08-14,2026-08-14T13:35:02+09:00,100,1300,34.5583,0
M0025,3161,2026-08-14,2026-08-14T14:10:37+09:00,800,2000,35.1514,0
M0025,3161,2026-08-14,2026-08-14T14:55:41+09:00,300,1500,35.9025,0
M0025,3161,2026-08-14,2026-08-14T15:31:41+09:00,200,1400,36.5025,0
M0025,3161,2026-08-14,2026-08-14T16:08:02+09:00,600,1800,37.1083,0
M0025,3161,2026-08-14,2026-08-14T16:41:57+09:00,3200,4400,37.6736,0
M0025,3161,2026-08-14,2026-08-14T17:30:37+09:00,3300,4500,38.4847,0
M0025,3161,2026-08-14,2026-08-14T18:07:43+09:00,3100,4300,39.1031,0
M0025,3161,2026-08-14,2026-08-14T18:43:04+09:00,2400,3600,39.6922,0
M0025,3161,2026-08-14,2026-08-14T19:31:33+09:00,5000,6200,40.5003,0
M0025,3161,2026-08-14,2026-08-14T20:09:17+09:00,7300,8500,41.1292,0
M0025,3161,2026-08-14,2026-08-14T20:55:41+09:00,10100,11300,41.9025,0
M0025,3161,2026-08-14,2026-08-14T21:33:02+09:00,12600,13800,42.5250,0
M0025,3161,2026-08-14,2026-08-14T22:11:45+09:00,14900,16100,43.1703,0
M0025,3161,2026-08-14,2026-08-14T23:00:09+09:00,14800,16000,43.9769,0
M0025,3161,2026-08-14,2026-08-14T23:38:17+09:00,14600,15800,44.6125,0
M0025,3161,2026-08-15,2026-08-15T10:54:13+09:00,-100,15800,44.6125,1
M0025,3161,2026-08-15,2026-08-15T11:29:09+09:00,-600,15300,45.1947,0
M0025,3161,2026-08-15,2026-08-15T12:03:27+09:00,-1100,14800,45.7664,0
M0025,3161,2026-08-15,2026-08-15T12:36:37+09:00,-900,15000,46.3192,0
M0025,3161,2026-08-15,2026-08-15T13:08:49+09:00,-1200,14700,46.8558,0
M0025,3161,2026-08-15,2026-08-15T14:01:55+09:00,-1700,14200,47.7408,0
M0025,3161,2026-08-15,2026-08-15T14:36:09+09:00,-2300,13600,48.3114,0
M0025,3161,2026-08-15,2026-08-15T15:11:53+09:00,-1900,14000,48.9069,0
M0025,3161,2026-08-15,2026-08-15T15:58:43+09:00,-2000,13900,49.6875,0
M0025,3161,2026-08-15,2026-08-15T16:34:01+09:00,-2500,13400,50.2758,0
M0025,3161,2026-08-15,2026-08-15T17:11:17+09:00,-2300,13600,50.8969,0
M0025,3161,2026-08-15,2026-08-15T17:58:39+09:00,-2400,13500,51.6864,0
M0025,3161,2026-08-15,2026-08-15T18:35:13+09:00,-2800,13100,52.2958,0
M0025,3161,2026-08-15,2026-08-15T19:12:53+09:00,-3900,12000,52.9236,0
M0025,3161,2026-08-15,2026-08-15T20:01:19+09:00,-4000,11900,53.7308,0
M0025,3161,2026-08-15,2026-08-15T20:38:25+09:00,-3500,12400,54.3492,0
M0025,3161,2026-08-16,2026-08-16T10:53:41+09:00,0,12400,54.3492,1
M0025,3161,2026-08-16,2026-08-16T11:28:27+09:00,-700,11700,54.9286,0
M0025,3161,2026-08-16,2026-08-16T12:02:27+09:00,-1200,11200,55.4953,0
M0025,3161,2026-08-16,2026-08-16T12:35:49+09:00,-1800,10600,56.0514,0
M0025,3161,2026-08-16,2026-08-16T13:06:49+09:00,-1500,10900,56.5681,0
M0025,3161,2026-08-16,2026-08-16T13:36:19+09:00,-1600,10800,57.0597,0
M0025,3161,2026-08-16,2026-08-16T14:09:21+09:00,-2300,10100,57.6103,0
M0025,3161,2026-08-16,2026-08-16T14:51:21+09:00,-2900,9500,58.3103,0
M0025,3161,2026-08-16,2026-08-16T16:05:23+09:00,-3500,8900,59.5442,0
M0025,3161,2026-08-16,2026-08-16T16:39:55+09:00,-4600,7800,60.1197,0
M0025,3161,2026-08-16,2026-08-16T17:30:17+09:00,-5000,7400,60.9592,0
M0025,3161,2026-08-16,2026-08-16T18:38:25+09:00,-5800,6600,62.0947,0
M0025,3161,2026-08-16,2026-08-16T19:40:19+09:00,-6400,6000,63.1264,0
M0025,3161,2026-08-16,2026-08-16T20:25:39+09:00,-6800,5600,63.8819,0
M0025,3161,2026-08-16,2026-08-16T21:04:51+09:00,-6700,5700,64.5353,0
M0025,3161,2026-08-16,2026-08-16T21:42:13+09:00,-6300,6100,65.1581,0
M0025,3161,2026-08-17,2026-08-17T10:52:31+09:00,0,6100,65.1581,1
M0025,3161,2026-08-17,2026-08-17T11:28:29+09:00,-600,5500,65.7575,0
M0025,3161,2026-08-17,2026-08-17T12:02:23+09:00,300,6400,66.3225,0
M0025,3161,2026-08-17,2026-08-17T15:59:33+09:00,-400,5700,70.2753,0
M0025,3161,2026-08-17,2026-08-17T16:33:27+09:00,-1000,5100,70.8403,0
M0025,3161,2026-08-17,2026-08-17T17:09:07+09:00,-1100,5000,71.4347,0
M0025,3161,2026-08-17,2026-08-17T17:58:27+09:00,-1200,4900,72.2569,0
M0025,3161,2026-08-17,2026-08-17T18:33:03+09:00,-1400,4700,72.8336,0
M0025,3161,2026-08-17,2026-08-17T19:59:55+09:00,-1600,4500,74.2814,0
M0025,3161,2026-08-17,2026-08-17T20:35:21+09:00,-2000,4100,74.8719,0
M0025,3161,2026-08-17,2026-08-17T21:13:05+09:00,-1600,4500,75.5008,0
M0025,3161,2026-08-17,2026-08-17T21:59:13+09:00,-200,5900,76.2697,0
M0025,3161,2026-08-17,2026-08-17T22:34:49+09:00,400,6500,76.8631,0
M0025,3161,2026-08-17,2026-08-17T23:11:50+09:00,-100,6000,77.4800,0
M0025,3161,2026-08-18,2026-08-18T10:52:51+09:00,-200,6000,77.4800,1
M0025,3161,2026-08-18,2026-08-18T11:28:45+09:00,200,6400,78.0783,0
M0025,3161,2026-08-18,2026-08-18T12:02:47+09:00,-600,5600,78.6456,0
M0025,3161,2026-08-18,2026-08-18T12:35:21+09:00,-800,5400,79.1883,0
M0025,3161,2026-08-18,2026-08-18T13:07:37+09:00,-1200,5000,79.7261,0
M0025,3161,2026-08-18,2026-08-18T13:35:43+09:00,-1000,5200,80.1944,0
M0026,3162,2026-08-11,2026-08-11T10:53:13+09:00,-100,-100,0.0000,1
M0026,3162,2026-08-11,2026-08-11T11:28:39+09:00,-500,-500,0.5906,0
M0026,3162,2026-08-11,2026-08-11T12:02:43+09:00,-400,-400,1.1583,0
M0026,3162,2026-08-11,2026-08-11T12:36:02+09:00,-800,-800,1.7136,0
M0026,3162,2026-08-11,2026-08-11T13:06:25+09:00,-1400,-1400,2.2200,0
M0026,3162,2026-08-11,2026-08-11T13:34:33+09:00,-2000,-2000,2.6889,0
M0026,3162,2026-08-11,2026-08-11T14:09:42+09:00,-1300,-1300,3.2747,0
M0026,3162,2026-08-11,2026-08-11T14:50:37+09:00,-1500,-1500,3.9567,0
M0026,3162,2026-08-11,2026-08-11T15:29:09+09:00,-2200,-2200,4.5989,0
M0026,3162,2026-08-11,2026-08-11T16:05:23+09:00,-2000,-2000,5.2028,0
M0026,3162,2026-08-11,2026-08-11T16:40:17+09:00,-3100,-3100,5.7844,0
M0026,3162,2026-08-11,2026-08-11T17:28:47+09:00,-3900,-3900,6.5928,0
M0026,3162,2026-08-11,2026-08-11T18:06:29+09:00,-3200,-3200,7.2211,0
M0026,3162,2026-08-11,2026-08-11T18:41:47+09:00,-3900,-3900,7.8094,0
M0026,3162,2026-08-11,2026-08-11T19:30:51+09:00,-4000,-4000,8.6272,0
M0026,3162,2026-08-11,2026-08-11T20:08:57+09:00,-4700,-4700,9.2622,0
M0026,3162,2026-08-11,2026-08-11T21:39:59+09:00,-4100,-4100,10.7794,0
M0026,3162,2026-08-12,2026-08-12T10:53:47+09:00,-200,-4100,10.7794,1
M0026,3162,2026-08-12,2026-08-12T11:28:45+09:00,700,-3200,11.3622,0
M0026,3162,2026-08-12,2026-08-12T12:02:51+09:00,100,-3800,11.9306,0
M0026,3162,2026-08-12,2026-08-12T12:36:01+09:00,-600,-4500,12.4833,0
M0026,3162,2026-08-12,2026-08-12T13:06:31+09:00,-500,-4400,12.9917,0
M0026,3162,2026-08-12,2026-08-12T17:01:31+09:00,-1000,-4900,16.9083,0
M0026,3162,2026-08-12,2026-08-12T17:36:51+09:00,-1600,-5500,17.4972,0
M0026,3162,2026-08-12,2026-08-12T18:14:03+09:00,-2100,-6000,18.1172,0
M0026,3162,2026-08-13,2026-08-13T10:54:54+09:00,0,-6000,18.1172,1
M0026,3162,2026-08-13,2026-08-13T11:29:13+09:00,-600,-6600,18.6892,0
M0026,3162,2026-08-13,2026-08-13T12:03:39+09:00,-400,-6400,19.2631,0
M0026,3162,2026-08-13,2026-08-13T12:36:57+09:00,-700,-6700,19.8181,0
M0026,3162,2026-08-13,2026-08-13T13:09:39+09:00,-1700,-7700,20.3631,0
M0026,3162,2026-08-13,2026-08-13T15:11:23+09:00,-1300,-7300,22.3919,0
M0026,3162,2026-08-13,2026-08-13T16:33:27+09:00,-2100,-8100,23.7597,0
M0026,3162,2026-08-13,2026-08-13T17:10:25+09:00,-3300,-9300,24.3758,0
M0026,3162,2026-08-13,2026-08-13T17:59:47+09:00,-3800,-9800,25.1986,0
M0026,3162,2026-08-13,2026-08-13T18:36:04+09:00,-4500,-10500,25.8033,0
M0026,3162,2026-08-13,2026-08-13T19:14:33+09:00,-4400,-10400,26.4447,0
M0026,3162,2026-08-13,2026-08-13T20:02:43+09:00,-3600,-9600,27.2475,0
M0026,3162,2026-08-13,2026-08-13T20:39:10+09:00,-4800,-10800,27.8550,0
M0026,3162,2026-08-13,2026-08-13T21:23:43+09:00,-4900,-10900,28.5975,0
M0026,3162,2026-08-13,2026-08-13T22:03:35+09:00,-5200,-11200,29.2619,0
M0026,3162,2026-08-13,2026-08-13T22:40:21+09:00,-5500,-11500,29.8747,0
M0026,3162,2026-08-14,2026-08-14T10:54:41+09:00,-100,-11500,29.8747,1
M0026,3162,2026-08-14,2026-08-14T11:29:45+09:00,-800,-12200,30.4592,0
M0026,3162,2026-08-14,2026-08-14T12:04:15+09:00,400,-11000,31.0342,0
M0026,3162,2026-08-14,2026-08-14T12:37:28+09:00,2600,-8800,31.5878,0
M0026,3162,2026-08-14,2026-08-14T13:06:37+09:00,2400,-9000,32.0736,0
M0026,3162,2026-08-14,2026-08-14T13:35:02+09:00,2000,-9400,32.5472,0
M0026,3162,2026-08-14,2026-08-14T14:10:37+09:00,2600,-8800,33.1403,0
M0026,3162,2026-08-14,2026-08-14T14:55:41+09:00,2100,-9300,33.8914,0
M0026,3162,2026-08-14,2026-08-14T15:31:41+09:00,1700,-9700,34.4914,0
M0026,3162,2026-08-14,2026-08-14T16:08:02+09:00,1300,-10100,35.0972,0
M0026,3162,2026-08-14,2026-08-14T16:41:57+09:00,1200,-10200,35.6625,0
M0026,3162,2026-08-14,2026-08-14T17:30:37+09:00,1800,-9600,36.4736,0
M0026,3162,2026-08-14,2026-08-14T18:07:43+09:00,1100,-10300,37.0919,0
M0026,3162,2026-08-14,2026-08-14T19:31:33+09:00,1400,-10000,38.4892,0
M0026,3162,2026-08-14,2026-08-14T20:09:17+09:00,100,-11300,39.1181,0
M0026,3162,2026-08-14,2026-08-14T20:55:41+09:00,-100,-11500,39.8914,0
M0026,3162,2026-08-14,2026-08-14T21:33:02+09:00,-600,-12000,40.5139,0
M0026,3162,2026-08-14,2026-08-14T22:11:45+09:00,-1700,-13100,41.1592,0
M0026,3162,2026-08-14,2026-08-14T23:00:09+09:00,0,-11400,41.9658,0
M0026,3162,2026-08-15,2026-08-15T10:54:13+09:00,-100,-11400,41.9658,1
M0026,3162,2026-08-15,2026-08-15T11:29:09+09:00,0,-11300,42.5481,0
M0026,3162,2026-08-15,2026-08-15T12:03:27+09:00,-600,-11900,43.1197,0
M0026,3162,2026-08-15,2026-08-15T12:36:37+09:00,-300,-11600,43.6725,0
M0026,3162,2026-08-15,2026-08-15T13:08:49+09:00,-1100,-12400,44.2092,0
M0026,3162,2026-08-15,2026-08-15T14:01:55+09:00,900,-10400,45.0942,0
M0026,3162,2026-08-15,2026-08-15T14:36:09+09:00,600,-10700,45.6647,0
M0026,3162,2026-08-15,2026-08-15T15:11:53+09:00,2000,-9300,46.2603,0
M0026,3162,2026-08-15,2026-08-15T15:58:43+09:00,1600,-9700,47.0408,0
M0026,3162,2026-08-15,2026-08-15T16:34:01+09:00,1300,-10000,47.6292,0
M0026,3162,2026-08-15,2026-08-15T17:11:17+09:00,600,-10700,48.2503,0
M0026,3162,2026-08-15,2026-08-15T17:58:39+09:00,1800,-9500,49.0397,0
M0026,3162,2026-08-15,2026-08-15T18:35:13+09:00,3600,-7700,49.6492,0
M0026,3162,2026-08-15,2026-08-15T19:12:53+09:00,3300,-8000,50.2769,0
M0026,3162,2026-08-15,2026-08-15T20:38:25+09:00,3600,-7700,51.7025,0
M0026,3162,2026-08-15,2026-08-15T21:25:49+09:00,3100,-8200,52.4925,0
M0026,3162,2026-08-15,2026-08-15T22:04:23+09:00,3200,-8100,53.1353,0
M0026,3162,2026-08-15,2026-08-15T22:41:53+09:00,7500,-3800,53.7603,0
M0026,3162,2026-08-15,2026-08-15T23:30:39+09:00,7700,-3600,54.5731,0
M0026,3162,2026-08-16,2026-08-16T10:53:41+09:00,-200,-3600,54.5731,1
M0026,3162,2026-08-16,2026-08-16T11:28:27+09:00,1300,-2100,55.1525,0
M0026,3162,2026-08-16,2026-08-16T12:02:27+09:00,2100,-1300,55.7192,0
M0026,3162,2026-08-16,2026-08-16T12:35:49+09:00,1600,-1800,56.2753,0
M0026,3162,2026-08-16,2026-08-16T13:06:49+09:00,900,-2500,56.7919,0
M0026,3162,2026-08-16,2026-08-16T13:36:19+09:00,500,-2900,57.2836,0
M0026,3162,2026-08-16,2026-08-16T14:09:21+09:00,600,-2800,57.8342,0
M0026,3162,2026-08-16,2026-08-16T14:51:21+09:00,-200,-3600,58.5342,0
M0026,3162,2026-08-16,2026-08-16T16:05:23+09:00,-900,-4300,59.7681,0
M0026,3162,2026-08-16,2026-08-16T17:30:17+09:00,-800,-4200,61.1831,0
M0026,3162,2026-08-16,2026-08-16T18:07:35+09:00,-1300,-4700,61.8047,0
M0026,3162,2026-08-16,2026-08-16T18:38:25+09:00,-1100,-4500,62.3186,0
M0026,3162,2026-08-16,2026-08-16T19:40:19+09:00,-800,-4200,63.3503,0
M0026,3162,2026-08-16,2026-08-16T20:25:39+09:00,-900,-4300,64.1058,0
M0026,3162,2026-08-16,2026-08-16T21:04:51+09:00,-1600,-5000,64.7592,0
M0026,3162,2026-08-16,2026-08-16T21:42:13+09:00,-200,-3600,65.3819,0
M0026,3162,2026-08-16,2026-08-16T22:32:01+09:00,-300,-3700,66.2119,0
M0026,3162,2026-08-17,2026-08-17T10:52:31+09:00,0,-3700,66.2119,1
M0026,3162,2026-08-17,2026-08-17T12:34:35+09:00,100,-3600,67.9131,0
M0026,3162,2026-08-17,2026-08-17T13:07:15+09:00,1000,-2700,68.4575,0
M0026,3162,2026-08-17,2026-08-17T15:11:21+09:00,1400,-2300,70.5258,0
M0026,3162,2026-08-17,2026-08-17T17:09:07+09:00,1300,-2400,72.4886,0
M0026,3162,2026-08-17,2026-08-17T17:58:27+09:00,1100,-2600,73.3108,0
M0026,3162,2026-08-17,2026-08-17T18:33:03+09:00,400,-3300,73.8875,0
M0026,3162,2026-08-17,2026-08-17T19:09:23+09:00,0,-3700,74.4931,0
M0026,3162,2026-08-17,2026-08-17T19:59:55+09:00,-700,-4400,75.3353,0
M0026,3162,2026-08-17,2026-08-17T20:35:21+09:00,-1300,-5000,75.9258,0
M0026,3162,2026-08-17,2026-08-17T21:13:05+09:00,-700,-4400,76.5547,0
M0026,3162,2026-08-18,2026-08-18T10:52:51+09:00,-100,-4400,76.5547,1
M0026,3162,2026-08-18,2026-08-18T11:28:45+09:00,-800,-5100,77.1531,0
M0026,3162,2026-08-18,2026-08-18T12:02:47+09:00,600,-3700,77.7203,0
M0026,3162,2026-08-18,2026-08-18T12:35:21+09:00,500,-3800,78.2631,0
M0026,3162,2026-08-18,2026-08-18T13:07:37+09:00,1100,-3200,78.8008,0
M0027,3163,2026-08-11,2026-08-11T10:53:13+09:00,-100,-100,0.0000,1
M0027,3163,2026-08-11,2026-08-11T11:28:39+09:00,-700,-700,0.5906,0
M0027,3163,2026-08-11,2026-08-11T12:02:43+09:00,-1400,-1400,1.1583,0
M0027,3163,2026-08-11,2026-08-11T12:36:02+09:00,-2000,-2000,1.7136,0
M0027,3163,2026-08-11,2026-08-11T13:06:25+09:00,-1500,-1500,2.2200,0
M0027,3163,2026-08-11,2026-08-11T13:34:33+09:00,200,200,2.6889,0
M0027,3163,2026-08-11,2026-08-11T14:09:42+09:00,2600,2600,3.2747,0
M0027,3163,2026-08-11,2026-08-11T14:50:37+09:00,2500,2500,3.9567,0
M0027,3163,2026-08-11,2026-08-11T16:05:23+09:00,2100,2100,5.2028,0
M0027,3163,2026-08-11,2026-08-11T16:40:17+09:00,2200,2200,5.7844,0
M0027,3163,2026-08-11,2026-08-11T17:28:47+09:00,4100,4100,6.5928,0
M0027,3163,2026-08-11,2026-08-11T18:06:29+09:00,4200,4200,7.2211,0
M0027,3163,2026-08-11,2026-08-11T18:41:47+09:00,3900,3900,7.8094,0
M0027,3163,2026-08-11,2026-08-11T19:30:51+09:00,6100,6100,8.6272,0
M0027,3163,2026-08-11,2026-08-11T20:08:57+09:00,10100,10100,9.2622,0
M0027,3163,2026-08-11,2026-08-11T21:03:30+09:00,10400,10400,10.1714,0
M0027,3163,2026-08-11,2026-08-11T21:39:59+09:00,9500,9500,10.7794,0
M0027,3163,2026-08-11,2026-08-11T22:25:23+09:00,9400,9400,11.5361,0
M0027,3163,2026-08-11,2026-08-11T23:04:47+09:00,9700,9700,12.1928,0
M0027,3163,2026-08-12,2026-08-12T10:53:47+09:00,0,9700,12.1928,1
M0027,3163,2026-08-12,2026-08-12T12:36:01+09:00,500,10200,13.8967,0
M0027,3163,2026-08-12,2026-08-12T13:35:53+09:00,3300,13000,14.8944,0
M0027,3163,2026-08-12,2026-08-12T14:11:01+09:00,4300,14000,15.4800,0
M0027,3163,2026-08-12,2026-08-12T14:56:33+09:00,4400,14100,16.2389,0
M0027,3163,2026-08-12,2026-08-12T15:31:45+09:00,5100,14800,16.8256,0
M0027,3163,2026-08-12,2026-08-12T16:07:57+09:00,4500,14200,17.4289,0
M0027,3163,2026-08-12,2026-08-12T16:35:17+09:00,4200,13900,17.8844,0
M0027,3163,2026-08-12,2026-08-12T17:01:31+09:00,4700,14400,18.3217,0
M0027,3163,2026-08-12,2026-08-12T17:36:51+09:00,4100,13800,18.9106,0
M0027,3163,2026-08-12,2026-08-12T18:14:03+09:00,3500,13200,19.5306,0
M0027,3163,2026-08-12,2026-08-12T19:01:02+09:00,3900,13600,20.3136,0
M0027,3163,2026-08-12,2026-08-12T21:03:27+09:00,4400,14100,22.3539,0
M0027,3163,2026-08-12,2026-08-12T21:39:31+09:00,4300,14000,22.9550,0
M0027,3163,2026-08-13,2026-08-13T10:54:54+09:00,-200,14000,22.9550,1
M0027,3163,2026-08-13,2026-08-13T11:29:13+09:00,-900,13300,23.5269,0
M0027,3163,2026-08-13,2026-08-13T12:03:39+09:00,-1000,13200,24.1008,0
M0027,3163,2026-08-13,2026-08-13T12:36:57+09:00,-1100,13100,24.6558,0
M0027,3163,2026-08-13,2026-08-13T13:09:39+09:00,-900,13300,25.2008,0
M0027,3163,2026-08-13,2026-08-13T14:00:59+09:00,-1600,12600,26.0564,0
M0027,3163,2026-08-13,2026-08-13T15:11:23+09:00,-900,13300,27.2297,0
M0027,3163,2026-08-13,2026-08-13T15:58:27+09:00,-1200,13000,28.0142,0
M0027,3163,2026-08-13,2026-08-13T16:33:27+09:00,-1900,12300,28.5975,0
M0027,3163,2026-08-13,2026-08-13T17:10:25+09:00,-2800,11400,29.2136,0
M0027,3163,2026-08-13,2026-08-13T17:59:47+09:00,-2000,12200,30.0364,0
M0027,3163,2026-08-13,2026-08-13T18:36:04+09:00,-2500,11700,30.6411,0
M0027,3163,2026-08-13,2026-08-13T19:14:33+09:00,-2300,11900,31.2825,0
M0027,3163,2026-08-13,2026-08-13T20:39:10+09:00,-3600,10600,32.6928,0
M0027,3163,2026-08-13,2026-08-13T21:23:43+09:00,-3400,10800,33.4353,0
M0027,3163,2026-08-13,2026-08-13T22:40:21+09:00,-3600,10600,34.7125,0
M0027,3163,2026-08-14,2026-08-14T10:54:41+09:00,-200,10600,34.7125,1
M0027,3163,2026-08-14,2026-08-14T11:29:45+09:00,-700,10100,35.2969,0
M0027,3163,2026-08-14,2026-08-14T12:04:15+09:00,500,11300,35.8719,0
M0027,3163,2026-08-14,2026-08-14T12:37:28+09:00,700,11500,36.4256,0
M0027,3163,2026-08-14,2026-08-14T13:06:37+09:00,400,11200,36.9114,0
M0027,3163,2026-08-14,2026-08-14T13:35:02+09:00,700,11500,37.3850,0
M0027,3163,2026-08-14,2026-08-14T14:10:37+09:00,-300,10500,37.9781,0
M0027,3163,2026-08-14,2026-08-14T14:55:41+09:00,200,11000,38.7292,0
M0027,3163,2026-08-14,2026-08-14T15:31:41+09:00,300,11100,39.3292,0
M0027,3163,2026-08-14,2026-08-14T16:08:02+09:00,1200,12000,39.9350,0
M0027,3163,2026-08-14,2026-08-14T16:41:57+09:00,2800,13600,40.5003,0
M0027,3163,2026-08-14,2026-08-14T18:07:43+09:00,2600,13400,41.9297,0
M0027,3163,2026-08-14,2026-08-14T18:43:04+09:00,2000,12800,42.5189,0
M0027,3163,2026-08-14,2026-08-14T19:31:33+09:00,1200,12000,43.3269,0
M0027,3163,2026-08-14,2026-08-14T20:09:17+09:00,600,11400,43.9558,0
M0027,3163,2026-08-14,2026-08-14T20:55:41+09:00,0,10800,44.7292,0
M0027,3163,2026-08-14,2026-08-14T21:33:02+09:00,-600,10200,45.3517,0
M0027,3163,2026-08-14,2026-08-14T22:11:45+09:00,-1100,9700,45.9969,0
M0027,3163,2026-08-14,2026-08-14T23:00:09+09:00,-1800,9000,46.8036,0
M0027,3163,2026-08-14,2026-08-14T23:38:17+09:00,-900,9900,47.4392,0
M0027,3163,2026-08-15,2026-08-15T10:54:13+09:00,-100,9900,47.4392,1
M0027,3163,2026-08-15,2026-08-15T11:29:09+09:00,-500,9500,48.0214,0
M0027,3163,2026-08-15,2026-08-15T12:03:27+09:00,-1200,8800,48.5931,0
M0027,3163,2026-08-15,2026-08-15T12:36:37+09:00,-1900,8100,49.1458,0
M0027,3163,2026-08-15,2026-08-15T14:01:55+09:00,-2000,8000,50.5675,0
M0027,3163,2026-08-15,2026-08-15T14:36:09+09:00,-2700,7300,51.1381,0
M0027,3163,2026-08-15,2026-08-15T15:11:53+09:00,-3400,6600,51.7336,0
M0027,3163,2026-08-15,2026-08-15T15:58:43+09:00,-4000,6000,52.5142,0
M0027,3163,2026-08-15,2026-08-15T16:34:01+09:00,-3600,6400,53.1025,0
M0027,3163,2026-08-15,2026-08-15T17:11:17+09:00,-4400,5600,53.7236,0
M0027,3163,2026-08-15,2026-08-15T17:58:39+09:00,-5100,4900,54.5131,0
M0027,3163,2026-08-15,2026-08-15T18:35:13+09:00,-5700,4300,55.1225,0
M0027,3163,2026-08-15,2026-08-15T19:12:53+09:00,-6800,3200,55.7503,0
M0027,3163,2026-08-15,2026-08-15T20:01:19+09:00,-5000,5000,56.5575,0
M0027,3163,2026-08-15,2026-08-15T20:38:25+09:00,-3800,6200,57.1758,0
M0027,3163,2026-08-15,2026-08-15T22:04:23+09:00,-4200,5800,58.6086,0
M0027,3163,2026-08-15,2026-08-15T22:41:53+09:00,-4300,5700,59.2336,0
M0027,3163,2026-08-16,2026-08-16T10:53:41+09:00,-100,5700,59.2336,1
M0027,3163,2026-08-16,2026-08-16T11:28:27+09:00,-700,5100,59.8131,0
M0027,3163,2026-08-16,2026-08-16T12:02:27+09:00,-800,5000,60.3797,0
M0027,3163,2026-08-16,2026-08-16T13:06:49+09:00,-1100,4700,61.4525,0
M0027,3163,2026-08-16,2026-08-16T13:36:19+09:00,-1600,4200,61.9442,0
M0027,3163,2026-08-16,2026-08-16T14:09:21+09:00,-400,5400,62.4947,0
M0027,3163,2026-08-16,2026-08-16T14:51:21+09:00,-500,5300,63.1947,0
M0027,3163,2026-08-16,2026-08-16T15:29:10+09:00,-1000,4800,63.8250,0
M0027,3163,2026-08-16,2026-08-16T16:05:23+09:00,500,6300,64.4286,0
M0027,3163,2026-08-16,2026-08-16T16:39:55+09:00,1600,7400,65.0042,0
M0027,3163,2026-08-16,2026-08-16T17:30:17+09:00,1500,7300,65.8436,0
M0027,3163,2026-08-16,2026-08-16T18:07:35+09:00,1400,7200,66.4653,0
M0027,3163,2026-08-16,2026-08-16T18:38:25+09:00,1900,7700,66.9792,0
M0027,3163,2026-08-16,2026-08-16T19:40:19+09:00,4900,10700,68.0108,0
M0027,3163,2026-08-16,2026-08-16T20:25:39+09:00,6000,11800,68.7664,0
M0027,3163,2026-08-16,2026-08-16T21:04:51+09:00,8800,14600,69.4197,0
M0027,3163,2026-08-16,2026-08-16T21:42:13+09:00,7800,13600,70.0425,0
M0027,3163,2026-08-16,2026-08-16T22:32:01+09:00,9500,15300,70.8725,0
M0027,3163,2026-08-17,2026-08-17T10:52:31+09:00,-100,15300,70.8725,1
M0027,3163,2026-08-17,2026-08-17T11:28:29+09:00,-600,14800,71.4719,0
M0027,3163,2026-08-17,2026-08-17T12:02:23+09:00,-300,15100,72.0369,0
M0027,3163,2026-08-17,2026-08-17T12:34:35+09:00,-400,15000,72.5736,0
M0027,3163,2026-08-17,2026-08-17T15:11:21+09:00,-800,14600,75.1864,0
M0027,3163,2026-08-17,2026-08-17T15:59:33+09:00,-1000,14400,75.9897,0
M0027,3163,2026-08-17,2026-08-17T16:33:27+09:00,-1300,14100,76.5547,0
M0027,3163,2026-08-17,2026-08-17T17:09:07+09:00,-2600,12800,77.1492,0
M0027,3163,2026-08-17,2026-08-17T17:58:27+09:00,-3300,12100,77.9714,0
M0027,3163,2026-08-17,2026-08-17T18:33:03+09:00,-3500,11900,78.5481,0
M0027,3163,2026-08-17,2026-08-17T19:09:23+09:00,-3900,11500,79.1536,0
M0027,3163,2026-08-17,2026-08-17T20:35:21+09:00,-4300,11100,80.5864,0
M0027,3163,2026-08-17,2026-08-17T21:13:05+09:00,-5400,10000,81.2153,0
M0027,3163,2026-08-17,2026-08-17T21:59:13+09:00,-6000,9400,81.9842,0
M0027,3163,2026-08-17,2026-08-17T22:34:49+09:00,-5500,9900,82.5775,0
M0027,3163,2026-08-18,2026-08-18T10:52:51+09:00,-200,9900,82.5775,1
M0027,3163,2026-08-18,2026-08-18T11:28:45+09:00,-900,9200,83.1758,0
M0027,3163,2026-08-18,2026-08-18T12:02:47+09:00,-1400,8700,83.7431,0
M0027,3163,2026-08-18,2026-08-18T12:35:21+09:00,-1900,8200,84.2858,0
M0027,3163,2026-08-18,2026-08-18T13:07:37+09:00,-2600,7500,84.8236,0
M0027,3163,2026-08-18,2026-08-18T13:35:43+09:00,-3100,7000,85.2919,0
M0027,3163,2026-08-18,2026-08-18T14:04:28+09:00,-2600,7500,85.7711,0
M0028,3164,2026-08-11,2026-08-11T10:53:13+09:00,-200,-200,0.0000,1
M0028,3164,2026-08-11,2026-08-11T11:28:39+09:00,-300,-300,0.5906,0
M0028,3164,2026-08-11,2026-08-11T12:02:43+09:00,-800,-800,1.1583,0
M0028,3164,2026-08-11,2026-08-11T12:36:02+09:00,-1200,-1200,1.7136,0
M0028,3164,2026-08-11,2026-08-11T13:06:25+09:00,-1700,-1700,2.2200,0
M0028,3164,2026-08-11,2026-08-11T13:34:33+09:00,-2400,-2400,2.6889,0
M0028,3164,2026-08-11,2026-08-11T14:09:42+09:00,-2200,-2200,3.2747,0
M0028,3164,2026-08-11,2026-08-11T14:50:37+09:00,-2900,-2900,3.9567,0
M0028,3164,2026-08-11,2026-08-11T15:29:09+09:00,-2600,-2600,4.5989,0
M0028,3164,2026-08-11,2026-08-11T16:05:23+09:00,-3100,-3100,5.2028,0
M0028,3164,2026-08-11,2026-08-11T16:40:17+09:00,-4200,-4200,5.7844,0
M0028,3164,2026-08-11,2026-08-11T17:28:47+09:00,-4600,-4600,6.5928,0
M0028,3164,2026-08-11,2026-08-11T18:41:47+09:00,-5500,-5500,7.8094,0
M0028,3164,2026-08-11,2026-08-11T19:30:51+09:00,-6100,-6100,8.6272,0
M0028,3164,2026-08-11,2026-08-11T20:08:57+09:00,-5200,-5200,9.2622,0
M0028,3164,2026-08-11,2026-08-11T21:03:30+09:00,-5900,-5900,10.1714,0
M0028,3164,2026-08-11,2026-08-11T21:39:59+09:00,-6400,-6400,10.7794,0
M0028,3164,2026-08-11,2026-08-11T22:25:23+09:00,-6900,-6900,11.5361,0
M0028,3164,2026-08-12,2026-08-12T10:53:47+09:00,-100,-6900,11.5361,1
M0028,3164,2026-08-12,2026-08-12T11:28:45+09:00,100,-6700,12.1189,0
M0028,3164,2026-08-12,2026-08-12T12:02:51+09:00,500,-6300,12.6872,0
M0028,3164,2026-08-12,2026-08-12T12:36:01+09:00,300,-6500,13.2400,0
M0028,3164,2026-08-12,2026-08-12T13:06:31+09:00,-400,-7200,13.7483,0
M0028,3164,2026-08-12,2026-08-12T13:35:53+09:00,400,-6400,14.2378,0
M0028,3164,2026-08-12,2026-08-12T14:11:01+09:00,4100,-2700,14.8233,0
M0028,3164,2026-08-12,2026-08-12T14:56:33+09:00,4000,-2800,15.5822,0
M0028,3164,2026-08-12,2026-08-12T15:31:45+09:00,3500,-3300,16.1689,0
M0028,3164,2026-08-12,2026-08-12T16:07:57+09:00,2700,-4100,16.7722,0
M0028,3164,2026-08-12,2026-08-12T16:35:17+09:00,2500,-4300,17.2278,0
M0028,3164,2026-08-12,2026-08-12T17:01:31+09:00,3600,-3200,17.6650,0
M0028,3164,2026-08-12,2026-08-12T17:36:51+09:00,3000,-3800,18.2539,0
M0028,3164,2026-08-12,2026-08-12T18:14:03+09:00,2700,-4100,18.8739,0
M0028,3164,2026-08-12,2026-08-12T19:01:02+09:00,2900,-3900,19.6569,0
M0028,3164,2026-08-12,2026-08-12T19:36:51+09:00,2300,-4500,20.2539,0
M0028,3164,2026-08-12,2026-08-12T20:14:43+09:00,1000,-5800,20.8850,0
M0028,3164,2026-08-12,2026-08-12T21:03:27+09:00,400,-6400,21.6972,0
M0028,3164,2026-08-12,2026-08-12T21:39:31+09:00,-100,-6900,22.2983,0
M0028,3164,2026-08-12,2026-08-12T22:26:01+09:00,-700,-7500,23.0733,0
M0028,3164,2026-08-12,2026-08-12T23:05:02+09:00,-900,-7700,23.7236,0
M0028,3164,2026-08-13,2026-08-13T10:54:54+09:00,-200,-7700,23.7236,1
M0028,3164,2026-08-13,2026-08-13T11:29:13+09:00,-700,-8200,24.2956,0
M0028,3164,2026-08-13,2026-08-13T12:03:39+09:00,-100,-7600,24.8694,0
M0028,3164,2026-08-13,2026-08-13T12:36:57+09:00,-700,-8200,25.4244,0
M0028,3164,2026-08-13,2026-08-13T13:09:39+09:00,-600,-8100,25.9694,0
M0028,3164,2026-08-13,2026-08-13T14:00:59+09:00,-700,-8200,26.8250,0
M0028,3164,2026-08-13,2026-08-13T14:35:09+09:00,-1100,-8600,27.3944,0
M0028,3164,2026-08-13,2026-08-13T15:11:23+09:00,-2000,-9500,27.9983,0
M0028,3164,2026-08-13,2026-08-13T16:33:27+09:00,-1400,-8900,29.3661,0
M0028,3164,2026-08-13,2026-08-13T17:10:25+09:00,200,-7300,29.9822,0
M0028,3164,2026-08-13,2026-08-13T17:59:47+09:00,600,-6900,30.8050,0
M0028,3164,2026-08-13,2026-08-13T18:36:04+09:00,2400,-5100,31.4097,0
M0028,3164,2026-08-13,2026-08-13T19:14:33+09:00,1900,-5600,32.0511,0
M0028,3164,2026-08-13,2026-08-13T20:02:43+09:00,1700,-5800,32.8539,0
M0028,3164,2026-08-13,2026-08-13T21:23:43+09:00,1300,-6200,34.2039,0
M0028,3164,2026-08-13,2026-08-13T22:03:35+09:00,1800,-5700,34.8683,0
M0028,3164,2026-08-14,2026-08-14T10:54:41+09:00,-100,-5700,34.8683,1
M0028,3164,2026-08-14,2026-08-14T11:29:45+09:00,-900,-6500,35.4528,0
M0028,3164,2026-08-14,2026-08-14T12:04:15+09:00,-1100,-6700,36.0278,0
M0028,3164,2026-08-14,2026-08-14T12:37:28+09:00,-1200,-6800,36.5814,0
M0028,3164,2026-08-14,2026-08-14T13:06:37+09:00,-1800,-7400,37.0672,0
M0028,3164,2026-08-14,2026-08-14T13:35:02+09:00,-2500,-8100,37.5408,0
M0028,3164,2026-08-14,2026-08-14T14:10:37+09:00,-2800,-8400,38.1339,0
M0028,3164,2026-08-14,2026-08-14T14:55:41+09:00,-3400,-9000,38.8850,0
M0028,3164,2026-08-14,2026-08-14T15:31:41+09:00,-3300,-8900,39.4850,0
M0028,3164,2026-08-14,2026-08-14T16:08:02+09:00,-2900,-8500,40.0908,0
M0028,3164,2026-08-14,2026-08-14T16:41:57+09:00,-2800,-8400,40.6561,0
M0028,3164,2026-08-14,2026-08-14T17:30:37+09:00,-3400,-9000,41.4672,0
M0028,3164,2026-08-14,2026-08-14T18:07:43+09:00,-3300,-8900,42.0856,0
M0028,3164,2026-08-14,2026-08-14T18:43:04+09:00,-3100,-8700,42.6747,0
M0028,3164,2026-08-14,2026-08-14T20:09:17+09:00,-3300,-8900,44.1117,0
M0028,3164,2026-08-14,2026-08-14T20:55:41+09:00,-2300,-7900,44.8850,0
M0028,3164,2026-08-14,2026-08-14T21:33:02+09:00,-2800,-8400,45.5075,0
M0028,3164,2026-08-15,2026-08-15T10:54:13+09:00,-100,-8400,45.5075,1
M0028,3164,2026-08-15,2026-08-15T11:29:09+09:00,-900,-9200,46.0897,0
M0028,3164,2026-08-15,2026-08-15T12:03:27+09:00,-1300,-9600,46.6614,0
M0028,3164,2026-08-15,2026-08-15T12:36:37+09:00,-2000,-10300,47.2142,0
M0028,3164,2026-08-15,2026-08-15T13:08:49+09:00,-2800,-11100,47.7508,0
M0028,3164,2026-08-15,2026-08-15T14:01:55+09:00,-2200,-10500,48.6358,0
M0028,3164,2026-08-15,2026-08-15T14:36:09+09:00,-3000,-11300,49.2064,0
M0028,3164,2026-08-15,2026-08-15T15:11:53+09:00,-3800,-12100,49.8019,0
M0028,3164,2026-08-15,2026-08-15T15:58:43+09:00,-4000,-12300,50.5825,0
M0028,3164,2026-08-15,2026-08-15T16:34:01+09:00,-4200,-12500,51.1708,0
M0028,3164,2026-08-15,2026-08-15T17:11:17+09:00,-5000,-13300,51.7919,0
M0028,3164,2026-08-15,2026-08-15T17:58:39+09:00,-5600,-13900,52.5814,0
M0028,3164,2026-08-15,2026-08-15T18:35:13+09:00,-6200,-14500,53.1908,0
M0028,3164,2026-08-15,2026-08-15T19:12:53+09:00,-7100,-15400,53.8186,0
M0028,3164,2026-08-15,2026-08-15T20:01:19+09:00,-7500,-15800,54.6258,0
M0028,3164,2026-08-15,2026-08-15T20:38:25+09:00,-5400,-13700,55.2442,0
M0028,3164,2026-08-16,2026-08-16T10:53:41+09:00,-100,-13700,55.2442,1
M0028,3164,2026-08-16,2026-08-16T11:28:27+09:00,-500,-14100,55.8236,0
M0028,3164,2026-08-16,2026-08-16T12:02:27+09:00,-900,-14500,56.3903,0
M0028,3164,2026-08-16,2026-08-16T12:35:49+09:00,-1400,-15000,56.9464,0
M0028,3164,2026-08-16,2026-08-16T13:06:49+09:00,-1100,-14700,57.4631,0
M0028,3164,2026-08-16,2026-08-16T13:36:19+09:00,-1000,-14600,57.9547,0
M0028,3164,2026-08-16,2026-08-16T14:09:21+09:00,-700,-14300,58.5053,0
M0028,3164,2026-08-16,2026-08-16T14:51:21+09:00,-800,-14400,59.2053,0
M0028,3164,2026-08-16,2026-08-16T16:05:23+09:00,-1500,-15100,60.4392,0
M0028,3164,2026-08-16,2026-08-16T16:39:55+09:00,-2200,-15800,61.0147,0
M0028,3164,2026-08-16,2026-08-16T17:30:17+09:00,-1900,-15500,61.8542,0
M0028,3164,2026-08-16,2026-08-16T18:07:35+09:00,-2700,-16300,62.4758,0
M0028,3164,2026-08-16,2026-08-16T18:38:25+09:00,-2400,-16000,62.9897,0
M0028,3164,2026-08-16,2026-08-16T19:40:19+09:00,-1800,-15400,64.0214,0
M0028,3164,2026-08-16,2026-08-16T20:25:39+09:00,-1500,-15100,64.7769,0
M0028,3164,2026-08-16,2026-08-16T21:04:51+09:00,-100,-13700,65.4303,0
M0028,3164,2026-08-16,2026-08-16T21:42:13+09:00,0,-13600,66.0531,0
M0028,3164,2026-08-16,2026-08-16T22:32:01+09:00,600,-13000,66.8831,0
M0028,3164,2026-08-17,2026-08-17T10:52:31+09:00,0,-13000,66.8831,1
M0028,3164,2026-08-17,2026-08-17T12:02:23+09:00,-300,-13300,68.0475,0
M0028,3164,2026-08-17,2026-08-17T12:34:35+09:00,-1000,-14000,68.5842,0
M0028,3164,2026-08-17,2026-08-17T13:07:15+09:00,-800,-13800,69.1286,0
M0028,3164,2026-08-17,2026-08-17T15:11:21+09:00,-1700,-14700,71.1969,0
M0028,3164,2026-08-17,2026-08-17T15:59:33+09:00,-2300,-15300,72.0003,0
M0028,3164,2026-08-17,2026-08-17T16:33:27+09:00,-1900,-14900,72.5653,0
M0028,3164,2026-08-17,2026-08-17T20:35:21+09:00,-1600,-14600,76.5969,0
M0028,3164,2026-08-17,2026-08-17T21:13:05+09:00,-1800,-14800,77.2258,0
M0028,3164,2026-08-18,2026-08-18T10:52:51+09:00,-200,-14800,77.2258,1
M0028,3164,2026-08-18,2026-08-18T11:28:45+09:00,300,-14300,77.8242,0
M0028,3164,2026-08-18,2026-08-18T12:02:47+09:00,-200,-14800,78.3914,0
M0028,3164,2026-08-18,2026-08-18T12:35:21+09:00,-1000,-15600,78.9342,0
M0028,3164,2026-08-18,2026-08-18T13:07:37+09:00,-1500,-16100,79.4719,0
M0028,3164,2026-08-18,2026-08-18T13:35:43+09:00,-1300,-15900,79.9403,0
M0028,3164,2026-08-18,2026-08-18T14:04:28+09:00,-2000,-16600,80.4194,0
M0029,3165,2026-08-11,2026-08-11T10:53:13+09:00,-100,-100,0.0000,1
M0029,3165,2026-08-11,2026-08-11T11:28:39+09:00,-500,-500,0.5906,0
M0029,3165,2026-08-11,2026-08-11T12:02:43+09:00,-1000,-1000,1.1583,0
M0029,3165,2026-08-11,2026-08-11T12:36:02+09:00,-1700,-1700,1.7136,0
M0029,3165,2026-08-11,2026-08-11T13:06:25+09:00,-2000,-2000,2.2200,0
M0029,3165,2026-08-11,2026-08-11T13:34:33+09:00,-2600,-2600,2.6889,0
M0029,3165,2026-08-11,2026-08-11T14:09:42+09:00,-2700,-2700,3.2747,0
M0029,3165,2026-08-11,2026-08-11T14:50:37+09:00,-2800,-2800,3.9567,0
M0029,3165,2026-08-11,2026-08-11T15:29:09+09:00,-3400,-3400,4.5989,0
M0029,3165,2026-08-11,2026-08-11T16:05:23+09:00,-3800,-3800,5.2028,0
M0029,3165,2026-08-11,2026-08-11T16:40:17+09:00,-4000,-4000,5.7844,0
M0029,3165,2026-08-11,2026-08-11T17:28:47+09:00,-4500,-4500,6.5928,0
M0029,3165,2026-08-11,2026-08-11T18:06:29+09:00,-5000,-5000,7.2211,0
M0029,3165,2026-08-11,2026-08-11T18:41:47+09:00,-5800,-5800,7.8094,0
M0029,3165,2026-08-11,2026-08-11T19:30:51+09:00,-5100,-5100,8.6272,0
M0029,3165,2026-08-11,2026-08-11T20:08:57+09:00,-6300,-6300,9.2622,0
M0029,3165,2026-08-11,2026-08-11T21:03:30+09:00,-6200,-6200,10.1714,0
M0029,3165,2026-08-11,2026-08-11T21:39:59+09:00,-5500,-5500,10.7794,0
M0029,3165,2026-08-12,2026-08-12T10:53:47+09:00,-100,-5500,10.7794,1
M0029,3165,2026-08-12,2026-08-12T11:28:45+09:00,-600,-6000,11.3622,0
M0029,3165,2026-08-12,2026-08-12T12:02:51+09:00,-200,-5600,11.9306,0
M0029,3165,2026-08-12,2026-08-12T12:36:01+09:00,400,-5000,12.4833,0
M0029,3165,2026-08-12,2026-08-12T13:06:31+09:00,800,-4600,12.9917,0
M0029,3165,2026-08-12,2026-08-12T13:35:53+09:00,400,-5000,13.4811,0
M0029,3165,2026-08-12,2026-08-12T14:11:01+09:00,-1000,-6400,14.0667,0
M0029,3165,2026-08-12,2026-08-12T14:56:33+09:00,-500,-5900,14.8256,0
M0029,3165,2026-08-12,2026-08-12T15:31:45+09:00,-900,-6300,15.4122,0
M0029,3165,2026-08-12,2026-08-12T16:07:57+09:00,-700,-6100,16.0156,0
M0029,3165,2026-08-12,2026-08-12T16:35:17+09:00,1800,-3600,16.4711,0
M0029,3165,2026-08-12,2026-08-12T17:01:31+09:00,4100,-1300,16.9083,0
M0029,3165,2026-08-12,2026-08-12T17:36:51+09:00,5800,400,17.4972,0
M0029,3165,2026-08-12,2026-08-12T18:14:03+09:00,6000,600,18.1172,0
M0029,3165,2026-08-12,2026-08-12T19:01:02+09:00,5500,100,18.9003,0
M0029,3165,2026-08-12,2026-08-12T19:36:51+09:00,5400,0,19.4972,0
M0029,3165,2026-08-12,2026-08-12T20:14:43+09:00,5600,200,20.1283,0
M0029,3165,2026-08-12,2026-08-12T21:03:27+09:00,5900,500,20.9406,0
M0029,3165,2026-08-12,2026-08-12T22:26:01+09:00,5300,-100,22.3167,0
M0029,3165,2026-08-12,2026-08-12T23:05:02+09:00,5900,500,22.9669,0
M0029,3165,2026-08-13,2026-08-13T10:54:54+09:00,0,500,22.9669,1
M0029,3165,2026-08-13,2026-08-13T11:29:13+09:00,-400,100,23.5389,0
M0029,3165,2026-08-13,2026-08-13T12:03:39+09:00,-1100,-600,24.1128,0
M0029,3165,2026-08-13,2026-08-13T12:36:57+09:00,-1600,-1100,24.6678,0
M0029,3165,2026-08-13,2026-08-13T13:09:39+09:00,-700,-200,25.2128,0
M0029,3165,2026-08-13,2026-08-13T15:58:27+09:00,-900,-400,28.0261,0
M0029,3165,2026-08-13,2026-08-13T16:33:27+09:00,100,600,28.6094,0
M0029,3165,2026-08-13,2026-08-13T17:10:25+09:00,1900,2400,29.2256,0
M0029,3165,2026-08-13,2026-08-13T17:59:47+09:00,2000,2500,30.0483,0
M0029,3165,2026-08-13,2026-08-13T18:36:04+09:00,1800,2300,30.6531,0
M0029,3165,2026-08-13,2026-08-13T19:14:33+09:00,1000,1500,31.2944,0
M0029,3165,2026-08-13,2026-08-13T20:02:43+09:00,1500,2000,32.0972,0
M0029,3165,2026-08-13,2026-08-13T20:39:10+09:00,800,1300,32.7047,0
M0029,3165,2026-08-13,2026-08-13T21:23:43+09:00,1100,1600,33.4472,0
M0029,3165,2026-08-13,2026-08-13T22:03:35+09:00,2100,2600,34.1117,0
M0029,3165,2026-08-13,2026-08-13T22:40:21+09:00,1600,2100,34.7244,0
M0029,3165,2026-08-13,2026-08-13T23:29:55+09:00,1900,2400,35.5506,0
M0029,3165,2026-08-14,2026-08-14T10:54:41+09:00,-100,2400,35.5506,1
M0029,3165,2026-08-14,2026-08-14T11:29:45+09:00,-800,1700,36.1350,0
M0029,3165,2026-08-14,2026-08-14T12:04:15+09:00,-700,1800,36.7100,0
M0029,3165,2026-08-14,2026-08-14T12:37:28+09:00,-800,1700,37.2636,0
M0029,3165,2026-08-14,2026-08-14T13:06:37+09:00,-1000,1500,37.7494,0
M0029,3165,2026-08-14,2026-08-14T13:35:02+09:00,-1700,800,38.2231,0
M0029,3165,2026-08-14,2026-08-14T14:10:37+09:00,-3000,-500,38.8161,0
M0029,3165,2026-08-14,2026-08-14T14:55:41+09:00,-2600,-100,39.5672,0
M0029,3165,2026-08-14,2026-08-14T15:31:41+09:00,-3200,-700,40.1672,0
M0029,3165,2026-08-14,2026-08-14T16:08:02+09:00,-2600,-100,40.7731,0
M0029,3165,2026-08-14,2026-08-14T16:41:57+09:00,-2200,300,41.3383,0
M0029,3165,2026-08-14,2026-08-14T17:30:37+09:00,400,2900,42.1494,0
M0029,3165,2026-08-14,2026-08-14T18:07:43+09:00,-300,2200,42.7678,0
M0029,3165,2026-08-14,2026-08-14T18:43:04+09:00,-700,1800,43.3569,0
M0029,3165,2026-08-14,2026-08-14T19:31:33+09:00,-900,1600,44.1650,0
M0029,3165,2026-08-14,2026-08-14T20:09:17+09:00,-1400,1100,44.7939,0
M0029,3165,2026-08-14,2026-08-14T20:55:41+09:00,-1300,1200,45.5672,0
M0029,3165,2026-08-15,2026-08-15T10:54:13+09:00,-200,1200,45.5672,1
M0029,3165,2026-08-15,2026-08-15T11:29:09+09:00,-900,500,46.1494,0
M0029,3165,2026-08-15,2026-08-15T12:03:27+09:00,100,1500,46.7211,0
M0029,3165,2026-08-15,2026-08-15T12:36:37+09:00,2100,3500,47.2739,0
M0029,3165,2026-08-15,2026-08-15T13:08:49+09:00,1900,3300,47.8106,0
M0029,3165,2026-08-15,2026-08-15T14:01:55+09:00,1200,2600,48.6956,0
M0029,3165,2026-08-15,2026-08-15T14:36:09+09:00,1600,3000,49.2661,0
M0029,3165,2026-08-15,2026-08-15T15:11:53+09:00,1900,3300,49.8617,0
M0029,3165,2026-08-15,2026-08-15T15:58:43+09:00,1600,3000,50.6422,0
M0029,3165,2026-08-15,2026-08-15T16:34:01+09:00,2200,3600,51.2306,0
M0029,3165,2026-08-15,2026-08-15T17:11:17+09:00,1700,3100,51.8517,0
M0029,3165,2026-08-15,2026-08-15T17:58:39+09:00,1300,2700,52.6411,0
M0029,3165,2026-08-15,2026-08-15T18:35:13+09:00,1800,3200,53.2506,0
M0029,3165,2026-08-15,2026-08-15T19:12:53+09:00,900,2300,53.8783,0
M0029,3165,2026-08-15,2026-08-15T20:01:19+09:00,1700,3100,54.6856,0
M0029,3165,2026-08-15,2026-08-15T20:38:25+09:00,3500,4900,55.3039,0
M0029,3165,2026-08-15,2026-08-15T21:25:49+09:00,3800,5200,56.0939,0
M0029,3165,2026-08-16,2026-08-16T10:53:41+09:00,-100,5200,56.0939,1
M0029,3165,2026-08-16,2026-08-16T11:28:27+09:00,-700,4600,56.6733,0
M0029,3165,2026-08-16,2026-08-16T12:02:27+09:00,-1400,3900,57.2400,0
M0029,3165,2026-08-16,2026-08-16T12:35:49+09:00,-1700,3600,57.7961,0
M0029,3165,2026-08-16,2026-08-16T13:06:49+09:00,-2500,2800,58.3128,0
M0029,3165,2026-08-16,2026-08-16T13:36:19+09:00,-2400,2900,58.8044,0
M0029,3165,2026-08-16,2026-08-16T14:09:21+09:00,-3300,2000,59.3550,0
M0029,3165,2026-08-16,2026-08-16T14:51:21+09:00,-2300,3000,60.0550,0
M0029,3165,2026-08-16,2026-08-16T15:29:10+09:00,-1900,3400,60.6853,0
M0029,3165,2026-08-16,2026-08-16T16:05:23+09:00,-2300,3000,61.2889,0
M0029,3165,2026-08-16,2026-08-16T16:39:55+09:00,-2500,2800,61.8644,0
M0029,3165,2026-08-16,2026-08-16T17:30:17+09:00,-3300,2000,62.7039,0
M0029,3165,2026-08-16,2026-08-16T18:07:35+09:00,-3800,1500,63.3256,0
M0029,3165,2026-08-16,2026-08-16T18:38:25+09:00,-3100,2200,63.8394,0
M0029,3165,2026-08-17,2026-08-17T10:52:31+09:00,-100,2200,63.8394,1
M0029,3165,2026-08-17,2026-08-17T11:28:29+09:00,-500,1800,64.4389,0
M0029,3165,2026-08-17,2026-08-17T12:02:23+09:00,-1200,1100,65.0039,0
M0029,3165,2026-08-17,2026-08-17T12:34:35+09:00,-500,1800,65.5406,0
M0029,3165,2026-08-17,2026-08-17T13:07:15+09:00,-1200,1100,66.0850,0
M0029,3165,2026-08-17,2026-08-17T13:35:21+09:00,-1300,1000,66.5533,0
M0029,3165,2026-08-17,2026-08-17T14:03:11+09:00,-1600,700,67.0172,0
M0029,3165,2026-08-17,2026-08-17T14:36:43+09:00,-2000,300,67.5761,0
M0029,3165,2026-08-17,2026-08-17T15:11:21+09:00,-2800,-500,68.1533,0
M0029,3165,2026-08-17,2026-08-17T16:33:27+09:00,-3400,-1100,69.5217,0
M0029,3165,2026-08-17,2026-08-17T17:09:07+09:00,-3200,-900,70.1161,0
M0029,3165,2026-08-17,2026-08-17T17:58:27+09:00,-2000,300,70.9383,0
M0029,3165,2026-08-17,2026-08-17T19:59:55+09:00,-2700,-400,72.9628,0
M0029,3165,2026-08-17,2026-08-17T20:35:21+09:00,-3200,-900,73.5533,0
M0029,3165,2026-08-17,2026-08-17T21:13:05+09:00,-2200,100,74.1822,0
M0029,3165,2026-08-18,2026-08-18T10:52:51+09:00,-100,100,74.1822,1
M0029,3165,2026-08-18,2026-08-18T12:02:47+09:00,-200,0,75.3478,0
M0029,3165,2026-08-18,2026-08-18T12:35:21+09:00,1300,1500,75.8906,0
M0029,3165,2026-08-18,2026-08-18T13:07:37+09:00,1500,1700,76.4283,0
M0029,3165,2026-08-18,2026-08-18T13:35:43+09:00,800,1000,76.8967,0
M0029,3165,2026-08-18,2026-08-18T14:04:28+09:00,200,400,77.3758,0
M0030,3166,2026-08-11,2026-08-11T10:53:13+09:00,-200,-200,0.0000,1
M0030,3166,2026-08-11,2026-08-11T11:28:39+09:00,-600,-600,0.5906,0
M0030,3166,2026-08-11,2026-08-11T12:02:43+09:00,-300,-300,1.1583,0
M0030,3166,2026-08-11,2026-08-11T12:36:02+09:00,-500,-500,1.7136,0
M0030,3166,2026-08-11,2026-08-11T13:06:25+09:00,-200,-200,2.2200,0
M0030,3166,2026-08-11,2026-08-11T13:34:33+09:00,-800,-800,2.6889,0
M0030,3166,2026-08-11,2026-08-11T14:09:42+09:00,-100,-100,3.2747,0
M0030,3166,2026-08-11,2026-08-11T14:50:37+09:00,-600,-600,3.9567,0
M0030,3166,2026-08-11,2026-08-11T15:29:09+09:00,-400,-400,4.5989,0
M0030,3166,2026-08-11,2026-08-11T16:05:23+09:00,-100,-100,5.2028,0
M0030,3166,2026-08-11,2026-08-11T16:40:17+09:00,-500,-500,5.7844,0
M0030,3166,2026-08-11,2026-08-11T17:28:47+09:00,-1100,-1100,6.5928,0
M0030,3166,2026-08-11,2026-08-11T18:06:29+09:00,-1800,-1800,7.2211,0
M0030,3166,2026-08-11,2026-08-11T18:41:47+09:00,1700,1700,7.8094,0
M0030,3166,2026-08-11,2026-08-11T19:30:51+09:00,1000,1000,8.6272,0
M0030,3166,2026-08-11,2026-08-11T20:08:57+09:00,2000,2000,9.2622,0
M0030,3166,2026-08-12,2026-08-12T10:53:47+09:00,-100,2000,9.2622,1
M0030,3166,2026-08-12,2026-08-12T11:28:45+09:00,-200,1900,9.8450,0
M0030,3166,2026-08-12,2026-08-12T12:02:51+09:00,200,2300,10.4133,0
M0030,3166,2026-08-12,2026-08-12T12:36:01+09:00,-200,1900,10.9661,0
M0030,3166,2026-08-12,2026-08-12T13:06:31+09:00,700,2800,11.4744,0
M0030,3166,2026-08-12,2026-08-12T13:35:53+09:00,100,2200,11.9639,0
M0030,3166,2026-08-12,2026-08-12T14:11:01+09:00,400,2500,12.5494,0
M0030,3166,2026-08-12,2026-08-12T14:56:33+09:00,200,2300,13.3083,0
M0030,3166,2026-08-12,2026-08-12T15:31:45+09:00,-500,1600,13.8950,0
M0030,3166,2026-08-12,2026-08-12T16:07:57+09:00,-1200,900,14.4983,0
M0030,3166,2026-08-12,2026-08-12T16:35:17+09:00,-1300,800,14.9539,0
M0030,3166,2026-08-12,2026-08-12T17:01:31+09:00,-700,1400,15.3911,0
M0030,3166,2026-08-12,2026-08-12T17:36:51+09:00,-1300,800,15.9800,0
M0030,3166,2026-08-12,2026-08-12T18:14:03+09:00,3000,5100,16.6000,0
M0030,3166,2026-08-12,2026-08-12T19:01:02+09:00,4400,6500,17.3831,0
M0030,3166,2026-08-12,2026-08-12T19:36:51+09:00,4800,6900,17.9800,0
M0030,3166,2026-08-12,2026-08-12T20:14:43+09:00,4300,6400,18.6111,0
M0030,3166,2026-08-12,2026-08-12T21:03:27+09:00,3900,6000,19.4233,0
M0030,3166,2026-08-12,2026-08-12T21:39:31+09:00,6200,8300,20.0244,0
M0030,3166,2026-08-12,2026-08-12T22:26:01+09:00,5700,7800,20.7994,0
M0030,3166,2026-08-12,2026-08-12T23:05:02+09:00,5800,7900,21.4497,0
M0030,3166,2026-08-13,2026-08-13T10:54:54+09:00,-100,7900,21.4497,1
M0030,3166,2026-08-13,2026-08-13T11:29:13+09:00,-700,7300,22.0217,0
M0030,3166,2026-08-13,2026-08-13T12:03:39+09:00,-400,7600,22.5956,0
M0030,3166,2026-08-13,2026-08-13T12:36:57+09:00,-1000,7000,23.1506,0
M0030,3166,2026-08-13,2026-08-13T13:09:39+09:00,-300,7700,23.6956,0
M0030,3166,2026-08-13,2026-08-13T14:00:59+09:00,300,8300,24.5511,0
M0030,3166,2026-08-13,2026-08-13T14:35:09+09:00,2500,10500,25.1206,0
M0030,3166,2026-08-13,2026-08-13T15:11:23+09:00,2100,10100,25.7244,0
M0030,3166,2026-08-13,2026-08-13T15:58:27+09:00,1600,9600,26.5089,0
M0030,3166,2026-08-13,2026-08-13T16:33:27+09:00,1400,9400,27.0922,0
M0030,3166,2026-08-13,2026-08-13T17:10:25+09:00,800,8800,27.7083,0
M0030,3166,2026-08-13,2026-08-13T17:59:47+09:00,400,8400,28.5311,0
M0030,3166,2026-08-13,2026-08-13T18:36:04+09:00,-200,7800,29.1358,0
M0030,3166,2026-08-13,2026-08-13T19:14:33+09:00,700,8700,29.7772,0
M0030,3166,2026-08-13,2026-08-13T20:02:43+09:00,600,8600,30.5800,0
M0030,3166,2026-08-13,2026-08-13T20:39:10+09:00,-300,7700,31.1875,0
M0030,3166,2026-08-13,2026-08-13T22:03:35+09:00,100,8100,32.5944,0
M0030,3166,2026-08-13,2026-08-13T22:40:21+09:00,-100,7900,33.2072,0
M0030,3166,2026-08-13,2026-08-13T23:29:55+09:00,-200,7800,34.0333,0
M0030,3166,2026-08-14,2026-08-14T10:54:41+09:00,-100,7800,34.0333,1
M0030,3166,2026-08-14,2026-08-14T11:29:45+09:00,-800,7100,34.6178,0
M0030,3166,2026-08-14,2026-08-14T12:04:15+09:00,-600,7300,35.1928,0
M0030,3166,2026-08-14,2026-08-14T12:37:28+09:00,1400,9300,35.7464,0
M0030,3166,2026-08-14,2026-08-14T13:06:37+09:00,2100,10000,36.2322,0
M0030,3166,2026-08-14,2026-08-14T13:35:02+09:00,4000,11900,36.7058,0
M0030,3166,2026-08-14,2026-08-14T14:10:37+09:00,3300,11200,37.2989,0
M0030,3166,2026-08-14,2026-08-14T14:55:41+09:00,2700,10600,38.0500,0
M0030,3166,2026-08-14,2026-08-14T15:31:41+09:00,2600,10500,38.6500,0
M0030,3166,2026-08-14,2026-08-14T16:08:02+09:00,2100,10000,39.2558,0
M0030,3166,2026-08-14,2026-08-14T16:41:57+09:00,2000,9900,39.8211,0
M0030,3166,2026-08-14,2026-08-14T18:07:43+09:00,1700,9600,41.2506,0
M0030,3166,2026-08-14,2026-08-14T18:43:04+09:00,3100,11000,41.8397,0
M0030,3166,2026-08-14,2026-08-14T19:31:33+09:00,5800,13700,42.6478,0
M0030,3166,2026-08-14,2026-08-14T20:09:17+09:00,6600,14500,43.2767,0
M0030,3166,2026-08-14,2026-08-14T20:55:41+09:00,6000,13900,44.0500,0
M0030,3166,2026-08-14,2026-08-14T21:33:02+09:00,6200,14100,44.6725,0
M0030,3166,2026-08-15,2026-08-15T10:54:13+09:00,-100,14100,44.6725,1
M0030,3166,2026-08-15,2026-08-15T12:03:27+09:00,-900,13300,45.8264,0
M0030,3166,2026-08-15,2026-08-15T12:36:37+09:00,-1500,12700,46.3792,0
M0030,3166,2026-08-15,2026-08-15T13:08:49+09:00,-1300,12900,46.9158,0
M0030,3166,2026-08-15,2026-08-15T14:01:55+09:00,-1800,12400,47.8008,0
M0030,3166,2026-08-15,2026-08-15T14:36:09+09:00,-2300,11900,48.3714,0
M0030,3166,2026-08-15,2026-08-15T15:11:53+09:00,-1800,12400,48.9669,0
M0030,3166,2026-08-15,2026-08-15T15:58:43+09:00,-2500,11700,49.7475,0
M0030,3166,2026-08-15,2026-08-15T16:34:01+09:00,-2200,12000,50.3358,0
M0030,3166,2026-08-15,2026-08-15T17:11:17+09:00,-2800,11400,50.9569,0
M0030,3166,2026-08-15,2026-08-15T17:58:39+09:00,-3400,10800,51.7464,0
M0030,3166,2026-08-15,2026-08-15T18:35:13+09:00,-3600,10600,52.3558,0
M0030,3166,2026-08-15,2026-08-15T19:12:53+09:00,-4300,9900,52.9836,0
M0030,3166,2026-08-15,2026-08-15T20:01:19+09:00,-2200,12000,53.7908,0
M0030,3166,2026-08-15,2026-08-15T20:38:25+09:00,200,14400,54.4092,0
M0030,3166,2026-08-15,2026-08-15T21:25:49+09:00,-100,14100,55.1992,0
M0030,3166,2026-08-16,2026-08-16T10:53:41+09:00,-200,14100,55.1992,1
M0030,3166,2026-08-16,2026-08-16T11:28:27+09:00,-900,13400,55.7786,0
M0030,3166,2026-08-16,2026-08-16T12:35:49+09:00,-1200,13100,56.9014,0
M0030,3166,2026-08-16,2026-08-16T13:06:49+09:00,-400,13900,57.4181,0
M0030,3166,2026-08-16,2026-08-16T14:09:21+09:00,-1400,12900,58.4603,0
M0030,3166,2026-08-16,2026-08-16T14:51:21+09:00,-1700,12600,59.1603,0
M0030,3166,2026-08-16,2026-08-16T15:29:10+09:00,-2200,12100,59.7906,0
M0030,3166,2026-08-16,2026-08-16T16:39:55+09:00,-3400,10900,60.9697,0
M0030,3166,2026-08-16,2026-08-16T17:30:17+09:00,-3500,10800,61.8092,0
M0030,3166,2026-08-16,2026-08-16T18:07:35+09:00,-800,13500,62.4308,0
M0030,3166,2026-08-16,2026-08-16T18:38:25+09:00,-1100,13200,62.9447,0
M0030,3166,2026-08-16,2026-08-16T19:40:19+09:00,-1200,13100,63.9764,0
M0030,3166,2026-08-16,2026-08-16T20:25:39+09:00,-1900,12400,64.7319,0
M0030,3166,2026-08-16,2026-08-16T21:04:51+09:00,-2000,12300,65.3853,0
M0030,3166,2026-08-16,2026-08-16T21:42:13+09:00,-3200,11100,66.0081,0
M0030,3166,2026-08-16,2026-08-16T22:32:01+09:00,-3300,11000,66.8381,0
M0030,3166,2026-08-16,2026-08-16T23:11:15+09:00,-4200,10100,67.4919,0
M0030,3166,2026-08-17,2026-08-17T10:52:31+09:00,-100,10100,67.4919,1
M0030,3166,2026-08-17,2026-08-17T11:28:29+09:00,300,10500,68.0914,0
M0030,3166,2026-08-17,2026-08-17T12:02:23+09:00,100,10300,68.6564,0
M0030,3166,2026-08-17,2026-08-17T12:34:35+09:00,1600,11800,69.1931,0
M0030,3166,2026-08-17,2026-08-17T13:07:15+09:00,1000,11200,69.7375,0
M0030,3166,2026-08-17,2026-08-17T13:35:21+09:00,600,10800,70.2058,0
M0030,3166,2026-08-17,2026-08-17T14:03:11+09:00,0,10200,70.6697,0
M0030,3166,2026-08-17,2026-08-17T14:36:43+09:00,-500,9700,71.2286,0
M0030,3166,2026-08-17,2026-08-17T15:59:33+09:00,-400,9800,72.6092,0
M0030,3166,2026-08-17,2026-08-17T17:09:07+09:00,-1100,9100,73.7686,0
M0030,3166,2026-08-17,2026-08-17T17:58:27+09:00,-900,9300,74.5908,0
M0030,3166,2026-08-17,2026-08-17T18:33:03+09:00,-1300,8900,75.1675,0
M0030,3166,2026-08-17,2026-08-17T19:09:23+09:00,-1100,9100,75.7731,0
M0030,3166,2026-08-17,2026-08-17T19:59:55+09:00,-1800,8400,76.6153,0
M0030,3166,2026-08-17,2026-08-17T20:35:21+09:00,-1300,8900,77.2058,0
M0030,3166,2026-08-17,2026-08-17T21:13:05+09:00,-1700,8500,77.8347,0
M0030,3166,2026-08-18,2026-08-18T10:52:51+09:00,-200,8500,77.8347,1
M0030,3166,2026-08-18,2026-08-18T11:28:45+09:00,300,9000,78.4331,0
M0030,3166,2026-08-18,2026-08-18T12:02:47+09:00,200,8900,79.0003,0
M0030,3166,2026-08-18,2026-08-18T12:35:21+09:00,-400,8300,79.5431,0
M0030,3166,2026-08-18,2026-08-18T13:07:37+09:00,-500,8200,80.0808,0
M0030,3166,2026-08-18,2026-08-18T13:35:43+09:00,-600,8100,80.5492,0
M0030,3166,2026-08-18,2026-08-18T14:04:28+09:00,-1100,7600,81.0283,0
