machine_code,unit_number,data_date,sampled_at_jst,original_slump_value,chained_slump_value,hours_from_origin,is_day_start
M0031,2016,2026-08-14,2026-08-14T10:54:41+09:00,0,0,0.0000,1
M0031,2016,2026-08-14,2026-08-14T11:29:45+09:00,300,300,0.5844,0
M0031,2016,2026-08-14,2026-08-14T12:04:15+09:00,1300,1300,1.1594,0
M0031,2016,2026-08-14,2026-08-14T12:37:28+09:00,800,800,1.7131,0
M0031,2016,2026-08-14,2026-08-14T13:06:37+09:00,500,500,2.1989,0
M0031,2016,2026-08-14,2026-08-14T13:35:02+09:00,700,700,2.6725,0
M0031,2016,2026-08-14,2026-08-14T14:10:37+09:00,2500,2500,3.2656,0
M0031,2016,2026-08-14,2026-08-14T14:55:41+09:00,3300,3300,4.0167,0
M0031,2016,2026-08-14,2026-08-14T15:31:41+09:00,4100,4100,4.6167,0
M0031,2016,2026-08-14,2026-08-14T16:41:57+09:00,3900,3900,5.7878,0
M0031,2016,2026-08-14,2026-08-14T17:30:37+09:00,3300,3300,6.5989,0
M0031,2016,2026-08-14,2026-08-14T18:07:43+09:00,4100,4100,7.2172,0
M0031,2016,2026-08-14,2026-08-14T18:43:04+09:00,4800,4800,7.8064,0
M0031,2016,2026-08-14,2026-08-14T19:31:33+09:00,5600,5600,8.6144,0
M0031,2016,2026-08-14,2026-08-14T20:09:17+09:00,5300,5300,9.2433,0
M0031,2016,2026-08-14,2026-08-14T20:55:41+09:00,6000,6000,10.0167,0
M0031,2016,2026-08-14,2026-08-14T21:33:02+09:00,6500,6500,10.6392,0
M0031,2016,2026-08-14,2026-08-14T22:11:45+09:00,6200,6200,11.2844,0
M0031,2016,2026-08-15,2026-08-15T10:54:13+09:00,0,6200,11.2844,1
M0031,2016,2026-08-15,2026-08-15T11:29:09+09:00,-400,5800,11.8667,0
M0031,2016,2026-08-15,2026-08-15T12:03:27+09:00,-1000,5200,12.4383,0
M0031,2016,2026-08-15,2026-08-15T12:36:37+09:00,-900,5300,12.9911,0
M0031,2016,2026-08-15,2026-08-15T13:08:49+09:00,-700,5500,13.5278,0
M0031,2016,2026-08-15,2026-08-15T14:01:55+09:00,-1300,4900,14.4128,0
M0031,2016,2026-08-15,2026-08-15T14:36:09+09:00,-1900,4300,14.9833,0
M0031,2016,2026-08-15,2026-08-15T15:11:53+09:00,-1800,4400,15.5789,0
M0031,2016,2026-08-15,2026-08-15T16:34:01+09:00,-2000,4200,16.9478,0
M0031,2016,2026-08-15,2026-08-15T17:11:17+09:00,-2700,3500,17.5689,0
M0031,2016,2026-08-15,2026-08-15T17:58:39+09:00,-3100,3100,18.3583,0
M0031,2016,2026-08-15,2026-08-15T18:35:13+09:00,-2700,3500,18.9678,0
M0031,2016,2026-08-15,2026-08-15T19:12:53+09:00,-3700,2500,19.5956,0
M0031,2016,2026-08-15,2026-08-15T20:01:19+09:00,-3100,3100,20.4028,0
M0031,2016,2026-08-15,2026-08-15T20:38:25+09:00,-2100,4100,21.0211,0
M0031,2016,2026-08-15,2026-08-15T22:04:23+09:00,-2200,4000,22.4539,0
M0031,2016,2026-08-16,2026-08-16T10:53:41+09:00,0,4000,22.4539,1
M0031,2016,2026-08-16,2026-08-16T11:28:27+09:00,-500,3500,23.0333,0
M0031,2016,2026-08-16,2026-08-16T12:02:27+09:00,-200,3800,23.6000,0
M0031,2016,2026-08-16,2026-08-16T12:35:49+09:00,-600,3400,24.1561,0
M0031,2016,2026-08-16,2026-08-16T13:06:49+09:00,-1400,2600,24.6728,0
M0031,2016,2026-08-16,2026-08-16T13:36:19+09:00,-1200,2800,25.1644,0
M0031,2016,2026-08-16,2026-08-16T14:09:21+09:00,-900,3100,25.7150,0
M0031,2016,2026-08-16,2026-08-16T14:51:21+09:00,-1200,2800,26.4150,0
M0031,2016,2026-08-16,2026-08-16T15:29:10+09:00,-400,3600,27.0453,0
M0031,2016,2026-08-16,2026-08-16T16:05:23+09:00,-500,3500,27.6489,0
M0031,2016,2026-08-16,2026-08-16T16:39:55+09:00,-100,3900,28.2244,0
M0031,2016,2026-08-16,2026-08-16T17:30:17+09:00,700,4700,29.0639,0
M0031,2016,2026-08-16,2026-08-16T18:07:35+09:00,1700,5700,29.6856,0
M0031,2016,2026-08-16,2026-08-16T18:38:25+09:00,3300,7300,30.1994,0
M0031,2016,2026-08-16,2026-08-16T19:40:19+09:00,4100,8100,31.2311,0
M0031,2016,2026-08-16,2026-08-16T20:25:39+09:00,3600,7600,31.9867,0
M0031,2016,2026-08-16,2026-08-16T21:04:51+09:00,3500,7500,32.6400,0
M0031,2016,2026-08-16,2026-08-16T21:42:13+09:00,3400,7400,33.2628,0
M0031,2016,2026-08-17,2026-08-17T10:52:31+09:00,0,7400,33.2628,1
M0031,2016,2026-08-17,2026-08-17T14:36:43+09:00,-300,7100,36.9994,0
M0031,2016,2026-08-17,2026-08-17T15:11:21+09:00,-600,6800,37.5767,0
M0031,2016,2026-08-17,2026-08-17T20:35:21+09:00,-800,6600,42.9767,0
M0031,2016,2026-08-17,2026-08-17T21:13:05+09:00,-900,6500,43.6056,0
M0031,2016,2026-08-18,2026-08-18T10:52:51+09:00,0,6500,43.6056,1
M0031,2016,2026-08-18,2026-08-18T12:35:21+09:00,-500,6000,45.3139,0
M0031,2016,2026-08-18,2026-08-18T13:07:37+09:00,-300,6200,45.8517,0
M0031,2016,2026-08-18,2026-08-18T13:35:43+09:00,-900,5600,46.3200,0
M0031,2016,2026-08-18,2026-08-18T14:04:28+09:00,-1200,5300,46.7992,0
M0031,2016,2026-08-18,2026-08-18T14:37:28+09:00,-300,6200,47.3492,0
M0031,2016,2026-08-18,2026-08-18T15:11:53+09:00,200,6700,47.9228,0
M0031,2016,2026-08-18,2026-08-18T20:35:25+09:00,100,6600,53.3150,0
M0031,2016,2026-08-19,2026-08-19T10:53:31+09:00,0,6600,53.3150,1
M0031,2016,2026-08-19,2026-08-19T13:06:21+09:00,300,6900,55.5289,0
M0031,2016,2026-08-19,2026-08-19T13:35:01+09:00,0,6600,56.0067,0
M0031,2016,2026-08-19,2026-08-19T14:09:06+09:00,100,6700,56.5747,0
M0031,2016,2026-08-19,2026-08-19T18:08:43+09:00,-100,6500,60.5683,0
M0031,2016,2026-08-19,2026-08-19T18:50:27+09:00,-600,6000,61.2639,0
M0031,2016,2026-08-19,2026-08-19T19:28:55+09:00,-900,5700,61.9050,0
M0031,2016,2026-08-19,2026-08-19T20:05:19+09:00,-800,5800,62.5117,0
M0031,2016,2026-08-19,2026-08-19T20:39:17+09:00,700,7300,63.0778,0
M0031,2016,2026-08-19,2026-08-19T21:30:39+09:00,800,7400,63.9339,0
M0031,2016,2026-08-20,2026-08-20T10:52:57+09:00,0,7400,63.9339,1
M0031,2016,2026-08-20,2026-08-20T13:36:17+09:00,200,7600,66.6561,0
M0031,2016,2026-08-20,2026-08-20T14:02:59+09:00,500,7900,67.1011,0
M0031,2016,2026-08-20,2026-08-20T14:35:37+09:00,200,7600,67.6450,0
M0031,2016,2026-08-20,2026-08-20T15:09:59+09:00,-500,6900,68.2178,0
M0031,2016,2026-08-20,2026-08-20T15:59:19+09:00,100,7500,69.0400,0
M0031,2016,2026-08-20,2026-08-20T16:32:33+09:00,1200,8600,69.5939,0
M0031,2016,2026-08-20,2026-08-20T17:07:41+09:00,2100,9500,70.1794,0
M0031,2016,2026-08-20,2026-08-20T17:42:01+09:00,3000,10400,70.7517,0
M0031,2016,2026-08-20,2026-08-20T18:28:21+09:00,2700,10100,71.5239,0
M0031,2016,2026-08-20,2026-08-20T19:39:23+09:00,2600,10000,72.7078,0
M0031,2016,2026-08-20,2026-08-20T20:28:35+09:00,2100,9500,73.5278,0
M0031,2016,2026-08-20,2026-08-20T21:05:21+09:00,1800,9200,74.1406,0
M0031,2016,2026-08-20,2026-08-20T21:40:19+09:00,800,8200,74.7233,0
M0031,2016,2026-08-20,2026-08-20T22:30:04+09:00,400,7800,75.5525,0
M0031,2016,2026-08-20,2026-08-20T23:07:51+09:00,-200,7200,76.1822,0
M0031,2016,2026-08-20,2026-08-20T23:43:01+09:00,-500,6900,76.7683,0
M0031,2016,2026-08-21,2026-08-21T10:54:01+09:00,-100,6900,76.7683,1
M0031,2016,2026-08-21,2026-08-21T11:29:17+09:00,-500,6500,77.3561,0
M0031,2016,2026-08-21,2026-08-21T12:03:33+09:00,-800,6200,77.9272,0
M0031,2016,2026-08-21,2026-08-21T12:36:21+09:00,-1000,6000,78.4739,0
M0031,2016,2026-08-21,2026-08-21T13:07:23+09:00,-900,6100,78.9911,0
M0032,2017,2026-08-14,2026-08-14T10:54:41+09:00,0,0,0.0000,1
M0032,2017,2026-08-14,2026-08-14T11:29:45+09:00,-600,-600,0.5844,0
M0032,2017,2026-08-14,2026-08-14T12:04:15+09:00,-500,-500,1.1594,0
M0032,2017,2026-08-14,2026-08-14T12:37:28+09:00,100,100,1.7131,0
M0032,2017,2026-08-14,2026-08-14T13:06:37+09:00,500,500,2.1989,0
M0032,2017,2026-08-14,2026-08-14T13:35:02+09:00,100,100,2.6725,0
M0032,2017,2026-08-14,2026-08-14T14:10:37+09:00,-900,-900,3.2656,0
M0032,2017,2026-08-14,2026-08-14T14:55:41+09:00,-1500,-1500,4.0167,0
M0032,2017,2026-08-14,2026-08-14T15:31:41+09:00,-1800,-1800,4.6167,0
M0032,2017,2026-08-14,2026-08-14T16:41:57+09:00,-2300,-2300,5.7878,0
M0032,2017,2026-08-14,2026-08-14T17:30:37+09:00,-1600,-1600,6.5989,0
M0032,2017,2026-08-14,2026-08-14T18:07:43+09:00,-1700,-1700,7.2172,0
M0032,2017,2026-08-14,2026-08-14T18:43:04+09:00,0,0,7.8064,0
M0032,2017,2026-08-14,2026-08-14T19:31:33+09:00,900,900,8.6144,0
M0032,2017,2026-08-14,2026-08-14T20:09:17+09:00,2800,2800,9.2433,0
M0032,2017,2026-08-14,2026-08-14T20:55:41+09:00,3300,3300,10.0167,0
M0032,2017,2026-08-14,2026-08-14T21:33:02+09:00,4100,4100,10.6392,0
M0032,2017,2026-08-14,2026-08-14T22:11:45+09:00,4000,4000,11.2844,0
M0032,2017,2026-08-14,2026-08-14T23:00:09+09:00,4700,4700,12.0911,0
M0032,2017,2026-08-14,2026-08-14T23:38:17+09:00,5800,5800,12.7267,0
M0032,2017,2026-08-15,2026-08-15T10:54:13+09:00,-100,5800,12.7267,1
M0032,2017,2026-08-15,2026-08-15T11:29:09+09:00,800,6700,13.3089,0
M0032,2017,2026-08-15,2026-08-15T12:03:27+09:00,500,6400,13.8806,0
M0032,2017,2026-08-15,2026-08-15T12:36:37+09:00,800,6700,14.4333,0
M0032,2017,2026-08-15,2026-08-15T13:08:49+09:00,0,5900,14.9700,0
M0032,2017,2026-08-15,2026-08-15T14:01:55+09:00,-300,5600,15.8550,0
M0032,2017,2026-08-15,2026-08-15T14:36:09+09:00,700,6600,16.4256,0
M0032,2017,2026-08-15,2026-08-15T15:58:43+09:00,600,6500,17.8017,0
M0032,2017,2026-08-15,2026-08-15T16:34:01+09:00,100,6000,18.3900,0
M0032,2017,2026-08-15,2026-08-15T17:11:17+09:00,-800,5100,19.0111,0
M0032,2017,2026-08-15,2026-08-15T17:58:39+09:00,100,6000,19.8006,0
M0032,2017,2026-08-15,2026-08-15T18:35:13+09:00,1100,7000,20.4100,0
M0032,2017,2026-08-15,2026-08-15T19:12:53+09:00,1300,7200,21.0378,0
M0032,2017,2026-08-15,2026-08-15T20:01:19+09:00,1000,6900,21.8450,0
M0032,2017,2026-08-15,2026-08-15T20:38:25+09:00,900,6800,22.4633,0
M0032,2017,2026-08-16,2026-08-16T10:53:41+09:00,-100,6800,22.4633,1
M0032,2017,2026-08-16,2026-08-16T11:28:27+09:00,-600,6300,23.0428,0
M0032,2017,2026-08-16,2026-08-16T12:02:27+09:00,-1100,5800,23.6094,0
M0032,2017,2026-08-16,2026-08-16T12:35:49+09:00,-200,6700,24.1656,0
M0032,2017,2026-08-16,2026-08-16T13:06:49+09:00,-500,6400,24.6822,0
M0032,2017,2026-08-16,2026-08-16T13:36:19+09:00,-1000,5900,25.1739,0
M0032,2017,2026-08-16,2026-08-16T14:09:21+09:00,-1300,5600,25.7244,0
M0032,2017,2026-08-16,2026-08-16T14:51:21+09:00,-800,6100,26.4244,0
M0032,2017,2026-08-16,2026-08-16T15:29:10+09:00,-600,6300,27.0547,0
M0032,2017,2026-08-16,2026-08-16T16:05:23+09:00,-1100,5800,27.6583,0
M0032,2017,2026-08-16,2026-08-16T16:39:55+09:00,-2300,4600,28.2339,0
M0032,2017,2026-08-16,2026-08-16T17:30:17+09:00,-1900,5000,29.0733,0
M0032,2017,2026-08-16,2026-08-16T18:07:35+09:00,-2100,4800,29.6950,0
M0032,2017,2026-08-17,2026-08-17T10:52:31+09:00,0,4800,29.6950,1
M0032,2017,2026-08-17,2026-08-17T13:35:21+09:00,-300,4500,32.4089,0
M0032,2017,2026-08-17,2026-08-17T14:03:11+09:00,-800,4000,32.8728,0
M0032,2017,2026-08-17,2026-08-17T14:36:43+09:00,-900,3900,33.4317,0
M0032,2017,2026-08-17,2026-08-17T15:11:21+09:00,-700,4100,34.0089,0
M0032,2017,2026-08-17,2026-08-17T15:59:33+09:00,-1200,3600,34.8122,0
M0032,2017,2026-08-17,2026-08-17T16:33:27+09:00,-700,4100,35.3772,0
M0032,2017,2026-08-17,2026-08-17T17:09:07+09:00,-1400,3400,35.9717,0
M0032,2017,2026-08-17,2026-08-17T17:58:27+09:00,-1700,3100,36.7939,0
M0032,2017,2026-08-17,2026-08-17T18:33:03+09:00,-2200,2600,37.3706,0
M0032,2017,2026-08-17,2026-08-17T19:09:23+09:00,-3300,1500,37.9761,0
M0032,2017,2026-08-17,2026-08-17T19:59:55+09:00,-2300,2500,38.8183,0
M0032,2017,2026-08-17,2026-08-17T20:35:21+09:00,-2400,2400,39.4089,0
M0032,2017,2026-08-17,2026-08-17T21:13:05+09:00,-2600,2200,40.0378,0
M0032,2017,2026-08-18,2026-08-18T10:52:51+09:00,0,2200,40.0378,1
M0032,2017,2026-08-18,2026-08-18T11:28:45+09:00,-500,1700,40.6361,0
M0032,2017,2026-08-18,2026-08-18T13:07:37+09:00,-700,1500,42.2839,0
M0032,2017,2026-08-18,2026-08-18T13:35:43+09:00,100,2300,42.7522,0
M0032,2017,2026-08-18,2026-08-18T14:37:28+09:00,-300,1900,43.7814,0
M0032,2017,2026-08-18,2026-08-18T15:11:53+09:00,0,2200,44.3550,0
M0032,2017,2026-08-18,2026-08-18T15:59:35+09:00,-300,1900,45.1500,0
M0032,2017,2026-08-18,2026-08-18T16:33:08+09:00,-900,1300,45.7092,0
M0032,2017,2026-08-18,2026-08-18T17:08:27+09:00,-400,1800,46.2978,0
M0032,2017,2026-08-18,2026-08-18T19:09:25+09:00,-700,1500,48.3139,0
M0032,2017,2026-08-18,2026-08-18T19:59:53+09:00,-1100,1100,49.1550,0
M0032,2017,2026-08-18,2026-08-18T20:35:25+09:00,-1300,900,49.7472,0
M0032,2017,2026-08-18,2026-08-18T21:11:41+09:00,-1200,1000,50.3517,0
M0032,2017,2026-08-19,2026-08-19T10:53:31+09:00,0,1000,50.3517,1
M0032,2017,2026-08-19,2026-08-19T11:28:23+09:00,-100,900,50.9328,0
M0032,2017,2026-08-19,2026-08-19T12:02:25+09:00,-200,800,51.5000,0
M0032,2017,2026-08-19,2026-08-19T12:35:06+09:00,700,1700,52.0447,0
M0032,2017,2026-08-19,2026-08-19T13:06:21+09:00,1200,2200,52.5656,0
M0032,2017,2026-08-19,2026-08-19T13:35:01+09:00,800,1800,53.0433,0
M0032,2017,2026-08-19,2026-08-19T14:09:06+09:00,400,1400,53.6114,0
M0032,2017,2026-08-20,2026-08-20T10:52:57+09:00,0,1400,53.6114,1
M0032,2017,2026-08-20,2026-08-20T12:35:01+09:00,-100,1300,55.3125,0
M0032,2017,2026-08-20,2026-08-20T15:09:59+09:00,-200,1200,57.8953,0
M0032,2017,2026-08-20,2026-08-20T15:59:19+09:00,400,1800,58.7175,0
M0032,2017,2026-08-20,2026-08-20T17:42:01+09:00,300,1700,60.4292,0
M0032,2017,2026-08-20,2026-08-20T18:28:21+09:00,600,2000,61.2014,0
M0032,2017,2026-08-20,2026-08-20T19:04:37+09:00,100,1500,61.8058,0
M0032,2017,2026-08-20,2026-08-20T19:39:23+09:00,0,1400,62.3853,0
M0032,2017,2026-08-20,2026-08-20T20:28:35+09:00,-400,1000,63.2053,0
M0032,2017,2026-08-20,2026-08-20T21:05:21+09:00,-800,600,63.8181,0
M0032,2017,2026-08-21,2026-08-21T10:54:01+09:00,-100,600,63.8181,1
M0032,2017,2026-08-21,2026-08-21T11:29:17+09:00,600,1300,64.4058,0
M0032,2017,2026-08-21,2026-08-21T12:36:21+09:00,700,1400,65.5236,0
M0032,2017,2026-08-21,2026-08-21T13:07:23+09:00,100,800,66.0408,0
M0033,2018,2026-08-14,2026-08-14T10:54:41+09:00,0,0,0.0000,1
M0033,2018,2026-08-14,2026-08-14T11:29:45+09:00,300,300,0.5844,0
M0033,2018,2026-08-14,2026-08-14T12:04:15+09:00,900,900,1.1594,0
M0033,2018,2026-08-14,2026-08-14T12:37:28+09:00,1900,1900,1.7131,0
M0033,2018,2026-08-14,2026-08-14T13:35:02+09:00,2100,2100,2.6725,0
M0033,2018,2026-08-14,2026-08-14T14:10:37+09:00,2400,2400,3.2656,0
M0033,2018,2026-08-14,2026-08-14T14:55:41+09:00,2700,2700,4.0167,0
M0033,2018,2026-08-14,2026-08-14T15:31:41+09:00,2500,2500,4.6167,0
M0033,2018,2026-08-14,2026-08-14T16:08:02+09:00,2800,2800,5.2225,0
M0033,2018,2026-08-14,2026-08-14T17:30:37+09:00,3500,3500,6.5989,0
M0033,2018,2026-08-14,2026-08-14T18:07:43+09:00,4300,4300,7.2172,0
M0033,2018,2026-08-14,2026-08-14T18:43:04+09:00,3600,3600,7.8064,0
M0033,2018,2026-08-14,2026-08-14T19:31:33+09:00,4200,4200,8.6144,0
M0033,2018,2026-08-14,2026-08-14T20:09:17+09:00,4100,4100,9.2433,0
M0033,2018,2026-08-14,2026-08-14T20:55:41+09:00,4500,4500,10.0167,0
M0033,2018,2026-08-14,2026-08-14T21:33:02+09:00,4400,4400,10.6392,0
M0033,2018,2026-08-14,2026-08-14T22:11:45+09:00,5000,5000,11.2844,0
M0033,2018,2026-08-14,2026-08-14T23:00:09+09:00,5600,5600,12.0911,0
M0033,2018,2026-08-14,2026-08-14T23:38:17+09:00,5500,5500,12.7267,0
M0033,2018,2026-08-15,2026-08-15T10:54:13+09:00,-100,5500,12.7267,1
M0033,2018,2026-08-15,2026-08-15T11:29:09+09:00,-600,5000,13.3089,0
M0033,2018,2026-08-15,2026-08-15T12:03:27+09:00,-1000,4600,13.8806,0
M0033,2018,2026-08-15,2026-08-15T12:36:37+09:00,-1700,3900,14.4333,0
M0033,2018,2026-08-15,2026-08-15T13:08:49+09:00,-2300,3300,14.9700,0
M0033,2018,2026-08-15,2026-08-15T14:01:55+09:00,-2900,2700,15.8550,0
M0033,2018,2026-08-15,2026-08-15T14:36:09+09:00,-2700,2900,16.4256,0
M0033,2018,2026-08-15,2026-08-15T15:11:53+09:00,-1900,3700,17.0211,0
M0033,2018,2026-08-15,2026-08-15T15:58:43+09:00,-1000,4600,17.8017,0
M0033,2018,2026-08-15,2026-08-15T16:34:01+09:00,-1700,3900,18.3900,0
M0033,2018,2026-08-15,2026-08-15T17:11:17+09:00,-1800,3800,19.0111,0
M0033,2018,2026-08-15,2026-08-15T17:58:39+09:00,-2000,3600,19.8006,0
M0033,2018,2026-08-15,2026-08-15T18:35:13+09:00,-1000,4600,20.4100,0
M0033,2018,2026-08-15,2026-08-15T19:12:53+09:00,-900,4700,21.0378,0
M0033,2018,2026-08-15,2026-08-15T20:01:19+09:00,-1500,4100,21.8450,0
M0033,2018,2026-08-16,2026-08-16T10:53:41+09:00,-100,4100,21.8450,1
M0033,2018,2026-08-16,2026-08-16T11:28:27+09:00,-500,3700,22.4244,0
M0033,2018,2026-08-16,2026-08-16T12:02:27+09:00,-600,3600,22.9911,0
M0033,2018,2026-08-16,2026-08-16T12:35:49+09:00,-100,4100,23.5472,0
M0033,2018,2026-08-16,2026-08-16T13:06:49+09:00,-600,3600,24.0639,0
M0033,2018,2026-08-16,2026-08-16T13:36:19+09:00,-1000,3200,24.5556,0
M0033,2018,2026-08-16,2026-08-16T14:51:21+09:00,-1300,2900,25.8061,0
M0033,2018,2026-08-16,2026-08-16T15:29:10+09:00,-1500,2700,26.4364,0
M0033,2018,2026-08-16,2026-08-16T16:05:23+09:00,-2100,2100,27.0400,0
M0033,2018,2026-08-16,2026-08-16T16:39:55+09:00,-1300,2900,27.6156,0
M0033,2018,2026-08-16,2026-08-16T17:30:17+09:00,-900,3300,28.4550,0
M0033,2018,2026-08-16,2026-08-16T18:07:35+09:00,-1600,2600,29.0767,0
M0033,2018,2026-08-16,2026-08-16T18:38:25+09:00,-600,3600,29.5906,0
M0033,2018,2026-08-16,2026-08-16T19:40:19+09:00,100,4300,30.6222,0
M0033,2018,2026-08-17,2026-08-17T10:52:31+09:00,-100,4300,30.6222,1
M0033,2018,2026-08-17,2026-08-17T12:02:23+09:00,900,5300,31.7867,0
M0033,2018,2026-08-17,2026-08-17T12:34:35+09:00,1600,6000,32.3233,0
M0033,2018,2026-08-17,2026-08-17T13:07:15+09:00,2500,6900,32.8678,0
M0033,2018,2026-08-17,2026-08-17T14:03:11+09:00,3500,7900,33.8000,0
M0033,2018,2026-08-17,2026-08-17T14:36:43+09:00,4000,8400,34.3589,0
M0033,2018,2026-08-17,2026-08-17T15:11:21+09:00,3500,7900,34.9361,0
M0033,2018,2026-08-17,2026-08-17T15:59:33+09:00,3200,7600,35.7394,0
M0033,2018,2026-08-17,2026-08-17T19:09:23+09:00,4500,8900,38.9033,0
M0033,2018,2026-08-17,2026-08-17T19:59:55+09:00,5400,9800,39.7456,0
M0033,2018,2026-08-17,2026-08-17T20:35:21+09:00,6300,10700,40.3361,0
M0033,2018,2026-08-17,2026-08-17T21:13:05+09:00,5400,9800,40.9650,0
M0033,2018,2026-08-17,2026-08-17T22:34:49+09:00,5200,9600,42.3272,0
M0033,2018,2026-08-18,2026-08-18T10:52:51+09:00,-100,9600,42.3272,1
M0033,2018,2026-08-18,2026-08-18T11:28:45+09:00,-500,9200,42.9256,0
M0033,2018,2026-08-18,2026-08-18T12:02:47+09:00,300,10000,43.4928,0
M0033,2018,2026-08-18,2026-08-18T12:35:21+09:00,1200,10900,44.0356,0
M0033,2018,2026-08-18,2026-08-18T13:07:37+09:00,1300,11000,44.5733,0
M0033,2018,2026-08-18,2026-08-18T13:35:43+09:00,2200,11900,45.0417,0
M0033,2018,2026-08-18,2026-08-18T14:04:28+09:00,3000,12700,45.5208,0
M0033,2018,2026-08-18,2026-08-18T14:37:28+09:00,2700,12400,46.0708,0
M0033,2018,2026-08-18,2026-08-18T15:11:53+09:00,1900,11600,46.6444,0
M0033,2018,2026-08-18,2026-08-18T15:59:35+09:00,1400,11100,47.4394,0
M0033,2018,2026-08-18,2026-08-18T17:59:01+09:00,1200,10900,49.4300,0
M0033,2018,2026-08-18,2026-08-18T18:33:31+09:00,1900,11600,50.0050,0
M0033,2018,2026-08-18,2026-08-18T19:09:25+09:00,2500,12200,50.6033,0
M0033,2018,2026-08-18,2026-08-18T20:35:25+09:00,2200,11900,52.0367,0
M0033,2018,2026-08-18,2026-08-18T21:11:41+09:00,2100,11800,52.6411,0
M0033,2018,2026-08-18,2026-08-18T21:57:39+09:00,2000,11700,53.4072,0
M0033,2018,2026-08-19,2026-08-19T10:53:31+09:00,0,11700,53.4072,1
M0033,2018,2026-08-19,2026-08-19T13:06:21+09:00,100,11800,55.6211,0
M0033,2018,2026-08-19,2026-08-19T13:35:01+09:00,400,12100,56.0989,0
M0033,2018,2026-08-19,2026-08-19T14:09:06+09:00,-300,11400,56.6669,0
M0033,2018,2026-08-19,2026-08-19T14:49:47+09:00,-900,10800,57.3450,0
M0033,2018,2026-08-19,2026-08-19T15:26:59+09:00,-1100,10600,57.9650,0
M0033,2018,2026-08-19,2026-08-19T16:36:50+09:00,-1500,10200,59.1292,0
M0033,2018,2026-08-19,2026-08-19T17:32:35+09:00,-1400,10300,60.0583,0
M0033,2018,2026-08-20,2026-08-20T10:52:57+09:00,0,10300,60.0583,1
M0033,2018,2026-08-20,2026-08-20T15:09:59+09:00,-100,10200,64.3422,0
M0033,2018,2026-08-20,2026-08-20T15:59:19+09:00,-300,10000,65.1644,0
M0033,2018,2026-08-20,2026-08-20T17:07:41+09:00,100,10400,66.3039,0
M0033,2018,2026-08-20,2026-08-20T21:05:21+09:00,0,10300,70.2650,0
M0033,2018,2026-08-20,2026-08-20T21:40:19+09:00,-300,10000,70.8478,0
M0033,2018,2026-08-20,2026-08-20T22:30:04+09:00,500,10800,71.6769,0
M0033,2018,2026-08-20,2026-08-20T23:07:51+09:00,300,10600,72.3067,0
M0033,2018,2026-08-21,2026-08-21T10:54:01+09:00,-100,10600,72.3067,1
M0033,2018,2026-08-21,2026-08-21T11:29:17+09:00,-500,10200,72.8944,0
M0033,2018,2026-08-21,2026-08-21T12:03:33+09:00,-600,10100,73.4656,0
M0033,2018,2026-08-21,2026-08-21T12:36:21+09:00,200,10900,74.0122,0
M0033,2018,2026-08-21,2026-08-21T13:07:23+09:00,300,11000,74.5294,0
M0034,2019,2026-08-14,2026-08-14T10:54:41+09:00,-100,-100,0.0000,1
M0034,2019,2026-08-14,2026-08-14T11:29:45+09:00,-600,-600,0.5844,0
M0034,2019,2026-08-14,2026-08-14T12:04:15+09:00,-900,-900,1.1594,0
M0034,2019,2026-08-14,2026-08-14T12:37:28+09:00,-500,-500,1.7131,0
M0034,2019,2026-08-14,2026-08-14T13:35:02+09:00,-300,-300,2.6725,0
M0034,2019,2026-08-14,2026-08-14T14:10:37+09:00,100,100,3.2656,0
M0034,2019,2026-08-14,2026-08-14T14:55:41+09:00,-500,-500,4.0167,0
M0034,2019,2026-08-14,2026-08-14T15:31:41+09:00,-400,-400,4.6167,0
M0034,2019,2026-08-14,2026-08-14T16:08:02+09:00,300,300,5.2225,0
M0034,2019,2026-08-14,2026-08-14T16:41:57+09:00,-800,-800,5.7878,0
M0034,2019,2026-08-14,2026-08-14T17:30:37+09:00,-500,-500,6.5989,0
M0034,2019,2026-08-14,2026-08-14T18:07:43+09:00,-100,-100,7.2172,0
M0034,2019,2026-08-14,2026-08-14T18:43:04+09:00,0,0,7.8064,0
M0034,2019,2026-08-14,2026-08-14T19:31:33+09:00,-400,-400,8.6144,0
M0034,2019,2026-08-14,2026-08-14T20:09:17+09:00,-700,-700,9.2433,0
M0034,2019,2026-08-14,2026-08-14T20:55:41+09:00,-800,-800,10.0167,0
M0034,2019,2026-08-14,2026-08-14T21:33:02+09:00,0,0,10.6392,0
M0034,2019,2026-08-14,2026-08-14T22:11:45+09:00,700,700,11.2844,0
M0034,2019,2026-08-14,2026-08-14T23:00:09+09:00,800,800,12.0911,0
M0034,2019,2026-08-14,2026-08-14T23:38:17+09:00,1500,1500,12.7267,0
M0034,2019,2026-08-15,2026-08-15T10:54:13+09:00,-200,1500,12.7267,1
M0034,2019,2026-08-15,2026-08-15T11:29:09+09:00,-700,1000,13.3089,0
M0034,2019,2026-08-15,2026-08-15T12:03:27+09:00,-1000,700,13.8806,0
M0034,2019,2026-08-15,2026-08-15T12:36:37+09:00,-1300,400,14.4333,0
M0034,2019,2026-08-15,2026-08-15T13:08:49+09:00,-1900,-200,14.9700,0
M0034,2019,2026-08-15,2026-08-15T14:01:55+09:00,-1500,200,15.8550,0
M0034,2019,2026-08-15,2026-08-15T14:36:09+09:00,-2000,-300,16.4256,0
M0034,2019,2026-08-15,2026-08-15T15:11:53+09:00,-2100,-400,17.0211,0
M0034,2019,2026-08-15,2026-08-15T15:58:43+09:00,-2500,-800,17.8017,0
M0034,2019,2026-08-15,2026-08-15T17:11:17+09:00,-3100,-1400,19.0111,0
M0034,2019,2026-08-15,2026-08-15T17:58:39+09:00,-3400,-1700,19.8006,0
M0034,2019,2026-08-15,2026-08-15T18:35:13+09:00,-3500,-1800,20.4100,0
M0034,2019,2026-08-15,2026-08-15T19:12:53+09:00,-4500,-2800,21.0378,0
M0034,2019,2026-08-15,2026-08-15T20:01:19+09:00,-4300,-2600,21.8450,0
M0034,2019,2026-08-16,2026-08-16T10:53:41+09:00,-100,-2600,21.8450,1
M0034,2019,2026-08-16,2026-08-16T11:28:27+09:00,-700,-3200,22.4244,0
M0034,2019,2026-08-16,2026-08-16T12:02:27+09:00,-1200,-3700,22.9911,0
M0034,2019,2026-08-16,2026-08-16T12:35:49+09:00,-1400,-3900,23.5472,0
M0034,2019,2026-08-16,2026-08-16T13:06:49+09:00,-1500,-4000,24.0639,0
M0034,2019,2026-08-16,2026-08-16T13:36:19+09:00,-1400,-3900,24.5556,0
M0034,2019,2026-08-16,2026-08-16T14:09:21+09:00,-2300,-4800,25.1061,0
M0034,2019,2026-08-16,2026-08-16T14:51:21+09:00,-1500,-4000,25.8061,0
M0034,2019,2026-08-16,2026-08-16T15:29:10+09:00,-1000,-3500,26.4364,0
M0034,2019,2026-08-16,2026-08-16T16:05:23+09:00,-700,-3200,27.0400,0
M0034,2019,2026-08-16,2026-08-16T16:39:55+09:00,-1000,-3500,27.6156,0
M0034,2019,2026-08-16,2026-08-16T17:30:17+09:00,-200,-2700,28.4550,0
M0034,2019,2026-08-16,2026-08-16T18:07:35+09:00,1000,-1500,29.0767,0
M0034,2019,2026-08-16,2026-08-16T18:38:25+09:00,2700,200,29.5906,0
M0034,2019,2026-08-16,2026-08-16T19:40:19+09:00,2800,300,30.6222,0
M0034,2019,2026-08-17,2026-08-17T10:52:31+09:00,0,300,30.6222,1
M0034,2019,2026-08-17,2026-08-17T12:34:35+09:00,-300,0,32.3233,0
M0034,2019,2026-08-17,2026-08-17T13:07:15+09:00,200,500,32.8678,0
M0034,2019,2026-08-17,2026-08-17T13:35:21+09:00,-300,0,33.3361,0
M0034,2019,2026-08-17,2026-08-17T14:03:11+09:00,-200,100,33.8000,0
M0034,2019,2026-08-17,2026-08-17T15:11:21+09:00,-1200,-900,34.9361,0
M0034,2019,2026-08-17,2026-08-17T15:59:33+09:00,-500,-200,35.7394,0
M0034,2019,2026-08-17,2026-08-17T16:33:27+09:00,500,800,36.3044,0
M0034,2019,2026-08-17,2026-08-17T17:09:07+09:00,1000,1300,36.8989,0
M0034,2019,2026-08-17,2026-08-17T18:33:03+09:00,800,1100,38.2978,0
M0034,2019,2026-08-17,2026-08-17T19:59:55+09:00,700,1000,39.7456,0
M0034,2019,2026-08-17,2026-08-17T20:35:21+09:00,1500,1800,40.3361,0
M0034,2019,2026-08-17,2026-08-17T21:13:05+09:00,1700,2000,40.9650,0
M0034,2019,2026-08-18,2026-08-18T10:52:51+09:00,-100,2000,40.9650,1
M0034,2019,2026-08-18,2026-08-18T11:28:45+09:00,-200,1900,41.5633,0
M0034,2019,2026-08-18,2026-08-18T12:02:47+09:00,400,2500,42.1306,0
M0034,2019,2026-08-18,2026-08-18T12:35:21+09:00,300,2400,42.6733,0
M0034,2019,2026-08-18,2026-08-18T13:07:37+09:00,-200,1900,43.2111,0
M0034,2019,2026-08-18,2026-08-18T13:35:43+09:00,-300,1800,43.6794,0
M0034,2019,2026-08-18,2026-08-18T14:04:28+09:00,300,2400,44.1586,0
M0034,2019,2026-08-18,2026-08-18T14:37:28+09:00,-100,2000,44.7086,0
M0034,2019,2026-08-18,2026-08-18T15:11:53+09:00,-400,1700,45.2822,0
M0034,2019,2026-08-18,2026-08-18T15:59:35+09:00,-600,1500,46.0772,0
M0034,2019,2026-08-18,2026-08-18T16:33:08+09:00,200,2300,46.6364,0
M0034,2019,2026-08-18,2026-08-18T17:08:27+09:00,100,2200,47.2250,0
M0034,2019,2026-08-18,2026-08-18T17:59:01+09:00,500,2600,48.0678,0
M0034,2019,2026-08-18,2026-08-18T18:33:31+09:00,-100,2000,48.6428,0
M0034,2019,2026-08-18,2026-08-18T19:09:25+09:00,-700,1400,49.2411,0
M0034,2019,2026-08-18,2026-08-18T19:59:53+09:00,-800,1300,50.0822,0
M0034,2019,2026-08-18,2026-08-18T20:35:25+09:00,-1100,1000,50.6744,0
M0034,2019,2026-08-18,2026-08-18T21:11:41+09:00,-1400,700,51.2789,0
M0034,2019,2026-08-19,2026-08-19T10:53:31+09:00,-300,700,51.2789,1
M0034,2019,2026-08-19,2026-08-19T11:28:23+09:00,-500,500,51.8600,0
M0034,2019,2026-08-19,2026-08-19T12:02:25+09:00,-1100,-100,52.4272,0
M0034,2019,2026-08-19,2026-08-19T12:35:06+09:00,-1200,-200,52.9719,0
M0034,2019,2026-08-19,2026-08-19T13:06:21+09:00,-300,700,53.4928,0
M0034,2019,2026-08-19,2026-08-19T13:35:01+09:00,0,1000,53.9706,0
M0034,2019,2026-08-19,2026-08-19T14:09:06+09:00,-900,100,54.5386,0
M0034,2019,2026-08-19,2026-08-19T14:49:47+09:00,-800,200,55.2167,0
M0034,2019,2026-08-19,2026-08-19T15:26:59+09:00,100,1100,55.8367,0
M0034,2019,2026-08-19,2026-08-19T16:02:55+09:00,700,1700,56.4356,0
M0034,2019,2026-08-20,2026-08-20T10:52:57+09:00,-100,1700,56.4356,1
M0034,2019,2026-08-20,2026-08-20T11:28:53+09:00,0,1800,57.0344,0
M0034,2019,2026-08-20,2026-08-20T12:02:37+09:00,-400,1400,57.5967,0
M0034,2019,2026-08-20,2026-08-20T12:35:01+09:00,-600,1200,58.1367,0
M0034,2019,2026-08-20,2026-08-20T13:07:39+09:00,-500,1300,58.6806,0
M0034,2019,2026-08-20,2026-08-20T13:36:17+09:00,-800,1000,59.1578,0
M0034,2019,2026-08-20,2026-08-20T14:02:59+09:00,-100,1700,59.6028,0
M0034,2019,2026-08-20,2026-08-20T14:35:37+09:00,1000,2800,60.1467,0
M0034,2019,2026-08-20,2026-08-20T15:09:59+09:00,600,2400,60.7194,0
M0034,2019,2026-08-20,2026-08-20T15:59:19+09:00,1000,2800,61.5417,0
M0034,2019,2026-08-20,2026-08-20T17:07:41+09:00,900,2700,62.6811,0
M0034,2019,2026-08-20,2026-08-20T17:42:01+09:00,0,1800,63.2533,0
M0034,2019,2026-08-20,2026-08-20T18:28:21+09:00,-400,1400,64.0256,0
M0034,2019,2026-08-20,2026-08-20T19:04:37+09:00,-1000,800,64.6300,0
M0034,2019,2026-08-20,2026-08-20T19:39:23+09:00,-1900,-100,65.2094,0
M0034,2019,2026-08-20,2026-08-20T20:28:35+09:00,-1800,0,66.0294,0
M0034,2019,2026-08-20,2026-08-20T21:05:21+09:00,-1700,100,66.6422,0
M0034,2019,2026-08-20,2026-08-20T21:40:19+09:00,-2100,-300,67.2250,0
M0034,2019,2026-08-21,2026-08-21T10:54:01+09:00,-100,-300,67.2250,1
M0034,2019,2026-08-21,2026-08-21T11:29:17+09:00,-200,-400,67.8128,0
M0034,2019,2026-08-21,2026-08-21T12:03:33+09:00,-600,-800,68.3839,0
M0034,2019,2026-08-21,2026-08-21T12:36:21+09:00,-1000,-1200,68.9306,0
M0034,2019,2026-08-21,2026-08-21T13:07:23+09:00,-1700,-1900,69.4478,0
M0035,2020,2026-08-14,2026-08-14T10:54:41+09:00,-100,-100,0.0000,1
M0035,2020,2026-08-14,2026-08-14T11:29:45+09:00,600,600,0.5844,0
M0035,2020,2026-08-14,2026-08-14T12:04:15+09:00,1300,1300,1.1594,0
M0035,2020,2026-08-14,2026-08-14T13:35:02+09:00,700,700,2.6725,0
M0035,2020,2026-08-14,2026-08-14T14:10:37+09:00,1000,1000,3.2656,0
M0035,2020,2026-08-14,2026-08-14T14:55:41+09:00,700,700,4.0167,0
M0035,2020,2026-08-14,2026-08-14T15:31:41+09:00,300,300,4.6167,0
M0035,2020,2026-08-14,2026-08-14T16:08:02+09:00,-200,-200,5.2225,0
M0035,2020,2026-08-14,2026-08-14T16:41:57+09:00,-400,-400,5.7878,0
M0035,2020,2026-08-14,2026-08-14T17:30:37+09:00,200,200,6.5989,0
M0035,2020,2026-08-14,2026-08-14T18:07:43+09:00,300,300,7.2172,0
M0035,2020,2026-08-14,2026-08-14T18:43:04+09:00,600,600,7.8064,0
M0035,2020,2026-08-14,2026-08-14T19:31:33+09:00,700,700,8.6144,0
M0035,2020,2026-08-14,2026-08-14T21:33:02+09:00,500,500,10.6392,0
M0035,2020,2026-08-14,2026-08-14T22:11:45+09:00,1300,1300,11.2844,0
M0035,2020,2026-08-15,2026-08-15T10:54:13+09:00,-200,1300,11.2844,1
M0035,2020,2026-08-15,2026-08-15T11:29:09+09:00,-500,1000,11.8667,0
M0035,2020,2026-08-15,2026-08-15T12:03:27+09:00,-900,600,12.4383,0
M0035,2020,2026-08-15,2026-08-15T12:36:37+09:00,-700,800,12.9911,0
M0035,2020,2026-08-15,2026-08-15T13:08:49+09:00,-200,1300,13.5278,0
M0035,2020,2026-08-15,2026-08-15T14:01:55+09:00,-700,800,14.4128,0
M0035,2020,2026-08-15,2026-08-15T14:36:09+09:00,-900,600,14.9833,0
M0035,2020,2026-08-15,2026-08-15T15:11:53+09:00,-1700,-200,15.5789,0
M0035,2020,2026-08-15,2026-08-15T15:58:43+09:00,-1200,300,16.3594,0
M0035,2020,2026-08-15,2026-08-15T16:34:01+09:00,-1600,-100,16.9478,0
M0035,2020,2026-08-16,2026-08-16T10:53:41+09:00,-200,-100,16.9478,1
M0035,2020,2026-08-16,2026-08-16T11:28:27+09:00,400,500,17.5272,0
M0035,2020,2026-08-16,2026-08-16T12:02:27+09:00,900,1000,18.0939,0
M0035,2020,2026-08-16,2026-08-16T13:06:49+09:00,500,600,19.1667,0
M0035,2020,2026-08-16,2026-08-16T13:36:19+09:00,100,200,19.6583,0
M0035,2020,2026-08-16,2026-08-16T14:09:21+09:00,1200,1300,20.2089,0
M0035,2020,2026-08-16,2026-08-16T14:51:21+09:00,1000,1100,20.9089,0
M0035,2020,2026-08-16,2026-08-16T15:29:10+09:00,1600,1700,21.5392,0
M0035,2020,2026-08-16,2026-08-16T16:05:23+09:00,1000,1100,22.1428,0
M0035,2020,2026-08-16,2026-08-16T16:39:55+09:00,200,300,22.7183,0
M0035,2020,2026-08-16,2026-08-16T17:30:17+09:00,1100,1200,23.5578,0
M0035,2020,2026-08-16,2026-08-16T18:07:35+09:00,600,700,24.1794,0
M0035,2020,2026-08-17,2026-08-17T10:52:31+09:00,-100,700,24.1794,1
M0035,2020,2026-08-17,2026-08-17T11:28:29+09:00,-800,0,24.7789,0
M0035,2020,2026-08-17,2026-08-17T12:02:23+09:00,100,900,25.3439,0
M0035,2020,2026-08-17,2026-08-17T13:07:15+09:00,200,1000,26.4250,0
M0035,2020,2026-08-17,2026-08-17T14:03:11+09:00,-500,300,27.3572,0
M0035,2020,2026-08-17,2026-08-17T14:36:43+09:00,-900,-100,27.9161,0
M0035,2020,2026-08-17,2026-08-17T15:11:21+09:00,-1500,-700,28.4933,0
M0035,2020,2026-08-17,2026-08-17T15:59:33+09:00,-900,-100,29.2967,0
M0035,2020,2026-08-17,2026-08-17T16:33:27+09:00,0,800,29.8617,0
M0035,2020,2026-08-17,2026-08-17T17:09:07+09:00,-200,600,30.4561,0
M0035,2020,2026-08-17,2026-08-17T17:58:27+09:00,300,1100,31.2783,0
M0035,2020,2026-08-17,2026-08-17T18:33:03+09:00,200,1000,31.8550,0
M0035,2020,2026-08-17,2026-08-17T19:09:23+09:00,-900,-100,32.4606,0
M0035,2020,2026-08-17,2026-08-17T19:59:55+09:00,-1300,-500,33.3028,0
M0035,2020,2026-08-17,2026-08-17T20:35:21+09:00,-1000,-200,33.8933,0
M0035,2020,2026-08-17,2026-08-17T21:13:05+09:00,-900,-100,34.5222,0
M0035,2020,2026-08-18,2026-08-18T10:52:51+09:00,-200,-100,34.5222,1
M0035,2020,2026-08-18,2026-08-18T11:28:45+09:00,0,100,35.1206,0
M0035,2020,2026-08-18,2026-08-18T12:02:47+09:00,900,1000,35.6878,0
M0035,2020,2026-08-18,2026-08-18T12:35:21+09:00,800,900,36.2306,0
M0035,2020,2026-08-18,2026-08-18T13:07:37+09:00,1000,1100,36.7683,0
M0035,2020,2026-08-18,2026-08-18T13:35:43+09:00,500,600,37.2367,0
M0035,2020,2026-08-18,2026-08-18T14:04:28+09:00,-100,0,37.7158,0
M0035,2020,2026-08-18,2026-08-18T14:37:28+09:00,0,100,38.2658,0
M0035,2020,2026-08-18,2026-08-18T15:11:53+09:00,1000,1100,38.8394,0
M0035,2020,2026-08-18,2026-08-18T15:59:35+09:00,300,400,39.6344,0
M0035,2020,2026-08-18,2026-08-18T16:33:08+09:00,700,800,40.1936,0
M0035,2020,2026-08-18,2026-08-18T17:08:27+09:00,500,600,40.7822,0
M0035,2020,2026-08-18,2026-08-18T17:59:01+09:00,100,200,41.6250,0
M0035,2020,2026-08-18,2026-08-18T18:33:31+09:00,400,500,42.2000,0
M0035,2020,2026-08-18,2026-08-18T19:09:25+09:00,100,200,42.7983,0
M0035,2020,2026-08-18,2026-08-18T19:59:53+09:00,-500,-400,43.6394,0
M0035,2020,2026-08-18,2026-08-18T20:35:25+09:00,-200,-100,44.2317,0
M0035,2020,2026-08-18,2026-08-18T21:11:41+09:00,0,100,44.8361,0
M0035,2020,2026-08-18,2026-08-18T21:57:39+09:00,-300,-200,45.6022,0
M0035,2020,2026-08-18,2026-08-18T22:33:27+09:00,-600,-500,46.1989,0
M0035,2020,2026-08-19,2026-08-19T10:53:31+09:00,0,-500,46.1989,1
M0035,2020,2026-08-19,2026-08-19T11:28:23+09:00,500,0,46.7800,0
M0035,2020,2026-08-19,2026-08-19T12:35:06+09:00,1100,600,47.8919,0
M0035,2020,2026-08-19,2026-08-19T13:06:21+09:00,2200,1700,48.4128,0
M0035,2020,2026-08-19,2026-08-19T13:35:01+09:00,2900,2400,48.8906,0
M0035,2020,2026-08-19,2026-08-19T14:09:06+09:00,2400,1900,49.4586,0
M0035,2020,2026-08-19,2026-08-19T14:49:47+09:00,2500,2000,50.1367,0
M0035,2020,2026-08-19,2026-08-19T15:26:59+09:00,3200,2700,50.7567,0
M0035,2020,2026-08-19,2026-08-19T16:02:55+09:00,3100,2600,51.3556,0
M0035,2020,2026-08-19,2026-08-19T16:36:50+09:00,3000,2500,51.9208,0
M0035,2020,2026-08-19,2026-08-19T17:06:11+09:00,2900,2400,52.4100,0
M0035,2020,2026-08-19,2026-08-19T17:32:35+09:00,2400,1900,52.8500,0
M0035,2020,2026-08-19,2026-08-19T18:08:43+09:00,1500,1000,53.4522,0
M0035,2020,2026-08-19,2026-08-19T18:50:27+09:00,1100,600,54.1478,0
M0035,2020,2026-08-19,2026-08-19T19:28:55+09:00,700,200,54.7889,0
M0035,2020,2026-08-19,2026-08-19T20:05:19+09:00,0,-500,55.3956,0
M0035,2020,2026-08-19,2026-08-19T20:39:17+09:00,-400,-900,55.9617,0
M0035,2020,2026-08-19,2026-08-19T21:30:39+09:00,-900,-1400,56.8178,0
M0035,2020,2026-08-19,2026-08-19T22:07:17+09:00,-700,-1200,57.4283,0
M0035,2020,2026-08-20,2026-08-20T10:52:57+09:00,-200,-1200,57.4283,1
M0035,2020,2026-08-20,2026-08-20T11:28:53+09:00,-500,-1500,58.0272,0
M0035,2020,2026-08-20,2026-08-20T12:02:37+09:00,400,-600,58.5894,0
M0035,2020,2026-08-20,2026-08-20T12:35:01+09:00,200,-800,59.1294,0
M0035,2020,2026-08-20,2026-08-20T13:07:39+09:00,-300,-1300,59.6733,0
M0035,2020,2026-08-20,2026-08-20T13:36:17+09:00,-700,-1700,60.1506,0
M0035,2020,2026-08-20,2026-08-20T14:02:59+09:00,-900,-1900,60.5956,0
M0035,2020,2026-08-20,2026-08-20T14:35:37+09:00,-1000,-2000,61.1394,0
M0035,2020,2026-08-20,2026-08-20T15:09:59+09:00,0,-1000,61.7122,0
M0035,2020,2026-08-20,2026-08-20T15:59:19+09:00,-500,-1500,62.5344,0
M0035,2020,2026-08-20,2026-08-20T16:32:33+09:00,-900,-1900,63.0883,0
M0035,2020,2026-08-20,2026-08-20T17:07:41+09:00,-1400,-2400,63.6739,0
M0035,2020,2026-08-20,2026-08-20T17:42:01+09:00,-2200,-3200,64.2461,0
M0035,2020,2026-08-20,2026-08-20T18:28:21+09:00,-2300,-3300,65.0183,0
M0035,2020,2026-08-20,2026-08-20T19:04:37+09:00,-2200,-3200,65.6228,0
M0035,2020,2026-08-21,2026-08-21T10:54:01+09:00,-200,-3200,65.6228,1
M0035,2020,2026-08-21,2026-08-21T11:29:17+09:00,-100,-3100,66.2106,0
M0035,2020,2026-08-21,2026-08-21T12:03:33+09:00,-200,-3200,66.7817,0
M0035,2020,2026-08-21,2026-08-21T12:36:21+09:00,-800,-3800,67.3283,0
M0035,2020,2026-08-21,2026-08-21T13:07:23+09:00,-1200,-4200,67.8456,0
M0036,2021,2026-08-14,2026-08-14T10:54:41+09:00,-100,-100,0.0000,1
M0036,2021,2026-08-14,2026-08-14T11:29:45+09:00,-300,-300,0.5844,0
M0036,2021,2026-08-14,2026-08-14T12:04:15+09:00,-400,-400,1.1594,0
M0036,2021,2026-08-14,2026-08-14T12:37:28+09:00,0,0,1.7131,0
M0036,2021,2026-08-14,2026-08-14T13:06:37+09:00,-700,-700,2.1989,0
M0036,2021,2026-08-14,2026-08-14T13:35:02+09:00,-800,-800,2.6725,0
M0036,2021,2026-08-14,2026-08-14T14:10:37+09:00,-1000,-1000,3.2656,0
M0036,2021,2026-08-14,2026-08-14T14:55:41+09:00,-1100,-1100,4.0167,0
M0036,2021,2026-08-14,2026-08-14T15:31:41+09:00,-1700,-1700,4.6167,0
M0036,2021,2026-08-14,2026-08-14T16:08:02+09:00,-1900,-1900,5.2225,0
M0036,2021,2026-08-14,2026-08-14T16:41:57+09:00,-1800,-1800,5.7878,0
M0036,2021,2026-08-14,2026-08-14T17:30:37+09:00,-1600,-1600,6.5989,0
M0036,2021,2026-08-14,2026-08-14T18:07:43+09:00,-2100,-2100,7.2172,0
M0036,2021,2026-08-14,2026-08-14T18:43:04+09:00,-2300,-2300,7.8064,0
M0036,2021,2026-08-14,2026-08-14T19:31:33+09:00,-2800,-2800,8.6144,0
M0036,2021,2026-08-14,2026-08-14T20:09:17+09:00,-3600,-3600,9.2433,0
M0036,2021,2026-08-14,2026-08-14T20:55:41+09:00,-2900,-2900,10.0167,0
M0036,2021,2026-08-15,2026-08-15T10:54:13+09:00,-100,-2900,10.0167,1
M0036,2021,2026-08-15,2026-08-15T11:29:09+09:00,-600,-3400,10.5989,0
M0036,2021,2026-08-15,2026-08-15T12:03:27+09:00,-500,-3300,11.1706,0
M0036,2021,2026-08-15,2026-08-15T12:36:37+09:00,-900,-3700,11.7233,0
M0036,2021,2026-08-15,2026-08-15T13:08:49+09:00,-300,-3100,12.2600,0
M0036,2021,2026-08-15,2026-08-15T14:01:55+09:00,-800,-3600,13.1450,0
M0036,2021,2026-08-15,2026-08-15T14:36:09+09:00,-200,-3000,13.7156,0
M0036,2021,2026-08-15,2026-08-15T15:11:53+09:00,100,-2700,14.3111,0
M0036,2021,2026-08-15,2026-08-15T15:58:43+09:00,-200,-3000,15.0917,0
M0036,2021,2026-08-15,2026-08-15T16:34:01+09:00,-600,-3400,15.6800,0
M0036,2021,2026-08-15,2026-08-15T17:11:17+09:00,-1300,-4100,16.3011,0
M0036,2021,2026-08-15,2026-08-15T17:58:39+09:00,-1500,-4300,17.0906,0
M0036,2021,2026-08-15,2026-08-15T18:35:13+09:00,-1900,-4700,17.7000,0
M0036,2021,2026-08-15,2026-08-15T19:12:53+09:00,-500,-3300,18.3278,0
M0036,2021,2026-08-15,2026-08-15T20:01:19+09:00,400,-2400,19.1350,0
M0036,2021,2026-08-15,2026-08-15T20:38:25+09:00,1600,-1200,19.7533,0
M0036,2021,2026-08-15,2026-08-15T21:25:49+09:00,2400,-400,20.5433,0
M0036,2021,2026-08-15,2026-08-15T22:04:23+09:00,3300,500,21.1861,0
M0036,2021,2026-08-16,2026-08-16T10:53:41+09:00,0,500,21.1861,1
M0036,2021,2026-08-16,2026-08-16T11:28:27+09:00,900,1400,21.7656,0
M0036,2021,2026-08-16,2026-08-16T12:02:27+09:00,1200,1700,22.3322,0
M0036,2021,2026-08-16,2026-08-16T12:35:49+09:00,1900,2400,22.8883,0
M0036,2021,2026-08-16,2026-08-16T13:06:49+09:00,1500,2000,23.4050,0
M0036,2021,2026-08-16,2026-08-16T13:36:19+09:00,1000,1500,23.8967,0
M0036,2021,2026-08-16,2026-08-16T14:09:21+09:00,2400,2900,24.4472,0
M0036,2021,2026-08-16,2026-08-16T14:51:21+09:00,3200,3700,25.1472,0
M0036,2021,2026-08-16,2026-08-16T15:29:10+09:00,3700,4200,25.7775,0
M0036,2021,2026-08-16,2026-08-16T16:05:23+09:00,3400,3900,26.3811,0
M0036,2021,2026-08-16,2026-08-16T16:39:55+09:00,3900,4400,26.9567,0
M0036,2021,2026-08-16,2026-08-16T17:30:17+09:00,4800,5300,27.7961,0
M0036,2021,2026-08-16,2026-08-16T18:38:25+09:00,5200,5700,28.9317,0
M0036,2021,2026-08-16,2026-08-16T19:40:19+09:00,4900,5400,29.9633,0
M0036,2021,2026-08-16,2026-08-16T20:25:39+09:00,5800,6300,30.7189,0
M0036,2021,2026-08-16,2026-08-16T21:04:51+09:00,5900,6400,31.3722,0
M0036,2021,2026-08-17,2026-08-17T10:52:31+09:00,0,6400,31.3722,1
M0036,2021,2026-08-17,2026-08-17T13:07:15+09:00,800,7200,33.6178,0
M0036,2021,2026-08-17,2026-08-17T13:35:21+09:00,1100,7500,34.0861,0
M0036,2021,2026-08-17,2026-08-17T14:36:43+09:00,600,7000,35.1089,0
M0036,2021,2026-08-17,2026-08-17T15:11:21+09:00,-400,6000,35.6861,0
M0036,2021,2026-08-17,2026-08-17T15:59:33+09:00,-900,5500,36.4894,0
M0036,2021,2026-08-17,2026-08-17T16:33:27+09:00,100,6500,37.0544,0
M0036,2021,2026-08-17,2026-08-17T17:09:07+09:00,-700,5700,37.6489,0
M0036,2021,2026-08-17,2026-08-17T18:33:03+09:00,-800,5600,39.0478,0
M0036,2021,2026-08-17,2026-08-17T19:09:23+09:00,-700,5700,39.6533,0
M0036,2021,2026-08-17,2026-08-17T19:59:55+09:00,-900,5500,40.4956,0
M0036,2021,2026-08-17,2026-08-17T21:13:05+09:00,-1300,5100,41.7150,0
M0036,2021,2026-08-17,2026-08-17T23:11:50+09:00,-1400,5000,43.6942,0
M0036,2021,2026-08-18,2026-08-18T10:52:51+09:00,-100,5000,43.6942,1
M0036,2021,2026-08-18,2026-08-18T11:28:45+09:00,-200,4900,44.2925,0
M0036,2021,2026-08-18,2026-08-18T12:02:47+09:00,-400,4700,44.8597,0
M0036,2021,2026-08-18,2026-08-18T12:35:21+09:00,-500,4600,45.4025,0
M0036,2021,2026-08-18,2026-08-18T13:07:37+09:00,0,5100,45.9403,0
M0036,2021,2026-08-18,2026-08-18T13:35:43+09:00,-200,4900,46.4086,0
M0036,2021,2026-08-18,2026-08-18T14:04:28+09:00,400,5500,46.8878,0
M0036,2021,2026-08-18,2026-08-18T14:37:28+09:00,300,5400,47.4378,0
M0036,2021,2026-08-18,2026-08-18T15:11:53+09:00,-500,4600,48.0114,0
M0036,2021,2026-08-18,2026-08-18T15:59:35+09:00,-700,4400,48.8064,0
M0036,2021,2026-08-18,2026-08-18T18:33:31+09:00,-300,4800,51.3719,0
M0036,2021,2026-08-18,2026-08-18T19:09:25+09:00,0,5100,51.9703,0
M0036,2021,2026-08-18,2026-08-18T19:59:53+09:00,-300,4800,52.8114,0
M0036,2021,2026-08-18,2026-08-18T20:35:25+09:00,-800,4300,53.4036,0
M0036,2021,2026-08-18,2026-08-18T21:11:41+09:00,-100,5000,54.0081,0
M0036,2021,2026-08-18,2026-08-18T21:57:39+09:00,-400,4700,54.7742,0
M0036,2021,2026-08-18,2026-08-18T22:33:27+09:00,100,5200,55.3708,0
M0036,2021,2026-08-19,2026-08-19T10:53:31+09:00,0,5200,55.3708,1
M0036,2021,2026-08-19,2026-08-19T13:06:21+09:00,-300,4900,57.5847,0
M0036,2021,2026-08-19,2026-08-19T13:35:01+09:00,-700,4500,58.0625,0
M0036,2021,2026-08-19,2026-08-19T14:09:06+09:00,-100,5100,58.6306,0
M0036,2021,2026-08-19,2026-08-19T16:36:50+09:00,-200,5000,61.0928,0
M0036,2021,2026-08-20,2026-08-20T10:52:57+09:00,0,5000,61.0928,1
M0036,2021,2026-08-20,2026-08-20T14:02:59+09:00,-600,4400,64.2600,0
M0036,2021,2026-08-20,2026-08-20T14:35:37+09:00,-300,4700,64.8039,0
M0036,2021,2026-08-20,2026-08-20T15:09:59+09:00,900,5900,65.3767,0
M0036,2021,2026-08-20,2026-08-20T20:28:35+09:00,600,5600,70.6867,0
M0036,2021,2026-08-20,2026-08-20T21:05:21+09:00,200,5200,71.2994,0
M0036,2021,2026-08-20,2026-08-20T21:40:19+09:00,-600,4400,71.8822,0
M0036,2021,2026-08-20,2026-08-20T22:30:04+09:00,-1200,3800,72.7114,0
M0036,2021,2026-08-20,2026-08-20T23:07:51+09:00,-1800,3200,73.3411,0
M0036,2021,2026-08-21,2026-08-21T10:54:01+09:00,-200,3200,73.3411,1
M0036,2021,2026-08-21,2026-08-21T11:29:17+09:00,-600,2800,73.9289,0
M0036,2021,2026-08-21,2026-08-21T12:03:33+09:00,100,3500,74.5000,0
M0036,2021,2026-08-21,2026-08-21T12:36:21+09:00,900,4300,75.0467,0
M0036,2021,2026-08-21,2026-08-21T13:07:23+09:00,1000,4400,75.5639,0
M0037,2022,2026-08-14,2026-08-14T10:54:41+09:00,0,0,0.0000,1
M0037,2022,2026-08-14,2026-08-14T11:29:45+09:00,200,200,0.5844,0
M0037,2022,2026-08-14,2026-08-14T12:04:15+09:00,-200,-200,1.1594,0
M0037,2022,2026-08-14,2026-08-14T12:37:28+09:00,-500,-500,1.7131,0
M0037,2022,2026-08-14,2026-08-14T13:35:02+09:00,-800,-800,2.6725,0
M0037,2022,2026-08-14,2026-08-14T14:10:37+09:00,-1200,-1200,3.2656,0
M0037,2022,2026-08-14,2026-08-14T16:08:02+09:00,-1500,-1500,5.2225,0
M0037,2022,2026-08-14,2026-08-14T16:41:57+09:00,-2500,-2500,5.7878,0
M0037,2022,2026-08-14,2026-08-14T17:30:37+09:00,-2700,-2700,6.5989,0
M0037,2022,2026-08-14,2026-08-14T18:07:43+09:00,-2300,-2300,7.2172,0
M0037,2022,2026-08-14,2026-08-14T18:43:04+09:00,-2700,-2700,7.8064,0
M0037,2022,2026-08-15,2026-08-15T10:54:13+09:00,-100,-2700,7.8064,1
M0037,2022,2026-08-15,2026-08-15T11:29:09+09:00,-700,-3300,8.3886,0
M0037,2022,2026-08-15,2026-08-15T12:03:27+09:00,-100,-2700,8.9603,0
M0037,2022,2026-08-15,2026-08-15T12:36:37+09:00,-300,-2900,9.5131,0
M0037,2022,2026-08-15,2026-08-15T13:08:49+09:00,-100,-2700,10.0497,0
M0037,2022,2026-08-15,2026-08-15T14:01:55+09:00,-500,-3100,10.9347,0
M0037,2022,2026-08-15,2026-08-15T14:36:09+09:00,-1100,-3700,11.5053,0
M0037,2022,2026-08-15,2026-08-15T15:11:53+09:00,-2100,-4700,12.1008,0
M0037,2022,2026-08-15,2026-08-15T15:58:43+09:00,-2500,-5100,12.8814,0
M0037,2022,2026-08-15,2026-08-15T16:34:01+09:00,-3000,-5600,13.4697,0
M0037,2022,2026-08-15,2026-08-15T17:11:17+09:00,-2100,-4700,14.0908,0
M0037,2022,2026-08-15,2026-08-15T18:35:13+09:00,-2200,-4800,15.4897,0
M0037,2022,2026-08-15,2026-08-15T19:12:53+09:00,-1400,-4000,16.1175,0
M0037,2022,2026-08-15,2026-08-15T20:01:19+09:00,-1600,-4200,16.9247,0
M0037,2022,2026-08-16,2026-08-16T10:53:41+09:00,-100,-4200,16.9247,1
M0037,2022,2026-08-16,2026-08-16T11:28:27+09:00,-700,-4800,17.5042,0
M0037,2022,2026-08-16,2026-08-16T12:02:27+09:00,-1000,-5100,18.0708,0
M0037,2022,2026-08-16,2026-08-16T12:35:49+09:00,-1100,-5200,18.6269,0
M0037,2022,2026-08-16,2026-08-16T13:06:49+09:00,-1700,-5800,19.1436,0
M0037,2022,2026-08-16,2026-08-16T13:36:19+09:00,-2100,-6200,19.6353,0
M0037,2022,2026-08-16,2026-08-16T14:09:21+09:00,-1900,-6000,20.1858,0
M0037,2022,2026-08-16,2026-08-16T15:29:10+09:00,-900,-5000,21.5161,0
M0037,2022,2026-08-16,2026-08-16T16:05:23+09:00,-1000,-5100,22.1197,0
M0037,2022,2026-08-16,2026-08-16T16:39:55+09:00,-1400,-5500,22.6953,0
M0037,2022,2026-08-16,2026-08-16T17:30:17+09:00,-1300,-5400,23.5347,0
M0037,2022,2026-08-16,2026-08-16T18:07:35+09:00,-400,-4500,24.1564,0
M0037,2022,2026-08-16,2026-08-16T18:38:25+09:00,-300,-4400,24.6703,0
M0037,2022,2026-08-16,2026-08-16T19:40:19+09:00,-400,-4500,25.7019,0
M0037,2022,2026-08-16,2026-08-16T20:25:39+09:00,-300,-4400,26.4575,0
M0037,2022,2026-08-17,2026-08-17T10:52:31+09:00,-200,-4400,26.4575,1
M0037,2022,2026-08-17,2026-08-17T11:28:29+09:00,-600,-4800,27.0569,0
M0037,2022,2026-08-17,2026-08-17T12:02:23+09:00,-1200,-5400,27.6219,0
M0037,2022,2026-08-17,2026-08-17T12:34:35+09:00,-1300,-5500,28.1586,0
M0037,2022,2026-08-17,2026-08-17T13:35:21+09:00,-1200,-5400,29.1714,0
M0037,2022,2026-08-17,2026-08-17T19:59:55+09:00,-1300,-5500,35.5808,0
M0037,2022,2026-08-17,2026-08-17T20:35:21+09:00,-1400,-5600,36.1714,0
M0037,2022,2026-08-18,2026-08-18T10:52:51+09:00,0,-5600,36.1714,1
M0037,2022,2026-08-18,2026-08-18T12:02:47+09:00,900,-4700,37.3369,0
M0037,2022,2026-08-18,2026-08-18T12:35:21+09:00,800,-4800,37.8797,0
M0037,2022,2026-08-18,2026-08-18T13:07:37+09:00,1200,-4400,38.4175,0
M0037,2022,2026-08-18,2026-08-18T13:35:43+09:00,600,-5000,38.8858,0
M0037,2022,2026-08-18,2026-08-18T14:04:28+09:00,100,-5500,39.3650,0
M0037,2022,2026-08-18,2026-08-18T14:37:28+09:00,-400,-6000,39.9150,0
M0037,2022,2026-08-18,2026-08-18T15:11:53+09:00,-900,-6500,40.4886,0
M0037,2022,2026-08-18,2026-08-18T15:59:35+09:00,-200,-5800,41.2836,0
M0037,2022,2026-08-18,2026-08-18T16:33:08+09:00,-500,-6100,41.8428,0
M0037,2022,2026-08-18,2026-08-18T17:59:01+09:00,-900,-6500,43.2742,0
M0037,2022,2026-08-18,2026-08-18T19:09:25+09:00,-1000,-6600,44.4475,0
M0037,2022,2026-08-18,2026-08-18T19:59:53+09:00,-1300,-6900,45.2886,0
M0037,2022,2026-08-18,2026-08-18T20:35:25+09:00,-1600,-7200,45.8808,0
M0037,2022,2026-08-18,2026-08-18T21:11:41+09:00,-1000,-6600,46.4853,0
M0037,2022,2026-08-18,2026-08-18T21:57:39+09:00,-900,-6500,47.2514,0
M0037,2022,2026-08-19,2026-08-19T10:53:31+09:00,0,-6500,47.2514,1
M0037,2022,2026-08-19,2026-08-19T11:28:23+09:00,-200,-6700,47.8325,0
M0037,2022,2026-08-19,2026-08-19T13:35:01+09:00,-100,-6600,49.9431,0
M0037,2022,2026-08-19,2026-08-19T14:09:06+09:00,800,-5700,50.5111,0
M0037,2022,2026-08-19,2026-08-19T14:49:47+09:00,700,-5800,51.1892,0
M0037,2022,2026-08-19,2026-08-19T15:26:59+09:00,100,-6400,51.8092,0
M0037,2022,2026-08-19,2026-08-19T16:02:55+09:00,1000,-5500,52.4081,0
M0037,2022,2026-08-19,2026-08-19T16:36:50+09:00,1900,-4600,52.9733,0
M0037,2022,2026-08-19,2026-08-19T17:06:11+09:00,2700,-3800,53.4625,0
M0037,2022,2026-08-19,2026-08-19T17:32:35+09:00,3700,-2800,53.9025,0
M0037,2022,2026-08-19,2026-08-19T18:08:43+09:00,3300,-3200,54.5047,0
M0037,2022,2026-08-19,2026-08-19T20:39:17+09:00,3200,-3300,57.0142,0
M0037,2022,2026-08-19,2026-08-19T21:30:39+09:00,2600,-3900,57.8703,0
M0037,2022,2026-08-19,2026-08-19T22:07:17+09:00,2400,-4100,58.4808,0
M0037,2022,2026-08-19,2026-08-19T22:43:08+09:00,3500,-3000,59.0783,0
M0037,2022,2026-08-19,2026-08-19T23:29:49+09:00,4000,-2500,59.8564,0
M0037,2022,2026-08-20,2026-08-20T10:52:57+09:00,0,-2500,59.8564,1
M0037,2022,2026-08-20,2026-08-20T12:02:37+09:00,200,-2300,61.0175,0
M0037,2022,2026-08-20,2026-08-20T12:35:01+09:00,1000,-1500,61.5575,0
M0037,2022,2026-08-20,2026-08-20T15:09:59+09:00,200,-2300,64.1403,0
M0037,2022,2026-08-20,2026-08-20T16:32:33+09:00,100,-2400,65.5164,0
M0037,2022,2026-08-20,2026-08-20T17:42:01+09:00,-300,-2800,66.6742,0
M0037,2022,2026-08-20,2026-08-20T19:04:37+09:00,-100,-2600,68.0508,0
M0037,2022,2026-08-21,2026-08-21T10:54:01+09:00,0,-2600,68.0508,1
M0037,2022,2026-08-21,2026-08-21T11:29:17+09:00,-600,-3200,68.6386,0
M0037,2022,2026-08-21,2026-08-21T12:03:33+09:00,-1100,-3700,69.2097,0
M0037,2022,2026-08-21,2026-08-21T12:36:21+09:00,-900,-3500,69.7564,0
M0037,2022,2026-08-21,2026-08-21T13:07:23+09:00,100,-2500,70.2736,0
M0038,2023,2026-08-14,2026-08-14T10:54:41+09:00,-200,-200,0.0000,1
M0038,2023,2026-08-14,2026-08-14T11:29:45+09:00,800,800,0.5844,0
M0038,2023,2026-08-14,2026-08-14T12:04:15+09:00,1000,1000,1.1594,0
M0038,2023,2026-08-14,2026-08-14T12:37:28+09:00,2000,2000,1.7131,0
M0038,2023,2026-08-14,2026-08-14T13:06:37+09:00,2600,2600,2.1989,0
M0038,2023,2026-08-14,2026-08-14T13:35:02+09:00,2400,2400,2.6725,0
M0038,2023,2026-08-14,2026-08-14T14:10:37+09:00,2600,2600,3.2656,0
M0038,2023,2026-08-14,2026-08-14T15:31:41+09:00,2700,2700,4.6167,0
M0038,2023,2026-08-14,2026-08-14T16:08:02+09:00,2300,2300,5.2225,0
M0038,2023,2026-08-14,2026-08-14T16:41:57+09:00,2900,2900,5.7878,0
M0038,2023,2026-08-14,2026-08-14T17:30:37+09:00,2600,2600,6.5989,0
M0038,2023,2026-08-14,2026-08-14T18:07:43+09:00,2400,2400,7.2172,0
M0038,2023,2026-08-14,2026-08-14T19:31:33+09:00,2200,2200,8.6144,0
M0038,2023,2026-08-14,2026-08-14T20:09:17+09:00,1200,1200,9.2433,0
M0038,2023,2026-08-14,2026-08-14T20:55:41+09:00,900,900,10.0167,0
M0038,2023,2026-08-14,2026-08-14T21:33:02+09:00,600,600,10.6392,0
M0038,2023,2026-08-14,2026-08-14T22:11:45+09:00,1500,1500,11.2844,0
M0038,2023,2026-08-15,2026-08-15T10:54:13+09:00,0,1500,11.2844,1
M0038,2023,2026-08-15,2026-08-15T11:29:09+09:00,-400,1100,11.8667,0
M0038,2023,2026-08-15,2026-08-15T12:03:27+09:00,-1000,500,12.4383,0
M0038,2023,2026-08-15,2026-08-15T12:36:37+09:00,-600,900,12.9911,0
M0038,2023,2026-08-15,2026-08-15T13:08:49+09:00,0,1500,13.5278,0
M0038,2023,2026-08-15,2026-08-15T14:01:55+09:00,-300,1200,14.4128,0
M0038,2023,2026-08-15,2026-08-15T14:36:09+09:00,-100,1400,14.9833,0
M0038,2023,2026-08-15,2026-08-15T15:11:53+09:00,-800,700,15.5789,0
M0038,2023,2026-08-15,2026-08-15T15:58:43+09:00,-1400,100,16.3594,0
M0038,2023,2026-08-15,2026-08-15T16:34:01+09:00,-1500,0,16.9478,0
M0038,2023,2026-08-15,2026-08-15T17:11:17+09:00,-2200,-700,17.5689,0
M0038,2023,2026-08-15,2026-08-15T17:58:39+09:00,-2700,-1200,18.3583,0
M0038,2023,2026-08-15,2026-08-15T18:35:13+09:00,-2200,-700,18.9678,0
M0038,2023,2026-08-15,2026-08-15T19:12:53+09:00,-200,1300,19.5956,0
M0038,2023,2026-08-15,2026-08-15T20:01:19+09:00,600,2100,20.4028,0
M0038,2023,2026-08-15,2026-08-15T20:38:25+09:00,2500,4000,21.0211,0
M0038,2023,2026-08-15,2026-08-15T21:25:49+09:00,3300,4800,21.8111,0
M0038,2023,2026-08-15,2026-08-15T22:04:23+09:00,4300,5800,22.4539,0
M0038,2023,2026-08-15,2026-08-15T22:41:53+09:00,4500,6000,23.0789,0
M0038,2023,2026-08-16,2026-08-16T10:53:41+09:00,-100,6000,23.0789,1
M0038,2023,2026-08-16,2026-08-16T11:28:27+09:00,500,6600,23.6583,0
M0038,2023,2026-08-16,2026-08-16T12:02:27+09:00,1500,7600,24.2250,0
M0038,2023,2026-08-16,2026-08-16T12:35:49+09:00,2300,8400,24.7811,0
M0038,2023,2026-08-16,2026-08-16T13:06:49+09:00,3200,9300,25.2978,0
M0038,2023,2026-08-16,2026-08-16T13:36:19+09:00,4000,10100,25.7894,0
M0038,2023,2026-08-16,2026-08-16T14:09:21+09:00,4800,10900,26.3400,0
M0038,2023,2026-08-16,2026-08-16T14:51:21+09:00,5600,11700,27.0400,0
M0038,2023,2026-08-16,2026-08-16T15:29:10+09:00,5700,11800,27.6703,0
M0038,2023,2026-08-16,2026-08-16T16:05:23+09:00,5900,12000,28.2739,0
M0038,2023,2026-08-16,2026-08-16T16:39:55+09:00,5800,11900,28.8494,0
M0038,2023,2026-08-16,2026-08-16T17:30:17+09:00,5900,12000,29.6889,0
M0038,2023,2026-08-16,2026-08-16T18:07:35+09:00,6200,12300,30.3106,0
M0038,2023,2026-08-16,2026-08-16T18:38:25+09:00,5200,11300,30.8244,0
M0038,2023,2026-08-16,2026-08-16T19:40:19+09:00,4400,10500,31.8561,0
M0038,2023,2026-08-16,2026-08-16T20:25:39+09:00,4100,10200,32.6117,0
M0038,2023,2026-08-16,2026-08-16T21:04:51+09:00,5000,11100,33.2650,0
M0038,2023,2026-08-17,2026-08-17T10:52:31+09:00,0,11100,33.2650,1
M0038,2023,2026-08-17,2026-08-17T13:35:21+09:00,-100,11000,35.9789,0
M0038,2023,2026-08-17,2026-08-17T14:03:11+09:00,-700,10400,36.4428,0
M0038,2023,2026-08-17,2026-08-17T14:36:43+09:00,-600,10500,37.0017,0
M0038,2023,2026-08-17,2026-08-17T15:11:21+09:00,-200,10900,37.5789,0
M0038,2023,2026-08-17,2026-08-17T15:59:33+09:00,600,11700,38.3822,0
M0038,2023,2026-08-17,2026-08-17T16:33:27+09:00,1000,12100,38.9472,0
M0038,2023,2026-08-17,2026-08-17T17:09:07+09:00,400,11500,39.5417,0
M0038,2023,2026-08-17,2026-08-17T17:58:27+09:00,1100,12200,40.3639,0
M0038,2023,2026-08-17,2026-08-17T18:33:03+09:00,1200,12300,40.9406,0
M0038,2023,2026-08-17,2026-08-17T19:09:23+09:00,2400,13500,41.5461,0
M0038,2023,2026-08-17,2026-08-17T19:59:55+09:00,3000,14100,42.3883,0
M0038,2023,2026-08-18,2026-08-18T10:52:51+09:00,-200,14100,42.3883,1
M0038,2023,2026-08-18,2026-08-18T12:02:47+09:00,-400,13900,43.5539,0
M0038,2023,2026-08-18,2026-08-18T12:35:21+09:00,-600,13700,44.0967,0
M0038,2023,2026-08-18,2026-08-18T13:07:37+09:00,-500,13800,44.6344,0
M0038,2023,2026-08-18,2026-08-18T13:35:43+09:00,-900,13400,45.1028,0
M0038,2023,2026-08-18,2026-08-18T14:04:28+09:00,-1200,13100,45.5819,0
M0038,2023,2026-08-18,2026-08-18T15:11:53+09:00,-1600,12700,46.7056,0
M0038,2023,2026-08-18,2026-08-18T15:59:35+09:00,-1400,12900,47.5006,0
M0038,2023,2026-08-18,2026-08-18T16:33:08+09:00,-1600,12700,48.0597,0
M0038,2023,2026-08-18,2026-08-18T17:08:27+09:00,-2000,12300,48.6483,0
M0038,2023,2026-08-18,2026-08-18T17:59:01+09:00,-2600,11700,49.4911,0
M0038,2023,2026-08-18,2026-08-18T18:33:31+09:00,-2200,12100,50.0661,0
M0038,2023,2026-08-18,2026-08-18T19:09:25+09:00,-3200,11100,50.6644,0
M0038,2023,2026-08-18,2026-08-18T19:59:53+09:00,-3000,11300,51.5056,0
M0038,2023,2026-08-18,2026-08-18T20:35:25+09:00,-3100,11200,52.0978,0
M0038,2023,2026-08-18,2026-08-18T21:11:41+09:00,-3000,11300,52.7022,0
M0038,2023,2026-08-18,2026-08-18T21:57:39+09:00,-2900,11400,53.4683,0
M0038,2023,2026-08-19,2026-08-19T10:53:31+09:00,-200,11400,53.4683,1
M0038,2023,2026-08-19,2026-08-19T11:28:23+09:00,-300,11300,54.0494,0
M0038,2023,2026-08-19,2026-08-19T12:02:25+09:00,600,12200,54.6167,0
M0038,2023,2026-08-19,2026-08-19T12:35:06+09:00,1600,13200,55.1614,0
M0038,2023,2026-08-19,2026-08-19T13:06:21+09:00,1900,13500,55.6822,0
M0038,2023,2026-08-19,2026-08-19T13:35:01+09:00,2000,13600,56.1600,0
M0038,2023,2026-08-19,2026-08-19T14:09:06+09:00,2900,14500,56.7281,0
M0038,2023,2026-08-19,2026-08-19T14:49:47+09:00,2300,13900,57.4061,0
M0038,2023,2026-08-19,2026-08-19T15:26:59+09:00,2400,14000,58.0261,0
M0038,2023,2026-08-19,2026-08-19T16:36:50+09:00,2000,13600,59.1903,0
M0038,2023,2026-08-19,2026-08-19T17:06:11+09:00,1900,13500,59.6794,0
M0038,2023,2026-08-19,2026-08-19T17:32:35+09:00,1700,13300,60.1194,0
M0038,2023,2026-08-19,2026-08-19T18:08:43+09:00,1200,12800,60.7217,0
M0038,2023,2026-08-19,2026-08-19T18:50:27+09:00,700,12300,61.4172,0
M0038,2023,2026-08-19,2026-08-19T19:28:55+09:00,1200,12800,62.0583,0
M0038,2023,2026-08-19,2026-08-19T20:05:19+09:00,1600,13200,62.6650,0
M0038,2023,2026-08-19,2026-08-19T20:39:17+09:00,1400,13000,63.2311,0
M0038,2023,2026-08-20,2026-08-20T10:52:57+09:00,0,13000,63.2311,1
M0038,2023,2026-08-20,2026-08-20T16:32:33+09:00,-500,12500,68.8911,0
M0038,2023,2026-08-20,2026-08-20T19:39:23+09:00,-700,12300,72.0050,0
M0038,2023,2026-08-21,2026-08-21T10:54:01+09:00,-100,12300,72.0050,1
M0038,2023,2026-08-21,2026-08-21T11:29:17+09:00,-700,11700,72.5928,0
M0038,2023,2026-08-21,2026-08-21T12:03:33+09:00,-1200,11200,73.1639,0
M0038,2023,2026-08-21,2026-08-21T12:36:21+09:00,-600,11800,73.7106,0
M0038,2023,2026-08-21,2026-08-21T13:07:23+09:00,-1100,11300,74.2278,0
M0039,2024,2026-08-14,2026-08-14T10:54:41+09:00,-200,-200,0.0000,1
M0039,2024,2026-08-14,2026-08-14T11:29:45+09:00,-600,-600,0.5844,0
M0039,2024,2026-08-14,2026-08-14T12:37:28+09:00,-1000,-1000,1.7131,0
M0039,2024,2026-08-14,2026-08-14T13:06:37+09:00,-1100,-1100,2.1989,0
M0039,2024,2026-08-14,2026-08-14T13:35:02+09:00,-400,-400,2.6725,0
M0039,2024,2026-08-14,2026-08-14T14:10:37+09:00,700,700,3.2656,0
M0039,2024,2026-08-14,2026-08-14T14:55:41+09:00,1400,1400,4.0167,0
M0039,2024,2026-08-14,2026-08-14T15:31:41+09:00,1800,1800,4.6167,0
M0039,2024,2026-08-14,2026-08-14T16:08:02+09:00,2300,2300,5.2225,0
M0039,2024,2026-08-14,2026-08-14T16:41:57+09:00,2900,2900,5.7878,0
M0039,2024,2026-08-14,2026-08-14T17:30:37+09:00,2200,2200,6.5989,0
M0039,2024,2026-08-14,2026-08-14T18:07:43+09:00,1900,1900,7.2172,0
M0039,2024,2026-08-14,2026-08-14T18:43:04+09:00,2100,2100,7.8064,0
M0039,2024,2026-08-15,2026-08-15T10:54:13+09:00,-100,2100,7.8064,1
M0039,2024,2026-08-15,2026-08-15T11:29:09+09:00,-500,1700,8.3886,0
M0039,2024,2026-08-15,2026-08-15T12:03:27+09:00,-1100,1100,8.9603,0
M0039,2024,2026-08-15,2026-08-15T12:36:37+09:00,-800,1400,9.5131,0
M0039,2024,2026-08-15,2026-08-15T13:08:49+09:00,-1300,900,10.0497,0
M0039,2024,2026-08-15,2026-08-15T14:01:55+09:00,-500,1700,10.9347,0
M0039,2024,2026-08-15,2026-08-15T14:36:09+09:00,-100,2100,11.5053,0
M0039,2024,2026-08-15,2026-08-15T15:11:53+09:00,-600,1600,12.1008,0
M0039,2024,2026-08-15,2026-08-15T15:58:43+09:00,-400,1800,12.8814,0
M0039,2024,2026-08-15,2026-08-15T16:34:01+09:00,-600,1600,13.4697,0
M0039,2024,2026-08-15,2026-08-15T17:11:17+09:00,200,2400,14.0908,0
M0039,2024,2026-08-15,2026-08-15T17:58:39+09:00,-200,2000,14.8803,0
M0039,2024,2026-08-15,2026-08-15T18:35:13+09:00,-600,1600,15.4897,0
M0039,2024,2026-08-15,2026-08-15T19:12:53+09:00,-1200,1000,16.1175,0
M0039,2024,2026-08-15,2026-08-15T20:01:19+09:00,-700,1500,16.9247,0
M0039,2024,2026-08-16,2026-08-16T10:53:41+09:00,-200,1500,16.9247,1
M0039,2024,2026-08-16,2026-08-16T11:28:27+09:00,400,2100,17.5042,0
M0039,2024,2026-08-16,2026-08-16T12:02:27+09:00,-100,1600,18.0708,0
M0039,2024,2026-08-16,2026-08-16T12:35:49+09:00,-500,1200,18.6269,0
M0039,2024,2026-08-16,2026-08-16T13:06:49+09:00,-600,1100,19.1436,0
M0039,2024,2026-08-16,2026-08-16T13:36:19+09:00,-500,1200,19.6353,0
M0039,2024,2026-08-16,2026-08-16T14:09:21+09:00,1300,3000,20.1858,0
M0039,2024,2026-08-16,2026-08-16T14:51:21+09:00,2200,3900,20.8858,0
M0039,2024,2026-08-16,2026-08-16T15:29:10+09:00,2600,4300,21.5161,0
M0039,2024,2026-08-16,2026-08-16T16:05:23+09:00,3700,5400,22.1197,0
M0039,2024,2026-08-16,2026-08-16T16:39:55+09:00,5300,7000,22.6953,0
M0039,2024,2026-08-16,2026-08-16T17:30:17+09:00,5200,6900,23.5347,0
M0039,2024,2026-08-16,2026-08-16T18:07:35+09:00,4800,6500,24.1564,0
M0039,2024,2026-08-16,2026-08-16T18:38:25+09:00,4400,6100,24.6703,0
M0039,2024,2026-08-16,2026-08-16T19:40:19+09:00,5800,7500,25.7019,0
M0039,2024,2026-08-16,2026-08-16T20:25:39+09:00,5700,7400,26.4575,0
M0039,2024,2026-08-17,2026-08-17T10:52:31+09:00,0,7400,26.4575,1
M0039,2024,2026-08-17,2026-08-17T13:07:15+09:00,-400,7000,28.7031,0
M0039,2024,2026-08-17,2026-08-17T13:35:21+09:00,300,7700,29.1714,0
M0039,2024,2026-08-17,2026-08-17T14:03:11+09:00,-300,7100,29.6353,0
M0039,2024,2026-08-17,2026-08-17T14:36:43+09:00,-700,6700,30.1942,0
M0039,2024,2026-08-17,2026-08-17T15:11:21+09:00,800,8200,30.7714,0
M0039,2024,2026-08-17,2026-08-17T15:59:33+09:00,200,7600,31.5747,0
M0039,2024,2026-08-17,2026-08-17T16:33:27+09:00,-400,7000,32.1397,0
M0039,2024,2026-08-17,2026-08-17T17:09:07+09:00,-500,6900,32.7342,0
M0039,2024,2026-08-17,2026-08-17T19:59:55+09:00,-700,6700,35.5808,0
M0039,2024,2026-08-18,2026-08-18T10:52:51+09:00,0,6700,35.5808,1
M0039,2024,2026-08-18,2026-08-18T12:35:21+09:00,-300,6400,37.2892,0
M0039,2024,2026-08-18,2026-08-18T13:07:37+09:00,-200,6500,37.8269,0
M0039,2024,2026-08-18,2026-08-18T13:35:43+09:00,-800,5900,38.2953,0
M0039,2024,2026-08-18,2026-08-18T14:04:28+09:00,-900,5800,38.7744,0
M0039,2024,2026-08-18,2026-08-18T14:37:28+09:00,400,7100,39.3244,0
M0039,2024,2026-08-18,2026-08-18T15:11:53+09:00,300,7000,39.8981,0
M0039,2024,2026-08-19,2026-08-19T10:53:31+09:00,0,7000,39.8981,1
M0039,2024,2026-08-19,2026-08-19T12:02:25+09:00,-200,6800,41.0464,0
M0039,2024,2026-08-19,2026-08-19T12:35:06+09:00,800,7800,41.5911,0
M0039,2024,2026-08-19,2026-08-19T13:06:21+09:00,1200,8200,42.1119,0
M0039,2024,2026-08-19,2026-08-19T13:35:01+09:00,800,7800,42.5897,0
M0039,2024,2026-08-19,2026-08-19T14:09:06+09:00,-400,6600,43.1578,0
M0039,2024,2026-08-19,2026-08-19T14:49:47+09:00,-100,6900,43.8358,0
M0039,2024,2026-08-19,2026-08-19T15:26:59+09:00,-300,6700,44.4558,0
M0039,2024,2026-08-19,2026-08-19T20:05:19+09:00,-400,6600,49.0947,0
M0039,2024,2026-08-20,2026-08-20T10:52:57+09:00,-200,6600,49.0947,1
M0039,2024,2026-08-20,2026-08-20T11:28:53+09:00,100,6900,49.6936,0
M0039,2024,2026-08-20,2026-08-20T12:02:37+09:00,800,7600,50.2558,0
M0039,2024,2026-08-20,2026-08-20T12:35:01+09:00,500,7300,50.7958,0
M0039,2024,2026-08-20,2026-08-20T13:07:39+09:00,0,6800,51.3397,0
M0039,2024,2026-08-20,2026-08-20T13:36:17+09:00,-600,6200,51.8169,0
M0039,2024,2026-08-20,2026-08-20T14:02:59+09:00,-400,6400,52.2619,0
M0039,2024,2026-08-20,2026-08-20T14:35:37+09:00,0,6800,52.8058,0
M0039,2024,2026-08-20,2026-08-20T15:09:59+09:00,500,7300,53.3786,0
M0039,2024,2026-08-20,2026-08-20T15:59:19+09:00,-200,6600,54.2008,0
M0039,2024,2026-08-20,2026-08-20T17:07:41+09:00,500,7300,55.3403,0
M0039,2024,2026-08-20,2026-08-20T17:42:01+09:00,300,7100,55.9125,0
M0039,2024,2026-08-20,2026-08-20T18:28:21+09:00,200,7000,56.6847,0
M0039,2024,2026-08-20,2026-08-20T19:04:37+09:00,100,6900,57.2892,0
M0039,2024,2026-08-20,2026-08-20T19:39:23+09:00,-900,5900,57.8686,0
M0039,2024,2026-08-20,2026-08-20T20:28:35+09:00,-1400,5400,58.6886,0
M0039,2024,2026-08-20,2026-08-20T21:05:21+09:00,-1900,4900,59.3014,0
M0039,2024,2026-08-20,2026-08-20T21:40:19+09:00,-1200,5600,59.8842,0
M0039,2024,2026-08-20,2026-08-20T22:30:04+09:00,-900,5900,60.7133,0
M0039,2024,2026-08-21,2026-08-21T10:54:01+09:00,-100,5900,60.7133,1
M0039,2024,2026-08-21,2026-08-21T11:29:17+09:00,-700,5300,61.3011,0
M0039,2024,2026-08-21,2026-08-21T12:03:33+09:00,-900,5100,61.8722,0
M0039,2024,2026-08-21,2026-08-21T12:36:21+09:00,-1400,4600,62.4189,0
M0039,2024,2026-08-21,2026-08-21T13:07:23+09:00,-1200,4800,62.9361,0
M0040,2025,2026-08-14,2026-08-14T10:54:41+09:00,0,0,0.0000,1
M0040,2025,2026-08-14,2026-08-14T11:29:45+09:00,500,500,0.5844,0
M0040,2025,2026-08-14,2026-08-14T12:04:15+09:00,200,200,1.1594,0
M0040,2025,2026-08-14,2026-08-14T12:37:28+09:00,-300,-300,1.7131,0
M0040,2025,2026-08-14,2026-08-14T13:06:37+09:00,200,200,2.1989,0
M0040,2025,2026-08-14,2026-08-14T13:35:02+09:00,-300,-300,2.6725,0
M0040,2025,2026-08-14,2026-08-14T14:10:37+09:00,-600,-600,3.2656,0
M0040,2025,2026-08-14,2026-08-14T15:31:41+09:00,-1000,-1000,4.6167,0
M0040,2025,2026-08-14,2026-08-14T16:08:02+09:00,-700,-700,5.2225,0
M0040,2025,2026-08-14,2026-08-14T16:41:57+09:00,-900,-900,5.7878,0
M0040,2025,2026-08-14,2026-08-14T18:43:04+09:00,-100,-100,7.8064,0
M0040,2025,2026-08-14,2026-08-14T19:31:33+09:00,-400,-400,8.6144,0
M0040,2025,2026-08-14,2026-08-14T20:09:17+09:00,-300,-300,9.2433,0
M0040,2025,2026-08-14,2026-08-14T20:55:41+09:00,-700,-700,10.0167,0
M0040,2025,2026-08-14,2026-08-14T21:33:02+09:00,-1400,-1400,10.6392,0
M0040,2025,2026-08-14,2026-08-14T22:11:45+09:00,-1100,-1100,11.2844,0
M0040,2025,2026-08-14,2026-08-14T23:00:09+09:00,0,0,12.0911,0
M0040,2025,2026-08-15,2026-08-15T10:54:13+09:00,0,0,12.0911,1
M0040,2025,2026-08-15,2026-08-15T11:29:09+09:00,-600,-600,12.6733,0
M0040,2025,2026-08-15,2026-08-15T12:03:27+09:00,-200,-200,13.2450,0
M0040,2025,2026-08-15,2026-08-15T12:36:37+09:00,-600,-600,13.7978,0
M0040,2025,2026-08-15,2026-08-15T13:08:49+09:00,-700,-700,14.3344,0
M0040,2025,2026-08-15,2026-08-15T14:01:55+09:00,-600,-600,15.2194,0
M0040,2025,2026-08-15,2026-08-15T14:36:09+09:00,-1000,-1000,15.7900,0
M0040,2025,2026-08-15,2026-08-15T15:11:53+09:00,600,600,16.3856,0
M0040,2025,2026-08-15,2026-08-15T15:58:43+09:00,1500,1500,17.1661,0
M0040,2025,2026-08-15,2026-08-15T16:34:01+09:00,2400,2400,17.7544,0
M0040,2025,2026-08-15,2026-08-15T17:11:17+09:00,1700,1700,18.3756,0
M0040,2025,2026-08-15,2026-08-15T17:58:39+09:00,1500,1500,19.1650,0
M0040,2025,2026-08-15,2026-08-15T18:35:13+09:00,2200,2200,19.7744,0
M0040,2025,2026-08-15,2026-08-15T19:12:53+09:00,2300,2300,20.4022,0
M0040,2025,2026-08-15,2026-08-15T20:01:19+09:00,1800,1800,21.2094,0
M0040,2025,2026-08-15,2026-08-15T20:38:25+09:00,1400,1400,21.8278,0
M0040,2025,2026-08-16,2026-08-16T10:53:41+09:00,-100,1400,21.8278,1
M0040,2025,2026-08-16,2026-08-16T11:28:27+09:00,-700,800,22.4072,0
M0040,2025,2026-08-16,2026-08-16T12:02:27+09:00,-1100,400,22.9739,0
M0040,2025,2026-08-16,2026-08-16T12:35:49+09:00,-1000,500,23.5300,0
M0040,2025,2026-08-16,2026-08-16T13:06:49+09:00,-500,1000,24.0467,0
M0040,2025,2026-08-16,2026-08-16T13:36:19+09:00,-700,800,24.5383,0
M0040,2025,2026-08-16,2026-08-16T14:09:21+09:00,0,1500,25.0889,0
M0040,2025,2026-08-16,2026-08-16T14:51:21+09:00,500,2000,25.7889,0
M0040,2025,2026-08-16,2026-08-16T15:29:10+09:00,1000,2500,26.4192,0
M0040,2025,2026-08-16,2026-08-16T16:05:23+09:00,1700,3200,27.0228,0
M0040,2025,2026-08-16,2026-08-16T16:39:55+09:00,600,2100,27.5983,0
M0040,2025,2026-08-16,2026-08-16T17:30:17+09:00,1200,2700,28.4378,0
M0040,2025,2026-08-16,2026-08-16T18:07:35+09:00,1600,3100,29.0594,0
M0040,2025,2026-08-16,2026-08-16T18:38:25+09:00,700,2200,29.5733,0
M0040,2025,2026-08-16,2026-08-16T19:40:19+09:00,1700,3200,30.6050,0
M0040,2025,2026-08-16,2026-08-16T21:42:13+09:00,1600,3100,32.6367,0
M0040,2025,2026-08-17,2026-08-17T10:52:31+09:00,-100,3100,32.6367,1
M0040,2025,2026-08-17,2026-08-17T11:28:29+09:00,-300,2900,33.2361,0
M0040,2025,2026-08-17,2026-08-17T12:02:23+09:00,-100,3100,33.8011,0
M0040,2025,2026-08-17,2026-08-17T12:34:35+09:00,200,3400,34.3378,0
M0040,2025,2026-08-17,2026-08-17T13:07:15+09:00,-100,3100,34.8822,0
M0040,2025,2026-08-17,2026-08-17T14:03:11+09:00,500,3700,35.8144,0
M0040,2025,2026-08-17,2026-08-17T14:36:43+09:00,400,3600,36.3733,0
M0040,2025,2026-08-17,2026-08-17T15:59:33+09:00,200,3400,37.7539,0
M0040,2025,2026-08-17,2026-08-17T16:33:27+09:00,-200,3000,38.3189,0
M0040,2025,2026-08-17,2026-08-17T17:09:07+09:00,-1300,1900,38.9133,0
M0040,2025,2026-08-17,2026-08-17T17:58:27+09:00,-1600,1600,39.7356,0
M0040,2025,2026-08-17,2026-08-17T18:33:03+09:00,-500,2700,40.3122,0
M0040,2025,2026-08-17,2026-08-17T19:09:23+09:00,300,3500,40.9178,0
M0040,2025,2026-08-18,2026-08-18T10:52:51+09:00,-200,3500,40.9178,1
M0040,2025,2026-08-18,2026-08-18T11:28:45+09:00,-600,3100,41.5161,0
M0040,2025,2026-08-18,2026-08-18T12:02:47+09:00,-1000,2700,42.0833,0
M0040,2025,2026-08-18,2026-08-18T12:35:21+09:00,-1300,2400,42.6261,0
M0040,2025,2026-08-18,2026-08-18T13:07:37+09:00,-500,3200,43.1639,0
M0040,2025,2026-08-18,2026-08-18T15:11:53+09:00,-600,3100,45.2350,0
M0040,2025,2026-08-18,2026-08-18T15:59:35+09:00,-800,2900,46.0300,0
M0040,2025,2026-08-18,2026-08-18T16:33:08+09:00,-900,2800,46.5892,0
M0040,2025,2026-08-18,2026-08-18T17:08:27+09:00,-1000,2700,47.1778,0
M0040,2025,2026-08-18,2026-08-18T19:09:25+09:00,-1100,2600,49.1939,0
M0040,2025,2026-08-18,2026-08-18T19:59:53+09:00,200,3900,50.0350,0
M0040,2025,2026-08-19,2026-08-19T10:53:31+09:00,100,3900,50.0350,1
M0040,2025,2026-08-19,2026-08-19T11:28:23+09:00,800,4600,50.6161,0
M0040,2025,2026-08-19,2026-08-19T12:02:25+09:00,1600,5400,51.1833,0
M0040,2025,2026-08-19,2026-08-19T12:35:06+09:00,1000,4800,51.7281,0
M0040,2025,2026-08-19,2026-08-19T13:06:21+09:00,800,4600,52.2489,0
M0040,2025,2026-08-19,2026-08-19T13:35:01+09:00,300,4100,52.7267,0
M0040,2025,2026-08-19,2026-08-19T14:09:06+09:00,1500,5300,53.2947,0
M0040,2025,2026-08-19,2026-08-19T14:49:47+09:00,2500,6300,53.9728,0
M0040,2025,2026-08-19,2026-08-19T15:26:59+09:00,3500,7300,54.5928,0
M0040,2025,2026-08-19,2026-08-19T16:02:55+09:00,4300,8100,55.1917,0
M0040,2025,2026-08-19,2026-08-19T16:36:50+09:00,4000,7800,55.7569,0
M0040,2025,2026-08-19,2026-08-19T17:06:11+09:00,4800,8600,56.2461,0
M0040,2025,2026-08-19,2026-08-19T17:32:35+09:00,5600,9400,56.6861,0
M0040,2025,2026-08-19,2026-08-19T18:08:43+09:00,4800,8600,57.2883,0
M0040,2025,2026-08-19,2026-08-19T18:50:27+09:00,5800,9600,57.9839,0
M0040,2025,2026-08-19,2026-08-19T19:28:55+09:00,6100,9900,58.6250,0
M0040,2025,2026-08-19,2026-08-19T20:05:19+09:00,6600,10400,59.2317,0
M0040,2025,2026-08-19,2026-08-19T20:39:17+09:00,6500,10300,59.7978,0
M0040,2025,2026-08-19,2026-08-19T21:30:39+09:00,6000,9800,60.6539,0
M0040,2025,2026-08-19,2026-08-19T22:07:17+09:00,6300,10100,61.2644,0
M0040,2025,2026-08-20,2026-08-20T10:52:57+09:00,0,10100,61.2644,1
M0040,2025,2026-08-20,2026-08-20T21:05:21+09:00,-100,10000,71.4711,0
M0040,2025,2026-08-20,2026-08-20T21:40:19+09:00,1200,11300,72.0539,0
M0040,2025,2026-08-21,2026-08-21T10:54:01+09:00,-100,11300,72.0539,1
M0040,2025,2026-08-21,2026-08-21T11:29:17+09:00,-500,10900,72.6417,0
M0040,2025,2026-08-21,2026-08-21T12:36:21+09:00,-400,11000,73.7594,0
M0040,2025,2026-08-21,2026-08-21T13:07:23+09:00,-600,10800,74.2767,0
M0041,2026,2026-08-14,2026-08-14T10:54:41+09:00,-100,-100,0.0000,1
M0041,2026,2026-08-14,2026-08-14T11:29:45+09:00,0,0,0.5844,0
M0041,2026,2026-08-14,2026-08-14T12:04:15+09:00,400,400,1.1594,0
M0041,2026,2026-08-14,2026-08-14T12:37:28+09:00,600,600,1.7131,0
M0041,2026,2026-08-14,2026-08-14T13:35:02+09:00,900,900,2.6725,0
M0041,2026,2026-08-14,2026-08-14T14:10:37+09:00,-300,-300,3.2656,0
M0041,2026,2026-08-14,2026-08-14T14:55:41+09:00,-600,-600,4.0167,0
M0041,2026,2026-08-14,2026-08-14T15:31:41+09:00,-1100,-1100,4.6167,0
M0041,2026,2026-08-14,2026-08-14T16:08:02+09:00,-1000,-1000,5.2225,0
M0041,2026,2026-08-14,2026-08-14T16:41:57+09:00,-500,-500,5.7878,0
M0041,2026,2026-08-14,2026-08-14T19:31:33+09:00,-800,-800,8.6144,0
M0041,2026,2026-08-14,2026-08-14T20:09:17+09:00,-500,-500,9.2433,0
M0041,2026,2026-08-15,2026-08-15T10:54:13+09:00,-100,-500,9.2433,1
M0041,2026,2026-08-15,2026-08-15T11:29:09+09:00,100,-300,9.8256,0
M0041,2026,2026-08-15,2026-08-15T12:03:27+09:00,300,-100,10.3972,0
M0041,2026,2026-08-15,2026-08-15T12:36:37+09:00,200,-200,10.9500,0
M0041,2026,2026-08-15,2026-08-15T13:08:49+09:00,1200,800,11.4867,0
M0041,2026,2026-08-15,2026-08-15T14:01:55+09:00,900,500,12.3717,0
M0041,2026,2026-08-15,2026-08-15T14:36:09+09:00,700,300,12.9422,0
M0041,2026,2026-08-15,2026-08-15T15:11:53+09:00,900,500,13.5378,0
M0041,2026,2026-08-15,2026-08-15T15:58:43+09:00,800,400,14.3183,0
M0041,2026,2026-08-15,2026-08-15T16:34:01+09:00,600,200,14.9067,0
M0041,2026,2026-08-15,2026-08-15T17:58:39+09:00,300,-100,16.3172,0
M0041,2026,2026-08-15,2026-08-15T18:35:13+09:00,0,-400,16.9267,0
M0041,2026,2026-08-15,2026-08-15T19:12:53+09:00,-200,-600,17.5544,0
M0041,2026,2026-08-15,2026-08-15T20:01:19+09:00,-900,-1300,18.3617,0
M0041,2026,2026-08-15,2026-08-15T20:38:25+09:00,-1500,-1900,18.9800,0
M0041,2026,2026-08-15,2026-08-15T21:25:49+09:00,-1700,-2100,19.7700,0
M0041,2026,2026-08-15,2026-08-15T22:04:23+09:00,-1500,-1900,20.4128,0
M0041,2026,2026-08-16,2026-08-16T10:53:41+09:00,-200,-1900,20.4128,1
M0041,2026,2026-08-16,2026-08-16T11:28:27+09:00,200,-1500,20.9922,0
M0041,2026,2026-08-16,2026-08-16T12:02:27+09:00,0,-1700,21.5589,0
M0041,2026,2026-08-16,2026-08-16T12:35:49+09:00,-700,-2400,22.1150,0
M0041,2026,2026-08-16,2026-08-16T13:06:49+09:00,-900,-2600,22.6317,0
M0041,2026,2026-08-16,2026-08-16T13:36:19+09:00,-1100,-2800,23.1233,0
M0041,2026,2026-08-16,2026-08-16T14:09:21+09:00,-2100,-3800,23.6739,0
M0041,2026,2026-08-16,2026-08-16T14:51:21+09:00,-2200,-3900,24.3739,0
M0041,2026,2026-08-16,2026-08-16T15:29:10+09:00,-2000,-3700,25.0042,0
M0041,2026,2026-08-16,2026-08-16T16:05:23+09:00,-2300,-4000,25.6078,0
M0041,2026,2026-08-16,2026-08-16T16:39:55+09:00,-3400,-5100,26.1833,0
M0041,2026,2026-08-16,2026-08-16T17:30:17+09:00,-3500,-5200,27.0228,0
M0041,2026,2026-08-16,2026-08-16T18:07:35+09:00,-3200,-4900,27.6444,0
M0041,2026,2026-08-16,2026-08-16T18:38:25+09:00,-3800,-5500,28.1583,0
M0041,2026,2026-08-16,2026-08-16T19:40:19+09:00,-2700,-4400,29.1900,0
M0041,2026,2026-08-16,2026-08-16T20:25:39+09:00,-2400,-4100,29.9456,0
M0041,2026,2026-08-16,2026-08-16T21:04:51+09:00,-2900,-4600,30.5989,0
M0041,2026,2026-08-16,2026-08-16T21:42:13+09:00,-2700,-4400,31.2217,0
M0041,2026,2026-08-17,2026-08-17T10:52:31+09:00,0,-4400,31.2217,1
M0041,2026,2026-08-17,2026-08-17T11:28:29+09:00,-100,-4500,31.8211,0
M0041,2026,2026-08-17,2026-08-17T12:02:23+09:00,0,-4400,32.3861,0
M0041,2026,2026-08-17,2026-08-17T12:34:35+09:00,-500,-4900,32.9228,0
M0041,2026,2026-08-17,2026-08-17T13:35:21+09:00,200,-4200,33.9356,0
M0041,2026,2026-08-17,2026-08-17T20:35:21+09:00,0,-4400,40.9356,0
M0041,2026,2026-08-17,2026-08-17T21:13:05+09:00,-500,-4900,41.5644,0
M0041,2026,2026-08-17,2026-08-17T21:59:13+09:00,200,-4200,42.3333,0
M0041,2026,2026-08-17,2026-08-17T22:34:49+09:00,400,-4000,42.9267,0
M0041,2026,2026-08-18,2026-08-18T10:52:51+09:00,-100,-4000,42.9267,1
M0041,2026,2026-08-18,2026-08-18T11:28:45+09:00,-700,-4600,43.5250,0
M0041,2026,2026-08-18,2026-08-18T12:02:47+09:00,-1200,-5100,44.0922,0
M0041,2026,2026-08-18,2026-08-18T12:35:21+09:00,-1600,-5500,44.6350,0
M0041,2026,2026-08-18,2026-08-18T13:07:37+09:00,-1300,-5200,45.1728,0
M0041,2026,2026-08-19,2026-08-19T10:53:31+09:00,-100,-5200,45.1728,1
M0041,2026,2026-08-19,2026-08-19T11:28:23+09:00,-300,-5400,45.7539,0
M0041,2026,2026-08-19,2026-08-19T12:02:25+09:00,-600,-5700,46.3211,0
M0041,2026,2026-08-19,2026-08-19T14:49:47+09:00,-1200,-6300,49.1106,0
M0041,2026,2026-08-19,2026-08-19T15:26:59+09:00,-1500,-6600,49.7306,0
M0041,2026,2026-08-19,2026-08-19T16:02:55+09:00,-1600,-6700,50.3294,0
M0041,2026,2026-08-19,2026-08-19T16:36:50+09:00,-1200,-6300,50.8947,0
M0041,2026,2026-08-19,2026-08-19T17:06:11+09:00,-1400,-6500,51.3839,0
M0041,2026,2026-08-20,2026-08-20T10:52:57+09:00,-200,-6500,51.3839,1
M0041,2026,2026-08-20,2026-08-20T12:02:37+09:00,300,-6000,52.5450,0
M0041,2026,2026-08-20,2026-08-20T12:35:01+09:00,400,-5900,53.0850,0
M0041,2026,2026-08-20,2026-08-20T13:07:39+09:00,900,-5400,53.6289,0
M0041,2026,2026-08-20,2026-08-20T13:36:17+09:00,1000,-5300,54.1061,0
M0041,2026,2026-08-20,2026-08-20T14:02:59+09:00,800,-5500,54.5511,0
M0041,2026,2026-08-20,2026-08-20T15:09:59+09:00,1000,-5300,55.6678,0
M0041,2026,2026-08-20,2026-08-20T15:59:19+09:00,700,-5600,56.4900,0
M0041,2026,2026-08-20,2026-08-20T16:32:33+09:00,800,-5500,57.0439,0
M0041,2026,2026-08-20,2026-08-20T17:07:41+09:00,500,-5800,57.6294,0
M0041,2026,2026-08-20,2026-08-20T17:42:01+09:00,300,-6000,58.2017,0
M0041,2026,2026-08-20,2026-08-20T19:04:37+09:00,-200,-6500,59.5783,0
M0041,2026,2026-08-20,2026-08-20T19:39:23+09:00,-700,-7000,60.1578,0
M0041,2026,2026-08-20,2026-08-20T20:28:35+09:00,0,-6300,60.9778,0
M0041,2026,2026-08-20,2026-08-20T21:05:21+09:00,-100,-6400,61.5906,0
M0041,2026,2026-08-20,2026-08-20T21:40:19+09:00,-600,-6900,62.1733,0
M0041,2026,2026-08-20,2026-08-20T23:07:51+09:00,100,-6200,63.6322,0
M0041,2026,2026-08-21,2026-08-21T10:54:01+09:00,-100,-6200,63.6322,1
M0041,2026,2026-08-21,2026-08-21T11:29:17+09:00,-500,-6600,64.2200,0
M0041,2026,2026-08-21,2026-08-21T12:03:33+09:00,-900,-7000,64.7911,0
M0041,2026,2026-08-21,2026-08-21T12:36:21+09:00,-1100,-7200,65.3378,0
M0041,2026,2026-08-21,2026-08-21T13:07:23+09:00,-800,-6900,65.8550,0
M0042,2027,2026-08-14,2026-08-14T10:54:41+09:00,-100,-100,0.0000,1
M0042,2027,2026-08-14,2026-08-14T11:29:45+09:00,-800,-800,0.5844,0
M0042,2027,2026-08-14,2026-08-14T12:37:28+09:00,200,200,1.7131,0
M0042,2027,2026-08-14,2026-08-14T13:06:37+09:00,100,100,2.1989,0
M0042,2027,2026-08-14,2026-08-14T13:35:02+09:00,-200,-200,2.6725,0
M0042,2027,2026-08-14,2026-08-14T14:10:37+09:00,400,400,3.2656,0
M0042,2027,2026-08-14,2026-08-14T14:55:41+09:00,1100,1100,4.0167,0
M0042,2027,2026-08-14,2026-08-14T15:31:41+09:00,600,600,4.6167,0
M0042,2027,2026-08-14,2026-08-14T16:41:57+09:00,500,500,5.7878,0
M0042,2027,2026-08-14,2026-08-14T17:30:37+09:00,200,200,6.5989,0
M0042,2027,2026-08-14,2026-08-14T18:07:43+09:00,700,700,7.2172,0
M0042,2027,2026-08-14,2026-08-14T18:43:04+09:00,2600,2600,7.8064,0
M0042,2027,2026-08-14,2026-08-14T19:31:33+09:00,3500,3500,8.6144,0
M0042,2027,2026-08-14,2026-08-14T20:09:17+09:00,4300,4300,9.2433,0
M0042,2027,2026-08-14,2026-08-14T20:55:41+09:00,5100,5100,10.0167,0
M0042,2027,2026-08-14,2026-08-14T21:33:02+09:00,5600,5600,10.6392,0
M0042,2027,2026-08-14,2026-08-14T22:11:45+09:00,5900,5900,11.2844,0
M0042,2027,2026-08-14,2026-08-14T23:00:09+09:00,5700,5700,12.0911,0
M0042,2027,2026-08-15,2026-08-15T10:54:13+09:00,-100,5700,12.0911,1
M0042,2027,2026-08-15,2026-08-15T11:29:09+09:00,-400,5400,12.6733,0
M0042,2027,2026-08-15,2026-08-15T12:03:27+09:00,400,6200,13.2450,0
M0042,2027,2026-08-15,2026-08-15T12:36:37+09:00,500,6300,13.7978,0
M0042,2027,2026-08-15,2026-08-15T13:08:49+09:00,-200,5600,14.3344,0
M0042,2027,2026-08-15,2026-08-15T14:01:55+09:00,400,6200,15.2194,0
M0042,2027,2026-08-15,2026-08-15T14:36:09+09:00,-200,5600,15.7900,0
M0042,2027,2026-08-15,2026-08-15T15:11:53+09:00,-1100,4700,16.3856,0
M0042,2027,2026-08-15,2026-08-15T15:58:43+09:00,-1600,4200,17.1661,0
M0042,2027,2026-08-15,2026-08-15T16:34:01+09:00,-1500,4300,17.7544,0
M0042,2027,2026-08-15,2026-08-15T17:11:17+09:00,-1900,3900,18.3756,0
M0042,2027,2026-08-15,2026-08-15T18:35:13+09:00,-2600,3200,19.7744,0
M0042,2027,2026-08-15,2026-08-15T19:12:53+09:00,-2800,3000,20.4022,0
M0042,2027,2026-08-15,2026-08-15T20:01:19+09:00,-3100,2700,21.2094,0
M0042,2027,2026-08-15,2026-08-15T20:38:25+09:00,-2800,3000,21.8278,0
M0042,2027,2026-08-15,2026-08-15T22:04:23+09:00,-2900,2900,23.2606,0
M0042,2027,2026-08-15,2026-08-15T22:41:53+09:00,-2700,3100,23.8856,0
M0042,2027,2026-08-16,2026-08-16T10:53:41+09:00,-100,3100,23.8856,1
M0042,2027,2026-08-16,2026-08-16T11:28:27+09:00,-400,2800,24.4650,0
M0042,2027,2026-08-16,2026-08-16T12:02:27+09:00,-900,2300,25.0317,0
M0042,2027,2026-08-16,2026-08-16T12:35:49+09:00,-1400,1800,25.5878,0
M0042,2027,2026-08-16,2026-08-16T13:06:49+09:00,-1600,1600,26.1044,0
M0042,2027,2026-08-16,2026-08-16T14:09:21+09:00,-900,2300,27.1467,0
M0042,2027,2026-08-16,2026-08-16T14:51:21+09:00,-1300,1900,27.8467,0
M0042,2027,2026-08-16,2026-08-16T15:29:10+09:00,-1400,1800,28.4769,0
M0042,2027,2026-08-16,2026-08-16T16:39:55+09:00,-1600,1600,29.6561,0
M0042,2027,2026-08-16,2026-08-16T17:30:17+09:00,-2100,1100,30.4956,0
M0042,2027,2026-08-16,2026-08-16T18:38:25+09:00,-2700,500,31.6311,0
M0042,2027,2026-08-16,2026-08-16T19:40:19+09:00,-3700,-500,32.6628,0
M0042,2027,2026-08-16,2026-08-16T20:25:39+09:00,-3500,-300,33.4183,0
M0042,2027,2026-08-16,2026-08-16T21:04:51+09:00,-3300,-100,34.0717,0
M0042,2027,2026-08-17,2026-08-17T10:52:31+09:00,0,-100,34.0717,1
M0042,2027,2026-08-17,2026-08-17T11:28:29+09:00,-300,-400,34.6711,0
M0042,2027,2026-08-17,2026-08-17T12:02:23+09:00,-400,-500,35.2361,0
M0042,2027,2026-08-17,2026-08-17T12:34:35+09:00,100,0,35.7728,0
M0042,2027,2026-08-17,2026-08-17T13:07:15+09:00,1100,1000,36.3172,0
M0042,2027,2026-08-17,2026-08-17T13:35:21+09:00,1900,1800,36.7856,0
M0042,2027,2026-08-17,2026-08-17T14:03:11+09:00,2700,2600,37.2494,0
M0042,2027,2026-08-17,2026-08-17T14:36:43+09:00,2600,2500,37.8083,0
M0042,2027,2026-08-17,2026-08-17T15:59:33+09:00,2900,2800,39.1889,0
M0042,2027,2026-08-17,2026-08-17T17:09:07+09:00,1900,1800,40.3483,0
M0042,2027,2026-08-17,2026-08-17T17:58:27+09:00,2700,2600,41.1706,0
M0042,2027,2026-08-17,2026-08-17T18:33:03+09:00,3200,3100,41.7472,0
M0042,2027,2026-08-17,2026-08-17T19:09:23+09:00,2800,2700,42.3528,0
M0042,2027,2026-08-17,2026-08-17T19:59:55+09:00,2300,2200,43.1950,0
M0042,2027,2026-08-17,2026-08-17T20:35:21+09:00,2500,2400,43.7856,0
M0042,2027,2026-08-17,2026-08-17T21:13:05+09:00,4100,4000,44.4144,0
M0042,2027,2026-08-17,2026-08-17T21:59:13+09:00,5200,5100,45.1833,0
M0042,2027,2026-08-17,2026-08-17T22:34:49+09:00,5100,5000,45.7767,0
M0042,2027,2026-08-18,2026-08-18T10:52:51+09:00,-100,5000,45.7767,1
M0042,2027,2026-08-18,2026-08-18T11:28:45+09:00,0,5100,46.3750,0
M0042,2027,2026-08-18,2026-08-18T12:02:47+09:00,-500,4600,46.9422,0
M0042,2027,2026-08-18,2026-08-18T14:04:28+09:00,-200,4900,48.9703,0
M0042,2027,2026-08-18,2026-08-18T14:37:28+09:00,200,5300,49.5203,0
M0042,2027,2026-08-18,2026-08-18T15:11:53+09:00,400,5500,50.0939,0
M0042,2027,2026-08-18,2026-08-18T15:59:35+09:00,500,5600,50.8889,0
M0042,2027,2026-08-18,2026-08-18T16:33:08+09:00,1200,6300,51.4481,0
M0042,2027,2026-08-18,2026-08-18T17:08:27+09:00,1000,6100,52.0367,0
M0042,2027,2026-08-18,2026-08-18T17:59:01+09:00,500,5600,52.8794,0
M0042,2027,2026-08-18,2026-08-18T18:33:31+09:00,100,5200,53.4544,0
M0042,2027,2026-08-18,2026-08-18T19:09:25+09:00,0,5100,54.0528,0
M0042,2027,2026-08-18,2026-08-18T19:59:53+09:00,-400,4700,54.8939,0
M0042,2027,2026-08-18,2026-08-18T20:35:25+09:00,-700,4400,55.4861,0
M0042,2027,2026-08-18,2026-08-18T21:11:41+09:00,700,5800,56.0906,0
M0042,2027,2026-08-18,2026-08-18T21:57:39+09:00,1400,6500,56.8567,0
M0042,2027,2026-08-19,2026-08-19T10:53:31+09:00,0,6500,56.8567,1
M0042,2027,2026-08-19,2026-08-19T12:35:06+09:00,-200,6300,58.5497,0
M0042,2027,2026-08-19,2026-08-19T13:06:21+09:00,-400,6100,59.0706,0
M0042,2027,2026-08-19,2026-08-19T13:35:01+09:00,-600,5900,59.5483,0
M0042,2027,2026-08-19,2026-08-19T14:49:47+09:00,-1200,5300,60.7944,0
M0042,2027,2026-08-19,2026-08-19T15:26:59+09:00,-1300,5200,61.4144,0
M0042,2027,2026-08-19,2026-08-19T18:50:27+09:00,-1600,4900,64.8056,0
M0042,2027,2026-08-19,2026-08-19T19:28:55+09:00,-600,5900,65.4467,0
M0042,2027,2026-08-19,2026-08-19T20:05:19+09:00,-900,5600,66.0533,0
M0042,2027,2026-08-19,2026-08-19T20:39:17+09:00,-1100,5400,66.6194,0
M0042,2027,2026-08-19,2026-08-19T21:30:39+09:00,-1000,5500,67.4756,0
M0042,2027,2026-08-19,2026-08-19T22:43:08+09:00,-1200,5300,68.6836,0
M0042,2027,2026-08-20,2026-08-20T10:52:57+09:00,0,5300,68.6836,1
M0042,2027,2026-08-20,2026-08-20T15:09:59+09:00,-100,5200,72.9675,0
M0042,2027,2026-08-20,2026-08-20T16:32:33+09:00,400,5700,74.3436,0
M0042,2027,2026-08-21,2026-08-21T10:54:01+09:00,0,5700,74.3436,1
M0042,2027,2026-08-21,2026-08-21T12:03:33+09:00,100,5800,75.5025,0
M0042,2027,2026-08-21,2026-08-21T12:36:21+09:00,900,6600,76.0492,0
M0042,2027,2026-08-21,2026-08-21T13:07:23+09:00,1700,7400,76.5664,0
M0043,2028,2026-08-14,2026-08-14T10:54:41+09:00,-100,-100,0.0000,1
M0043,2028,2026-08-14,2026-08-14T11:29:45+09:00,-600,-600,0.5844,0
M0043,2028,2026-08-14,2026-08-14T12:04:15+09:00,-1100,-1100,1.1594,0
M0043,2028,2026-08-14,2026-08-14T12:37:28+09:00,-300,-300,1.7131,0
M0043,2028,2026-08-14,2026-08-14T13:06:37+09:00,200,200,2.1989,0
M0043,2028,2026-08-14,2026-08-14T13:35:02+09:00,-100,-100,2.6725,0
M0043,2028,2026-08-14,2026-08-14T14:10:37+09:00,-700,-700,3.2656,0
M0043,2028,2026-08-14,2026-08-14T14:55:41+09:00,-1200,-1200,4.0167,0
M0043,2028,2026-08-14,2026-08-14T15:31:41+09:00,-1600,-1600,4.6167,0
M0043,2028,2026-08-14,2026-08-14T16:08:02+09:00,-1100,-1100,5.2225,0
M0043,2028,2026-08-14,2026-08-14T16:41:57+09:00,200,200,5.7878,0
M0043,2028,2026-08-14,2026-08-14T17:30:37+09:00,700,700,6.5989,0
M0043,2028,2026-08-14,2026-08-14T18:07:43+09:00,1700,1700,7.2172,0
M0043,2028,2026-08-14,2026-08-14T18:43:04+09:00,1400,1400,7.8064,0
M0043,2028,2026-08-14,2026-08-14T19:31:33+09:00,1500,1500,8.6144,0
M0043,2028,2026-08-14,2026-08-14T20:09:17+09:00,1800,1800,9.2433,0
M0043,2028,2026-08-14,2026-08-14T20:55:41+09:00,2000,2000,10.0167,0
M0043,2028,2026-08-14,2026-08-14T21:33:02+09:00,1500,1500,10.6392,0
M0043,2028,2026-08-14,2026-08-14T22:11:45+09:00,3000,3000,11.2844,0
M0043,2028,2026-08-14,2026-08-14T23:00:09+09:00,4200,4200,12.0911,0
M0043,2028,2026-08-14,2026-08-14T23:38:17+09:00,4900,4900,12.7267,0
M0043,2028,2026-08-15,2026-08-15T10:54:13+09:00,0,4900,12.7267,1
M0043,2028,2026-08-15,2026-08-15T11:29:09+09:00,800,5700,13.3089,0
M0043,2028,2026-08-15,2026-08-15T12:03:27+09:00,600,5500,13.8806,0
M0043,2028,2026-08-15,2026-08-15T12:36:37+09:00,200,5100,14.4333,0
M0043,2028,2026-08-15,2026-08-15T13:08:49+09:00,-300,4600,14.9700,0
M0043,2028,2026-08-15,2026-08-15T14:01:55+09:00,100,5000,15.8550,0
M0043,2028,2026-08-15,2026-08-15T14:36:09+09:00,-100,4800,16.4256,0
M0043,2028,2026-08-15,2026-08-15T15:11:53+09:00,500,5400,17.0211,0
M0043,2028,2026-08-15,2026-08-15T15:58:43+09:00,1100,6000,17.8017,0
M0043,2028,2026-08-15,2026-08-15T16:34:01+09:00,1400,6300,18.3900,0
M0043,2028,2026-08-15,2026-08-15T17:11:17+09:00,2600,7500,19.0111,0
M0043,2028,2026-08-15,2026-08-15T17:58:39+09:00,2800,7700,19.8006,0
M0043,2028,2026-08-15,2026-08-15T19:12:53+09:00,4800,9700,21.0378,0
M0043,2028,2026-08-15,2026-08-15T20:01:19+09:00,5500,10400,21.8450,0
M0043,2028,2026-08-15,2026-08-15T20:38:25+09:00,5200,10100,22.4633,0
M0043,2028,2026-08-16,2026-08-16T10:53:41+09:00,100,10100,22.4633,1
M0043,2028,2026-08-16,2026-08-16T11:28:27+09:00,500,10500,23.0428,0
M0043,2028,2026-08-16,2026-08-16T12:02:27+09:00,400,10400,23.6094,0
M0043,2028,2026-08-16,2026-08-16T12:35:49+09:00,200,10200,24.1656,0
M0043,2028,2026-08-16,2026-08-16T13:06:49+09:00,100,10100,24.6822,0
M0043,2028,2026-08-16,2026-08-16T13:36:19+09:00,400,10400,25.1739,0
M0043,2028,2026-08-16,2026-08-16T14:09:21+09:00,-300,9700,25.7244,0
M0043,2028,2026-08-16,2026-08-16T14:51:21+09:00,-700,9300,26.4244,0
M0043,2028,2026-08-16,2026-08-16T15:29:10+09:00,-500,9500,27.0547,0
M0043,2028,2026-08-16,2026-08-16T16:05:23+09:00,-400,9600,27.6583,0
M0043,2028,2026-08-16,2026-08-16T16:39:55+09:00,-600,9400,28.2339,0
M0043,2028,2026-08-16,2026-08-16T17:30:17+09:00,-1100,8900,29.0733,0
M0043,2028,2026-08-16,2026-08-16T18:07:35+09:00,-1200,8800,29.6950,0
M0043,2028,2026-08-16,2026-08-16T18:38:25+09:00,-1500,8500,30.2089,0
M0043,2028,2026-08-16,2026-08-16T19:40:19+09:00,-2100,7900,31.2406,0
M0043,2028,2026-08-16,2026-08-16T20:25:39+09:00,-1900,8100,31.9961,0
M0043,2028,2026-08-17,2026-08-17T10:52:31+09:00,-100,8100,31.9961,1
M0043,2028,2026-08-17,2026-08-17T11:28:29+09:00,700,8900,32.5956,0
M0043,2028,2026-08-17,2026-08-17T12:02:23+09:00,400,8600,33.1606,0
M0043,2028,2026-08-17,2026-08-17T12:34:35+09:00,0,8200,33.6972,0
M0043,2028,2026-08-17,2026-08-17T13:07:15+09:00,-500,7700,34.2417,0
M0043,2028,2026-08-17,2026-08-17T14:03:11+09:00,-1000,7200,35.1739,0
M0043,2028,2026-08-17,2026-08-17T14:36:43+09:00,-100,8100,35.7328,0
M0043,2028,2026-08-17,2026-08-17T15:11:21+09:00,200,8400,36.3100,0
M0043,2028,2026-08-17,2026-08-17T15:59:33+09:00,-300,7900,37.1133,0
M0043,2028,2026-08-17,2026-08-17T16:33:27+09:00,-200,8000,37.6783,0
M0043,2028,2026-08-17,2026-08-17T17:09:07+09:00,-100,8100,38.2728,0
M0043,2028,2026-08-17,2026-08-17T17:58:27+09:00,0,8200,39.0950,0
M0043,2028,2026-08-17,2026-08-17T18:33:03+09:00,100,8300,39.6717,0
M0043,2028,2026-08-17,2026-08-17T19:09:23+09:00,-700,7500,40.2772,0
M0043,2028,2026-08-17,2026-08-17T19:59:55+09:00,-1300,6900,41.1194,0
M0043,2028,2026-08-17,2026-08-17T21:13:05+09:00,-300,7900,42.3389,0
M0043,2028,2026-08-17,2026-08-17T21:59:13+09:00,-400,7800,43.1078,0
M0043,2028,2026-08-18,2026-08-18T10:52:51+09:00,-200,7800,43.1078,1
M0043,2028,2026-08-18,2026-08-18T11:28:45+09:00,-100,7900,43.7061,0
M0043,2028,2026-08-18,2026-08-18T12:02:47+09:00,-200,7800,44.2733,0
M0043,2028,2026-08-18,2026-08-18T13:07:37+09:00,600,8600,45.3539,0
M0043,2028,2026-08-18,2026-08-18T14:04:28+09:00,700,8700,46.3014,0
M0043,2028,2026-08-18,2026-08-18T15:11:53+09:00,300,8300,47.4250,0
M0043,2028,2026-08-18,2026-08-18T15:59:35+09:00,-200,7800,48.2200,0
M0043,2028,2026-08-18,2026-08-18T16:33:08+09:00,500,8500,48.7792,0
M0043,2028,2026-08-18,2026-08-18T17:08:27+09:00,600,8600,49.3678,0
M0043,2028,2026-08-18,2026-08-18T18:33:31+09:00,400,8400,50.7856,0
M0043,2028,2026-08-18,2026-08-18T19:09:25+09:00,-100,7900,51.3839,0
M0043,2028,2026-08-18,2026-08-18T20:35:25+09:00,-400,7600,52.8172,0
M0043,2028,2026-08-18,2026-08-18T21:57:39+09:00,-1000,7000,54.1878,0
M0043,2028,2026-08-18,2026-08-18T23:10:31+09:00,-1100,6900,55.4022,0
M0043,2028,2026-08-19,2026-08-19T10:53:31+09:00,-100,6900,55.4022,1
M0043,2028,2026-08-19,2026-08-19T11:28:23+09:00,-400,6600,55.9833,0
M0043,2028,2026-08-19,2026-08-19T12:02:25+09:00,-300,6700,56.5506,0
M0043,2028,2026-08-19,2026-08-19T14:49:47+09:00,-400,6600,59.3400,0
M0043,2028,2026-08-19,2026-08-19T15:26:59+09:00,-1100,5900,59.9600,0
M0043,2028,2026-08-19,2026-08-19T16:02:55+09:00,-600,6400,60.5589,0
M0043,2028,2026-08-19,2026-08-19T16:36:50+09:00,-700,6300,61.1242,0
M0043,2028,2026-08-19,2026-08-19T17:06:11+09:00,-1200,5800,61.6133,0
M0043,2028,2026-08-19,2026-08-19T17:32:35+09:00,-1500,5500,62.0533,0
M0043,2028,2026-08-19,2026-08-19T18:08:43+09:00,-1900,5100,62.6556,0
M0043,2028,2026-08-19,2026-08-19T18:50:27+09:00,-1000,6000,63.3511,0
M0043,2028,2026-08-19,2026-08-19T19:28:55+09:00,-100,6900,63.9922,0
M0043,2028,2026-08-19,2026-08-19T20:05:19+09:00,500,7500,64.5989,0
M0043,2028,2026-08-19,2026-08-19T20:39:17+09:00,400,7400,65.1650,0
M0043,2028,2026-08-19,2026-08-19T21:30:39+09:00,700,7700,66.0211,0
M0043,2028,2026-08-20,2026-08-20T10:52:57+09:00,0,7700,66.0211,1
M0043,2028,2026-08-20,2026-08-20T12:35:01+09:00,-200,7500,67.7222,0
M0043,2028,2026-08-20,2026-08-20T13:07:39+09:00,-800,6900,68.2661,0
M0043,2028,2026-08-20,2026-08-20T13:36:17+09:00,-1200,6500,68.7433,0
M0043,2028,2026-08-20,2026-08-20T14:02:59+09:00,-700,7000,69.1883,0
M0043,2028,2026-08-20,2026-08-20T14:35:37+09:00,-900,6800,69.7322,0
M0043,2028,2026-08-20,2026-08-20T15:09:59+09:00,-1900,5800,70.3050,0
M0043,2028,2026-08-20,2026-08-20T15:59:19+09:00,-2400,5300,71.1272,0
M0043,2028,2026-08-20,2026-08-20T16:32:33+09:00,-3000,4700,71.6811,0
M0043,2028,2026-08-20,2026-08-20T17:07:41+09:00,-3400,4300,72.2667,0
M0043,2028,2026-08-20,2026-08-20T17:42:01+09:00,-2800,4900,72.8389,0
M0043,2028,2026-08-20,2026-08-20T18:28:21+09:00,-1800,5900,73.6111,0
M0043,2028,2026-08-20,2026-08-20T19:39:23+09:00,-1900,5800,74.7950,0
M0043,2028,2026-08-20,2026-08-20T20:28:35+09:00,-1800,5900,75.6150,0
M0043,2028,2026-08-20,2026-08-20T21:05:21+09:00,-2400,5300,76.2278,0
M0043,2028,2026-08-20,2026-08-20T21:40:19+09:00,-1800,5900,76.8106,0
M0043,2028,2026-08-21,2026-08-21T10:54:01+09:00,-200,5900,76.8106,1
M0043,2028,2026-08-21,2026-08-21T11:29:17+09:00,500,6600,77.3983,0
M0043,2028,2026-08-21,2026-08-21T12:03:33+09:00,800,6900,77.9694,0
M0043,2028,2026-08-21,2026-08-21T12:36:21+09:00,200,6300,78.5161,0
M0043,2028,2026-08-21,2026-08-21T13:07:23+09:00,0,6100,79.0333,0
M0044,2029,2026-08-14,2026-08-14T10:54:41+09:00,-100,-100,0.0000,1
M0044,2029,2026-08-14,2026-08-14T11:29:45+09:00,-800,-800,0.5844,0
M0044,2029,2026-08-14,2026-08-14T12:04:15+09:00,-500,-500,1.1594,0
M0044,2029,2026-08-14,2026-08-14T12:37:28+09:00,-200,-200,1.7131,0
M0044,2029,2026-08-14,2026-08-14T13:06:37+09:00,-800,-800,2.1989,0
M0044,2029,2026-08-14,2026-08-14T13:35:02+09:00,-700,-700,2.6725,0
M0044,2029,2026-08-14,2026-08-14T14:10:37+09:00,-1200,-1200,3.2656,0
M0044,2029,2026-08-14,2026-08-14T14:55:41+09:00,-1700,-1700,4.0167,0
M0044,2029,2026-08-14,2026-08-14T15:31:41+09:00,-900,-900,4.6167,0
M0044,2029,2026-08-14,2026-08-14T16:08:02+09:00,0,0,5.2225,0
M0044,2029,2026-08-14,2026-08-14T16:41:57+09:00,2100,2100,5.7878,0
M0044,2029,2026-08-14,2026-08-14T17:30:37+09:00,2600,2600,6.5989,0
M0044,2029,2026-08-14,2026-08-14T18:43:04+09:00,2200,2200,7.8064,0
M0044,2029,2026-08-14,2026-08-14T19:31:33+09:00,2000,2000,8.6144,0
M0044,2029,2026-08-14,2026-08-14T20:09:17+09:00,2600,2600,9.2433,0
M0044,2029,2026-08-15,2026-08-15T10:54:13+09:00,-100,2600,9.2433,1
M0044,2029,2026-08-15,2026-08-15T11:29:09+09:00,-500,2200,9.8256,0
M0044,2029,2026-08-15,2026-08-15T12:03:27+09:00,-1100,1600,10.3972,0
M0044,2029,2026-08-15,2026-08-15T12:36:37+09:00,-700,2000,10.9500,0
M0044,2029,2026-08-15,2026-08-15T13:08:49+09:00,-1800,900,11.4867,0
M0044,2029,2026-08-15,2026-08-15T14:01:55+09:00,-1200,1500,12.3717,0
M0044,2029,2026-08-15,2026-08-15T14:36:09+09:00,-200,2500,12.9422,0
M0044,2029,2026-08-15,2026-08-15T15:11:53+09:00,500,3200,13.5378,0
M0044,2029,2026-08-15,2026-08-15T17:11:17+09:00,200,2900,15.5278,0
M0044,2029,2026-08-15,2026-08-15T17:58:39+09:00,-200,2500,16.3172,0
M0044,2029,2026-08-15,2026-08-15T19:12:53+09:00,500,3200,17.5544,0
M0044,2029,2026-08-15,2026-08-15T20:01:19+09:00,1000,3700,18.3617,0
M0044,2029,2026-08-15,2026-08-15T20:38:25+09:00,100,2800,18.9800,0
M0044,2029,2026-08-15,2026-08-15T21:25:49+09:00,-600,2100,19.7700,0
M0044,2029,2026-08-15,2026-08-15T22:04:23+09:00,-400,2300,20.4128,0
M0044,2029,2026-08-15,2026-08-15T22:41:53+09:00,-700,2000,21.0378,0
M0044,2029,2026-08-16,2026-08-16T10:53:41+09:00,-100,2000,21.0378,1
M0044,2029,2026-08-16,2026-08-16T11:28:27+09:00,200,2300,21.6172,0
M0044,2029,2026-08-16,2026-08-16T12:02:27+09:00,-300,1800,22.1839,0
M0044,2029,2026-08-16,2026-08-16T12:35:49+09:00,0,2100,22.7400,0
M0044,2029,2026-08-16,2026-08-16T13:06:49+09:00,-300,1800,23.2567,0
M0044,2029,2026-08-16,2026-08-16T13:36:19+09:00,100,2200,23.7483,0
M0044,2029,2026-08-16,2026-08-16T14:09:21+09:00,-700,1400,24.2989,0
M0044,2029,2026-08-16,2026-08-16T15:29:10+09:00,0,2100,25.6292,0
M0044,2029,2026-08-16,2026-08-16T16:05:23+09:00,-200,1900,26.2328,0
M0044,2029,2026-08-16,2026-08-16T16:39:55+09:00,500,2600,26.8083,0
M0044,2029,2026-08-16,2026-08-16T17:30:17+09:00,1200,3300,27.6478,0
M0044,2029,2026-08-16,2026-08-16T18:07:35+09:00,2000,4100,28.2694,0
M0044,2029,2026-08-16,2026-08-16T18:38:25+09:00,3500,5600,28.7833,0
M0044,2029,2026-08-16,2026-08-16T19:40:19+09:00,5200,7300,29.8150,0
M0044,2029,2026-08-16,2026-08-16T20:25:39+09:00,6100,8200,30.5706,0
M0044,2029,2026-08-16,2026-08-16T21:04:51+09:00,6300,8400,31.2239,0
M0044,2029,2026-08-17,2026-08-17T10:52:31+09:00,0,8400,31.2239,1
M0044,2029,2026-08-17,2026-08-17T11:28:29+09:00,-100,8300,31.8233,0
M0044,2029,2026-08-17,2026-08-17T12:02:23+09:00,500,8900,32.3883,0
M0044,2029,2026-08-17,2026-08-17T12:34:35+09:00,800,9200,32.9250,0
M0044,2029,2026-08-17,2026-08-17T13:07:15+09:00,600,9000,33.4694,0
M0044,2029,2026-08-17,2026-08-17T15:59:33+09:00,200,8600,36.3411,0
M0044,2029,2026-08-17,2026-08-17T16:33:27+09:00,-300,8100,36.9061,0
M0044,2029,2026-08-17,2026-08-17T17:09:07+09:00,-800,7600,37.5006,0
M0044,2029,2026-08-17,2026-08-17T19:09:23+09:00,0,8400,39.5050,0
M0044,2029,2026-08-17,2026-08-17T19:59:55+09:00,-700,7700,40.3472,0
M0044,2029,2026-08-17,2026-08-17T20:35:21+09:00,-300,8100,40.9378,0
M0044,2029,2026-08-17,2026-08-17T21:13:05+09:00,-500,7900,41.5667,0
M0044,2029,2026-08-17,2026-08-17T22:34:49+09:00,-700,7700,42.9289,0
M0044,2029,2026-08-18,2026-08-18T10:52:51+09:00,-200,7700,42.9289,1
M0044,2029,2026-08-18,2026-08-18T11:28:45+09:00,-300,7600,43.5272,0
M0044,2029,2026-08-18,2026-08-18T12:02:47+09:00,-100,7800,44.0944,0
M0044,2029,2026-08-18,2026-08-18T12:35:21+09:00,500,8400,44.6372,0
M0044,2029,2026-08-18,2026-08-18T13:07:37+09:00,1500,9400,45.1750,0
M0044,2029,2026-08-18,2026-08-18T13:35:43+09:00,2400,10300,45.6433,0
M0044,2029,2026-08-18,2026-08-18T14:04:28+09:00,2900,10800,46.1225,0
M0044,2029,2026-08-18,2026-08-18T14:37:28+09:00,2600,10500,46.6725,0
M0044,2029,2026-08-18,2026-08-18T15:11:53+09:00,2900,10800,47.2461,0
M0044,2029,2026-08-18,2026-08-18T15:59:35+09:00,2800,10700,48.0411,0
M0044,2029,2026-08-18,2026-08-18T16:33:08+09:00,3000,10900,48.6003,0
M0044,2029,2026-08-18,2026-08-18T17:08:27+09:00,3700,11600,49.1889,0
M0044,2029,2026-08-18,2026-08-18T17:59:01+09:00,4500,12400,50.0317,0
M0044,2029,2026-08-18,2026-08-18T18:33:31+09:00,5200,13100,50.6067,0
M0044,2029,2026-08-18,2026-08-18T19:59:53+09:00,4800,12700,52.0461,0
M0044,2029,2026-08-18,2026-08-18T20:35:25+09:00,5000,12900,52.6383,0
M0044,2029,2026-08-18,2026-08-18T21:11:41+09:00,4300,12200,53.2428,0
M0044,2029,2026-08-19,2026-08-19T10:53:31+09:00,-100,12200,53.2428,1
M0044,2029,2026-08-19,2026-08-19T11:28:23+09:00,-700,11600,53.8239,0
M0044,2029,2026-08-19,2026-08-19T12:02:25+09:00,-1200,11100,54.3911,0
M0044,2029,2026-08-19,2026-08-19T13:35:01+09:00,-1300,11000,55.9344,0
M0044,2029,2026-08-19,2026-08-19T14:09:06+09:00,-1600,10700,56.5025,0
M0044,2029,2026-08-19,2026-08-19T20:39:17+09:00,-1900,10400,63.0056,0
M0044,2029,2026-08-20,2026-08-20T10:52:57+09:00,0,10400,63.0056,1
M0044,2029,2026-08-20,2026-08-20T12:02:37+09:00,-400,10000,64.1667,0
M0044,2029,2026-08-20,2026-08-20T15:09:59+09:00,-600,9800,67.2894,0
M0044,2029,2026-08-20,2026-08-20T15:59:19+09:00,200,10600,68.1117,0
M0044,2029,2026-08-20,2026-08-20T16:32:33+09:00,1200,11600,68.6656,0
M0044,2029,2026-08-20,2026-08-20T17:07:41+09:00,1700,12100,69.2511,0
M0044,2029,2026-08-20,2026-08-20T17:42:01+09:00,1100,11500,69.8233,0
M0044,2029,2026-08-20,2026-08-20T18:28:21+09:00,1600,12000,70.5956,0
M0044,2029,2026-08-20,2026-08-20T19:39:23+09:00,1700,12100,71.7794,0
M0044,2029,2026-08-20,2026-08-20T20:28:35+09:00,1200,11600,72.5994,0
M0044,2029,2026-08-20,2026-08-20T21:05:21+09:00,1100,11500,73.2122,0
M0044,2029,2026-08-20,2026-08-20T21:40:19+09:00,0,10400,73.7950,0
M0044,2029,2026-08-20,2026-08-20T22:30:04+09:00,-200,10200,74.6242,0
M0044,2029,2026-08-20,2026-08-20T23:07:51+09:00,200,10600,75.2539,0
M0044,2029,2026-08-20,2026-08-20T23:43:01+09:00,1300,11700,75.8400,0
M0044,2029,2026-08-21,2026-08-21T10:54:01+09:00,-200,11700,75.8400,1
M0044,2029,2026-08-21,2026-08-21T11:29:17+09:00,0,11900,76.4278,0
M0044,2029,2026-08-21,2026-08-21T12:03:33+09:00,500,12400,76.9989,0
M0044,2029,2026-08-21,2026-08-21T12:36:21+09:00,100,12000,77.5456,0
M0044,2029,2026-08-21,2026-08-21T13:07:23+09:00,200,12100,78.0628,0
M0045,2030,2026-08-14,2026-08-14T10:54:41+09:00,-100,-100,0.0000,1
M0045,2030,2026-08-14,2026-08-14T11:29:45+09:00,-500,-500,0.5844,0
M0045,2030,2026-08-14,2026-08-14T12:04:15+09:00,-800,-800,1.1594,0
M0045,2030,2026-08-14,2026-08-14T12:37:28+09:00,-1200,-1200,1.7131,0
M0045,2030,2026-08-14,2026-08-14T13:06:37+09:00,-900,-900,2.1989,0
M0045,2030,2026-08-14,2026-08-14T14:10:37+09:00,-1600,-1600,3.2656,0
M0045,2030,2026-08-14,2026-08-14T14:55:41+09:00,-2100,-2100,4.0167,0
M0045,2030,2026-08-14,2026-08-14T15:31:41+09:00,-1600,-1600,4.6167,0
M0045,2030,2026-08-14,2026-08-14T16:08:02+09:00,-1400,-1400,5.2225,0
M0045,2030,2026-08-14,2026-08-14T16:41:57+09:00,-2400,-2400,5.7878,0
M0045,2030,2026-08-14,2026-08-14T17:30:37+09:00,-3000,-3000,6.5989,0
M0045,2030,2026-08-14,2026-08-14T18:07:43+09:00,-3400,-3400,7.2172,0
M0045,2030,2026-08-14,2026-08-14T20:09:17+09:00,-3500,-3500,9.2433,0
M0045,2030,2026-08-14,2026-08-14T20:55:41+09:00,-4300,-4300,10.0167,0
M0045,2030,2026-08-14,2026-08-14T21:33:02+09:00,-4500,-4500,10.6392,0
M0045,2030,2026-08-14,2026-08-14T22:11:45+09:00,-4700,-4700,11.2844,0
M0045,2030,2026-08-14,2026-08-14T23:00:09+09:00,-4100,-4100,12.0911,0
M0045,2030,2026-08-15,2026-08-15T10:54:13+09:00,-100,-4100,12.0911,1
M0045,2030,2026-08-15,2026-08-15T11:29:09+09:00,-300,-4300,12.6733,0
M0045,2030,2026-08-15,2026-08-15T12:03:27+09:00,-800,-4800,13.2450,0
M0045,2030,2026-08-15,2026-08-15T12:36:37+09:00,-500,-4500,13.7978,0
M0045,2030,2026-08-15,2026-08-15T13:08:49+09:00,-1600,-5600,14.3344,0
M0045,2030,2026-08-15,2026-08-15T14:01:55+09:00,-1300,-5300,15.2194,0
M0045,2030,2026-08-15,2026-08-15T14:36:09+09:00,-600,-4600,15.7900,0
M0045,2030,2026-08-15,2026-08-15T15:11:53+09:00,-1100,-5100,16.3856,0
M0045,2030,2026-08-15,2026-08-15T15:58:43+09:00,-700,-4700,17.1661,0
M0045,2030,2026-08-15,2026-08-15T16:34:01+09:00,-1000,-5000,17.7544,0
M0045,2030,2026-08-15,2026-08-15T17:11:17+09:00,-1400,-5400,18.3756,0
M0045,2030,2026-08-15,2026-08-15T17:58:39+09:00,-1800,-5800,19.1650,0
M0045,2030,2026-08-15,2026-08-15T18:35:13+09:00,-2400,-6400,19.7744,0
M0045,2030,2026-08-15,2026-08-15T19:12:53+09:00,-3000,-7000,20.4022,0
M0045,2030,2026-08-15,2026-08-15T20:01:19+09:00,-3600,-7600,21.2094,0
M0045,2030,2026-08-15,2026-08-15T20:38:25+09:00,-4400,-8400,21.8278,0
M0045,2030,2026-08-15,2026-08-15T21:25:49+09:00,-4200,-8200,22.6178,0
M0045,2030,2026-08-15,2026-08-15T22:41:53+09:00,-3700,-7700,23.8856,0
M0045,2030,2026-08-16,2026-08-16T10:53:41+09:00,0,-7700,23.8856,1
M0045,2030,2026-08-16,2026-08-16T11:28:27+09:00,-600,-8300,24.4650,0
M0045,2030,2026-08-16,2026-08-16T12:02:27+09:00,-1100,-8800,25.0317,0
M0045,2030,2026-08-16,2026-08-16T12:35:49+09:00,-1600,-9300,25.5878,0
M0045,2030,2026-08-16,2026-08-16T13:36:19+09:00,-1300,-9000,26.5961,0
M0045,2030,2026-08-16,2026-08-16T14:09:21+09:00,-1900,-9600,27.1467,0
M0045,2030,2026-08-16,2026-08-16T14:51:21+09:00,-1700,-9400,27.8467,0
M0045,2030,2026-08-16,2026-08-16T15:29:10+09:00,-2200,-9900,28.4769,0
M0045,2030,2026-08-16,2026-08-16T16:05:23+09:00,-2300,-10000,29.0806,0
M0045,2030,2026-08-16,2026-08-16T16:39:55+09:00,-3500,-11200,29.6561,0
M0045,2030,2026-08-16,2026-08-16T17:30:17+09:00,-3700,-11400,30.4956,0
M0045,2030,2026-08-16,2026-08-16T18:07:35+09:00,-3300,-11000,31.1172,0
M0045,2030,2026-08-16,2026-08-16T18:38:25+09:00,-1800,-9500,31.6311,0
M0045,2030,2026-08-17,2026-08-17T10:52:31+09:00,0,-9500,31.6311,1
M0045,2030,2026-08-17,2026-08-17T11:28:29+09:00,-300,-9800,32.2306,0
M0045,2030,2026-08-17,2026-08-17T12:02:23+09:00,-600,-10100,32.7956,0
M0045,2030,2026-08-17,2026-08-17T12:34:35+09:00,-800,-10300,33.3322,0
M0045,2030,2026-08-17,2026-08-17T14:03:11+09:00,-1200,-10700,34.8089,0
M0045,2030,2026-08-17,2026-08-17T14:36:43+09:00,-1400,-10900,35.3678,0
M0045,2030,2026-08-17,2026-08-17T15:11:21+09:00,-2200,-11700,35.9450,0
M0045,2030,2026-08-17,2026-08-17T15:59:33+09:00,-2300,-11800,36.7483,0
M0045,2030,2026-08-17,2026-08-17T22:34:49+09:00,-2500,-12000,43.3361,0
M0045,2030,2026-08-18,2026-08-18T10:52:51+09:00,0,-12000,43.3361,1
M0045,2030,2026-08-18,2026-08-18T11:28:45+09:00,-400,-12400,43.9344,0
M0045,2030,2026-08-18,2026-08-18T12:02:47+09:00,100,-11900,44.5017,0
M0045,2030,2026-08-18,2026-08-18T12:35:21+09:00,0,-12000,45.0444,0
M0045,2030,2026-08-18,2026-08-18T19:59:53+09:00,-100,-12100,52.4533,0
M0045,2030,2026-08-18,2026-08-18T20:35:25+09:00,-400,-12400,53.0456,0
M0045,2030,2026-08-18,2026-08-18T21:11:41+09:00,300,-11700,53.6500,0
M0045,2030,2026-08-19,2026-08-19T10:53:31+09:00,-100,-11700,53.6500,1
M0045,2030,2026-08-19,2026-08-19T11:28:23+09:00,100,-11500,54.2311,0
M0045,2030,2026-08-19,2026-08-19T12:02:25+09:00,-400,-12000,54.7983,0
M0045,2030,2026-08-19,2026-08-19T12:35:06+09:00,-600,-12200,55.3431,0
M0045,2030,2026-08-19,2026-08-19T13:06:21+09:00,-1200,-12800,55.8639,0
M0045,2030,2026-08-19,2026-08-19T13:35:01+09:00,-1600,-13200,56.3417,0
M0045,2030,2026-08-19,2026-08-19T14:49:47+09:00,-2000,-13600,57.5878,0
M0045,2030,2026-08-19,2026-08-19T15:26:59+09:00,-2500,-14100,58.2078,0
M0045,2030,2026-08-19,2026-08-19T16:02:55+09:00,-3000,-14600,58.8067,0
M0045,2030,2026-08-19,2026-08-19T16:36:50+09:00,-2600,-14200,59.3719,0
M0045,2030,2026-08-19,2026-08-19T17:06:11+09:00,-2800,-14400,59.8611,0
M0045,2030,2026-08-19,2026-08-19T18:50:27+09:00,-2600,-14200,61.5989,0
M0045,2030,2026-08-19,2026-08-19T19:28:55+09:00,-3000,-14600,62.2400,0
M0045,2030,2026-08-19,2026-08-19T20:05:19+09:00,-2100,-13700,62.8467,0
M0045,2030,2026-08-19,2026-08-19T20:39:17+09:00,-2300,-13900,63.4128,0
M0045,2030,2026-08-19,2026-08-19T21:30:39+09:00,-2400,-14000,64.2689,0
M0045,2030,2026-08-19,2026-08-19T22:43:08+09:00,-2500,-14100,65.4769,0
M0045,2030,2026-08-19,2026-08-19T23:29:49+09:00,-1800,-13400,66.2550,0
M0045,2030,2026-08-20,2026-08-20T10:52:57+09:00,-200,-13400,66.2550,1
M0045,2030,2026-08-20,2026-08-20T11:28:53+09:00,-400,-13600,66.8539,0
M0045,2030,2026-08-20,2026-08-20T12:02:37+09:00,-900,-14100,67.4161,0
M0045,2030,2026-08-20,2026-08-20T12:35:01+09:00,-1400,-14600,67.9561,0
M0045,2030,2026-08-20,2026-08-20T13:07:39+09:00,-2000,-15200,68.5000,0
M0045,2030,2026-08-20,2026-08-20T13:36:17+09:00,-2300,-15500,68.9772,0
M0045,2030,2026-08-20,2026-08-20T14:02:59+09:00,-2500,-15700,69.4222,0
M0045,2030,2026-08-20,2026-08-20T14:35:37+09:00,-2100,-15300,69.9661,0
M0045,2030,2026-08-20,2026-08-20T16:32:33+09:00,-2300,-15500,71.9150,0
M0045,2030,2026-08-21,2026-08-21T10:54:01+09:00,-100,-15500,71.9150,1
M0045,2030,2026-08-21,2026-08-21T11:29:17+09:00,-200,-15600,72.5028,0
M0045,2030,2026-08-21,2026-08-21T12:03:33+09:00,-500,-15900,73.0739,0
M0045,2030,2026-08-21,2026-08-21T12:36:21+09:00,-900,-16300,73.6206,0
M0045,2030,2026-08-21,2026-08-21T13:07:23+09:00,-1500,-16900,74.1378,0
M0046,2031,2026-08-14,2026-08-14T10:54:41+09:00,-100,-100,0.0000,1
M0046,2031,2026-08-14,2026-08-14T11:29:45+09:00,-500,-500,0.5844,0
M0046,2031,2026-08-14,2026-08-14T12:04:15+09:00,-1000,-1000,1.1594,0
M0046,2031,2026-08-14,2026-08-14T12:37:28+09:00,-1100,-1100,1.7131,0
M0046,2031,2026-08-14,2026-08-14T13:06:37+09:00,-1300,-1300,2.1989,0
M0046,2031,2026-08-14,2026-08-14T18:43:04+09:00,-1400,-1400,7.8064,0
M0046,2031,2026-08-14,2026-08-14T19:31:33+09:00,-2000,-2000,8.6144,0
M0046,2031,2026-08-14,2026-08-14T20:09:17+09:00,-2400,-2400,9.2433,0
M0046,2031,2026-08-15,2026-08-15T10:54:13+09:00,-100,-2400,9.2433,1
M0046,2031,2026-08-15,2026-08-15T11:29:09+09:00,-600,-2900,9.8256,0
M0046,2031,2026-08-15,2026-08-15T12:03:27+09:00,-1100,-3400,10.3972,0
M0046,2031,2026-08-15,2026-08-15T12:36:37+09:00,-1300,-3600,10.9500,0
M0046,2031,2026-08-15,2026-08-15T13:08:49+09:00,-500,-2800,11.4867,0
M0046,2031,2026-08-15,2026-08-15T14:01:55+09:00,-300,-2600,12.3717,0
M0046,2031,2026-08-15,2026-08-15T14:36:09+09:00,300,-2000,12.9422,0
M0046,2031,2026-08-15,2026-08-15T15:11:53+09:00,1000,-1300,13.5378,0
M0046,2031,2026-08-15,2026-08-15T15:58:43+09:00,900,-1400,14.3183,0
M0046,2031,2026-08-15,2026-08-15T16:34:01+09:00,1100,-1200,14.9067,0
M0046,2031,2026-08-15,2026-08-15T17:11:17+09:00,300,-2000,15.5278,0
M0046,2031,2026-08-15,2026-08-15T17:58:39+09:00,0,-2300,16.3172,0
M0046,2031,2026-08-15,2026-08-15T18:35:13+09:00,100,-2200,16.9267,0
M0046,2031,2026-08-15,2026-08-15T19:12:53+09:00,0,-2300,17.5544,0
M0046,2031,2026-08-16,2026-08-16T10:53:41+09:00,-200,-2300,17.5544,1
M0046,2031,2026-08-16,2026-08-16T11:28:27+09:00,-300,-2400,18.1339,0
M0046,2031,2026-08-16,2026-08-16T12:02:27+09:00,-900,-3000,18.7006,0
M0046,2031,2026-08-16,2026-08-16T12:35:49+09:00,-1100,-3200,19.2567,0
M0046,2031,2026-08-16,2026-08-16T13:06:49+09:00,-1600,-3700,19.7733,0
M0046,2031,2026-08-16,2026-08-16T13:36:19+09:00,-1300,-3400,20.2650,0
M0046,2031,2026-08-16,2026-08-16T14:09:21+09:00,-1600,-3700,20.8156,0
M0046,2031,2026-08-16,2026-08-16T14:51:21+09:00,-1700,-3800,21.5156,0
M0046,2031,2026-08-16,2026-08-16T15:29:10+09:00,-900,-3000,22.1458,0
M0046,2031,2026-08-16,2026-08-16T16:05:23+09:00,100,-2000,22.7494,0
M0046,2031,2026-08-16,2026-08-16T16:39:55+09:00,-700,-2800,23.3250,0
M0046,2031,2026-08-16,2026-08-16T17:30:17+09:00,-1100,-3200,24.1644,0
M0046,2031,2026-08-16,2026-08-16T18:07:35+09:00,-1600,-3700,24.7861,0
M0046,2031,2026-08-16,2026-08-16T18:38:25+09:00,-1400,-3500,25.3000,0
M0046,2031,2026-08-16,2026-08-16T19:40:19+09:00,-1500,-3600,26.3317,0
M0046,2031,2026-08-16,2026-08-16T20:25:39+09:00,-1100,-3200,27.0872,0
M0046,2031,2026-08-16,2026-08-16T21:04:51+09:00,-1300,-3400,27.7406,0
M0046,2031,2026-08-16,2026-08-16T21:42:13+09:00,-2100,-4200,28.3633,0
M0046,2031,2026-08-16,2026-08-16T22:32:01+09:00,-2300,-4400,29.1933,0
M0046,2031,2026-08-17,2026-08-17T10:52:31+09:00,-100,-4400,29.1933,1
M0046,2031,2026-08-17,2026-08-17T11:28:29+09:00,100,-4200,29.7928,0
M0046,2031,2026-08-17,2026-08-17T12:02:23+09:00,-300,-4600,30.3578,0
M0046,2031,2026-08-17,2026-08-17T12:34:35+09:00,-600,-4900,30.8944,0
M0046,2031,2026-08-17,2026-08-17T13:07:15+09:00,-900,-5200,31.4389,0
M0046,2031,2026-08-17,2026-08-17T13:35:21+09:00,-800,-5100,31.9072,0
M0046,2031,2026-08-17,2026-08-17T14:03:11+09:00,-1300,-5600,32.3711,0
M0046,2031,2026-08-17,2026-08-17T15:59:33+09:00,-1800,-6100,34.3106,0
M0046,2031,2026-08-17,2026-08-17T16:33:27+09:00,-2300,-6600,34.8756,0
M0046,2031,2026-08-17,2026-08-17T17:09:07+09:00,-2200,-6500,35.4700,0
M0046,2031,2026-08-17,2026-08-17T19:09:23+09:00,-2300,-6600,37.4744,0
M0046,2031,2026-08-18,2026-08-18T10:52:51+09:00,-100,-6600,37.4744,1
M0046,2031,2026-08-18,2026-08-18T11:28:45+09:00,200,-6300,38.0728,0
M0046,2031,2026-08-18,2026-08-18T12:02:47+09:00,-100,-6600,38.6400,0
M0046,2031,2026-08-18,2026-08-18T12:35:21+09:00,-600,-7100,39.1828,0
M0046,2031,2026-08-18,2026-08-18T13:07:37+09:00,-1200,-7700,39.7206,0
M0046,2031,2026-08-18,2026-08-18T13:35:43+09:00,-1500,-8000,40.1889,0
M0046,2031,2026-08-18,2026-08-18T14:04:28+09:00,-1900,-8400,40.6681,0
M0046,2031,2026-08-18,2026-08-18T14:37:28+09:00,-1400,-7900,41.2181,0
M0046,2031,2026-08-18,2026-08-18T15:11:53+09:00,-800,-7300,41.7917,0
M0046,2031,2026-08-18,2026-08-18T15:59:35+09:00,-1300,-7800,42.5867,0
M0046,2031,2026-08-18,2026-08-18T16:33:08+09:00,-400,-6900,43.1458,0
M0046,2031,2026-08-18,2026-08-18T19:59:53+09:00,-200,-6700,46.5917,0
M0046,2031,2026-08-18,2026-08-18T20:35:25+09:00,-400,-6900,47.1839,0
M0046,2031,2026-08-18,2026-08-18T21:11:41+09:00,0,-6500,47.7883,0
M0046,2031,2026-08-19,2026-08-19T10:53:31+09:00,0,-6500,47.7883,1
M0046,2031,2026-08-19,2026-08-19T13:35:01+09:00,100,-6400,50.4800,0
M0046,2031,2026-08-19,2026-08-19T14:09:06+09:00,-1100,-7600,51.0481,0
M0046,2031,2026-08-19,2026-08-19T14:49:47+09:00,-1400,-7900,51.7261,0
M0046,2031,2026-08-19,2026-08-19T15:26:59+09:00,-800,-7300,52.3461,0
M0046,2031,2026-08-19,2026-08-19T16:02:55+09:00,-1000,-7500,52.9450,0
M0046,2031,2026-08-20,2026-08-20T10:52:57+09:00,0,-7500,52.9450,1
M0046,2031,2026-08-20,2026-08-20T12:02:37+09:00,100,-7400,54.1061,0
M0046,2031,2026-08-20,2026-08-20T15:09:59+09:00,-400,-7900,57.2289,0
M0046,2031,2026-08-20,2026-08-20T15:59:19+09:00,-600,-8100,58.0511,0
M0046,2031,2026-08-20,2026-08-20T17:07:41+09:00,0,-7500,59.1906,0
M0046,2031,2026-08-20,2026-08-20T17:42:01+09:00,-800,-8300,59.7628,0
M0046,2031,2026-08-20,2026-08-20T18:28:21+09:00,-1100,-8600,60.5350,0
M0046,2031,2026-08-20,2026-08-20T19:04:37+09:00,-800,-8300,61.1394,0
M0046,2031,2026-08-20,2026-08-20T19:39:23+09:00,-400,-7900,61.7189,0
M0046,2031,2026-08-20,2026-08-20T20:28:35+09:00,-500,-8000,62.5389,0
M0046,2031,2026-08-20,2026-08-20T21:05:21+09:00,-300,-7800,63.1517,0
M0046,2031,2026-08-21,2026-08-21T10:54:01+09:00,-100,-7800,63.1517,1
M0046,2031,2026-08-21,2026-08-21T11:29:17+09:00,300,-7400,63.7394,0
M0046,2031,2026-08-21,2026-08-21T12:03:33+09:00,1000,-6700,64.3106,0
M0046,2031,2026-08-21,2026-08-21T12:36:21+09:00,700,-7000,64.8572,0
M0046,2031,2026-08-21,2026-08-21T13:07:23+09:00,900,-6800,65.3744,0
M0047,2032,2026-08-14,2026-08-14T10:54:41+09:00,-100,-100,0.0000,1
M0047,2032,2026-08-14,2026-08-14T11:29:45+09:00,-500,-500,0.5844,0
M0047,2032,2026-08-14,2026-08-14T12:04:15+09:00,-1000,-1000,1.1594,0
M0047,2032,2026-08-14,2026-08-14T12:37:28+09:00,-1600,-1600,1.7131,0
M0047,2032,2026-08-14,2026-08-14T13:06:37+09:00,-2000,-2000,2.1989,0
M0047,2032,2026-08-14,2026-08-14T13:35:02+09:00,-1800,-1800,2.6725,0
M0047,2032,2026-08-14,2026-08-14T14:10:37+09:00,-1600,-1600,3.2656,0
M0047,2032,2026-08-14,2026-08-14T14:55:41+09:00,-2100,-2100,4.0167,0
M0047,2032,2026-08-14,2026-08-14T15:31:41+09:00,-1500,-1500,4.6167,0
M0047,2032,2026-08-14,2026-08-14T16:41:57+09:00,-1200,-1200,5.7878,0
M0047,2032,2026-08-14,2026-08-14T17:30:37+09:00,-1000,-1000,6.5989,0
M0047,2032,2026-08-14,2026-08-14T18:07:43+09:00,-1400,-1400,7.2172,0
M0047,2032,2026-08-15,2026-08-15T10:54:13+09:00,-100,-1400,7.2172,1
M0047,2032,2026-08-15,2026-08-15T11:29:09+09:00,-500,-1800,7.7994,0
M0047,2032,2026-08-15,2026-08-15T12:03:27+09:00,-900,-2200,8.3711,0
M0047,2032,2026-08-15,2026-08-15T12:36:37+09:00,-1400,-2700,8.9239,0
M0047,2032,2026-08-15,2026-08-15T13:08:49+09:00,-2100,-3400,9.4606,0
M0047,2032,2026-08-15,2026-08-15T14:01:55+09:00,-2500,-3800,10.3456,0
M0047,2032,2026-08-15,2026-08-15T14:36:09+09:00,-3000,-4300,10.9161,0
M0047,2032,2026-08-15,2026-08-15T15:11:53+09:00,-3500,-4800,11.5117,0
M0047,2032,2026-08-15,2026-08-15T16:34:01+09:00,-3700,-5000,12.8806,0
M0047,2032,2026-08-15,2026-08-15T17:11:17+09:00,-4000,-5300,13.5017,0
M0047,2032,2026-08-15,2026-08-15T17:58:39+09:00,-3300,-4600,14.2911,0
M0047,2032,2026-08-15,2026-08-15T18:35:13+09:00,-2800,-4100,14.9006,0
M0047,2032,2026-08-15,2026-08-15T19:12:53+09:00,-3100,-4400,15.5283,0
M0047,2032,2026-08-15,2026-08-15T20:01:19+09:00,-3400,-4700,16.3356,0
M0047,2032,2026-08-15,2026-08-15T20:38:25+09:00,-2900,-4200,16.9539,0
M0047,2032,2026-08-15,2026-08-15T21:25:49+09:00,-3200,-4500,17.7439,0
M0047,2032,2026-08-15,2026-08-15T22:41:53+09:00,-3600,-4900,19.0117,0
M0047,2032,2026-08-16,2026-08-16T10:53:41+09:00,0,-4900,19.0117,1
M0047,2032,2026-08-16,2026-08-16T11:28:27+09:00,-400,-5300,19.5911,0
M0047,2032,2026-08-16,2026-08-16T12:02:27+09:00,-300,-5200,20.1578,0
M0047,2032,2026-08-16,2026-08-16T12:35:49+09:00,-200,-5100,20.7139,0
M0047,2032,2026-08-16,2026-08-16T13:06:49+09:00,-800,-5700,21.2306,0
M0047,2032,2026-08-16,2026-08-16T13:36:19+09:00,-500,-5400,21.7222,0
M0047,2032,2026-08-16,2026-08-16T14:09:21+09:00,100,-4800,22.2728,0
M0047,2032,2026-08-16,2026-08-16T14:51:21+09:00,500,-4400,22.9728,0
M0047,2032,2026-08-16,2026-08-16T15:29:10+09:00,300,-4600,23.6031,0
M0047,2032,2026-08-16,2026-08-16T16:05:23+09:00,-100,-5000,24.2067,0
M0047,2032,2026-08-16,2026-08-16T16:39:55+09:00,-700,-5600,24.7822,0
M0047,2032,2026-08-16,2026-08-16T17:30:17+09:00,-1200,-6100,25.6217,0
M0047,2032,2026-08-16,2026-08-16T18:07:35+09:00,-800,-5700,26.2433,0
M0047,2032,2026-08-16,2026-08-16T18:38:25+09:00,-500,-5400,26.7572,0
M0047,2032,2026-08-17,2026-08-17T10:52:31+09:00,-200,-5400,26.7572,1
M0047,2032,2026-08-17,2026-08-17T11:28:29+09:00,-600,-5800,27.3567,0
M0047,2032,2026-08-17,2026-08-17T12:02:23+09:00,-1000,-6200,27.9217,0
M0047,2032,2026-08-17,2026-08-17T12:34:35+09:00,-1600,-6800,28.4583,0
M0047,2032,2026-08-17,2026-08-17T13:07:15+09:00,-2000,-7200,29.0028,0
M0047,2032,2026-08-17,2026-08-17T13:35:21+09:00,-2400,-7600,29.4711,0
M0047,2032,2026-08-17,2026-08-17T14:03:11+09:00,-2500,-7700,29.9350,0
M0047,2032,2026-08-17,2026-08-17T14:36:43+09:00,-1900,-7100,30.4939,0
M0047,2032,2026-08-17,2026-08-17T15:11:21+09:00,-1600,-6800,31.0711,0
M0047,2032,2026-08-17,2026-08-17T15:59:33+09:00,-1500,-6700,31.8744,0
M0047,2032,2026-08-17,2026-08-17T16:33:27+09:00,-1000,-6200,32.4394,0
M0047,2032,2026-08-17,2026-08-17T17:09:07+09:00,-1500,-6700,33.0339,0
M0047,2032,2026-08-17,2026-08-17T17:58:27+09:00,-1800,-7000,33.8561,0
M0047,2032,2026-08-17,2026-08-17T18:33:03+09:00,-2500,-7700,34.4328,0
M0047,2032,2026-08-17,2026-08-17T19:09:23+09:00,-3500,-8700,35.0383,0
M0047,2032,2026-08-17,2026-08-17T19:59:55+09:00,-4000,-9200,35.8806,0
M0047,2032,2026-08-17,2026-08-17T20:35:21+09:00,-3900,-9100,36.4711,0
M0047,2032,2026-08-17,2026-08-17T21:13:05+09:00,-3500,-8700,37.1000,0
M0047,2032,2026-08-18,2026-08-18T10:52:51+09:00,-100,-8700,37.1000,1
M0047,2032,2026-08-18,2026-08-18T11:28:45+09:00,500,-8100,37.6983,0
M0047,2032,2026-08-18,2026-08-18T12:02:47+09:00,900,-7700,38.2656,0
M0047,2032,2026-08-18,2026-08-18T12:35:21+09:00,1100,-7500,38.8083,0
M0047,2032,2026-08-18,2026-08-18T13:07:37+09:00,800,-7800,39.3461,0
M0047,2032,2026-08-18,2026-08-18T13:35:43+09:00,400,-8200,39.8144,0
M0047,2032,2026-08-18,2026-08-18T14:04:28+09:00,500,-8100,40.2936,0
M0047,2032,2026-08-18,2026-08-18T14:37:28+09:00,1200,-7400,40.8436,0
M0047,2032,2026-08-18,2026-08-18T15:11:53+09:00,3200,-5400,41.4172,0
M0047,2032,2026-08-18,2026-08-18T15:59:35+09:00,4300,-4300,42.2122,0
M0047,2032,2026-08-18,2026-08-18T16:33:08+09:00,5200,-3400,42.7714,0
M0047,2032,2026-08-18,2026-08-18T17:08:27+09:00,7200,-1400,43.3600,0
M0047,2032,2026-08-18,2026-08-18T17:59:01+09:00,8400,-200,44.2028,0
M0047,2032,2026-08-18,2026-08-18T18:33:31+09:00,8800,200,44.7778,0
M0047,2032,2026-08-18,2026-08-18T19:09:25+09:00,8900,300,45.3761,0
M0047,2032,2026-08-18,2026-08-18T19:59:53+09:00,9300,700,46.2172,0
M0047,2032,2026-08-18,2026-08-18T20:35:25+09:00,9700,1100,46.8094,0
M0047,2032,2026-08-18,2026-08-18T21:11:41+09:00,11100,2500,47.4139,0
M0047,2032,2026-08-18,2026-08-18T21:57:39+09:00,10800,2200,48.1800,0
M0047,2032,2026-08-19,2026-08-19T10:53:31+09:00,0,2200,48.1800,1
M0047,2032,2026-08-19,2026-08-19T13:06:21+09:00,100,2300,50.3939,0
M0047,2032,2026-08-19,2026-08-19T13:35:01+09:00,-300,1900,50.8717,0
M0047,2032,2026-08-19,2026-08-19T14:09:06+09:00,-700,1500,51.4397,0
M0047,2032,2026-08-19,2026-08-19T14:49:47+09:00,-600,1600,52.1178,0
M0047,2032,2026-08-19,2026-08-19T15:26:59+09:00,-800,1400,52.7378,0
M0047,2032,2026-08-19,2026-08-19T16:02:55+09:00,-1300,900,53.3367,0
M0047,2032,2026-08-19,2026-08-19T16:36:50+09:00,-1200,1000,53.9019,0
M0047,2032,2026-08-19,2026-08-19T17:06:11+09:00,-1700,500,54.3911,0
M0047,2032,2026-08-19,2026-08-19T17:32:35+09:00,-1800,400,54.8311,0
M0047,2032,2026-08-19,2026-08-19T18:08:43+09:00,-2000,200,55.4333,0
M0047,2032,2026-08-19,2026-08-19T19:28:55+09:00,-2200,0,56.7700,0
M0047,2032,2026-08-19,2026-08-19T20:05:19+09:00,-2000,200,57.3767,0
M0047,2032,2026-08-19,2026-08-19T21:30:39+09:00,-2100,100,58.7989,0
M0047,2032,2026-08-20,2026-08-20T10:52:57+09:00,0,100,58.7989,1
M0047,2032,2026-08-20,2026-08-20T13:07:39+09:00,-200,-100,61.0439,0
M0047,2032,2026-08-20,2026-08-20T13:36:17+09:00,-600,-500,61.5211,0
M0047,2032,2026-08-20,2026-08-20T14:02:59+09:00,-800,-700,61.9661,0
M0047,2032,2026-08-20,2026-08-20T14:35:37+09:00,200,300,62.5100,0
M0047,2032,2026-08-20,2026-08-20T15:09:59+09:00,-100,0,63.0828,0
M0047,2032,2026-08-20,2026-08-20T15:59:19+09:00,-600,-500,63.9050,0
M0047,2032,2026-08-20,2026-08-20T16:32:33+09:00,-1300,-1200,64.4589,0
M0047,2032,2026-08-20,2026-08-20T17:07:41+09:00,-1100,-1000,65.0444,0
M0047,2032,2026-08-20,2026-08-20T17:42:01+09:00,-900,-800,65.6167,0
M0047,2032,2026-08-21,2026-08-21T10:54:01+09:00,-100,-800,65.6167,1
M0047,2032,2026-08-21,2026-08-21T11:29:17+09:00,-200,-900,66.2044,0
M0047,2032,2026-08-21,2026-08-21T12:03:33+09:00,-300,-1000,66.7756,0
M0047,2032,2026-08-21,2026-08-21T12:36:21+09:00,0,-700,67.3222,0
M0047,2032,2026-08-21,2026-08-21T13:07:23+09:00,-200,-900,67.8394,0
M0048,2033,2026-08-14,2026-08-14T10:54:41+09:00,-200,-200,0.0000,1
M0048,2033,2026-08-14,2026-08-14T11:29:45+09:00,-400,-400,0.5844,0
M0048,2033,2026-08-14,2026-08-14T12:04:15+09:00,-1000,-1000,1.1594,0
M0048,2033,2026-08-14,2026-08-14T12:37:28+09:00,-1400,-1400,1.7131,0
M0048,2033,2026-08-14,2026-08-14T13:06:37+09:00,-1800,-1800,2.1989,0
M0048,2033,2026-08-14,2026-08-14T13:35:02+09:00,-1500,-1500,2.6725,0
M0048,2033,2026-08-14,2026-08-14T14:10:37+09:00,-1800,-1800,3.2656,0
M0048,2033,2026-08-14,2026-08-14T16:08:02+09:00,-1900,-1900,5.2225,0
M0048,2033,2026-08-14,2026-08-14T16:41:57+09:00,-1500,-1500,5.7878,0
M0048,2033,2026-08-14,2026-08-14T17:30:37+09:00,-1800,-1800,6.5989,0
M0048,2033,2026-08-14,2026-08-14T18:07:43+09:00,-2100,-2100,7.2172,0
M0048,2033,2026-08-14,2026-08-14T18:43:04+09:00,-2400,-2400,7.8064,0
M0048,2033,2026-08-14,2026-08-14T19:31:33+09:00,-1800,-1800,8.6144,0
M0048,2033,2026-08-14,2026-08-14T20:09:17+09:00,-2000,-2000,9.2433,0
M0048,2033,2026-08-14,2026-08-14T20:55:41+09:00,-1600,-1600,10.0167,0
M0048,2033,2026-08-15,2026-08-15T10:54:13+09:00,200,-1600,10.0167,1
M0048,2033,2026-08-15,2026-08-15T11:29:09+09:00,900,-900,10.5989,0
M0048,2033,2026-08-15,2026-08-15T12:03:27+09:00,2000,200,11.1706,0
M0048,2033,2026-08-15,2026-08-15T12:36:37+09:00,2900,1100,11.7233,0
M0048,2033,2026-08-15,2026-08-15T13:08:49+09:00,4800,3000,12.2600,0
M0048,2033,2026-08-15,2026-08-15T14:01:55+09:00,5900,4100,13.1450,0
M0048,2033,2026-08-15,2026-08-15T14:36:09+09:00,6900,5100,13.7156,0
M0048,2033,2026-08-15,2026-08-15T15:11:53+09:00,8500,6700,14.3111,0
M0048,2033,2026-08-15,2026-08-15T15:58:43+09:00,9500,7700,15.0917,0
M0048,2033,2026-08-15,2026-08-15T16:34:01+09:00,10000,8200,15.6800,0
M0048,2033,2026-08-15,2026-08-15T17:11:17+09:00,9800,8000,16.3011,0
M0048,2033,2026-08-15,2026-08-15T17:58:39+09:00,9200,7400,17.0906,0
M0048,2033,2026-08-15,2026-08-15T18:35:13+09:00,8800,7000,17.7000,0
M0048,2033,2026-08-15,2026-08-15T19:12:53+09:00,9300,7500,18.3278,0
M0048,2033,2026-08-15,2026-08-15T20:38:25+09:00,9100,7300,19.7533,0
M0048,2033,2026-08-15,2026-08-15T21:25:49+09:00,8900,7100,20.5433,0
M0048,2033,2026-08-15,2026-08-15T22:04:23+09:00,9700,7900,21.1861,0
M0048,2033,2026-08-15,2026-08-15T22:41:53+09:00,10000,8200,21.8111,0
M0048,2033,2026-08-16,2026-08-16T10:53:41+09:00,-100,8200,21.8111,1
M0048,2033,2026-08-16,2026-08-16T11:28:27+09:00,-600,7700,22.3906,0
M0048,2033,2026-08-16,2026-08-16T12:02:27+09:00,-1200,7100,22.9572,0
M0048,2033,2026-08-16,2026-08-16T12:35:49+09:00,-1600,6700,23.5133,0
M0048,2033,2026-08-16,2026-08-16T13:06:49+09:00,-1700,6600,24.0300,0
M0048,2033,2026-08-16,2026-08-16T13:36:19+09:00,-1800,6500,24.5217,0
M0048,2033,2026-08-16,2026-08-16T14:09:21+09:00,-500,7800,25.0722,0
M0048,2033,2026-08-16,2026-08-16T14:51:21+09:00,-700,7600,25.7722,0
M0048,2033,2026-08-16,2026-08-16T15:29:10+09:00,-800,7500,26.4025,0
M0048,2033,2026-08-16,2026-08-16T16:05:23+09:00,-900,7400,27.0061,0
M0048,2033,2026-08-16,2026-08-16T16:39:55+09:00,-800,7500,27.5817,0
M0048,2033,2026-08-16,2026-08-16T17:30:17+09:00,-900,7400,28.4211,0
M0048,2033,2026-08-16,2026-08-16T18:07:35+09:00,-1300,7000,29.0428,0
M0048,2033,2026-08-16,2026-08-16T18:38:25+09:00,-2400,5900,29.5567,0
M0048,2033,2026-08-16,2026-08-16T19:40:19+09:00,-900,7400,30.5883,0
M0048,2033,2026-08-16,2026-08-16T20:25:39+09:00,-800,7500,31.3439,0
M0048,2033,2026-08-16,2026-08-16T21:04:51+09:00,-1500,6800,31.9972,0
M0048,2033,2026-08-16,2026-08-16T21:42:13+09:00,-1600,6700,32.6200,0
M0048,2033,2026-08-17,2026-08-17T10:52:31+09:00,-200,6700,32.6200,1
M0048,2033,2026-08-17,2026-08-17T11:28:29+09:00,200,7100,33.2194,0
M0048,2033,2026-08-17,2026-08-17T12:02:23+09:00,700,7600,33.7844,0
M0048,2033,2026-08-17,2026-08-17T12:34:35+09:00,300,7200,34.3211,0
M0048,2033,2026-08-17,2026-08-17T13:07:15+09:00,100,7000,34.8656,0
M0048,2033,2026-08-17,2026-08-17T13:35:21+09:00,-300,6600,35.3339,0
M0048,2033,2026-08-17,2026-08-17T14:03:11+09:00,200,7100,35.7978,0
M0048,2033,2026-08-17,2026-08-17T14:36:43+09:00,-300,6600,36.3567,0
M0048,2033,2026-08-17,2026-08-17T15:11:21+09:00,700,7600,36.9339,0
M0048,2033,2026-08-17,2026-08-17T19:09:23+09:00,200,7100,40.9011,0
M0048,2033,2026-08-17,2026-08-17T19:59:55+09:00,-100,6800,41.7433,0
M0048,2033,2026-08-18,2026-08-18T10:52:51+09:00,0,6800,41.7433,1
M0048,2033,2026-08-18,2026-08-18T11:28:45+09:00,-600,6200,42.3417,0
M0048,2033,2026-08-18,2026-08-18T12:02:47+09:00,-1100,5700,42.9089,0
M0048,2033,2026-08-18,2026-08-18T12:35:21+09:00,-500,6300,43.4517,0
M0048,2033,2026-08-18,2026-08-18T13:07:37+09:00,-600,6200,43.9894,0
M0048,2033,2026-08-18,2026-08-18T13:35:43+09:00,-700,6100,44.4578,0
M0048,2033,2026-08-19,2026-08-19T10:53:31+09:00,-100,6100,44.4578,1
M0048,2033,2026-08-19,2026-08-19T12:02:25+09:00,-600,5600,45.6061,0
M0048,2033,2026-08-19,2026-08-19T12:35:06+09:00,-1100,5100,46.1508,0
M0048,2033,2026-08-19,2026-08-19T13:06:21+09:00,-1600,4600,46.6717,0
M0048,2033,2026-08-19,2026-08-19T13:35:01+09:00,-1800,4400,47.1494,0
M0048,2033,2026-08-19,2026-08-19T14:09:06+09:00,-800,5400,47.7175,0
M0048,2033,2026-08-20,2026-08-20T10:52:57+09:00,100,5400,47.7175,1
M0048,2033,2026-08-20,2026-08-20T11:28:53+09:00,-100,5200,48.3164,0
M0048,2033,2026-08-20,2026-08-20T12:35:01+09:00,-500,4800,49.4186,0
M0048,2033,2026-08-20,2026-08-20T13:36:17+09:00,-400,4900,50.4397,0
M0048,2033,2026-08-20,2026-08-20T14:02:59+09:00,200,5500,50.8847,0
M0048,2033,2026-08-20,2026-08-20T14:35:37+09:00,400,5700,51.4286,0
M0048,2033,2026-08-20,2026-08-20T15:09:59+09:00,900,6200,52.0014,0
M0048,2033,2026-08-20,2026-08-20T16:32:33+09:00,600,5900,53.3775,0
M0048,2033,2026-08-20,2026-08-20T17:07:41+09:00,900,6200,53.9631,0
M0048,2033,2026-08-20,2026-08-20T17:42:01+09:00,-200,5100,54.5353,0
M0048,2033,2026-08-20,2026-08-20T18:28:21+09:00,-100,5200,55.3075,0
M0048,2033,2026-08-20,2026-08-20T19:04:37+09:00,200,5500,55.9119,0
M0048,2033,2026-08-20,2026-08-20T19:39:23+09:00,-1000,4300,56.4914,0
M0048,2033,2026-08-20,2026-08-20T20:28:35+09:00,-1200,4100,57.3114,0
M0048,2033,2026-08-20,2026-08-20T21:05:21+09:00,-1700,3600,57.9242,0
M0048,2033,2026-08-20,2026-08-20T21:40:19+09:00,-1900,3400,58.5069,0
M0048,2033,2026-08-20,2026-08-20T22:30:04+09:00,-1700,3600,59.3361,0
M0048,2033,2026-08-21,2026-08-21T10:54:01+09:00,-100,3600,59.3361,1
M0048,2033,2026-08-21,2026-08-21T11:29:17+09:00,-600,3100,59.9239,0
M0048,2033,2026-08-21,2026-08-21T12:03:33+09:00,-1200,2500,60.4950,0
M0048,2033,2026-08-21,2026-08-21T12:36:21+09:00,-700,3000,61.0417,0
M0048,2033,2026-08-21,2026-08-21T13:07:23+09:00,-800,2900,61.5589,0
M0049,2034,2026-08-14,2026-08-14T10:54:41+09:00,-100,-100,0.0000,1
M0049,2034,2026-08-14,2026-08-14T11:29:45+09:00,200,200,0.5844,0
M0049,2034,2026-08-14,2026-08-14T12:04:15+09:00,-100,-100,1.1594,0
M0049,2034,2026-08-14,2026-08-14T12:37:28+09:00,0,0,1.7131,0
M0049,2034,2026-08-14,2026-08-14T13:06:37+09:00,-500,-500,2.1989,0
M0049,2034,2026-08-14,2026-08-14T13:35:02+09:00,-1000,-1000,2.6725,0
M0049,2034,2026-08-14,2026-08-14T14:10:37+09:00,800,800,3.2656,0
M0049,2034,2026-08-14,2026-08-14T15:31:41+09:00,1500,1500,4.6167,0
M0049,2034,2026-08-14,2026-08-14T16:08:02+09:00,2300,2300,5.2225,0
M0049,2034,2026-08-14,2026-08-14T16:41:57+09:00,3800,3800,5.7878,0
M0049,2034,2026-08-14,2026-08-14T17:30:37+09:00,4500,4500,6.5989,0
M0049,2034,2026-08-14,2026-08-14T18:07:43+09:00,5200,5200,7.2172,0
M0049,2034,2026-08-14,2026-08-14T18:43:04+09:00,6800,6800,7.8064,0
M0049,2034,2026-08-14,2026-08-14T19:31:33+09:00,7600,7600,8.6144,0
M0049,2034,2026-08-14,2026-08-14T20:09:17+09:00,8700,8700,9.2433,0
M0049,2034,2026-08-14,2026-08-14T20:55:41+09:00,8100,8100,10.0167,0
M0049,2034,2026-08-14,2026-08-14T21:33:02+09:00,8200,8200,10.6392,0
M0049,2034,2026-08-15,2026-08-15T10:54:13+09:00,0,8200,10.6392,1
M0049,2034,2026-08-15,2026-08-15T11:29:09+09:00,-600,7600,11.2214,0
M0049,2034,2026-08-15,2026-08-15T12:03:27+09:00,-900,7300,11.7931,0
M0049,2034,2026-08-15,2026-08-15T12:36:37+09:00,-800,7400,12.3458,0
M0049,2034,2026-08-15,2026-08-15T13:08:49+09:00,-200,8000,12.8825,0
M0049,2034,2026-08-15,2026-08-15T14:36:09+09:00,-900,7300,14.3381,0
M0049,2034,2026-08-15,2026-08-15T15:11:53+09:00,-1400,6800,14.9336,0
M0049,2034,2026-08-15,2026-08-15T16:34:01+09:00,-1000,7200,16.3025,0
M0049,2034,2026-08-15,2026-08-15T17:11:17+09:00,-1600,6600,16.9236,0
M0049,2034,2026-08-15,2026-08-15T17:58:39+09:00,-2200,6000,17.7131,0
M0049,2034,2026-08-15,2026-08-15T18:35:13+09:00,-1800,6400,18.3225,0
M0049,2034,2026-08-15,2026-08-15T19:12:53+09:00,-2000,6200,18.9503,0
M0049,2034,2026-08-15,2026-08-15T20:01:19+09:00,-2600,5600,19.7575,0
M0049,2034,2026-08-15,2026-08-15T20:38:25+09:00,-2100,6100,20.3758,0
M0049,2034,2026-08-15,2026-08-15T21:25:49+09:00,-1100,7100,21.1658,0
M0049,2034,2026-08-15,2026-08-15T22:04:23+09:00,-1000,7200,21.8086,0
M0049,2034,2026-08-16,2026-08-16T10:53:41+09:00,0,7200,21.8086,1
M0049,2034,2026-08-16,2026-08-16T11:28:27+09:00,-200,7000,22.3881,0
M0049,2034,2026-08-16,2026-08-16T12:02:27+09:00,500,7700,22.9547,0
M0049,2034,2026-08-16,2026-08-16T12:35:49+09:00,600,7800,23.5108,0
M0049,2034,2026-08-16,2026-08-16T13:06:49+09:00,200,7400,24.0275,0
M0049,2034,2026-08-16,2026-08-16T13:36:19+09:00,-400,6800,24.5192,0
M0049,2034,2026-08-16,2026-08-16T14:09:21+09:00,-1500,5700,25.0697,0
M0049,2034,2026-08-16,2026-08-16T14:51:21+09:00,-1600,5600,25.7697,0
M0049,2034,2026-08-16,2026-08-16T15:29:10+09:00,-1100,6100,26.4000,0
M0049,2034,2026-08-16,2026-08-16T16:05:23+09:00,-800,6400,27.0036,0
M0049,2034,2026-08-16,2026-08-16T16:39:55+09:00,-1500,5700,27.5792,0
M0049,2034,2026-08-16,2026-08-16T18:38:25+09:00,-1400,5800,29.5542,0
M0049,2034,2026-08-16,2026-08-16T19:40:19+09:00,-900,6300,30.5858,0
M0049,2034,2026-08-17,2026-08-17T10:52:31+09:00,0,6300,30.5858,1
M0049,2034,2026-08-17,2026-08-17T11:28:29+09:00,-200,6100,31.1853,0
M0049,2034,2026-08-17,2026-08-17T12:02:23+09:00,-400,5900,31.7503,0
M0049,2034,2026-08-17,2026-08-17T12:34:35+09:00,-700,5600,32.2869,0
M0049,2034,2026-08-17,2026-08-17T13:35:21+09:00,-1200,5100,33.2997,0
M0049,2034,2026-08-17,2026-08-17T14:03:11+09:00,-1100,5200,33.7636,0
M0049,2034,2026-08-17,2026-08-17T15:11:21+09:00,-1400,4900,34.8997,0
M0049,2034,2026-08-17,2026-08-17T15:59:33+09:00,-1800,4500,35.7031,0
M0049,2034,2026-08-17,2026-08-17T16:33:27+09:00,-2200,4100,36.2681,0
M0049,2034,2026-08-17,2026-08-17T17:58:27+09:00,-2000,4300,37.6847,0
M0049,2034,2026-08-17,2026-08-17T18:33:03+09:00,-1700,4600,38.2614,0
M0049,2034,2026-08-17,2026-08-17T20:35:21+09:00,-2000,4300,40.2997,0
M0049,2034,2026-08-17,2026-08-17T21:13:05+09:00,-2200,4100,40.9286,0
M0049,2034,2026-08-17,2026-08-17T21:59:13+09:00,-1900,4400,41.6975,0
M0049,2034,2026-08-17,2026-08-17T22:34:49+09:00,-1700,4600,42.2908,0
M0049,2034,2026-08-18,2026-08-18T10:52:51+09:00,-100,4600,42.2908,1
M0049,2034,2026-08-18,2026-08-18T11:28:45+09:00,-500,4200,42.8892,0
M0049,2034,2026-08-18,2026-08-18T12:02:47+09:00,-1200,3500,43.4564,0
M0049,2034,2026-08-18,2026-08-18T12:35:21+09:00,-1000,3700,43.9992,0
M0049,2034,2026-08-18,2026-08-18T13:07:37+09:00,-800,3900,44.5369,0
M0049,2034,2026-08-18,2026-08-18T15:11:53+09:00,-1200,3500,46.6081,0
M0049,2034,2026-08-18,2026-08-18T15:59:35+09:00,-1400,3300,47.4031,0
M0049,2034,2026-08-18,2026-08-18T16:33:08+09:00,-1500,3200,47.9622,0
M0049,2034,2026-08-18,2026-08-18T17:08:27+09:00,-1900,2800,48.5508,0
M0049,2034,2026-08-18,2026-08-18T17:59:01+09:00,-2000,2700,49.3936,0
M0049,2034,2026-08-18,2026-08-18T18:33:31+09:00,-1900,2800,49.9686,0
M0049,2034,2026-08-18,2026-08-18T19:09:25+09:00,-2900,1800,50.5669,0
M0049,2034,2026-08-18,2026-08-18T19:59:53+09:00,-3600,1100,51.4081,0
M0049,2034,2026-08-18,2026-08-18T20:35:25+09:00,-3500,1200,52.0003,0
M0049,2034,2026-08-18,2026-08-18T21:11:41+09:00,-3000,1700,52.6047,0
M0049,2034,2026-08-19,2026-08-19T10:53:31+09:00,-200,1700,52.6047,1
M0049,2034,2026-08-19,2026-08-19T11:28:23+09:00,-100,1800,53.1858,0
M0049,2034,2026-08-19,2026-08-19T12:02:25+09:00,-800,1100,53.7531,0
M0049,2034,2026-08-19,2026-08-19T12:35:06+09:00,-1200,700,54.2978,0
M0049,2034,2026-08-19,2026-08-19T13:06:21+09:00,-1400,500,54.8186,0
M0049,2034,2026-08-19,2026-08-19T13:35:01+09:00,-1800,100,55.2964,0
M0049,2034,2026-08-19,2026-08-19T14:09:06+09:00,-500,1400,55.8644,0
M0049,2034,2026-08-19,2026-08-19T14:49:47+09:00,-600,1300,56.5425,0
M0049,2034,2026-08-19,2026-08-19T17:06:11+09:00,-1200,700,58.8158,0
M0049,2034,2026-08-19,2026-08-19T17:32:35+09:00,-700,1200,59.2558,0
M0049,2034,2026-08-19,2026-08-19T18:08:43+09:00,-900,1000,59.8581,0
M0049,2034,2026-08-19,2026-08-19T18:50:27+09:00,200,2100,60.5536,0
M0049,2034,2026-08-19,2026-08-19T19:28:55+09:00,1100,3000,61.1947,0
M0049,2034,2026-08-19,2026-08-19T20:05:19+09:00,1000,2900,61.8014,0
M0049,2034,2026-08-19,2026-08-19T20:39:17+09:00,1200,3100,62.3675,0
M0049,2034,2026-08-19,2026-08-19T21:30:39+09:00,700,2600,63.2236,0
M0049,2034,2026-08-19,2026-08-19T22:07:17+09:00,600,2500,63.8342,0
M0049,2034,2026-08-20,2026-08-20T10:52:57+09:00,-200,2500,63.8342,1
M0049,2034,2026-08-20,2026-08-20T11:28:53+09:00,-300,2400,64.4331,0
M0049,2034,2026-08-20,2026-08-20T12:02:37+09:00,-800,1900,64.9953,0
M0049,2034,2026-08-20,2026-08-20T12:35:01+09:00,-1200,1500,65.5353,0
M0049,2034,2026-08-20,2026-08-20T13:07:39+09:00,-1600,1100,66.0792,0
M0049,2034,2026-08-20,2026-08-20T13:36:17+09:00,-1900,800,66.5564,0
M0049,2034,2026-08-20,2026-08-20T14:02:59+09:00,-2400,300,67.0014,0
M0049,2034,2026-08-20,2026-08-20T15:09:59+09:00,-2800,-100,68.1181,0
M0049,2034,2026-08-20,2026-08-20T15:59:19+09:00,-2000,700,68.9403,0
M0049,2034,2026-08-20,2026-08-20T16:32:33+09:00,-2400,300,69.4942,0
M0049,2034,2026-08-20,2026-08-20T17:07:41+09:00,-2800,-100,70.0797,0
M0049,2034,2026-08-20,2026-08-20T17:42:01+09:00,-3900,-1200,70.6519,0
M0049,2034,2026-08-20,2026-08-20T18:28:21+09:00,-3700,-1000,71.4242,0
M0049,2034,2026-08-20,2026-08-20T19:04:37+09:00,-3800,-1100,72.0286,0
M0049,2034,2026-08-20,2026-08-20T19:39:23+09:00,-3900,-1200,72.6081,0
M0049,2034,2026-08-21,2026-08-21T10:54:01+09:00,-100,-1200,72.6081,1
M0049,2034,2026-08-21,2026-08-21T11:29:17+09:00,-400,-1500,73.1958,0
M0049,2034,2026-08-21,2026-08-21T12:03:33+09:00,400,-700,73.7669,0
M0049,2034,2026-08-21,2026-08-21T12:36:21+09:00,-200,-1300,74.3136,0
M0049,2034,2026-08-21,2026-08-21T13:07:23+09:00,-500,-1600,74.8308,0
M0050,2035,2026-08-14,2026-08-14T10:54:41+09:00,-200,-200,0.0000,1
M0050,2035,2026-08-14,2026-08-14T11:29:45+09:00,-600,-600,0.5844,0
M0050,2035,2026-08-14,2026-08-14T12:04:15+09:00,-1100,-1100,1.1594,0
M0050,2035,2026-08-14,2026-08-14T12:37:28+09:00,-1200,-1200,1.7131,0
M0050,2035,2026-08-14,2026-08-14T13:06:37+09:00,-1500,-1500,2.1989,0
M0050,2035,2026-08-14,2026-08-14T13:35:02+09:00,-2100,-2100,2.6725,0
M0050,2035,2026-08-14,2026-08-14T14:10:37+09:00,-2500,-2500,3.2656,0
M0050,2035,2026-08-14,2026-08-14T14:55:41+09:00,-2600,-2600,4.0167,0
M0050,2035,2026-08-14,2026-08-14T15:31:41+09:00,-2900,-2900,4.6167,0
M0050,2035,2026-08-14,2026-08-14T16:08:02+09:00,-1900,-1900,5.2225,0
M0050,2035,2026-08-14,2026-08-14T16:41:57+09:00,-2000,-2000,5.7878,0
M0050,2035,2026-08-14,2026-08-14T18:07:43+09:00,-2200,-2200,7.2172,0
M0050,2035,2026-08-14,2026-08-14T18:43:04+09:00,-2800,-2800,7.8064,0
M0050,2035,2026-08-14,2026-08-14T19:31:33+09:00,-3300,-3300,8.6144,0
M0050,2035,2026-08-14,2026-08-14T20:09:17+09:00,-2900,-2900,9.2433,0
M0050,2035,2026-08-14,2026-08-14T21:33:02+09:00,-3000,-3000,10.6392,0
M0050,2035,2026-08-15,2026-08-15T10:54:13+09:00,-100,-3000,10.6392,1
M0050,2035,2026-08-15,2026-08-15T11:29:09+09:00,-500,-3400,11.2214,0
M0050,2035,2026-08-15,2026-08-15T12:03:27+09:00,-800,-3700,11.7931,0
M0050,2035,2026-08-15,2026-08-15T12:36:37+09:00,-700,-3600,12.3458,0
M0050,2035,2026-08-15,2026-08-15T14:01:55+09:00,-1000,-3900,13.7675,0
M0050,2035,2026-08-15,2026-08-15T14:36:09+09:00,-300,-3200,14.3381,0
M0050,2035,2026-08-15,2026-08-15T15:11:53+09:00,-200,-3100,14.9336,0
M0050,2035,2026-08-15,2026-08-15T15:58:43+09:00,-500,-3400,15.7142,0
M0050,2035,2026-08-15,2026-08-15T16:34:01+09:00,-400,-3300,16.3025,0
M0050,2035,2026-08-15,2026-08-15T17:11:17+09:00,900,-2000,16.9236,0
M0050,2035,2026-08-15,2026-08-15T18:35:13+09:00,1300,-1600,18.3225,0
M0050,2035,2026-08-15,2026-08-15T19:12:53+09:00,1100,-1800,18.9503,0
M0050,2035,2026-08-15,2026-08-15T20:01:19+09:00,800,-2100,19.7575,0
M0050,2035,2026-08-15,2026-08-15T20:38:25+09:00,1300,-1600,20.3758,0
M0050,2035,2026-08-15,2026-08-15T21:25:49+09:00,1500,-1400,21.1658,0
M0050,2035,2026-08-15,2026-08-15T22:04:23+09:00,1100,-1800,21.8086,0
M0050,2035,2026-08-15,2026-08-15T22:41:53+09:00,500,-2400,22.4336,0
M0050,2035,2026-08-16,2026-08-16T10:53:41+09:00,-200,-2400,22.4336,1
M0050,2035,2026-08-16,2026-08-16T11:28:27+09:00,-300,-2500,23.0131,0
M0050,2035,2026-08-16,2026-08-16T12:02:27+09:00,-900,-3100,23.5797,0
M0050,2035,2026-08-16,2026-08-16T12:35:49+09:00,-1100,-3300,24.1358,0
M0050,2035,2026-08-16,2026-08-16T13:06:49+09:00,-1200,-3400,24.6525,0
M0050,2035,2026-08-16,2026-08-16T13:36:19+09:00,-1400,-3600,25.1442,0
M0050,2035,2026-08-16,2026-08-16T14:09:21+09:00,-700,-2900,25.6947,0
M0050,2035,2026-08-16,2026-08-16T14:51:21+09:00,-200,-2400,26.3947,0
M0050,2035,2026-08-16,2026-08-16T15:29:10+09:00,-700,-2900,27.0250,0
M0050,2035,2026-08-16,2026-08-16T16:05:23+09:00,-1100,-3300,27.6286,0
M0050,2035,2026-08-16,2026-08-16T16:39:55+09:00,-1500,-3700,28.2042,0
M0050,2035,2026-08-16,2026-08-16T17:30:17+09:00,-1700,-3900,29.0436,0
M0050,2035,2026-08-16,2026-08-16T18:07:35+09:00,-1300,-3500,29.6653,0
M0050,2035,2026-08-16,2026-08-16T18:38:25+09:00,300,-1900,30.1792,0
M0050,2035,2026-08-16,2026-08-16T19:40:19+09:00,100,-2100,31.2108,0
M0050,2035,2026-08-16,2026-08-16T20:25:39+09:00,-400,-2600,31.9664,0
M0050,2035,2026-08-16,2026-08-16T21:04:51+09:00,-900,-3100,32.6197,0
M0050,2035,2026-08-16,2026-08-16T21:42:13+09:00,-800,-3000,33.2425,0
M0050,2035,2026-08-17,2026-08-17T10:52:31+09:00,200,-3000,33.2425,1
M0050,2035,2026-08-17,2026-08-17T11:28:29+09:00,1100,-2100,33.8419,0
M0050,2035,2026-08-17,2026-08-17T12:02:23+09:00,900,-2300,34.4069,0
M0050,2035,2026-08-17,2026-08-17T13:35:21+09:00,400,-2800,35.9564,0
M0050,2035,2026-08-17,2026-08-17T14:03:11+09:00,1000,-2200,36.4203,0
M0050,2035,2026-08-17,2026-08-17T14:36:43+09:00,400,-2800,36.9792,0
M0050,2035,2026-08-17,2026-08-17T17:09:07+09:00,700,-2500,39.5192,0
M0050,2035,2026-08-17,2026-08-17T21:13:05+09:00,500,-2700,43.5853,0
M0050,2035,2026-08-18,2026-08-18T10:52:51+09:00,0,-2700,43.5853,1
M0050,2035,2026-08-18,2026-08-18T11:28:45+09:00,-500,-3200,44.1836,0
M0050,2035,2026-08-18,2026-08-18T12:35:21+09:00,-1100,-3800,45.2936,0
M0050,2035,2026-08-18,2026-08-18T13:07:37+09:00,-1300,-4000,45.8314,0
M0050,2035,2026-08-18,2026-08-18T21:11:41+09:00,-1400,-4100,53.8992,0
M0050,2035,2026-08-19,2026-08-19T10:53:31+09:00,-100,-4100,53.8992,1
M0050,2035,2026-08-19,2026-08-19T11:28:23+09:00,-600,-4600,54.4803,0
M0050,2035,2026-08-19,2026-08-19T12:02:25+09:00,-400,-4400,55.0475,0
M0050,2035,2026-08-19,2026-08-19T22:43:08+09:00,-100,-4100,65.7261,0
M0050,2035,2026-08-20,2026-08-20T10:52:57+09:00,-100,-4100,65.7261,1
M0050,2035,2026-08-20,2026-08-20T11:28:53+09:00,-700,-4700,66.3250,0
M0050,2035,2026-08-20,2026-08-20T12:02:37+09:00,-1100,-5100,66.8872,0
M0050,2035,2026-08-20,2026-08-20T12:35:01+09:00,-800,-4800,67.4272,0
M0050,2035,2026-08-20,2026-08-20T13:07:39+09:00,-1200,-5200,67.9711,0
M0050,2035,2026-08-20,2026-08-20T13:36:17+09:00,-1100,-5100,68.4483,0
M0050,2035,2026-08-20,2026-08-20T14:02:59+09:00,-1200,-5200,68.8933,0
M0050,2035,2026-08-20,2026-08-20T14:35:37+09:00,-1400,-5400,69.4372,0
M0050,2035,2026-08-20,2026-08-20T15:09:59+09:00,-900,-4900,70.0100,0
M0050,2035,2026-08-20,2026-08-20T15:59:19+09:00,-300,-4300,70.8322,0
M0050,2035,2026-08-20,2026-08-20T17:07:41+09:00,-100,-4100,71.9717,0
M0050,2035,2026-08-20,2026-08-20T17:42:01+09:00,-400,-4400,72.5439,0
M0050,2035,2026-08-20,2026-08-20T18:28:21+09:00,-100,-4100,73.3161,0
M0050,2035,2026-08-20,2026-08-20T19:04:37+09:00,200,-3800,73.9206,0
M0050,2035,2026-08-20,2026-08-20T19:39:23+09:00,-500,-4500,74.5000,0
M0050,2035,2026-08-20,2026-08-20T20:28:35+09:00,-1200,-5200,75.3200,0
M0050,2035,2026-08-20,2026-08-20T21:05:21+09:00,-600,-4600,75.9328,0
M0050,2035,2026-08-20,2026-08-20T21:40:19+09:00,-400,-4400,76.5156,0
M0050,2035,2026-08-20,2026-08-20T22:30:04+09:00,-800,-4800,77.3447,0
M0050,2035,2026-08-20,2026-08-20T23:07:51+09:00,-700,-4700,77.9744,0
M0050,2035,2026-08-20,2026-08-20T23:43:01+09:00,-600,-4600,78.5606,0
M0050,2035,2026-08-21,2026-08-21T10:54:01+09:00,-100,-4600,78.5606,1
M0050,2035,2026-08-21,2026-08-21T11:29:17+09:00,0,-4500,79.1483,0
M0050,2035,2026-08-21,2026-08-21T12:03:33+09:00,-100,-4600,79.7194,0
M0050,2035,2026-08-21,2026-08-21T12:36:21+09:00,-600,-5100,80.2661,0
M0050,2035,2026-08-21,2026-08-21T13:07:23+09:00,-1200,-5700,80.7833,0
M0051,2036,2026-08-14,2026-08-14T10:54:41+09:00,-200,-200,0.0000,1
M0051,2036,2026-08-14,2026-08-14T11:29:45+09:00,-700,-700,0.5844,0
M0051,2036,2026-08-14,2026-08-14T12:04:15+09:00,-1200,-1200,1.1594,0
M0051,2036,2026-08-14,2026-08-14T12:37:28+09:00,-1800,-1800,1.7131,0
M0051,2036,2026-08-14,2026-08-14T13:06:37+09:00,-1200,-1200,2.1989,0
M0051,2036,2026-08-14,2026-08-14T16:08:02+09:00,-1300,-1300,5.2225,0
M0051,2036,2026-08-14,2026-08-14T16:41:57+09:00,-1800,-1800,5.7878,0
M0051,2036,2026-08-14,2026-08-14T17:30:37+09:00,-2100,-2100,6.5989,0
M0051,2036,2026-08-14,2026-08-14T18:07:43+09:00,-2400,-2400,7.2172,0
M0051,2036,2026-08-14,2026-08-14T18:43:04+09:00,-2700,-2700,7.8064,0
M0051,2036,2026-08-14,2026-08-14T19:31:33+09:00,-3000,-3000,8.6144,0
M0051,2036,2026-08-14,2026-08-14T20:09:17+09:00,-2200,-2200,9.2433,0
M0051,2036,2026-08-14,2026-08-14T20:55:41+09:00,-1800,-1800,10.0167,0
M0051,2036,2026-08-14,2026-08-14T21:33:02+09:00,-2300,-2300,10.6392,0
M0051,2036,2026-08-14,2026-08-14T22:11:45+09:00,-3000,-3000,11.2844,0
M0051,2036,2026-08-15,2026-08-15T10:54:13+09:00,-100,-3000,11.2844,1
M0051,2036,2026-08-15,2026-08-15T11:29:09+09:00,-700,-3600,11.8667,0
M0051,2036,2026-08-15,2026-08-15T12:03:27+09:00,-900,-3800,12.4383,0
M0051,2036,2026-08-15,2026-08-15T12:36:37+09:00,-200,-3100,12.9911,0
M0051,2036,2026-08-15,2026-08-15T13:08:49+09:00,-1100,-4000,13.5278,0
M0051,2036,2026-08-15,2026-08-15T14:01:55+09:00,-1600,-4500,14.4128,0
M0051,2036,2026-08-15,2026-08-15T14:36:09+09:00,-2200,-5100,14.9833,0
M0051,2036,2026-08-15,2026-08-15T15:11:53+09:00,-2600,-5500,15.5789,0
M0051,2036,2026-08-15,2026-08-15T15:58:43+09:00,-2100,-5000,16.3594,0
M0051,2036,2026-08-15,2026-08-15T16:34:01+09:00,-2200,-5100,16.9478,0
M0051,2036,2026-08-16,2026-08-16T10:53:41+09:00,-100,-5100,16.9478,1
M0051,2036,2026-08-16,2026-08-16T11:28:27+09:00,0,-5000,17.5272,0
M0051,2036,2026-08-16,2026-08-16T12:02:27+09:00,800,-4200,18.0939,0
M0051,2036,2026-08-16,2026-08-16T12:35:49+09:00,100,-4900,18.6500,0
M0051,2036,2026-08-16,2026-08-16T13:06:49+09:00,-400,-5400,19.1667,0
M0051,2036,2026-08-16,2026-08-16T13:36:19+09:00,-700,-5700,19.6583,0
M0051,2036,2026-08-16,2026-08-16T14:09:21+09:00,-1400,-6400,20.2089,0
M0051,2036,2026-08-16,2026-08-16T14:51:21+09:00,-1800,-6800,20.9089,0
M0051,2036,2026-08-16,2026-08-16T15:29:10+09:00,-2100,-7100,21.5392,0
M0051,2036,2026-08-16,2026-08-16T16:05:23+09:00,-2700,-7700,22.1428,0
M0051,2036,2026-08-16,2026-08-16T16:39:55+09:00,-2500,-7500,22.7183,0
M0051,2036,2026-08-16,2026-08-16T17:30:17+09:00,-3200,-8200,23.5578,0
M0051,2036,2026-08-16,2026-08-16T18:38:25+09:00,-3500,-8500,24.6933,0
M0051,2036,2026-08-17,2026-08-17T10:52:31+09:00,0,-8500,24.6933,1
M0051,2036,2026-08-17,2026-08-17T12:02:23+09:00,100,-8400,25.8578,0
M0051,2036,2026-08-17,2026-08-17T12:34:35+09:00,-600,-9100,26.3944,0
M0051,2036,2026-08-17,2026-08-17T13:07:15+09:00,-1100,-9600,26.9389,0
M0051,2036,2026-08-17,2026-08-17T13:35:21+09:00,-900,-9400,27.4072,0
M0051,2036,2026-08-17,2026-08-17T14:03:11+09:00,-1300,-9800,27.8711,0
M0051,2036,2026-08-17,2026-08-17T14:36:43+09:00,-1900,-10400,28.4300,0
M0051,2036,2026-08-17,2026-08-17T15:11:21+09:00,-800,-9300,29.0072,0
M0051,2036,2026-08-17,2026-08-17T15:59:33+09:00,-1000,-9500,29.8106,0
M0051,2036,2026-08-18,2026-08-18T10:52:51+09:00,-200,-9500,29.8106,1
M0051,2036,2026-08-18,2026-08-18T11:28:45+09:00,-800,-10100,30.4089,0
M0051,2036,2026-08-18,2026-08-18T12:02:47+09:00,-1100,-10400,30.9761,0
M0051,2036,2026-08-18,2026-08-18T12:35:21+09:00,-1500,-10800,31.5189,0
M0051,2036,2026-08-18,2026-08-18T13:07:37+09:00,-1400,-10700,32.0567,0
M0051,2036,2026-08-18,2026-08-18T14:37:28+09:00,-1800,-11100,33.5542,0
M0051,2036,2026-08-18,2026-08-18T15:59:35+09:00,-1200,-10500,34.9228,0
M0051,2036,2026-08-18,2026-08-18T16:33:08+09:00,-1000,-10300,35.4819,0
M0051,2036,2026-08-18,2026-08-18T17:08:27+09:00,-300,-9600,36.0706,0
M0051,2036,2026-08-18,2026-08-18T17:59:01+09:00,-600,-9900,36.9133,0
M0051,2036,2026-08-18,2026-08-18T19:09:25+09:00,-800,-10100,38.0867,0
M0051,2036,2026-08-18,2026-08-18T19:59:53+09:00,500,-8800,38.9278,0
M0051,2036,2026-08-18,2026-08-18T20:35:25+09:00,1100,-8200,39.5200,0
M0051,2036,2026-08-18,2026-08-18T21:11:41+09:00,300,-9000,40.1244,0
M0051,2036,2026-08-19,2026-08-19T10:53:31+09:00,-100,-9000,40.1244,1
M0051,2036,2026-08-19,2026-08-19T12:02:25+09:00,600,-8300,41.2728,0
M0051,2036,2026-08-19,2026-08-19T12:35:06+09:00,200,-8700,41.8175,0
M0051,2036,2026-08-19,2026-08-19T13:06:21+09:00,1100,-7800,42.3383,0
M0051,2036,2026-08-19,2026-08-19T13:35:01+09:00,500,-8400,42.8161,0
M0051,2036,2026-08-19,2026-08-19T14:09:06+09:00,-200,-9100,43.3842,0
M0051,2036,2026-08-19,2026-08-19T14:49:47+09:00,-700,-9600,44.0622,0
M0051,2036,2026-08-19,2026-08-19T15:26:59+09:00,-500,-9400,44.6822,0
M0051,2036,2026-08-19,2026-08-19T16:02:55+09:00,-800,-9700,45.2811,0
M0051,2036,2026-08-19,2026-08-19T16:36:50+09:00,-1400,-10300,45.8464,0
M0051,2036,2026-08-19,2026-08-19T17:06:11+09:00,-1700,-10600,46.3356,0
M0051,2036,2026-08-19,2026-08-19T17:32:35+09:00,-2200,-11100,46.7756,0
M0051,2036,2026-08-19,2026-08-19T18:08:43+09:00,-1500,-10400,47.3778,0
M0051,2036,2026-08-20,2026-08-20T10:52:57+09:00,0,-10400,47.3778,1
M0051,2036,2026-08-20,2026-08-20T15:09:59+09:00,-200,-10600,51.6617,0
M0051,2036,2026-08-20,2026-08-20T20:28:35+09:00,-400,-10800,56.9717,0
M0051,2036,2026-08-20,2026-08-20T21:05:21+09:00,-300,-10700,57.5844,0
M0051,2036,2026-08-20,2026-08-20T21:40:19+09:00,1000,-9400,58.1672,0
M0051,2036,2026-08-20,2026-08-20T22:30:04+09:00,2100,-8300,58.9964,0
M0051,2036,2026-08-20,2026-08-20T23:07:51+09:00,3000,-7400,59.6261,0
M0051,2036,2026-08-20,2026-08-20T23:43:01+09:00,3200,-7200,60.2122,0
M0051,2036,2026-08-21,2026-08-21T10:54:01+09:00,-200,-7200,60.2122,1
M0051,2036,2026-08-21,2026-08-21T12:03:33+09:00,-600,-7600,61.3711,0
M0051,2036,2026-08-21,2026-08-21T12:36:21+09:00,-800,-7800,61.9178,0
M0051,2036,2026-08-21,2026-08-21T13:07:23+09:00,100,-6900,62.4350,0
M0052,2037,2026-08-14,2026-08-14T10:54:41+09:00,0,0,0.0000,1
M0052,2037,2026-08-14,2026-08-14T11:29:45+09:00,-700,-700,0.5844,0
M0052,2037,2026-08-14,2026-08-14T12:04:15+09:00,-1200,-1200,1.1594,0
M0052,2037,2026-08-14,2026-08-14T12:37:28+09:00,-1700,-1700,1.7131,0
M0052,2037,2026-08-14,2026-08-14T13:06:37+09:00,-1100,-1100,2.1989,0
M0052,2037,2026-08-14,2026-08-14T13:35:02+09:00,-700,-700,2.6725,0
M0052,2037,2026-08-14,2026-08-14T14:10:37+09:00,-200,-200,3.2656,0
M0052,2037,2026-08-14,2026-08-14T14:55:41+09:00,-100,-100,4.0167,0
M0052,2037,2026-08-14,2026-08-14T15:31:41+09:00,-300,-300,4.6167,0
M0052,2037,2026-08-14,2026-08-14T16:08:02+09:00,-500,-500,5.2225,0
M0052,2037,2026-08-14,2026-08-14T16:41:57+09:00,-700,-700,5.7878,0
M0052,2037,2026-08-14,2026-08-14T17:30:37+09:00,-900,-900,6.5989,0
M0052,2037,2026-08-14,2026-08-14T18:07:43+09:00,-800,-800,7.2172,0
M0052,2037,2026-08-14,2026-08-14T18:43:04+09:00,-600,-600,7.8064,0
M0052,2037,2026-08-14,2026-08-14T19:31:33+09:00,-1300,-1300,8.6144,0
M0052,2037,2026-08-14,2026-08-14T20:09:17+09:00,-500,-500,9.2433,0
M0052,2037,2026-08-15,2026-08-15T10:54:13+09:00,-200,-500,9.2433,1
M0052,2037,2026-08-15,2026-08-15T11:29:09+09:00,-600,-900,9.8256,0
M0052,2037,2026-08-15,2026-08-15T12:03:27+09:00,-800,-1100,10.3972,0
M0052,2037,2026-08-15,2026-08-15T12:36:37+09:00,-500,-800,10.9500,0
M0052,2037,2026-08-15,2026-08-15T13:08:49+09:00,200,-100,11.4867,0
M0052,2037,2026-08-15,2026-08-15T14:01:55+09:00,-100,-400,12.3717,0
M0052,2037,2026-08-15,2026-08-15T15:11:53+09:00,-600,-900,13.5378,0
M0052,2037,2026-08-15,2026-08-15T15:58:43+09:00,-100,-400,14.3183,0
M0052,2037,2026-08-15,2026-08-15T16:34:01+09:00,-300,-600,14.9067,0
M0052,2037,2026-08-15,2026-08-15T17:11:17+09:00,-700,-1000,15.5278,0
M0052,2037,2026-08-15,2026-08-15T17:58:39+09:00,200,-100,16.3172,0
M0052,2037,2026-08-15,2026-08-15T18:35:13+09:00,400,100,16.9267,0
M0052,2037,2026-08-15,2026-08-15T19:12:53+09:00,-100,-400,17.5544,0
M0052,2037,2026-08-15,2026-08-15T20:01:19+09:00,-300,-600,18.3617,0
M0052,2037,2026-08-15,2026-08-15T20:38:25+09:00,-400,-700,18.9800,0
M0052,2037,2026-08-16,2026-08-16T10:53:41+09:00,100,-700,18.9800,1
M0052,2037,2026-08-16,2026-08-16T11:28:27+09:00,-300,-1100,19.5594,0
M0052,2037,2026-08-16,2026-08-16T12:02:27+09:00,700,-100,20.1261,0
M0052,2037,2026-08-16,2026-08-16T12:35:49+09:00,400,-400,20.6822,0
M0052,2037,2026-08-16,2026-08-16T13:36:19+09:00,300,-500,21.6906,0
M0052,2037,2026-08-16,2026-08-16T14:09:21+09:00,600,-200,22.2411,0
M0052,2037,2026-08-16,2026-08-16T14:51:21+09:00,100,-700,22.9411,0
M0052,2037,2026-08-16,2026-08-16T15:29:10+09:00,-400,-1200,23.5714,0
M0052,2037,2026-08-16,2026-08-16T16:05:23+09:00,-1100,-1900,24.1750,0
M0052,2037,2026-08-16,2026-08-16T16:39:55+09:00,-1500,-2300,24.7506,0
M0052,2037,2026-08-16,2026-08-16T17:30:17+09:00,-1900,-2700,25.5900,0
M0052,2037,2026-08-16,2026-08-16T18:07:35+09:00,-1800,-2600,26.2117,0
M0052,2037,2026-08-16,2026-08-16T18:38:25+09:00,-1500,-2300,26.7256,0
M0052,2037,2026-08-17,2026-08-17T10:52:31+09:00,-200,-2300,26.7256,1
M0052,2037,2026-08-17,2026-08-17T11:28:29+09:00,-400,-2500,27.3250,0
M0052,2037,2026-08-17,2026-08-17T12:02:23+09:00,-900,-3000,27.8900,0
M0052,2037,2026-08-17,2026-08-17T12:34:35+09:00,-1200,-3300,28.4267,0
M0052,2037,2026-08-17,2026-08-17T13:07:15+09:00,-1700,-3800,28.9711,0
M0052,2037,2026-08-17,2026-08-17T13:35:21+09:00,-2200,-4300,29.4394,0
M0052,2037,2026-08-17,2026-08-17T14:03:11+09:00,-2800,-4900,29.9033,0
M0052,2037,2026-08-17,2026-08-17T14:36:43+09:00,-2500,-4600,30.4622,0
M0052,2037,2026-08-17,2026-08-17T15:11:21+09:00,-1700,-3800,31.0394,0
M0052,2037,2026-08-17,2026-08-17T15:59:33+09:00,-1300,-3400,31.8428,0
M0052,2037,2026-08-17,2026-08-17T16:33:27+09:00,-1800,-3900,32.4078,0
M0052,2037,2026-08-17,2026-08-17T17:09:07+09:00,-1200,-3300,33.0022,0
M0052,2037,2026-08-17,2026-08-17T17:58:27+09:00,-300,-2400,33.8244,0
M0052,2037,2026-08-17,2026-08-17T18:33:03+09:00,-400,-2500,34.4011,0
M0052,2037,2026-08-18,2026-08-18T10:52:51+09:00,0,-2500,34.4011,1
M0052,2037,2026-08-18,2026-08-18T11:28:45+09:00,900,-1600,34.9994,0
M0052,2037,2026-08-18,2026-08-18T12:35:21+09:00,1500,-1000,36.1094,0
M0052,2037,2026-08-18,2026-08-18T13:07:37+09:00,1100,-1400,36.6472,0
M0052,2037,2026-08-18,2026-08-18T13:35:43+09:00,1200,-1300,37.1156,0
M0052,2037,2026-08-18,2026-08-18T14:04:28+09:00,1100,-1400,37.5947,0
M0052,2037,2026-08-18,2026-08-18T14:37:28+09:00,700,-1800,38.1447,0
M0052,2037,2026-08-18,2026-08-18T15:11:53+09:00,300,-2200,38.7183,0
M0052,2037,2026-08-18,2026-08-18T15:59:35+09:00,1100,-1400,39.5133,0
M0052,2037,2026-08-18,2026-08-18T16:33:08+09:00,400,-2100,40.0725,0
M0052,2037,2026-08-18,2026-08-18T17:08:27+09:00,1200,-1300,40.6611,0
M0052,2037,2026-08-18,2026-08-18T17:59:01+09:00,800,-1700,41.5039,0
M0052,2037,2026-08-18,2026-08-18T18:33:31+09:00,1400,-1100,42.0789,0
M0052,2037,2026-08-18,2026-08-18T19:09:25+09:00,600,-1900,42.6772,0
M0052,2037,2026-08-18,2026-08-18T19:59:53+09:00,1100,-1400,43.5183,0
M0052,2037,2026-08-18,2026-08-18T20:35:25+09:00,1600,-900,44.1106,0
M0052,2037,2026-08-18,2026-08-18T21:11:41+09:00,3400,900,44.7150,0
M0052,2037,2026-08-18,2026-08-18T21:57:39+09:00,4500,2000,45.4811,0
M0052,2037,2026-08-18,2026-08-18T22:33:27+09:00,5500,3000,46.0778,0
M0052,2037,2026-08-19,2026-08-19T10:53:31+09:00,0,3000,46.0778,1
M0052,2037,2026-08-19,2026-08-19T12:35:06+09:00,-100,2900,47.7708,0
M0052,2037,2026-08-19,2026-08-19T13:06:21+09:00,500,3500,48.2917,0
M0052,2037,2026-08-19,2026-08-19T13:35:01+09:00,100,3100,48.7694,0
M0052,2037,2026-08-19,2026-08-19T14:09:06+09:00,0,3000,49.3375,0
M0052,2037,2026-08-19,2026-08-19T14:49:47+09:00,-200,2800,50.0156,0
M0052,2037,2026-08-19,2026-08-19T15:26:59+09:00,400,3400,50.6356,0
M0052,2037,2026-08-19,2026-08-19T16:02:55+09:00,100,3100,51.2344,0
M0052,2037,2026-08-19,2026-08-19T16:36:50+09:00,0,3000,51.7997,0
M0052,2037,2026-08-19,2026-08-19T17:06:11+09:00,-400,2600,52.2889,0
M0052,2037,2026-08-19,2026-08-19T17:32:35+09:00,0,3000,52.7289,0
M0052,2037,2026-08-19,2026-08-19T18:08:43+09:00,200,3200,53.3311,0
M0052,2037,2026-08-19,2026-08-19T18:50:27+09:00,0,3000,54.0267,0
M0052,2037,2026-08-19,2026-08-19T19:28:55+09:00,800,3800,54.6678,0
M0052,2037,2026-08-19,2026-08-19T20:05:19+09:00,1900,4900,55.2744,0
M0052,2037,2026-08-19,2026-08-19T20:39:17+09:00,3400,6400,55.8406,0
M0052,2037,2026-08-19,2026-08-19T21:30:39+09:00,4100,7100,56.6967,0
M0052,2037,2026-08-19,2026-08-19T22:07:17+09:00,4000,7000,57.3072,0
M0052,2037,2026-08-20,2026-08-20T10:52:57+09:00,0,7000,57.3072,1
M0052,2037,2026-08-20,2026-08-20T12:02:37+09:00,-200,6800,58.4683,0
M0052,2037,2026-08-20,2026-08-20T12:35:01+09:00,-700,6300,59.0083,0
M0052,2037,2026-08-20,2026-08-20T13:07:39+09:00,-1000,6000,59.5522,0
M0052,2037,2026-08-20,2026-08-20T13:36:17+09:00,-1300,5700,60.0294,0
M0052,2037,2026-08-20,2026-08-20T14:35:37+09:00,-900,6100,61.0183,0
M0052,2037,2026-08-20,2026-08-20T20:28:35+09:00,-1000,6000,66.9011,0
M0052,2037,2026-08-20,2026-08-20T21:05:21+09:00,-900,6100,67.5139,0
M0052,2037,2026-08-20,2026-08-20T21:40:19+09:00,-1100,5900,68.0967,0
M0052,2037,2026-08-21,2026-08-21T10:54:01+09:00,-100,5900,68.0967,1
M0052,2037,2026-08-21,2026-08-21T11:29:17+09:00,-500,5500,68.6844,0
M0052,2037,2026-08-21,2026-08-21T12:03:33+09:00,-300,5700,69.2556,0
M0052,2037,2026-08-21,2026-08-21T12:36:21+09:00,-200,5800,69.8022,0
M0052,2037,2026-08-21,2026-08-21T13:07:23+09:00,800,6800,70.3194,0
M0053,2038,2026-08-14,2026-08-14T10:54:41+09:00,-100,-100,0.0000,1
M0053,2038,2026-08-14,2026-08-14T11:29:45+09:00,-500,-500,0.5844,0
M0053,2038,2026-08-14,2026-08-14T12:04:15+09:00,-1200,-1200,1.1594,0
M0053,2038,2026-08-14,2026-08-14T12:37:28+09:00,-1100,-1100,1.7131,0
M0053,2038,2026-08-14,2026-08-14T14:10:37+09:00,-1000,-1000,3.2656,0
M0053,2038,2026-08-14,2026-08-14T14:55:41+09:00,-1300,-1300,4.0167,0
M0053,2038,2026-08-14,2026-08-14T15:31:41+09:00,-1700,-1700,4.6167,0
M0053,2038,2026-08-14,2026-08-14T16:08:02+09:00,-1600,-1600,5.2225,0
M0053,2038,2026-08-14,2026-08-14T16:41:57+09:00,-2000,-2000,5.7878,0
M0053,2038,2026-08-14,2026-08-14T17:30:37+09:00,-1800,-1800,6.5989,0
M0053,2038,2026-08-14,2026-08-14T18:07:43+09:00,-1700,-1700,7.2172,0
M0053,2038,2026-08-14,2026-08-14T18:43:04+09:00,-400,-400,7.8064,0
M0053,2038,2026-08-14,2026-08-14T19:31:33+09:00,500,500,8.6144,0
M0053,2038,2026-08-14,2026-08-14T20:09:17+09:00,2100,2100,9.2433,0
M0053,2038,2026-08-14,2026-08-14T20:55:41+09:00,2200,2200,10.0167,0
M0053,2038,2026-08-15,2026-08-15T10:54:13+09:00,-100,2200,10.0167,1
M0053,2038,2026-08-15,2026-08-15T11:29:09+09:00,-800,1500,10.5989,0
M0053,2038,2026-08-15,2026-08-15T12:03:27+09:00,0,2300,11.1706,0
M0053,2038,2026-08-15,2026-08-15T12:36:37+09:00,-100,2200,11.7233,0
M0053,2038,2026-08-15,2026-08-15T13:08:49+09:00,-900,1400,12.2600,0
M0053,2038,2026-08-15,2026-08-15T14:01:55+09:00,-300,2000,13.1450,0
M0053,2038,2026-08-15,2026-08-15T14:36:09+09:00,300,2600,13.7156,0
M0053,2038,2026-08-15,2026-08-15T15:11:53+09:00,0,2300,14.3111,0
M0053,2038,2026-08-15,2026-08-15T16:34:01+09:00,-400,1900,15.6800,0
M0053,2038,2026-08-15,2026-08-15T17:11:17+09:00,-900,1400,16.3011,0
M0053,2038,2026-08-15,2026-08-15T17:58:39+09:00,-1500,800,17.0906,0
M0053,2038,2026-08-15,2026-08-15T18:35:13+09:00,-1800,500,17.7000,0
M0053,2038,2026-08-15,2026-08-15T19:12:53+09:00,-1600,700,18.3278,0
M0053,2038,2026-08-15,2026-08-15T20:01:19+09:00,-600,1700,19.1350,0
M0053,2038,2026-08-15,2026-08-15T20:38:25+09:00,-500,1800,19.7533,0
M0053,2038,2026-08-16,2026-08-16T10:53:41+09:00,-200,1800,19.7533,1
M0053,2038,2026-08-16,2026-08-16T11:28:27+09:00,200,2200,20.3328,0
M0053,2038,2026-08-16,2026-08-16T12:02:27+09:00,1000,3000,20.8994,0
M0053,2038,2026-08-16,2026-08-16T12:35:49+09:00,1300,3300,21.4556,0
M0053,2038,2026-08-16,2026-08-16T13:06:49+09:00,1700,3700,21.9722,0
M0053,2038,2026-08-16,2026-08-16T13:36:19+09:00,1400,3400,22.4639,0
M0053,2038,2026-08-16,2026-08-16T14:09:21+09:00,900,2900,23.0144,0
M0053,2038,2026-08-16,2026-08-16T14:51:21+09:00,700,2700,23.7144,0
M0053,2038,2026-08-16,2026-08-16T15:29:10+09:00,1200,3200,24.3447,0
M0053,2038,2026-08-16,2026-08-16T16:05:23+09:00,1900,3900,24.9483,0
M0053,2038,2026-08-16,2026-08-16T16:39:55+09:00,1300,3300,25.5239,0
M0053,2038,2026-08-16,2026-08-16T17:30:17+09:00,900,2900,26.3633,0
M0053,2038,2026-08-16,2026-08-16T18:07:35+09:00,600,2600,26.9850,0
M0053,2038,2026-08-16,2026-08-16T18:38:25+09:00,1100,3100,27.4989,0
M0053,2038,2026-08-16,2026-08-16T19:40:19+09:00,800,2800,28.5306,0
M0053,2038,2026-08-16,2026-08-16T20:25:39+09:00,300,2300,29.2861,0
M0053,2038,2026-08-16,2026-08-16T21:42:13+09:00,1000,3000,30.5622,0
M0053,2038,2026-08-17,2026-08-17T10:52:31+09:00,0,3000,30.5622,1
M0053,2038,2026-08-17,2026-08-17T13:07:15+09:00,-300,2700,32.8078,0
M0053,2038,2026-08-17,2026-08-17T13:35:21+09:00,-100,2900,33.2761,0
M0053,2038,2026-08-17,2026-08-17T14:03:11+09:00,400,3400,33.7400,0
M0053,2038,2026-08-17,2026-08-17T14:36:43+09:00,200,3200,34.2989,0
M0053,2038,2026-08-17,2026-08-17T15:11:21+09:00,-800,2200,34.8761,0
M0053,2038,2026-08-17,2026-08-17T15:59:33+09:00,-300,2700,35.6794,0
M0053,2038,2026-08-17,2026-08-17T16:33:27+09:00,500,3500,36.2444,0
M0053,2038,2026-08-17,2026-08-17T17:09:07+09:00,800,3800,36.8389,0
M0053,2038,2026-08-17,2026-08-17T17:58:27+09:00,300,3300,37.6611,0
M0053,2038,2026-08-17,2026-08-17T18:33:03+09:00,0,3000,38.2378,0
M0053,2038,2026-08-17,2026-08-17T19:09:23+09:00,300,3300,38.8433,0
M0053,2038,2026-08-17,2026-08-17T20:35:21+09:00,100,3100,40.2761,0
M0053,2038,2026-08-18,2026-08-18T10:52:51+09:00,-300,3100,40.2761,1
M0053,2038,2026-08-18,2026-08-18T11:28:45+09:00,-500,2900,40.8744,0
M0053,2038,2026-08-18,2026-08-18T13:35:43+09:00,-800,2600,42.9906,0
M0053,2038,2026-08-18,2026-08-18T14:04:28+09:00,-600,2800,43.4697,0
M0053,2038,2026-08-18,2026-08-18T14:37:28+09:00,-1000,2400,44.0197,0
M0053,2038,2026-08-18,2026-08-18T15:11:53+09:00,-1900,1500,44.5933,0
M0053,2038,2026-08-18,2026-08-18T15:59:35+09:00,-2300,1100,45.3883,0
M0053,2038,2026-08-18,2026-08-18T17:08:27+09:00,-2200,1200,46.5361,0
M0053,2038,2026-08-19,2026-08-19T10:53:31+09:00,-100,1200,46.5361,1
M0053,2038,2026-08-19,2026-08-19T11:28:23+09:00,300,1600,47.1172,0
M0053,2038,2026-08-19,2026-08-19T12:02:25+09:00,1300,2600,47.6844,0
M0053,2038,2026-08-19,2026-08-19T12:35:06+09:00,1500,2800,48.2292,0
M0053,2038,2026-08-19,2026-08-19T13:06:21+09:00,1000,2300,48.7500,0
M0053,2038,2026-08-19,2026-08-19T13:35:01+09:00,800,2100,49.2278,0
M0053,2038,2026-08-19,2026-08-19T14:09:06+09:00,1000,2300,49.7958,0
M0053,2038,2026-08-19,2026-08-19T17:32:35+09:00,1800,3100,53.1872,0
M0053,2038,2026-08-19,2026-08-19T18:08:43+09:00,1100,2400,53.7894,0
M0053,2038,2026-08-19,2026-08-19T18:50:27+09:00,900,2200,54.4850,0
M0053,2038,2026-08-19,2026-08-19T19:28:55+09:00,400,1700,55.1261,0
M0053,2038,2026-08-19,2026-08-19T20:05:19+09:00,300,1600,55.7328,0
M0053,2038,2026-08-19,2026-08-19T20:39:17+09:00,-400,900,56.2989,0
M0053,2038,2026-08-19,2026-08-19T21:30:39+09:00,-600,700,57.1550,0
M0053,2038,2026-08-19,2026-08-19T22:07:17+09:00,-700,600,57.7656,0
M0053,2038,2026-08-20,2026-08-20T10:52:57+09:00,0,600,57.7656,1
M0053,2038,2026-08-20,2026-08-20T15:09:59+09:00,-400,200,62.0494,0
M0053,2038,2026-08-20,2026-08-20T15:59:19+09:00,-900,-300,62.8717,0
M0053,2038,2026-08-20,2026-08-20T16:32:33+09:00,-1100,-500,63.4256,0
M0053,2038,2026-08-21,2026-08-21T10:54:01+09:00,-100,-500,63.4256,1
M0053,2038,2026-08-21,2026-08-21T11:29:17+09:00,300,-100,64.0133,0
M0053,2038,2026-08-21,2026-08-21T12:03:33+09:00,500,100,64.5844,0
M0053,2038,2026-08-21,2026-08-21T12:36:21+09:00,0,-400,65.1311,0
M0053,2038,2026-08-21,2026-08-21T13:07:23+09:00,200,-200,65.6483,0
M0054,2039,2026-08-14,2026-08-14T10:54:41+09:00,-200,-200,0.0000,1
M0054,2039,2026-08-14,2026-08-14T11:29:45+09:00,-600,-600,0.5844,0
M0054,2039,2026-08-14,2026-08-14T12:04:15+09:00,-1100,-1100,1.1594,0
M0054,2039,2026-08-14,2026-08-14T12:37:28+09:00,-1600,-1600,1.7131,0
M0054,2039,2026-08-14,2026-08-14T13:06:37+09:00,-600,-600,2.1989,0
M0054,2039,2026-08-14,2026-08-14T13:35:02+09:00,-500,-500,2.6725,0
M0054,2039,2026-08-14,2026-08-14T14:10:37+09:00,1100,1100,3.2656,0
M0054,2039,2026-08-14,2026-08-14T14:55:41+09:00,2200,2200,4.0167,0
M0054,2039,2026-08-14,2026-08-14T15:31:41+09:00,3100,3100,4.6167,0
M0054,2039,2026-08-14,2026-08-14T16:08:02+09:00,3400,3400,5.2225,0
M0054,2039,2026-08-14,2026-08-14T16:41:57+09:00,4200,4200,5.7878,0
M0054,2039,2026-08-14,2026-08-14T17:30:37+09:00,5100,5100,6.5989,0
M0054,2039,2026-08-14,2026-08-14T18:07:43+09:00,5400,5400,7.2172,0
M0054,2039,2026-08-14,2026-08-14T18:43:04+09:00,7400,7400,7.8064,0
M0054,2039,2026-08-14,2026-08-14T19:31:33+09:00,8000,8000,8.6144,0
M0054,2039,2026-08-14,2026-08-14T20:09:17+09:00,7300,7300,9.2433,0
M0054,2039,2026-08-14,2026-08-14T20:55:41+09:00,7100,7100,10.0167,0
M0054,2039,2026-08-14,2026-08-14T21:33:02+09:00,7900,7900,10.6392,0
M0054,2039,2026-08-14,2026-08-14T22:11:45+09:00,9300,9300,11.2844,0
M0054,2039,2026-08-14,2026-08-14T23:00:09+09:00,9200,9200,12.0911,0
M0054,2039,2026-08-15,2026-08-15T10:54:13+09:00,-100,9200,12.0911,1
M0054,2039,2026-08-15,2026-08-15T11:29:09+09:00,300,9600,12.6733,0
M0054,2039,2026-08-15,2026-08-15T12:03:27+09:00,200,9500,13.2450,0
M0054,2039,2026-08-15,2026-08-15T12:36:37+09:00,600,9900,13.7978,0
M0054,2039,2026-08-15,2026-08-15T13:08:49+09:00,400,9700,14.3344,0
M0054,2039,2026-08-15,2026-08-15T14:01:55+09:00,0,9300,15.2194,0
M0054,2039,2026-08-15,2026-08-15T14:36:09+09:00,-400,8900,15.7900,0
M0054,2039,2026-08-15,2026-08-15T15:11:53+09:00,-200,9100,16.3856,0
M0054,2039,2026-08-15,2026-08-15T15:58:43+09:00,-700,8600,17.1661,0
M0054,2039,2026-08-15,2026-08-15T16:34:01+09:00,-1100,8200,17.7544,0
M0054,2039,2026-08-15,2026-08-15T17:11:17+09:00,-900,8400,18.3756,0
M0054,2039,2026-08-15,2026-08-15T17:58:39+09:00,-1500,7800,19.1650,0
M0054,2039,2026-08-15,2026-08-15T19:12:53+09:00,0,9300,20.4022,0
M0054,2039,2026-08-15,2026-08-15T20:01:19+09:00,200,9500,21.2094,0
M0054,2039,2026-08-15,2026-08-15T20:38:25+09:00,-100,9200,21.8278,0
M0054,2039,2026-08-15,2026-08-15T22:04:23+09:00,-500,8800,23.2606,0
M0054,2039,2026-08-15,2026-08-15T22:41:53+09:00,-1400,7900,23.8856,0
M0054,2039,2026-08-16,2026-08-16T10:53:41+09:00,-100,7900,23.8856,1
M0054,2039,2026-08-16,2026-08-16T11:28:27+09:00,-700,7300,24.4650,0
M0054,2039,2026-08-16,2026-08-16T12:02:27+09:00,-1300,6700,25.0317,0
M0054,2039,2026-08-16,2026-08-16T12:35:49+09:00,-1700,6300,25.5878,0
M0054,2039,2026-08-16,2026-08-16T13:06:49+09:00,-1900,6100,26.1044,0
M0054,2039,2026-08-16,2026-08-16T13:36:19+09:00,-2400,5600,26.5961,0
M0054,2039,2026-08-16,2026-08-16T15:29:10+09:00,-1700,6300,28.4769,0
M0054,2039,2026-08-16,2026-08-16T16:05:23+09:00,-2100,5900,29.0806,0
M0054,2039,2026-08-16,2026-08-16T16:39:55+09:00,-1000,7000,29.6561,0
M0054,2039,2026-08-16,2026-08-16T17:30:17+09:00,-200,7800,30.4956,0
M0054,2039,2026-08-16,2026-08-16T18:07:35+09:00,900,8900,31.1172,0
M0054,2039,2026-08-16,2026-08-16T18:38:25+09:00,300,8300,31.6311,0
M0054,2039,2026-08-17,2026-08-17T10:52:31+09:00,0,8300,31.6311,1
M0054,2039,2026-08-17,2026-08-17T12:34:35+09:00,-500,7800,33.3322,0
M0054,2039,2026-08-17,2026-08-17T13:07:15+09:00,-1200,7100,33.8767,0
M0054,2039,2026-08-17,2026-08-17T13:35:21+09:00,-1100,7200,34.3450,0
M0054,2039,2026-08-17,2026-08-17T14:36:43+09:00,-1200,7100,35.3678,0
M0054,2039,2026-08-17,2026-08-17T15:11:21+09:00,500,8800,35.9450,0
M0054,2039,2026-08-17,2026-08-17T15:59:33+09:00,1300,9600,36.7483,0
M0054,2039,2026-08-17,2026-08-17T16:33:27+09:00,2300,10600,37.3133,0
M0054,2039,2026-08-17,2026-08-17T17:09:07+09:00,3100,11400,37.9078,0
M0054,2039,2026-08-18,2026-08-18T10:52:51+09:00,-100,11400,37.9078,1
M0054,2039,2026-08-18,2026-08-18T11:28:45+09:00,-400,11100,38.5061,0
M0054,2039,2026-08-18,2026-08-18T12:02:47+09:00,-200,11300,39.0733,0
M0054,2039,2026-08-18,2026-08-18T12:35:21+09:00,600,12100,39.6161,0
M0054,2039,2026-08-18,2026-08-18T13:07:37+09:00,400,11900,40.1539,0
M0054,2039,2026-08-18,2026-08-18T13:35:43+09:00,200,11700,40.6222,0
M0054,2039,2026-08-18,2026-08-18T14:04:28+09:00,700,12200,41.1014,0
M0054,2039,2026-08-18,2026-08-18T15:11:53+09:00,-400,11100,42.2250,0
M0054,2039,2026-08-18,2026-08-18T15:59:35+09:00,200,11700,43.0200,0
M0054,2039,2026-08-18,2026-08-18T16:33:08+09:00,1100,12600,43.5792,0
M0054,2039,2026-08-18,2026-08-18T17:08:27+09:00,600,12100,44.1678,0
M0054,2039,2026-08-18,2026-08-18T17:59:01+09:00,100,11600,45.0106,0
M0054,2039,2026-08-18,2026-08-18T18:33:31+09:00,-400,11100,45.5856,0
M0054,2039,2026-08-18,2026-08-18T19:09:25+09:00,-600,10900,46.1839,0
M0054,2039,2026-08-18,2026-08-18T19:59:53+09:00,0,11500,47.0250,0
M0054,2039,2026-08-18,2026-08-18T20:35:25+09:00,-100,11400,47.6172,0
M0054,2039,2026-08-18,2026-08-18T21:11:41+09:00,100,11600,48.2217,0
M0054,2039,2026-08-19,2026-08-19T10:53:31+09:00,-100,11600,48.2217,1
M0054,2039,2026-08-19,2026-08-19T11:28:23+09:00,-300,11400,48.8028,0
M0054,2039,2026-08-19,2026-08-19T12:02:25+09:00,-500,11200,49.3700,0
M0054,2039,2026-08-19,2026-08-19T14:09:06+09:00,700,12400,51.4814,0
M0054,2039,2026-08-19,2026-08-19T14:49:47+09:00,500,12200,52.1594,0
M0054,2039,2026-08-19,2026-08-19T15:26:59+09:00,200,11900,52.7794,0
M0054,2039,2026-08-19,2026-08-19T16:02:55+09:00,-200,11500,53.3783,0
M0054,2039,2026-08-19,2026-08-19T16:36:50+09:00,600,12300,53.9436,0
M0054,2039,2026-08-19,2026-08-19T17:32:35+09:00,700,12400,54.8728,0
M0054,2039,2026-08-19,2026-08-19T18:08:43+09:00,600,12300,55.4750,0
M0054,2039,2026-08-19,2026-08-19T18:50:27+09:00,900,12600,56.1706,0
M0054,2039,2026-08-19,2026-08-19T19:28:55+09:00,300,12000,56.8117,0
M0054,2039,2026-08-19,2026-08-19T20:05:19+09:00,-400,11300,57.4183,0
M0054,2039,2026-08-19,2026-08-19T20:39:17+09:00,700,12400,57.9844,0
M0054,2039,2026-08-19,2026-08-19T21:30:39+09:00,200,11900,58.8406,0
M0054,2039,2026-08-19,2026-08-19T22:07:17+09:00,0,11700,59.4511,0
M0054,2039,2026-08-19,2026-08-19T22:43:08+09:00,-300,11400,60.0486,0
M0054,2039,2026-08-20,2026-08-20T10:52:57+09:00,0,11400,60.0486,1
M0054,2039,2026-08-20,2026-08-20T14:02:59+09:00,-100,11300,63.2158,0
M0054,2039,2026-08-20,2026-08-20T14:35:37+09:00,-600,10800,63.7597,0
M0054,2039,2026-08-20,2026-08-20T15:09:59+09:00,-2000,9400,64.3325,0
M0054,2039,2026-08-20,2026-08-20T15:59:19+09:00,-1000,10400,65.1547,0
M0054,2039,2026-08-20,2026-08-20T16:32:33+09:00,-1400,10000,65.7086,0
M0054,2039,2026-08-20,2026-08-20T17:42:01+09:00,-1500,9900,66.8664,0
M0054,2039,2026-08-20,2026-08-20T18:28:21+09:00,-600,10800,67.6386,0
M0054,2039,2026-08-20,2026-08-20T19:04:37+09:00,500,11900,68.2431,0
M0054,2039,2026-08-20,2026-08-20T19:39:23+09:00,2300,13700,68.8225,0
M0054,2039,2026-08-20,2026-08-20T20:28:35+09:00,3100,14500,69.6425,0
M0054,2039,2026-08-20,2026-08-20T21:05:21+09:00,3200,14600,70.2553,0
M0054,2039,2026-08-20,2026-08-20T21:40:19+09:00,3100,14500,70.8381,0
M0054,2039,2026-08-21,2026-08-21T10:54:01+09:00,-100,14500,70.8381,1
M0054,2039,2026-08-21,2026-08-21T11:29:17+09:00,-600,14000,71.4258,0
M0054,2039,2026-08-21,2026-08-21T12:03:33+09:00,-1200,13400,71.9969,0
M0054,2039,2026-08-21,2026-08-21T12:36:21+09:00,-1400,13200,72.5436,0
M0054,2039,2026-08-21,2026-08-21T13:07:23+09:00,-1700,12900,73.0608,0
M0055,2040,2026-08-14,2026-08-14T10:54:41+09:00,-200,-200,0.0000,1
M0055,2040,2026-08-14,2026-08-14T11:29:45+09:00,-600,-600,0.5844,0
M0055,2040,2026-08-14,2026-08-14T12:04:15+09:00,-1100,-1100,1.1594,0
M0055,2040,2026-08-14,2026-08-14T12:37:28+09:00,-1000,-1000,1.7131,0
M0055,2040,2026-08-14,2026-08-14T13:06:37+09:00,-1400,-1400,2.1989,0
M0055,2040,2026-08-14,2026-08-14T13:35:02+09:00,-1500,-1500,2.6725,0
M0055,2040,2026-08-14,2026-08-14T16:08:02+09:00,-1600,-1600,5.2225,0
M0055,2040,2026-08-14,2026-08-14T16:41:57+09:00,-1900,-1900,5.7878,0
M0055,2040,2026-08-14,2026-08-14T17:30:37+09:00,-2400,-2400,6.5989,0
M0055,2040,2026-08-14,2026-08-14T18:07:43+09:00,-3100,-3100,7.2172,0
M0055,2040,2026-08-14,2026-08-14T20:09:17+09:00,-3300,-3300,9.2433,0
M0055,2040,2026-08-15,2026-08-15T10:54:13+09:00,-100,-3300,9.2433,1
M0055,2040,2026-08-15,2026-08-15T11:29:09+09:00,-600,-3800,9.8256,0
M0055,2040,2026-08-15,2026-08-15T12:03:27+09:00,-1300,-4500,10.3972,0
M0055,2040,2026-08-15,2026-08-15T12:36:37+09:00,-1800,-5000,10.9500,0
M0055,2040,2026-08-15,2026-08-15T13:08:49+09:00,-2900,-6100,11.4867,0
M0055,2040,2026-08-15,2026-08-15T14:36:09+09:00,-3100,-6300,12.9422,0
M0055,2040,2026-08-15,2026-08-15T17:58:39+09:00,-3400,-6600,16.3172,0
M0055,2040,2026-08-15,2026-08-15T18:35:13+09:00,-2700,-5900,16.9267,0
M0055,2040,2026-08-15,2026-08-15T19:12:53+09:00,-2200,-5400,17.5544,0
M0055,2040,2026-08-15,2026-08-15T20:01:19+09:00,-2700,-5900,18.3617,0
M0055,2040,2026-08-15,2026-08-15T20:38:25+09:00,-2800,-6000,18.9800,0
M0055,2040,2026-08-16,2026-08-16T10:53:41+09:00,-100,-6000,18.9800,1
M0055,2040,2026-08-16,2026-08-16T11:28:27+09:00,-600,-6500,19.5594,0
M0055,2040,2026-08-16,2026-08-16T12:02:27+09:00,-1200,-7100,20.1261,0
M0055,2040,2026-08-16,2026-08-16T12:35:49+09:00,-1700,-7600,20.6822,0
M0055,2040,2026-08-16,2026-08-16T13:36:19+09:00,-1600,-7500,21.6906,0
M0055,2040,2026-08-16,2026-08-16T14:09:21+09:00,-2400,-8300,22.2411,0
M0055,2040,2026-08-16,2026-08-16T14:51:21+09:00,-2500,-8400,22.9411,0
M0055,2040,2026-08-16,2026-08-16T16:05:23+09:00,-2600,-8500,24.1750,0
M0055,2040,2026-08-16,2026-08-16T16:39:55+09:00,-2500,-8400,24.7506,0
M0055,2040,2026-08-16,2026-08-16T17:30:17+09:00,-3000,-8900,25.5900,0
M0055,2040,2026-08-16,2026-08-16T18:07:35+09:00,-3400,-9300,26.2117,0
M0055,2040,2026-08-17,2026-08-17T10:52:31+09:00,-200,-9300,26.2117,1
M0055,2040,2026-08-17,2026-08-17T11:28:29+09:00,-500,-9600,26.8111,0
M0055,2040,2026-08-17,2026-08-17T12:02:23+09:00,-1000,-10100,27.3761,0
M0055,2040,2026-08-17,2026-08-17T12:34:35+09:00,-1300,-10400,27.9128,0
M0055,2040,2026-08-17,2026-08-17T13:35:21+09:00,-1700,-10800,28.9256,0
M0055,2040,2026-08-17,2026-08-17T14:03:11+09:00,-2200,-11300,29.3894,0
M0055,2040,2026-08-17,2026-08-17T15:11:21+09:00,-600,-9700,30.5256,0
M0055,2040,2026-08-17,2026-08-17T15:59:33+09:00,300,-8800,31.3289,0
M0055,2040,2026-08-17,2026-08-17T16:33:27+09:00,1100,-8000,31.8939,0
M0055,2040,2026-08-17,2026-08-17T17:09:07+09:00,1000,-8100,32.4883,0
M0055,2040,2026-08-17,2026-08-17T17:58:27+09:00,900,-8200,33.3106,0
M0055,2040,2026-08-17,2026-08-17T19:09:23+09:00,800,-8300,34.4928,0
M0055,2040,2026-08-17,2026-08-17T19:59:55+09:00,900,-8200,35.3350,0
M0055,2040,2026-08-17,2026-08-17T21:13:05+09:00,800,-8300,36.5544,0
M0055,2040,2026-08-17,2026-08-17T21:59:13+09:00,600,-8500,37.3233,0
M0055,2040,2026-08-18,2026-08-18T10:52:51+09:00,-200,-8500,37.3233,1
M0055,2040,2026-08-18,2026-08-18T11:28:45+09:00,-500,-8800,37.9217,0
M0055,2040,2026-08-18,2026-08-18T12:02:47+09:00,400,-7900,38.4889,0
M0055,2040,2026-08-18,2026-08-18T12:35:21+09:00,500,-7800,39.0317,0
M0055,2040,2026-08-18,2026-08-18T13:07:37+09:00,400,-7900,39.5694,0
M0055,2040,2026-08-18,2026-08-18T13:35:43+09:00,-100,-8400,40.0378,0
M0055,2040,2026-08-18,2026-08-18T14:04:28+09:00,100,-8200,40.5169,0
M0055,2040,2026-08-18,2026-08-18T15:11:53+09:00,-900,-9200,41.6406,0
M0055,2040,2026-08-18,2026-08-18T20:35:25+09:00,-1100,-9400,47.0328,0
M0055,2040,2026-08-18,2026-08-18T21:11:41+09:00,-1500,-9800,47.6372,0
M0055,2040,2026-08-19,2026-08-19T10:53:31+09:00,-200,-9800,47.6372,1
M0055,2040,2026-08-19,2026-08-19T11:28:23+09:00,-600,-10200,48.2183,0
M0055,2040,2026-08-19,2026-08-19T12:02:25+09:00,-1200,-10800,48.7856,0
M0055,2040,2026-08-19,2026-08-19T12:35:06+09:00,-400,-10000,49.3303,0
M0055,2040,2026-08-19,2026-08-19T13:35:01+09:00,-800,-10400,50.3289,0
M0055,2040,2026-08-19,2026-08-19T14:09:06+09:00,-600,-10200,50.8969,0
M0055,2040,2026-08-19,2026-08-19T14:49:47+09:00,-1200,-10800,51.5750,0
M0055,2040,2026-08-19,2026-08-19T15:26:59+09:00,-1300,-10900,52.1950,0
M0055,2040,2026-08-19,2026-08-19T16:02:55+09:00,-1400,-11000,52.7939,0
M0055,2040,2026-08-19,2026-08-19T16:36:50+09:00,-1500,-11100,53.3592,0
M0055,2040,2026-08-19,2026-08-19T17:06:11+09:00,-1700,-11300,53.8483,0
M0055,2040,2026-08-19,2026-08-19T17:32:35+09:00,-1900,-11500,54.2883,0
M0055,2040,2026-08-19,2026-08-19T19:28:55+09:00,-2500,-12100,56.2272,0
M0055,2040,2026-08-19,2026-08-19T20:05:19+09:00,-2900,-12500,56.8339,0
M0055,2040,2026-08-19,2026-08-19T20:39:17+09:00,-2700,-12300,57.4000,0
M0055,2040,2026-08-20,2026-08-20T10:52:57+09:00,400,-12300,57.4000,1
M0055,2040,2026-08-20,2026-08-20T11:28:53+09:00,300,-12400,57.9989,0
M0055,2040,2026-08-20,2026-08-20T12:02:37+09:00,-100,-12800,58.5611,0
M0055,2040,2026-08-20,2026-08-20T12:35:01+09:00,-600,-13300,59.1011,0
M0055,2040,2026-08-20,2026-08-20T13:07:39+09:00,-1100,-13800,59.6450,0
M0055,2040,2026-08-20,2026-08-20T13:36:17+09:00,-1300,-14000,60.1222,0
M0055,2040,2026-08-20,2026-08-20T14:02:59+09:00,-1100,-13800,60.5672,0
M0055,2040,2026-08-20,2026-08-20T14:35:37+09:00,-1500,-14200,61.1111,0
M0055,2040,2026-08-20,2026-08-20T15:09:59+09:00,-1600,-14300,61.6839,0
M0055,2040,2026-08-20,2026-08-20T15:59:19+09:00,-900,-13600,62.5061,0
M0055,2040,2026-08-20,2026-08-20T16:32:33+09:00,100,-12600,63.0600,0
M0055,2040,2026-08-20,2026-08-20T17:07:41+09:00,1000,-11700,63.6456,0
M0055,2040,2026-08-20,2026-08-20T17:42:01+09:00,3000,-9700,64.2178,0
M0055,2040,2026-08-20,2026-08-20T18:28:21+09:00,3900,-8800,64.9900,0
M0055,2040,2026-08-20,2026-08-20T19:04:37+09:00,3700,-9000,65.5944,0
M0055,2040,2026-08-20,2026-08-20T19:39:23+09:00,3400,-9300,66.1739,0
M0055,2040,2026-08-20,2026-08-20T21:40:19+09:00,2900,-9800,68.1894,0
M0055,2040,2026-08-20,2026-08-20T22:30:04+09:00,2800,-9900,69.0186,0
M0055,2040,2026-08-21,2026-08-21T10:54:01+09:00,-100,-9900,69.0186,1
M0055,2040,2026-08-21,2026-08-21T11:29:17+09:00,-600,-10400,69.6064,0
M0055,2040,2026-08-21,2026-08-21T12:03:33+09:00,-1200,-11000,70.1775,0
M0055,2040,2026-08-21,2026-08-21T12:36:21+09:00,-900,-10700,70.7242,0
M0055,2040,2026-08-21,2026-08-21T13:07:23+09:00,-800,-10600,71.2414,0
M0056,2041,2026-08-14,2026-08-14T10:54:41+09:00,-200,-200,0.0000,1
M0056,2041,2026-08-14,2026-08-14T11:29:45+09:00,-500,-500,0.5844,0
M0056,2041,2026-08-14,2026-08-14T12:04:15+09:00,-600,-600,1.1594,0
M0056,2041,2026-08-14,2026-08-14T12:37:28+09:00,-100,-100,1.7131,0
M0056,2041,2026-08-14,2026-08-14T13:06:37+09:00,-200,-200,2.1989,0
M0056,2041,2026-08-14,2026-08-14T13:35:02+09:00,300,300,2.6725,0
M0056,2041,2026-08-14,2026-08-14T14:10:37+09:00,-100,-100,3.2656,0
M0056,2041,2026-08-14,2026-08-14T14:55:41+09:00,-300,-300,4.0167,0
M0056,2041,2026-08-14,2026-08-14T15:31:41+09:00,-700,-700,4.6167,0
M0056,2041,2026-08-14,2026-08-14T16:08:02+09:00,-400,-400,5.2225,0
M0056,2041,2026-08-14,2026-08-14T16:41:57+09:00,-1000,-1000,5.7878,0
M0056,2041,2026-08-14,2026-08-14T17:30:37+09:00,-700,-700,6.5989,0
M0056,2041,2026-08-14,2026-08-14T18:07:43+09:00,-400,-400,7.2172,0
M0056,2041,2026-08-14,2026-08-14T18:43:04+09:00,-700,-700,7.8064,0
M0056,2041,2026-08-14,2026-08-14T19:31:33+09:00,-900,-900,8.6144,0
M0056,2041,2026-08-14,2026-08-14T20:09:17+09:00,-1300,-1300,9.2433,0
M0056,2041,2026-08-14,2026-08-14T20:55:41+09:00,-200,-200,10.0167,0
M0056,2041,2026-08-14,2026-08-14T21:33:02+09:00,500,500,10.6392,0
M0056,2041,2026-08-14,2026-08-14T22:11:45+09:00,2500,2500,11.2844,0
M0056,2041,2026-08-14,2026-08-14T23:00:09+09:00,2900,2900,12.0911,0
M0056,2041,2026-08-15,2026-08-15T10:54:13+09:00,-100,2900,12.0911,1
M0056,2041,2026-08-15,2026-08-15T11:29:09+09:00,0,3000,12.6733,0
M0056,2041,2026-08-15,2026-08-15T12:03:27+09:00,600,3600,13.2450,0
M0056,2041,2026-08-15,2026-08-15T12:36:37+09:00,200,3200,13.7978,0
M0056,2041,2026-08-15,2026-08-15T13:08:49+09:00,-300,2700,14.3344,0
M0056,2041,2026-08-15,2026-08-15T14:01:55+09:00,0,3000,15.2194,0
M0056,2041,2026-08-15,2026-08-15T14:36:09+09:00,-600,2400,15.7900,0
M0056,2041,2026-08-15,2026-08-15T15:11:53+09:00,-1400,1600,16.3856,0
M0056,2041,2026-08-15,2026-08-15T15:58:43+09:00,-2100,900,17.1661,0
M0056,2041,2026-08-15,2026-08-15T16:34:01+09:00,-2400,600,17.7544,0
M0056,2041,2026-08-15,2026-08-15T17:11:17+09:00,-3000,0,18.3756,0
M0056,2041,2026-08-15,2026-08-15T17:58:39+09:00,-2600,400,19.1650,0
M0056,2041,2026-08-15,2026-08-15T18:35:13+09:00,-2800,200,19.7744,0
M0056,2041,2026-08-15,2026-08-15T20:01:19+09:00,-3200,-200,21.2094,0
M0056,2041,2026-08-15,2026-08-15T20:38:25+09:00,-4100,-1100,21.8278,0
M0056,2041,2026-08-15,2026-08-15T21:25:49+09:00,-4400,-1400,22.6178,0
M0056,2041,2026-08-15,2026-08-15T22:04:23+09:00,-4900,-1900,23.2606,0
M0056,2041,2026-08-15,2026-08-15T22:41:53+09:00,-4700,-1700,23.8856,0
M0056,2041,2026-08-16,2026-08-16T10:53:41+09:00,-200,-1700,23.8856,1
M0056,2041,2026-08-16,2026-08-16T11:28:27+09:00,-900,-2400,24.4650,0
M0056,2041,2026-08-16,2026-08-16T12:02:27+09:00,-1300,-2800,25.0317,0
M0056,2041,2026-08-16,2026-08-16T12:35:49+09:00,-1200,-2700,25.5878,0
M0056,2041,2026-08-16,2026-08-16T13:06:49+09:00,-1700,-3200,26.1044,0
M0056,2041,2026-08-16,2026-08-16T13:36:19+09:00,-800,-2300,26.5961,0
M0056,2041,2026-08-16,2026-08-16T14:09:21+09:00,-1300,-2800,27.1467,0
M0056,2041,2026-08-16,2026-08-16T14:51:21+09:00,-1800,-3300,27.8467,0
M0056,2041,2026-08-16,2026-08-16T15:29:10+09:00,-2200,-3700,28.4769,0
M0056,2041,2026-08-16,2026-08-16T16:05:23+09:00,-1100,-2600,29.0806,0
M0056,2041,2026-08-16,2026-08-16T16:39:55+09:00,-400,-1900,29.6561,0
M0056,2041,2026-08-16,2026-08-16T17:30:17+09:00,-500,-2000,30.4956,0
M0056,2041,2026-08-17,2026-08-17T10:52:31+09:00,0,-2000,30.4956,1
M0056,2041,2026-08-17,2026-08-17T11:28:29+09:00,-600,-2600,31.0950,0
M0056,2041,2026-08-17,2026-08-17T12:02:23+09:00,-1000,-3000,31.6600,0
M0056,2041,2026-08-17,2026-08-17T12:34:35+09:00,-500,-2500,32.1967,0
M0056,2041,2026-08-17,2026-08-17T13:07:15+09:00,-800,-2800,32.7411,0
M0056,2041,2026-08-17,2026-08-17T13:35:21+09:00,-1100,-3100,33.2094,0
M0056,2041,2026-08-17,2026-08-17T14:03:11+09:00,-1400,-3400,33.6733,0
M0056,2041,2026-08-17,2026-08-17T14:36:43+09:00,-800,-2800,34.2322,0
M0056,2041,2026-08-17,2026-08-17T15:11:21+09:00,-100,-2100,34.8094,0
M0056,2041,2026-08-17,2026-08-17T15:59:33+09:00,-200,-2200,35.6128,0
M0056,2041,2026-08-17,2026-08-17T16:33:27+09:00,-100,-2100,36.1778,0
M0056,2041,2026-08-17,2026-08-17T17:09:07+09:00,-1200,-3200,36.7722,0
M0056,2041,2026-08-17,2026-08-17T17:58:27+09:00,-1400,-3400,37.5944,0
M0056,2041,2026-08-17,2026-08-17T18:33:03+09:00,-1200,-3200,38.1711,0
M0056,2041,2026-08-17,2026-08-17T19:09:23+09:00,-1400,-3400,38.7767,0
M0056,2041,2026-08-18,2026-08-18T10:52:51+09:00,-100,-3400,38.7767,1
M0056,2041,2026-08-18,2026-08-18T11:28:45+09:00,-400,-3700,39.3750,0
M0056,2041,2026-08-18,2026-08-18T12:02:47+09:00,-500,-3800,39.9422,0
M0056,2041,2026-08-18,2026-08-18T12:35:21+09:00,-700,-4000,40.4850,0
M0056,2041,2026-08-18,2026-08-18T13:07:37+09:00,-1200,-4500,41.0228,0
M0056,2041,2026-08-18,2026-08-18T13:35:43+09:00,-1300,-4600,41.4911,0
M0056,2041,2026-08-18,2026-08-18T14:04:28+09:00,-1900,-5200,41.9703,0
M0056,2041,2026-08-18,2026-08-18T14:37:28+09:00,-2300,-5600,42.5203,0
M0056,2041,2026-08-18,2026-08-18T15:11:53+09:00,-700,-4000,43.0939,0
M0056,2041,2026-08-18,2026-08-18T15:59:35+09:00,-400,-3700,43.8889,0
M0056,2041,2026-08-18,2026-08-18T16:33:08+09:00,100,-3200,44.4481,0
M0056,2041,2026-08-18,2026-08-18T17:08:27+09:00,1400,-1900,45.0367,0
M0056,2041,2026-08-18,2026-08-18T17:59:01+09:00,800,-2500,45.8794,0
M0056,2041,2026-08-18,2026-08-18T18:33:31+09:00,700,-2600,46.4544,0
M0056,2041,2026-08-18,2026-08-18T19:09:25+09:00,300,-3000,47.0528,0
M0056,2041,2026-08-18,2026-08-18T19:59:53+09:00,0,-3300,47.8939,0
M0056,2041,2026-08-18,2026-08-18T20:35:25+09:00,-200,-3500,48.4861,0
M0056,2041,2026-08-18,2026-08-18T21:11:41+09:00,1300,-2000,49.0906,0
M0056,2041,2026-08-18,2026-08-18T21:57:39+09:00,1000,-2300,49.8567,0
M0056,2041,2026-08-18,2026-08-18T22:33:27+09:00,400,-2900,50.4533,0
M0056,2041,2026-08-19,2026-08-19T10:53:31+09:00,0,-2900,50.4533,1
M0056,2041,2026-08-19,2026-08-19T11:28:23+09:00,-100,-3000,51.0344,0
M0056,2041,2026-08-19,2026-08-19T12:02:25+09:00,-200,-3100,51.6017,0
M0056,2041,2026-08-19,2026-08-19T16:02:55+09:00,-700,-3600,55.6100,0
M0056,2041,2026-08-19,2026-08-19T17:06:11+09:00,-900,-3800,56.6644,0
M0056,2041,2026-08-19,2026-08-19T20:39:17+09:00,-1300,-4200,60.2161,0
M0056,2041,2026-08-19,2026-08-19T21:30:39+09:00,-1000,-3900,61.0722,0
M0056,2041,2026-08-20,2026-08-20T10:52:57+09:00,0,-3900,61.0722,1
M0056,2041,2026-08-20,2026-08-20T19:39:23+09:00,200,-3700,69.8461,0
M0056,2041,2026-08-21,2026-08-21T10:54:01+09:00,-200,-3700,69.8461,1
M0056,2041,2026-08-21,2026-08-21T11:29:17+09:00,-600,-4100,70.4339,0
M0056,2041,2026-08-21,2026-08-21T12:36:21+09:00,0,-3500,71.5517,0
M0056,2041,2026-08-21,2026-08-21T13:07:23+09:00,900,-2600,72.0689,0
M0057,2042,2026-08-14,2026-08-14T10:54:41+09:00,-100,-100,0.0000,1
M0057,2042,2026-08-14,2026-08-14T11:29:45+09:00,-600,-600,0.5844,0
M0057,2042,2026-08-14,2026-08-14T12:04:15+09:00,-400,-400,1.1594,0
M0057,2042,2026-08-14,2026-08-14T12:37:28+09:00,-800,-800,1.7131,0
M0057,2042,2026-08-14,2026-08-14T13:06:37+09:00,-1200,-1200,2.1989,0
M0057,2042,2026-08-14,2026-08-14T13:35:02+09:00,-1500,-1500,2.6725,0
M0057,2042,2026-08-14,2026-08-14T14:10:37+09:00,-1800,-1800,3.2656,0
M0057,2042,2026-08-14,2026-08-14T14:55:41+09:00,-800,-800,4.0167,0
M0057,2042,2026-08-14,2026-08-14T15:31:41+09:00,-400,-400,4.6167,0
M0057,2042,2026-08-14,2026-08-14T16:08:02+09:00,-1000,-1000,5.2225,0
M0057,2042,2026-08-14,2026-08-14T17:30:37+09:00,-700,-700,6.5989,0
M0057,2042,2026-08-14,2026-08-14T18:07:43+09:00,-100,-100,7.2172,0
M0057,2042,2026-08-14,2026-08-14T18:43:04+09:00,-700,-700,7.8064,0
M0057,2042,2026-08-14,2026-08-14T19:31:33+09:00,-800,-800,8.6144,0
M0057,2042,2026-08-15,2026-08-15T10:54:13+09:00,-100,-800,8.6144,1
M0057,2042,2026-08-15,2026-08-15T11:29:09+09:00,-700,-1400,9.1967,0
M0057,2042,2026-08-15,2026-08-15T12:03:27+09:00,-1200,-1900,9.7683,0
M0057,2042,2026-08-15,2026-08-15T12:36:37+09:00,-1800,-2500,10.3211,0
M0057,2042,2026-08-15,2026-08-15T13:08:49+09:00,-1900,-2600,10.8578,0
M0057,2042,2026-08-15,2026-08-15T14:01:55+09:00,-1600,-2300,11.7428,0
M0057,2042,2026-08-15,2026-08-15T14:36:09+09:00,-600,-1300,12.3133,0
M0057,2042,2026-08-15,2026-08-15T15:11:53+09:00,1100,400,12.9089,0
M0057,2042,2026-08-15,2026-08-15T15:58:43+09:00,2100,1400,13.6894,0
M0057,2042,2026-08-15,2026-08-15T16:34:01+09:00,2900,2200,14.2778,0
M0057,2042,2026-08-15,2026-08-15T17:58:39+09:00,2400,1700,15.6883,0
M0057,2042,2026-08-15,2026-08-15T18:35:13+09:00,3000,2300,16.2978,0
M0057,2042,2026-08-15,2026-08-15T19:12:53+09:00,4800,4100,16.9256,0
M0057,2042,2026-08-15,2026-08-15T20:01:19+09:00,5600,4900,17.7328,0
M0057,2042,2026-08-15,2026-08-15T20:38:25+09:00,5800,5100,18.3511,0
M0057,2042,2026-08-15,2026-08-15T21:25:49+09:00,6200,5500,19.1411,0
M0057,2042,2026-08-15,2026-08-15T22:04:23+09:00,6700,6000,19.7839,0
M0057,2042,2026-08-15,2026-08-15T22:41:53+09:00,8000,7300,20.4089,0
M0057,2042,2026-08-16,2026-08-16T10:53:41+09:00,0,7300,20.4089,1
M0057,2042,2026-08-16,2026-08-16T11:28:27+09:00,-400,6900,20.9883,0
M0057,2042,2026-08-16,2026-08-16T12:02:27+09:00,-800,6500,21.5550,0
M0057,2042,2026-08-16,2026-08-16T12:35:49+09:00,-1300,6000,22.1111,0
M0057,2042,2026-08-16,2026-08-16T13:06:49+09:00,-1900,5400,22.6278,0
M0057,2042,2026-08-16,2026-08-16T13:36:19+09:00,-2400,4900,23.1194,0
M0057,2042,2026-08-16,2026-08-16T14:09:21+09:00,-1900,5400,23.6700,0
M0057,2042,2026-08-16,2026-08-16T14:51:21+09:00,-2200,5100,24.3700,0
M0057,2042,2026-08-16,2026-08-16T15:29:10+09:00,-2700,4600,25.0003,0
M0057,2042,2026-08-16,2026-08-16T16:05:23+09:00,-3300,4000,25.6039,0
M0057,2042,2026-08-16,2026-08-16T17:30:17+09:00,-3900,3400,27.0189,0
M0057,2042,2026-08-16,2026-08-16T18:07:35+09:00,-4100,3200,27.6406,0
M0057,2042,2026-08-16,2026-08-16T19:40:19+09:00,-4900,2400,29.1861,0
M0057,2042,2026-08-16,2026-08-16T20:25:39+09:00,-5400,1900,29.9417,0
M0057,2042,2026-08-16,2026-08-16T21:04:51+09:00,-5600,1700,30.5950,0
M0057,2042,2026-08-16,2026-08-16T21:42:13+09:00,-4900,2400,31.2178,0
M0057,2042,2026-08-17,2026-08-17T10:52:31+09:00,-100,2400,31.2178,1
M0057,2042,2026-08-17,2026-08-17T11:28:29+09:00,600,3100,31.8172,0
M0057,2042,2026-08-17,2026-08-17T12:02:23+09:00,400,2900,32.3822,0
M0057,2042,2026-08-17,2026-08-17T12:34:35+09:00,0,2500,32.9189,0
M0057,2042,2026-08-17,2026-08-17T13:07:15+09:00,600,3100,33.4633,0
M0057,2042,2026-08-17,2026-08-17T13:35:21+09:00,300,2800,33.9317,0
M0057,2042,2026-08-17,2026-08-17T14:03:11+09:00,-100,2400,34.3956,0
M0057,2042,2026-08-17,2026-08-17T14:36:43+09:00,600,3100,34.9544,0
M0057,2042,2026-08-17,2026-08-17T15:11:21+09:00,1600,4100,35.5317,0
M0057,2042,2026-08-17,2026-08-17T16:33:27+09:00,1100,3600,36.9000,0
M0057,2042,2026-08-17,2026-08-17T17:09:07+09:00,700,3200,37.4944,0
M0057,2042,2026-08-17,2026-08-17T17:58:27+09:00,500,3000,38.3167,0
M0057,2042,2026-08-17,2026-08-17T19:59:55+09:00,100,2600,40.3411,0
M0057,2042,2026-08-17,2026-08-17T20:35:21+09:00,-100,2400,40.9317,0
M0057,2042,2026-08-17,2026-08-17T21:13:05+09:00,-400,2100,41.5606,0
M0057,2042,2026-08-18,2026-08-18T10:52:51+09:00,-200,2100,41.5606,1
M0057,2042,2026-08-18,2026-08-18T11:28:45+09:00,-800,1500,42.1589,0
M0057,2042,2026-08-18,2026-08-18T12:02:47+09:00,-1000,1300,42.7261,0
M0057,2042,2026-08-18,2026-08-18T12:35:21+09:00,-200,2100,43.2689,0
M0057,2042,2026-08-18,2026-08-18T13:07:37+09:00,-500,1800,43.8067,0
M0057,2042,2026-08-18,2026-08-18T13:35:43+09:00,-1000,1300,44.2750,0
M0057,2042,2026-08-18,2026-08-18T14:04:28+09:00,-800,1500,44.7542,0
M0057,2042,2026-08-19,2026-08-19T10:53:31+09:00,0,1500,44.7542,1
M0057,2042,2026-08-19,2026-08-19T12:35:06+09:00,-500,1000,46.4472,0
M0057,2042,2026-08-19,2026-08-19T13:06:21+09:00,-900,600,46.9681,0
M0057,2042,2026-08-19,2026-08-19T13:35:01+09:00,-1400,100,47.4458,0
M0057,2042,2026-08-19,2026-08-19T14:09:06+09:00,-800,700,48.0139,0
M0057,2042,2026-08-19,2026-08-19T14:49:47+09:00,-300,1200,48.6919,0
M0057,2042,2026-08-19,2026-08-19T15:26:59+09:00,600,2100,49.3119,0
M0057,2042,2026-08-19,2026-08-19T16:02:55+09:00,500,2000,49.9108,0
M0057,2042,2026-08-20,2026-08-20T10:52:57+09:00,-100,2000,49.9108,1
M0057,2042,2026-08-20,2026-08-20T11:28:53+09:00,-500,1600,50.5097,0
M0057,2042,2026-08-20,2026-08-20T12:02:37+09:00,-300,1800,51.0719,0
M0057,2042,2026-08-20,2026-08-20T12:35:01+09:00,400,2500,51.6119,0
M0057,2042,2026-08-20,2026-08-20T13:07:39+09:00,1000,3100,52.1558,0
M0057,2042,2026-08-20,2026-08-20T13:36:17+09:00,1200,3300,52.6331,0
M0057,2042,2026-08-20,2026-08-20T14:02:59+09:00,1600,3700,53.0781,0
M0057,2042,2026-08-20,2026-08-20T14:35:37+09:00,1900,4000,53.6219,0
M0057,2042,2026-08-20,2026-08-20T15:09:59+09:00,1100,3200,54.1947,0
M0057,2042,2026-08-20,2026-08-20T15:59:19+09:00,1300,3400,55.0169,0
M0057,2042,2026-08-20,2026-08-20T16:32:33+09:00,1500,3600,55.5708,0
M0057,2042,2026-08-20,2026-08-20T17:07:41+09:00,1700,3800,56.1564,0
M0057,2042,2026-08-20,2026-08-20T17:42:01+09:00,2600,4700,56.7286,0
M0057,2042,2026-08-20,2026-08-20T18:28:21+09:00,3500,5600,57.5008,0
M0057,2042,2026-08-20,2026-08-20T19:04:37+09:00,4600,6700,58.1053,0
M0057,2042,2026-08-20,2026-08-20T19:39:23+09:00,5800,7900,58.6847,0
M0057,2042,2026-08-20,2026-08-20T20:28:35+09:00,5300,7400,59.5047,0
M0057,2042,2026-08-20,2026-08-20T21:05:21+09:00,5400,7500,60.1175,0
M0057,2042,2026-08-20,2026-08-20T21:40:19+09:00,5000,7100,60.7003,0
M0057,2042,2026-08-21,2026-08-21T10:54:01+09:00,-200,7100,60.7003,1
M0057,2042,2026-08-21,2026-08-21T11:29:17+09:00,0,7300,61.2881,0
M0057,2042,2026-08-21,2026-08-21T12:03:33+09:00,-600,6700,61.8592,0
M0057,2042,2026-08-21,2026-08-21T12:36:21+09:00,-900,6400,62.4058,0
M0057,2042,2026-08-21,2026-08-21T13:07:23+09:00,200,7500,62.9231,0
M0058,2043,2026-08-14,2026-08-14T10:54:41+09:00,-100,-100,0.0000,1
M0058,2043,2026-08-14,2026-08-14T11:29:45+09:00,200,200,0.5844,0
M0058,2043,2026-08-14,2026-08-14T12:04:15+09:00,-200,-200,1.1594,0
M0058,2043,2026-08-14,2026-08-14T12:37:28+09:00,200,200,1.7131,0
M0058,2043,2026-08-14,2026-08-14T13:06:37+09:00,-400,-400,2.1989,0
M0058,2043,2026-08-14,2026-08-14T13:35:02+09:00,0,0,2.6725,0
M0058,2043,2026-08-14,2026-08-14T14:10:37+09:00,1600,1600,3.2656,0
M0058,2043,2026-08-14,2026-08-14T14:55:41+09:00,2400,2400,4.0167,0
M0058,2043,2026-08-14,2026-08-14T15:31:41+09:00,2800,2800,4.6167,0
M0058,2043,2026-08-14,2026-08-14T16:08:02+09:00,3000,3000,5.2225,0
M0058,2043,2026-08-14,2026-08-14T16:41:57+09:00,2700,2700,5.7878,0
M0058,2043,2026-08-14,2026-08-14T17:30:37+09:00,3400,3400,6.5989,0
M0058,2043,2026-08-14,2026-08-14T18:07:43+09:00,3700,3700,7.2172,0
M0058,2043,2026-08-14,2026-08-14T19:31:33+09:00,3100,3100,8.6144,0
M0058,2043,2026-08-14,2026-08-14T20:09:17+09:00,2600,2600,9.2433,0
M0058,2043,2026-08-14,2026-08-14T20:55:41+09:00,2200,2200,10.0167,0
M0058,2043,2026-08-15,2026-08-15T10:54:13+09:00,-200,2200,10.0167,1
M0058,2043,2026-08-15,2026-08-15T11:29:09+09:00,-600,1800,10.5989,0
M0058,2043,2026-08-15,2026-08-15T12:03:27+09:00,-200,2200,11.1706,0
M0058,2043,2026-08-15,2026-08-15T12:36:37+09:00,700,3100,11.7233,0
M0058,2043,2026-08-15,2026-08-15T13:08:49+09:00,2700,5100,12.2600,0
M0058,2043,2026-08-15,2026-08-15T14:01:55+09:00,3100,5500,13.1450,0
M0058,2043,2026-08-15,2026-08-15T14:36:09+09:00,3500,5900,13.7156,0
M0058,2043,2026-08-15,2026-08-15T15:11:53+09:00,2400,4800,14.3111,0
M0058,2043,2026-08-15,2026-08-15T15:58:43+09:00,2000,4400,15.0917,0
M0058,2043,2026-08-15,2026-08-15T17:11:17+09:00,1600,4000,16.3011,0
M0058,2043,2026-08-15,2026-08-15T17:58:39+09:00,1300,3700,17.0906,0
M0058,2043,2026-08-15,2026-08-15T18:35:13+09:00,1800,4200,17.7000,0
M0058,2043,2026-08-15,2026-08-15T19:12:53+09:00,3400,5800,18.3278,0
M0058,2043,2026-08-15,2026-08-15T20:01:19+09:00,4400,6800,19.1350,0
M0058,2043,2026-08-15,2026-08-15T20:38:25+09:00,4600,7000,19.7533,0
M0058,2043,2026-08-15,2026-08-15T21:25:49+09:00,5000,7400,20.5433,0
M0058,2043,2026-08-16,2026-08-16T10:53:41+09:00,-100,7400,20.5433,1
M0058,2043,2026-08-16,2026-08-16T11:28:27+09:00,-300,7200,21.1228,0
M0058,2043,2026-08-16,2026-08-16T12:02:27+09:00,500,8000,21.6894,0
M0058,2043,2026-08-16,2026-08-16T13:06:49+09:00,400,7900,22.7622,0
M0058,2043,2026-08-16,2026-08-16T13:36:19+09:00,1100,8600,23.2539,0
M0058,2043,2026-08-16,2026-08-16T14:09:21+09:00,2700,10200,23.8044,0
M0058,2043,2026-08-16,2026-08-16T14:51:21+09:00,3500,11000,24.5044,0
M0058,2043,2026-08-16,2026-08-16T15:29:10+09:00,4400,11900,25.1347,0
M0058,2043,2026-08-16,2026-08-16T16:05:23+09:00,5300,12800,25.7383,0
M0058,2043,2026-08-16,2026-08-16T16:39:55+09:00,5900,13400,26.3139,0
M0058,2043,2026-08-16,2026-08-16T17:30:17+09:00,6300,13800,27.1533,0
M0058,2043,2026-08-16,2026-08-16T18:07:35+09:00,5700,13200,27.7750,0
M0058,2043,2026-08-16,2026-08-16T18:38:25+09:00,6300,13800,28.2889,0
M0058,2043,2026-08-16,2026-08-16T19:40:19+09:00,5900,13400,29.3206,0
M0058,2043,2026-08-16,2026-08-16T20:25:39+09:00,5400,12900,30.0761,0
M0058,2043,2026-08-16,2026-08-16T21:04:51+09:00,4900,12400,30.7294,0
M0058,2043,2026-08-16,2026-08-16T21:42:13+09:00,5100,12600,31.3522,0
M0058,2043,2026-08-16,2026-08-16T22:32:01+09:00,5000,12500,32.1822,0
M0058,2043,2026-08-16,2026-08-16T23:11:15+09:00,4700,12200,32.8361,0
M0058,2043,2026-08-17,2026-08-17T10:52:31+09:00,0,12200,32.8361,1
M0058,2043,2026-08-17,2026-08-17T14:36:43+09:00,-300,11900,36.5728,0
M0058,2043,2026-08-17,2026-08-17T15:11:21+09:00,-800,11400,37.1500,0
M0058,2043,2026-08-17,2026-08-17T15:59:33+09:00,-400,11800,37.9533,0
M0058,2043,2026-08-17,2026-08-17T16:33:27+09:00,400,12600,38.5183,0
M0058,2043,2026-08-17,2026-08-17T17:58:27+09:00,200,12400,39.9350,0
M0058,2043,2026-08-17,2026-08-17T18:33:03+09:00,100,12300,40.5117,0
M0058,2043,2026-08-17,2026-08-17T19:59:55+09:00,-300,11900,41.9594,0
M0058,2043,2026-08-17,2026-08-17T20:35:21+09:00,-500,11700,42.5500,0
M0058,2043,2026-08-18,2026-08-18T10:52:51+09:00,0,11700,42.5500,1
M0058,2043,2026-08-18,2026-08-18T11:28:45+09:00,-300,11400,43.1483,0
M0058,2043,2026-08-18,2026-08-18T12:02:47+09:00,-700,11000,43.7156,0
M0058,2043,2026-08-18,2026-08-18T12:35:21+09:00,-100,11600,44.2583,0
M0058,2043,2026-08-18,2026-08-18T13:35:43+09:00,-300,11400,45.2644,0
M0058,2043,2026-08-18,2026-08-18T14:04:28+09:00,-600,11100,45.7436,0
M0058,2043,2026-08-18,2026-08-18T14:37:28+09:00,-1000,10700,46.2936,0
M0058,2043,2026-08-18,2026-08-18T15:11:53+09:00,-1200,10500,46.8672,0
M0058,2043,2026-08-18,2026-08-18T15:59:35+09:00,-400,11300,47.6622,0
M0058,2043,2026-08-18,2026-08-18T16:33:08+09:00,100,11800,48.2214,0
M0058,2043,2026-08-18,2026-08-18T17:08:27+09:00,900,12600,48.8100,0
M0058,2043,2026-08-18,2026-08-18T17:59:01+09:00,600,12300,49.6528,0
M0058,2043,2026-08-18,2026-08-18T18:33:31+09:00,900,12600,50.2278,0
M0058,2043,2026-08-18,2026-08-18T19:09:25+09:00,1600,13300,50.8261,0
M0058,2043,2026-08-18,2026-08-18T19:59:53+09:00,800,12500,51.6672,0
M0058,2043,2026-08-18,2026-08-18T20:35:25+09:00,500,12200,52.2594,0
M0058,2043,2026-08-18,2026-08-18T21:11:41+09:00,100,11800,52.8639,0
M0058,2043,2026-08-18,2026-08-18T21:57:39+09:00,300,12000,53.6300,0
M0058,2043,2026-08-19,2026-08-19T10:53:31+09:00,0,12000,53.6300,1
M0058,2043,2026-08-19,2026-08-19T11:28:23+09:00,-200,11800,54.2111,0
M0058,2043,2026-08-19,2026-08-19T12:02:25+09:00,-600,11400,54.7783,0
M0058,2043,2026-08-19,2026-08-19T16:36:50+09:00,-500,11500,59.3519,0
M0058,2043,2026-08-19,2026-08-19T17:06:11+09:00,500,12500,59.8411,0
M0058,2043,2026-08-19,2026-08-19T17:32:35+09:00,400,12400,60.2811,0
M0058,2043,2026-08-19,2026-08-19T18:08:43+09:00,-200,11800,60.8833,0
M0058,2043,2026-08-19,2026-08-19T18:50:27+09:00,-500,11500,61.5789,0
M0058,2043,2026-08-19,2026-08-19T19:28:55+09:00,0,12000,62.2200,0
M0058,2043,2026-08-19,2026-08-19T20:05:19+09:00,-700,11300,62.8267,0
M0058,2043,2026-08-19,2026-08-19T20:39:17+09:00,200,12200,63.3928,0
M0058,2043,2026-08-20,2026-08-20T10:52:57+09:00,0,12200,63.3928,1
M0058,2043,2026-08-20,2026-08-20T15:59:19+09:00,-200,12000,68.4989,0
M0058,2043,2026-08-20,2026-08-20T20:28:35+09:00,800,13000,72.9867,0
M0058,2043,2026-08-20,2026-08-20T21:05:21+09:00,1500,13700,73.5994,0
M0058,2043,2026-08-20,2026-08-20T21:40:19+09:00,3500,15700,74.1822,0
M0058,2043,2026-08-20,2026-08-20T22:30:04+09:00,4500,16700,75.0114,0
M0058,2043,2026-08-20,2026-08-20T23:07:51+09:00,5400,17600,75.6411,0
M0058,2043,2026-08-20,2026-08-20T23:43:01+09:00,6000,18200,76.2272,0
M0058,2043,2026-08-21,2026-08-21T10:54:01+09:00,-200,18200,76.2272,1
M0058,2043,2026-08-21,2026-08-21T11:29:17+09:00,-300,18100,76.8150,0
M0058,2043,2026-08-21,2026-08-21T12:03:33+09:00,-100,18300,77.3861,0
M0058,2043,2026-08-21,2026-08-21T12:36:21+09:00,-500,17900,77.9328,0
M0058,2043,2026-08-21,2026-08-21T13:07:23+09:00,0,18400,78.4500,0
M0059,2044,2026-08-14,2026-08-14T10:54:41+09:00,100,100,0.0000,1
M0059,2044,2026-08-14,2026-08-14T11:29:45+09:00,900,900,0.5844,0
M0059,2044,2026-08-14,2026-08-14T12:04:15+09:00,1600,1600,1.1594,0
M0059,2044,2026-08-14,2026-08-14T12:37:28+09:00,1400,1400,1.7131,0
M0059,2044,2026-08-14,2026-08-14T13:06:37+09:00,900,900,2.1989,0
M0059,2044,2026-08-14,2026-08-14T13:35:02+09:00,1300,1300,2.6725,0
M0059,2044,2026-08-14,2026-08-14T14:10:37+09:00,800,800,3.2656,0
M0059,2044,2026-08-14,2026-08-14T14:55:41+09:00,1000,1000,4.0167,0
M0059,2044,2026-08-14,2026-08-14T15:31:41+09:00,1600,1600,4.6167,0
M0059,2044,2026-08-14,2026-08-14T16:08:02+09:00,1200,1200,5.2225,0
M0059,2044,2026-08-14,2026-08-14T16:41:57+09:00,800,800,5.7878,0
M0059,2044,2026-08-14,2026-08-14T17:30:37+09:00,400,400,6.5989,0
M0059,2044,2026-08-14,2026-08-14T18:07:43+09:00,-100,-100,7.2172,0
M0059,2044,2026-08-14,2026-08-14T19:31:33+09:00,-300,-300,8.6144,0
M0059,2044,2026-08-14,2026-08-14T20:09:17+09:00,-400,-400,9.2433,0
M0059,2044,2026-08-15,2026-08-15T10:54:13+09:00,0,-400,9.2433,1
M0059,2044,2026-08-15,2026-08-15T11:29:09+09:00,100,-300,9.8256,0
M0059,2044,2026-08-15,2026-08-15T12:03:27+09:00,0,-400,10.3972,0
M0059,2044,2026-08-15,2026-08-15T12:36:37+09:00,-700,-1100,10.9500,0
M0059,2044,2026-08-15,2026-08-15T13:08:49+09:00,-600,-1000,11.4867,0
M0059,2044,2026-08-15,2026-08-15T14:01:55+09:00,-1000,-1400,12.3717,0
M0059,2044,2026-08-15,2026-08-15T14:36:09+09:00,0,-400,12.9422,0
M0059,2044,2026-08-15,2026-08-15T15:11:53+09:00,-300,-700,13.5378,0
M0059,2044,2026-08-15,2026-08-15T16:34:01+09:00,-200,-600,14.9067,0
M0059,2044,2026-08-15,2026-08-15T17:11:17+09:00,400,0,15.5278,0
M0059,2044,2026-08-15,2026-08-15T17:58:39+09:00,500,100,16.3172,0
M0059,2044,2026-08-15,2026-08-15T18:35:13+09:00,200,-200,16.9267,0
M0059,2044,2026-08-15,2026-08-15T20:01:19+09:00,-300,-700,18.3617,0
M0059,2044,2026-08-16,2026-08-16T10:53:41+09:00,-200,-700,18.3617,1
M0059,2044,2026-08-16,2026-08-16T11:28:27+09:00,-300,-800,18.9411,0
M0059,2044,2026-08-16,2026-08-16T12:02:27+09:00,-100,-600,19.5078,0
M0059,2044,2026-08-16,2026-08-16T12:35:49+09:00,-400,-900,20.0639,0
M0059,2044,2026-08-16,2026-08-16T13:06:49+09:00,-300,-800,20.5806,0
M0059,2044,2026-08-16,2026-08-16T13:36:19+09:00,-800,-1300,21.0722,0
M0059,2044,2026-08-16,2026-08-16T14:09:21+09:00,-1000,-1500,21.6228,0
M0059,2044,2026-08-16,2026-08-16T14:51:21+09:00,0,-500,22.3228,0
M0059,2044,2026-08-16,2026-08-16T15:29:10+09:00,-100,-600,22.9531,0
M0059,2044,2026-08-16,2026-08-16T16:05:23+09:00,-600,-1100,23.5567,0
M0059,2044,2026-08-16,2026-08-16T16:39:55+09:00,-1400,-1900,24.1322,0
M0059,2044,2026-08-16,2026-08-16T17:30:17+09:00,-1700,-2200,24.9717,0
M0059,2044,2026-08-16,2026-08-16T18:07:35+09:00,-2300,-2800,25.5933,0
M0059,2044,2026-08-16,2026-08-16T18:38:25+09:00,-2600,-3100,26.1072,0
M0059,2044,2026-08-17,2026-08-17T10:52:31+09:00,0,-3100,26.1072,1
M0059,2044,2026-08-17,2026-08-17T11:28:29+09:00,200,-2900,26.7067,0
M0059,2044,2026-08-17,2026-08-17T12:02:23+09:00,400,-2700,27.2717,0
M0059,2044,2026-08-17,2026-08-17T12:34:35+09:00,500,-2600,27.8083,0
M0059,2044,2026-08-17,2026-08-17T13:07:15+09:00,400,-2700,28.3528,0
M0059,2044,2026-08-17,2026-08-17T13:35:21+09:00,1000,-2100,28.8211,0
M0059,2044,2026-08-17,2026-08-17T14:03:11+09:00,1300,-1800,29.2850,0
M0059,2044,2026-08-17,2026-08-17T15:11:21+09:00,1200,-1900,30.4211,0
M0059,2044,2026-08-17,2026-08-17T15:59:33+09:00,700,-2400,31.2244,0
M0059,2044,2026-08-17,2026-08-17T16:33:27+09:00,200,-2900,31.7894,0
M0059,2044,2026-08-17,2026-08-17T17:09:07+09:00,-300,-3400,32.3839,0
M0059,2044,2026-08-17,2026-08-17T17:58:27+09:00,-500,-3600,33.2061,0
M0059,2044,2026-08-17,2026-08-17T18:33:03+09:00,-200,-3300,33.7828,0
M0059,2044,2026-08-17,2026-08-17T19:09:23+09:00,-100,-3200,34.3883,0
M0059,2044,2026-08-17,2026-08-17T20:35:21+09:00,-300,-3400,35.8211,0
M0059,2044,2026-08-17,2026-08-17T21:13:05+09:00,-1100,-4200,36.4500,0
M0059,2044,2026-08-17,2026-08-17T22:34:49+09:00,0,-3100,37.8122,0
M0059,2044,2026-08-17,2026-08-17T23:11:50+09:00,200,-2900,38.4292,0
M0059,2044,2026-08-18,2026-08-18T10:52:51+09:00,-100,-2900,38.4292,1
M0059,2044,2026-08-18,2026-08-18T11:28:45+09:00,-600,-3400,39.0275,0
M0059,2044,2026-08-18,2026-08-18T13:35:43+09:00,-800,-3600,41.1436,0
M0059,2044,2026-08-18,2026-08-18T14:04:28+09:00,0,-2800,41.6228,0
M0059,2044,2026-08-18,2026-08-18T14:37:28+09:00,-100,-2900,42.1728,0
M0059,2044,2026-08-19,2026-08-19T10:53:31+09:00,0,-2900,42.1728,1
M0059,2044,2026-08-19,2026-08-19T12:35:06+09:00,-400,-3300,43.8658,0
M0059,2044,2026-08-19,2026-08-19T13:06:21+09:00,-800,-3700,44.3867,0
M0059,2044,2026-08-19,2026-08-19T13:35:01+09:00,-1300,-4200,44.8644,0
M0059,2044,2026-08-19,2026-08-19T14:09:06+09:00,-2100,-5000,45.4325,0
M0059,2044,2026-08-19,2026-08-19T14:49:47+09:00,-1600,-4500,46.1106,0
M0059,2044,2026-08-19,2026-08-19T15:26:59+09:00,-1400,-4300,46.7306,0
M0059,2044,2026-08-20,2026-08-20T10:52:57+09:00,-100,-4300,46.7306,1
M0059,2044,2026-08-20,2026-08-20T11:28:53+09:00,200,-4000,47.3294,0
M0059,2044,2026-08-20,2026-08-20T12:02:37+09:00,900,-3300,47.8917,0
M0059,2044,2026-08-20,2026-08-20T12:35:01+09:00,200,-4000,48.4317,0
M0059,2044,2026-08-20,2026-08-20T13:07:39+09:00,-300,-4500,48.9756,0
M0059,2044,2026-08-20,2026-08-20T13:36:17+09:00,-100,-4300,49.4528,0
M0059,2044,2026-08-20,2026-08-20T14:02:59+09:00,-900,-5100,49.8978,0
M0059,2044,2026-08-20,2026-08-20T14:35:37+09:00,-1500,-5700,50.4417,0
M0059,2044,2026-08-20,2026-08-20T15:09:59+09:00,-2100,-6300,51.0144,0
M0059,2044,2026-08-20,2026-08-20T15:59:19+09:00,-1000,-5200,51.8367,0
M0059,2044,2026-08-20,2026-08-20T16:32:33+09:00,0,-4200,52.3906,0
M0059,2044,2026-08-20,2026-08-20T17:07:41+09:00,600,-3600,52.9761,0
M0059,2044,2026-08-21,2026-08-21T10:54:01+09:00,-100,-3600,52.9761,1
M0059,2044,2026-08-21,2026-08-21T12:03:33+09:00,300,-3200,54.1350,0
M0059,2044,2026-08-21,2026-08-21T12:36:21+09:00,600,-2900,54.6817,0
M0059,2044,2026-08-21,2026-08-21T13:07:23+09:00,1400,-2100,55.1989,0
M0060,2045,2026-08-14,2026-08-14T10:54:41+09:00,-200,-200,0.0000,1
M0060,2045,2026-08-14,2026-08-14T11:29:45+09:00,-500,-500,0.5844,0
M0060,2045,2026-08-14,2026-08-14T12:04:15+09:00,-1200,-1200,1.1594,0
M0060,2045,2026-08-14,2026-08-14T12:37:28+09:00,-1300,-1300,1.7131,0
M0060,2045,2026-08-14,2026-08-14T13:06:37+09:00,-800,-800,2.1989,0
M0060,2045,2026-08-14,2026-08-14T13:35:02+09:00,-1500,-1500,2.6725,0
M0060,2045,2026-08-14,2026-08-14T14:10:37+09:00,-2500,-2500,3.2656,0
M0060,2045,2026-08-14,2026-08-14T14:55:41+09:00,-2300,-2300,4.0167,0
M0060,2045,2026-08-14,2026-08-14T15:31:41+09:00,-1900,-1900,4.6167,0
M0060,2045,2026-08-14,2026-08-14T20:09:17+09:00,-2200,-2200,9.2433,0
M0060,2045,2026-08-14,2026-08-14T20:55:41+09:00,-2000,-2000,10.0167,0
M0060,2045,2026-08-15,2026-08-15T10:54:13+09:00,-200,-2000,10.0167,1
M0060,2045,2026-08-15,2026-08-15T11:29:09+09:00,-800,-2600,10.5989,0
M0060,2045,2026-08-15,2026-08-15T12:03:27+09:00,-1000,-2800,11.1706,0
M0060,2045,2026-08-15,2026-08-15T12:36:37+09:00,-1500,-3300,11.7233,0
M0060,2045,2026-08-15,2026-08-15T13:08:49+09:00,-2200,-4000,12.2600,0
M0060,2045,2026-08-15,2026-08-15T14:01:55+09:00,-2600,-4400,13.1450,0
M0060,2045,2026-08-15,2026-08-15T14:36:09+09:00,-3200,-5000,13.7156,0
M0060,2045,2026-08-15,2026-08-15T15:11:53+09:00,-3100,-4900,14.3111,0
M0060,2045,2026-08-15,2026-08-15T18:35:13+09:00,-3200,-5000,17.7000,0
M0060,2045,2026-08-15,2026-08-15T19:12:53+09:00,-2200,-4000,18.3278,0
M0060,2045,2026-08-15,2026-08-15T20:01:19+09:00,-1700,-3500,19.1350,0
M0060,2045,2026-08-15,2026-08-15T21:25:49+09:00,-1900,-3700,20.5433,0
M0060,2045,2026-08-16,2026-08-16T10:53:41+09:00,200,-3700,20.5433,1
M0060,2045,2026-08-16,2026-08-16T11:28:27+09:00,500,-3400,21.1228,0
M0060,2045,2026-08-16,2026-08-16T12:02:27+09:00,300,-3600,21.6894,0
M0060,2045,2026-08-16,2026-08-16T12:35:49+09:00,200,-3700,22.2456,0
M0060,2045,2026-08-16,2026-08-16T13:06:49+09:00,300,-3600,22.7622,0
M0060,2045,2026-08-16,2026-08-16T13:36:19+09:00,200,-3700,23.2539,0
M0060,2045,2026-08-16,2026-08-16T14:09:21+09:00,-500,-4400,23.8044,0
M0060,2045,2026-08-16,2026-08-16T14:51:21+09:00,-100,-4000,24.5044,0
M0060,2045,2026-08-16,2026-08-16T15:29:10+09:00,100,-3800,25.1347,0
M0060,2045,2026-08-16,2026-08-16T16:05:23+09:00,-400,-4300,25.7383,0
M0060,2045,2026-08-16,2026-08-16T16:39:55+09:00,-900,-4800,26.3139,0
M0060,2045,2026-08-16,2026-08-16T17:30:17+09:00,-800,-4700,27.1533,0
M0060,2045,2026-08-16,2026-08-16T18:38:25+09:00,-1300,-5200,28.2889,0
M0060,2045,2026-08-16,2026-08-16T19:40:19+09:00,-1900,-5800,29.3206,0
M0060,2045,2026-08-16,2026-08-16T20:25:39+09:00,-1600,-5500,30.0761,0
M0060,2045,2026-08-16,2026-08-16T21:04:51+09:00,-1700,-5600,30.7294,0
M0060,2045,2026-08-16,2026-08-16T21:42:13+09:00,-1800,-5700,31.3522,0
M0060,2045,2026-08-17,2026-08-17T10:52:31+09:00,0,-5700,31.3522,1
M0060,2045,2026-08-17,2026-08-17T11:28:29+09:00,-300,-6000,31.9517,0
M0060,2045,2026-08-17,2026-08-17T12:02:23+09:00,-900,-6600,32.5167,0
M0060,2045,2026-08-17,2026-08-17T12:34:35+09:00,-1200,-6900,33.0533,0
M0060,2045,2026-08-17,2026-08-17T13:07:15+09:00,-1500,-7200,33.5978,0
M0060,2045,2026-08-17,2026-08-17T13:35:21+09:00,-2000,-7700,34.0661,0
M0060,2045,2026-08-17,2026-08-17T14:03:11+09:00,-1900,-7600,34.5300,0
M0060,2045,2026-08-18,2026-08-18T10:52:51+09:00,-100,-7600,34.5300,1
M0060,2045,2026-08-18,2026-08-18T12:02:47+09:00,500,-7000,35.6956,0
M0060,2045,2026-08-18,2026-08-18T12:35:21+09:00,700,-6800,36.2383,0
M0060,2045,2026-08-18,2026-08-18T13:35:43+09:00,100,-7400,37.2444,0
M0060,2045,2026-08-18,2026-08-18T14:04:28+09:00,-400,-7900,37.7236,0
M0060,2045,2026-08-18,2026-08-18T15:11:53+09:00,-600,-8100,38.8472,0
M0060,2045,2026-08-18,2026-08-18T15:59:35+09:00,200,-7300,39.6422,0
M0060,2045,2026-08-18,2026-08-18T16:33:08+09:00,700,-6800,40.2014,0
M0060,2045,2026-08-18,2026-08-18T17:08:27+09:00,2200,-5300,40.7900,0
M0060,2045,2026-08-18,2026-08-18T18:33:31+09:00,1800,-5700,42.2078,0
M0060,2045,2026-08-18,2026-08-18T19:09:25+09:00,1000,-6500,42.8061,0
M0060,2045,2026-08-18,2026-08-18T19:59:53+09:00,500,-7000,43.6472,0
M0060,2045,2026-08-18,2026-08-18T20:35:25+09:00,300,-7200,44.2394,0
M0060,2045,2026-08-18,2026-08-18T21:11:41+09:00,-400,-7900,44.8439,0
M0060,2045,2026-08-18,2026-08-18T21:57:39+09:00,-900,-8400,45.6100,0
M0060,2045,2026-08-18,2026-08-18T22:33:27+09:00,-1000,-8500,46.2067,0
M0060,2045,2026-08-18,2026-08-18T23:10:31+09:00,-1100,-8600,46.8244,0
M0060,2045,2026-08-19,2026-08-19T10:53:31+09:00,0,-8600,46.8244,1
M0060,2045,2026-08-19,2026-08-19T11:28:23+09:00,500,-8100,47.4056,0
M0060,2045,2026-08-19,2026-08-19T12:02:25+09:00,100,-8500,47.9728,0
M0060,2045,2026-08-19,2026-08-19T12:35:06+09:00,0,-8600,48.5175,0
M0060,2045,2026-08-19,2026-08-19T13:06:21+09:00,-200,-8800,49.0383,0
M0060,2045,2026-08-19,2026-08-19T13:35:01+09:00,-600,-9200,49.5161,0
M0060,2045,2026-08-19,2026-08-19T14:09:06+09:00,-1600,-10200,50.0842,0
M0060,2045,2026-08-19,2026-08-19T14:49:47+09:00,-2100,-10700,50.7622,0
M0060,2045,2026-08-19,2026-08-19T15:26:59+09:00,-1800,-10400,51.3822,0
M0060,2045,2026-08-19,2026-08-19T16:02:55+09:00,-800,-9400,51.9811,0
M0060,2045,2026-08-19,2026-08-19T16:36:50+09:00,-200,-8800,52.5464,0
M0060,2045,2026-08-20,2026-08-20T10:52:57+09:00,0,-8800,52.5464,1
M0060,2045,2026-08-20,2026-08-20T12:35:01+09:00,-400,-9200,54.2475,0
M0060,2045,2026-08-20,2026-08-20T13:07:39+09:00,-200,-9000,54.7914,0
M0060,2045,2026-08-20,2026-08-20T14:02:59+09:00,-400,-9200,55.7136,0
M0060,2045,2026-08-20,2026-08-20T14:35:37+09:00,-700,-9500,56.2575,0
M0060,2045,2026-08-20,2026-08-20T15:09:59+09:00,-800,-9600,56.8303,0
M0060,2045,2026-08-20,2026-08-20T15:59:19+09:00,-1500,-10300,57.6525,0
M0060,2045,2026-08-20,2026-08-20T16:32:33+09:00,-1700,-10500,58.2064,0
M0060,2045,2026-08-20,2026-08-20T17:42:01+09:00,-800,-9600,59.3642,0
M0060,2045,2026-08-20,2026-08-20T18:28:21+09:00,-900,-9700,60.1364,0
M0060,2045,2026-08-20,2026-08-20T19:04:37+09:00,-1200,-10000,60.7408,0
M0060,2045,2026-08-20,2026-08-20T19:39:23+09:00,-1700,-10500,61.3203,0
M0060,2045,2026-08-20,2026-08-20T20:28:35+09:00,-2000,-10800,62.1403,0
M0060,2045,2026-08-20,2026-08-20T21:05:21+09:00,-2200,-11000,62.7531,0
M0060,2045,2026-08-20,2026-08-20T21:40:19+09:00,-1800,-10600,63.3358,0
M0060,2045,2026-08-21,2026-08-21T10:54:01+09:00,-100,-10600,63.3358,1
M0060,2045,2026-08-21,2026-08-21T11:29:17+09:00,0,-10500,63.9236,0
M0060,2045,2026-08-21,2026-08-21T12:03:33+09:00,-400,-10900,64.4947,0
M0060,2045,2026-08-21,2026-08-21T12:36:21+09:00,-900,-11400,65.0414,0
M0060,2045,2026-08-21,2026-08-21T13:07:23+09:00,-1100,-11600,65.5586,0
M0061,2046,2026-08-14,2026-08-14T10:54:41+09:00,-100,-100,0.0000,1
M0061,2046,2026-08-14,2026-08-14T11:29:45+09:00,-700,-700,0.5844,0
M0061,2046,2026-08-14,2026-08-14T12:04:15+09:00,-1100,-1100,1.1594,0
M0061,2046,2026-08-14,2026-08-14T12:37:28+09:00,-1500,-1500,1.7131,0
M0061,2046,2026-08-14,2026-08-14T13:06:37+09:00,-1700,-1700,2.1989,0
M0061,2046,2026-08-14,2026-08-14T13:35:02+09:00,-1900,-1900,2.6725,0
M0061,2046,2026-08-14,2026-08-14T14:10:37+09:00,-2500,-2500,3.2656,0
M0061,2046,2026-08-14,2026-08-14T14:55:41+09:00,-2800,-2800,4.0167,0
M0061,2046,2026-08-14,2026-08-14T16:08:02+09:00,-3000,-3000,5.2225,0
M0061,2046,2026-08-14,2026-08-14T16:41:57+09:00,-2100,-2100,5.7878,0
M0061,2046,2026-08-14,2026-08-14T17:30:37+09:00,-1100,-1100,6.5989,0
M0061,2046,2026-08-14,2026-08-14T18:07:43+09:00,-1200,-1200,7.2172,0
M0061,2046,2026-08-14,2026-08-14T18:43:04+09:00,-1500,-1500,7.8064,0
M0061,2046,2026-08-14,2026-08-14T19:31:33+09:00,-1900,-1900,8.6144,0
M0061,2046,2026-08-15,2026-08-15T10:54:13+09:00,-200,-1900,8.6144,1
M0061,2046,2026-08-15,2026-08-15T11:29:09+09:00,-500,-2200,9.1967,0
M0061,2046,2026-08-15,2026-08-15T12:03:27+09:00,-800,-2500,9.7683,0
M0061,2046,2026-08-15,2026-08-15T12:36:37+09:00,-300,-2000,10.3211,0
M0061,2046,2026-08-15,2026-08-15T13:08:49+09:00,-600,-2300,10.8578,0
M0061,2046,2026-08-15,2026-08-15T14:01:55+09:00,-1100,-2800,11.7428,0
M0061,2046,2026-08-15,2026-08-15T14:36:09+09:00,-1300,-3000,12.3133,0
M0061,2046,2026-08-15,2026-08-15T15:11:53+09:00,-2200,-3900,12.9089,0
M0061,2046,2026-08-15,2026-08-15T15:58:43+09:00,-2400,-4100,13.6894,0
M0061,2046,2026-08-15,2026-08-15T16:34:01+09:00,-2300,-4000,14.2778,0
M0061,2046,2026-08-15,2026-08-15T17:11:17+09:00,-1900,-3600,14.8989,0
M0061,2046,2026-08-15,2026-08-15T17:58:39+09:00,-2200,-3900,15.6883,0
M0061,2046,2026-08-15,2026-08-15T18:35:13+09:00,-2600,-4300,16.2978,0
M0061,2046,2026-08-15,2026-08-15T19:12:53+09:00,-2700,-4400,16.9256,0
M0061,2046,2026-08-15,2026-08-15T20:01:19+09:00,-2600,-4300,17.7328,0
M0061,2046,2026-08-16,2026-08-16T10:53:41+09:00,-100,-4300,17.7328,1
M0061,2046,2026-08-16,2026-08-16T11:28:27+09:00,-600,-4800,18.3122,0
M0061,2046,2026-08-16,2026-08-16T12:02:27+09:00,-500,-4700,18.8789,0
M0061,2046,2026-08-16,2026-08-16T12:35:49+09:00,100,-4100,19.4350,0
M0061,2046,2026-08-16,2026-08-16T13:06:49+09:00,-100,-4300,19.9517,0
M0061,2046,2026-08-16,2026-08-16T13:36:19+09:00,-300,-4500,20.4433,0
M0061,2046,2026-08-16,2026-08-16T14:09:21+09:00,-1000,-5200,20.9939,0
M0061,2046,2026-08-16,2026-08-16T14:51:21+09:00,-1100,-5300,21.6939,0
M0061,2046,2026-08-16,2026-08-16T15:29:10+09:00,-1200,-5400,22.3242,0
M0061,2046,2026-08-16,2026-08-16T16:05:23+09:00,-200,-4400,22.9278,0
M0061,2046,2026-08-16,2026-08-16T16:39:55+09:00,200,-4000,23.5033,0
M0061,2046,2026-08-16,2026-08-16T17:30:17+09:00,-300,-4500,24.3428,0
M0061,2046,2026-08-16,2026-08-16T18:07:35+09:00,-200,-4400,24.9644,0
M0061,2046,2026-08-16,2026-08-16T18:38:25+09:00,100,-4100,25.4783,0
M0061,2046,2026-08-16,2026-08-16T19:40:19+09:00,-400,-4600,26.5100,0
M0061,2046,2026-08-16,2026-08-16T20:25:39+09:00,-700,-4900,27.2656,0
M0061,2046,2026-08-16,2026-08-16T21:04:51+09:00,-100,-4300,27.9189,0
M0061,2046,2026-08-16,2026-08-16T21:42:13+09:00,-1300,-5500,28.5417,0
M0061,2046,2026-08-16,2026-08-16T22:32:01+09:00,-1200,-5400,29.3717,0
M0061,2046,2026-08-17,2026-08-17T10:52:31+09:00,0,-5400,29.3717,1
M0061,2046,2026-08-17,2026-08-17T14:03:11+09:00,-500,-5900,32.5494,0
M0061,2046,2026-08-17,2026-08-17T14:36:43+09:00,200,-5200,33.1083,0
M0061,2046,2026-08-17,2026-08-17T15:11:21+09:00,-700,-6100,33.6856,0
M0061,2046,2026-08-17,2026-08-17T16:33:27+09:00,-800,-6200,35.0539,0
M0061,2046,2026-08-17,2026-08-17T17:09:07+09:00,-600,-6000,35.6483,0
M0061,2046,2026-08-17,2026-08-17T17:58:27+09:00,-100,-5500,36.4706,0
M0061,2046,2026-08-17,2026-08-17T18:33:03+09:00,800,-4600,37.0472,0
M0061,2046,2026-08-17,2026-08-17T19:09:23+09:00,2400,-3000,37.6528,0
M0061,2046,2026-08-17,2026-08-17T19:59:55+09:00,2700,-2700,38.4950,0
M0061,2046,2026-08-17,2026-08-17T21:13:05+09:00,2600,-2800,39.7144,0
M0061,2046,2026-08-18,2026-08-18T10:52:51+09:00,0,-2800,39.7144,1
M0061,2046,2026-08-18,2026-08-18T12:02:47+09:00,-600,-3400,40.8800,0
M0061,2046,2026-08-18,2026-08-18T12:35:21+09:00,-1100,-3900,41.4228,0
M0061,2046,2026-08-18,2026-08-18T14:37:28+09:00,-1200,-4000,43.4581,0
M0061,2046,2026-08-18,2026-08-18T15:11:53+09:00,-1000,-3800,44.0317,0
M0061,2046,2026-08-18,2026-08-18T15:59:35+09:00,-700,-3500,44.8267,0
M0061,2046,2026-08-19,2026-08-19T10:53:31+09:00,-100,-3500,44.8267,1
M0061,2046,2026-08-19,2026-08-19T11:28:23+09:00,100,-3300,45.4078,0
M0061,2046,2026-08-19,2026-08-19T13:06:21+09:00,700,-2700,47.0406,0
M0061,2046,2026-08-19,2026-08-19T14:09:06+09:00,900,-2500,48.0864,0
M0061,2046,2026-08-19,2026-08-19T14:49:47+09:00,1000,-2400,48.7644,0
M0061,2046,2026-08-19,2026-08-19T15:26:59+09:00,700,-2700,49.3844,0
M0061,2046,2026-08-19,2026-08-19T16:02:55+09:00,500,-2900,49.9833,0
M0061,2046,2026-08-19,2026-08-19T17:06:11+09:00,400,-3000,51.0378,0
M0061,2046,2026-08-19,2026-08-19T17:32:35+09:00,-200,-3600,51.4778,0
M0061,2046,2026-08-19,2026-08-19T18:08:43+09:00,-1100,-4500,52.0800,0
M0061,2046,2026-08-19,2026-08-19T18:50:27+09:00,-900,-4300,52.7756,0
M0061,2046,2026-08-19,2026-08-19T19:28:55+09:00,200,-3200,53.4167,0
M0061,2046,2026-08-19,2026-08-19T20:05:19+09:00,600,-2800,54.0233,0
M0061,2046,2026-08-19,2026-08-19T20:39:17+09:00,500,-2900,54.5894,0
M0061,2046,2026-08-19,2026-08-19T21:30:39+09:00,300,-3100,55.4456,0
M0061,2046,2026-08-20,2026-08-20T10:52:57+09:00,0,-3100,55.4456,1
M0061,2046,2026-08-20,2026-08-20T12:35:01+09:00,-300,-3400,57.1467,0
M0061,2046,2026-08-20,2026-08-20T13:07:39+09:00,-500,-3600,57.6906,0
M0061,2046,2026-08-20,2026-08-20T13:36:17+09:00,-800,-3900,58.1678,0
M0061,2046,2026-08-20,2026-08-20T14:02:59+09:00,-900,-4000,58.6128,0
M0061,2046,2026-08-20,2026-08-20T14:35:37+09:00,-1000,-4100,59.1567,0
M0061,2046,2026-08-20,2026-08-20T15:09:59+09:00,300,-2800,59.7294,0
M0061,2046,2026-08-20,2026-08-20T15:59:19+09:00,500,-2600,60.5517,0
M0061,2046,2026-08-20,2026-08-20T16:32:33+09:00,-300,-3400,61.1056,0
M0061,2046,2026-08-20,2026-08-20T17:07:41+09:00,-400,-3500,61.6911,0
M0061,2046,2026-08-20,2026-08-20T17:42:01+09:00,-800,-3900,62.2633,0
M0061,2046,2026-08-20,2026-08-20T18:28:21+09:00,-700,-3800,63.0356,0
M0061,2046,2026-08-20,2026-08-20T19:39:23+09:00,200,-2900,64.2194,0
M0061,2046,2026-08-21,2026-08-21T10:54:01+09:00,-100,-2900,64.2194,1
M0061,2046,2026-08-21,2026-08-21T11:29:17+09:00,-200,-3000,64.8072,0
M0061,2046,2026-08-21,2026-08-21T12:03:33+09:00,-400,-3200,65.3783,0
M0061,2046,2026-08-21,2026-08-21T12:36:21+09:00,-200,-3000,65.9250,0
M0061,2046,2026-08-21,2026-08-21T13:07:23+09:00,-500,-3300,66.4422,0
M0062,2047,2026-08-14,2026-08-14T10:54:41+09:00,-200,-200,0.0000,1
M0062,2047,2026-08-14,2026-08-14T11:29:45+09:00,-600,-600,0.5844,0
M0062,2047,2026-08-14,2026-08-14T12:04:15+09:00,-1200,-1200,1.1594,0
M0062,2047,2026-08-14,2026-08-14T12:37:28+09:00,-1100,-1100,1.7131,0
M0062,2047,2026-08-14,2026-08-14T13:06:37+09:00,-300,-300,2.1989,0
M0062,2047,2026-08-14,2026-08-14T13:35:02+09:00,0,0,2.6725,0
M0062,2047,2026-08-14,2026-08-14T15:31:41+09:00,300,300,4.6167,0
M0062,2047,2026-08-14,2026-08-14T16:08:02+09:00,-200,-200,5.2225,0
M0062,2047,2026-08-14,2026-08-14T16:41:57+09:00,-1000,-1000,5.7878,0
M0062,2047,2026-08-14,2026-08-14T17:30:37+09:00,-1400,-1400,6.5989,0
M0062,2047,2026-08-14,2026-08-14T18:07:43+09:00,-1700,-1700,7.2172,0
M0062,2047,2026-08-14,2026-08-14T18:43:04+09:00,-2200,-2200,7.8064,0
M0062,2047,2026-08-14,2026-08-14T19:31:33+09:00,-2700,-2700,8.6144,0
M0062,2047,2026-08-14,2026-08-14T20:09:17+09:00,-2600,-2600,9.2433,0
M0062,2047,2026-08-14,2026-08-14T20:55:41+09:00,-3000,-3000,10.0167,0
M0062,2047,2026-08-15,2026-08-15T10:54:13+09:00,-200,-3000,10.0167,1
M0062,2047,2026-08-15,2026-08-15T11:29:09+09:00,-500,-3300,10.5989,0
M0062,2047,2026-08-15,2026-08-15T12:03:27+09:00,-1000,-3800,11.1706,0
M0062,2047,2026-08-15,2026-08-15T12:36:37+09:00,-1200,-4000,11.7233,0
M0062,2047,2026-08-15,2026-08-15T13:08:49+09:00,-1300,-4100,12.2600,0
M0062,2047,2026-08-15,2026-08-15T14:01:55+09:00,-900,-3700,13.1450,0
M0062,2047,2026-08-15,2026-08-15T14:36:09+09:00,-1100,-3900,13.7156,0
M0062,2047,2026-08-15,2026-08-15T15:11:53+09:00,-1500,-4300,14.3111,0
M0062,2047,2026-08-15,2026-08-15T17:11:17+09:00,-1300,-4100,16.3011,0
M0062,2047,2026-08-15,2026-08-15T17:58:39+09:00,-800,-3600,17.0906,0
M0062,2047,2026-08-15,2026-08-15T18:35:13+09:00,-1200,-4000,17.7000,0
M0062,2047,2026-08-15,2026-08-15T19:12:53+09:00,-2000,-4800,18.3278,0
M0062,2047,2026-08-15,2026-08-15T20:01:19+09:00,-2400,-5200,19.1350,0
M0062,2047,2026-08-15,2026-08-15T20:38:25+09:00,-3100,-5900,19.7533,0
M0062,2047,2026-08-15,2026-08-15T21:25:49+09:00,-2700,-5500,20.5433,0
M0062,2047,2026-08-16,2026-08-16T10:53:41+09:00,-200,-5500,20.5433,1
M0062,2047,2026-08-16,2026-08-16T11:28:27+09:00,-700,-6000,21.1228,0
M0062,2047,2026-08-16,2026-08-16T12:02:27+09:00,-1200,-6500,21.6894,0
M0062,2047,2026-08-16,2026-08-16T12:35:49+09:00,-1400,-6700,22.2456,0
M0062,2047,2026-08-16,2026-08-16T13:06:49+09:00,-1600,-6900,22.7622,0
M0062,2047,2026-08-16,2026-08-16T13:36:19+09:00,-2100,-7400,23.2539,0
M0062,2047,2026-08-16,2026-08-16T14:09:21+09:00,-2500,-7800,23.8044,0
M0062,2047,2026-08-16,2026-08-16T14:51:21+09:00,-2800,-8100,24.5044,0
M0062,2047,2026-08-16,2026-08-16T15:29:10+09:00,-2600,-7900,25.1347,0
M0062,2047,2026-08-16,2026-08-16T16:05:23+09:00,-3000,-8300,25.7383,0
M0062,2047,2026-08-16,2026-08-16T16:39:55+09:00,-2600,-7900,26.3139,0
M0062,2047,2026-08-16,2026-08-16T17:30:17+09:00,-2300,-7600,27.1533,0
M0062,2047,2026-08-16,2026-08-16T18:07:35+09:00,-2100,-7400,27.7750,0
M0062,2047,2026-08-16,2026-08-16T18:38:25+09:00,-2500,-7800,28.2889,0
M0062,2047,2026-08-17,2026-08-17T10:52:31+09:00,-100,-7800,28.2889,1
M0062,2047,2026-08-17,2026-08-17T11:28:29+09:00,-200,-7900,28.8883,0
M0062,2047,2026-08-17,2026-08-17T12:02:23+09:00,-700,-8400,29.4533,0
M0062,2047,2026-08-17,2026-08-17T12:34:35+09:00,-1300,-9000,29.9900,0
M0062,2047,2026-08-17,2026-08-17T13:07:15+09:00,-1800,-9500,30.5344,0
M0062,2047,2026-08-17,2026-08-17T13:35:21+09:00,-1500,-9200,31.0028,0
M0062,2047,2026-08-17,2026-08-17T14:03:11+09:00,-2000,-9700,31.4667,0
M0062,2047,2026-08-17,2026-08-17T14:36:43+09:00,-2400,-10100,32.0256,0
M0062,2047,2026-08-17,2026-08-17T15:11:21+09:00,-2900,-10600,32.6028,0
M0062,2047,2026-08-17,2026-08-17T16:33:27+09:00,-3000,-10700,33.9711,0
M0062,2047,2026-08-17,2026-08-17T17:09:07+09:00,-4000,-11700,34.5656,0
M0062,2047,2026-08-17,2026-08-17T17:58:27+09:00,-4500,-12200,35.3878,0
M0062,2047,2026-08-17,2026-08-17T18:33:03+09:00,-4700,-12400,35.9644,0
M0062,2047,2026-08-17,2026-08-17T19:09:23+09:00,-4600,-12300,36.5700,0
M0062,2047,2026-08-17,2026-08-17T19:59:55+09:00,-3900,-11600,37.4122,0
M0062,2047,2026-08-17,2026-08-17T20:35:21+09:00,-4200,-11900,38.0028,0
M0062,2047,2026-08-18,2026-08-18T10:52:51+09:00,200,-11900,38.0028,1
M0062,2047,2026-08-18,2026-08-18T11:28:45+09:00,900,-11200,38.6011,0
M0062,2047,2026-08-18,2026-08-18T12:02:47+09:00,700,-11400,39.1683,0
M0062,2047,2026-08-18,2026-08-18T12:35:21+09:00,600,-11500,39.7111,0
M0062,2047,2026-08-18,2026-08-18T13:07:37+09:00,200,-11900,40.2489,0
M0062,2047,2026-08-18,2026-08-18T13:35:43+09:00,0,-12100,40.7172,0
M0062,2047,2026-08-18,2026-08-18T14:04:28+09:00,-500,-12600,41.1964,0
M0062,2047,2026-08-18,2026-08-18T14:37:28+09:00,-900,-13000,41.7464,0
M0062,2047,2026-08-18,2026-08-18T15:11:53+09:00,-1000,-13100,42.3200,0
M0062,2047,2026-08-18,2026-08-18T18:33:31+09:00,-1100,-13200,45.6806,0
M0062,2047,2026-08-19,2026-08-19T10:53:31+09:00,-100,-13200,45.6806,1
M0062,2047,2026-08-19,2026-08-19T11:28:23+09:00,-700,-13800,46.2617,0
M0062,2047,2026-08-19,2026-08-19T12:02:25+09:00,-900,-14000,46.8289,0
M0062,2047,2026-08-19,2026-08-19T12:35:06+09:00,-700,-13800,47.3736,0
M0062,2047,2026-08-19,2026-08-19T13:06:21+09:00,300,-12800,47.8944,0
M0062,2047,2026-08-19,2026-08-19T13:35:01+09:00,1000,-12100,48.3722,0
M0062,2047,2026-08-19,2026-08-19T14:09:06+09:00,1600,-11500,48.9403,0
M0062,2047,2026-08-19,2026-08-19T14:49:47+09:00,1100,-12000,49.6183,0
M0062,2047,2026-08-19,2026-08-19T15:26:59+09:00,300,-12800,50.2383,0
M0062,2047,2026-08-20,2026-08-20T10:52:57+09:00,-200,-12800,50.2383,1
M0062,2047,2026-08-20,2026-08-20T11:28:53+09:00,-600,-13200,50.8372,0
M0062,2047,2026-08-20,2026-08-20T12:02:37+09:00,-400,-13000,51.3994,0
M0062,2047,2026-08-20,2026-08-20T12:35:01+09:00,100,-12500,51.9394,0
M0062,2047,2026-08-20,2026-08-20T13:07:39+09:00,-400,-13000,52.4833,0
M0062,2047,2026-08-20,2026-08-20T15:09:59+09:00,-800,-13400,54.5222,0
M0062,2047,2026-08-20,2026-08-20T21:40:19+09:00,-1200,-13800,61.0278,0
M0062,2047,2026-08-21,2026-08-21T10:54:01+09:00,-100,-13800,61.0278,1
M0062,2047,2026-08-21,2026-08-21T11:29:17+09:00,-500,-14200,61.6156,0
M0062,2047,2026-08-21,2026-08-21T12:03:33+09:00,-1200,-14900,62.1867,0
M0062,2047,2026-08-21,2026-08-21T12:36:21+09:00,-1600,-15300,62.7333,0
M0062,2047,2026-08-21,2026-08-21T13:07:23+09:00,-1800,-15500,63.2506,0
M0063,2048,2026-08-14,2026-08-14T10:54:41+09:00,-200,-200,0.0000,1
M0063,2048,2026-08-14,2026-08-14T11:29:45+09:00,-300,-300,0.5844,0
M0063,2048,2026-08-14,2026-08-14T12:04:15+09:00,0,0,1.1594,0
M0063,2048,2026-08-14,2026-08-14T12:37:28+09:00,-600,-600,1.7131,0
M0063,2048,2026-08-14,2026-08-14T13:06:37+09:00,-900,-900,2.1989,0
M0063,2048,2026-08-14,2026-08-14T13:35:02+09:00,-800,-800,2.6725,0
M0063,2048,2026-08-14,2026-08-14T14:10:37+09:00,-1500,-1500,3.2656,0
M0063,2048,2026-08-14,2026-08-14T14:55:41+09:00,-1800,-1800,4.0167,0
M0063,2048,2026-08-14,2026-08-14T18:43:04+09:00,-1900,-1900,7.8064,0
M0063,2048,2026-08-14,2026-08-14T19:31:33+09:00,-2300,-2300,8.6144,0
M0063,2048,2026-08-14,2026-08-14T20:09:17+09:00,-2000,-2000,9.2433,0
M0063,2048,2026-08-14,2026-08-14T20:55:41+09:00,-1600,-1600,10.0167,0
M0063,2048,2026-08-14,2026-08-14T21:33:02+09:00,-1000,-1000,10.6392,0
M0063,2048,2026-08-14,2026-08-14T22:11:45+09:00,0,0,11.2844,0
M0063,2048,2026-08-15,2026-08-15T10:54:13+09:00,100,0,11.2844,1
M0063,2048,2026-08-15,2026-08-15T11:29:09+09:00,600,500,11.8667,0
M0063,2048,2026-08-15,2026-08-15T12:36:37+09:00,700,600,12.9911,0
M0063,2048,2026-08-15,2026-08-15T13:08:49+09:00,600,500,13.5278,0
M0063,2048,2026-08-15,2026-08-15T14:01:55+09:00,500,400,14.4128,0
M0063,2048,2026-08-15,2026-08-15T14:36:09+09:00,700,600,14.9833,0
M0063,2048,2026-08-15,2026-08-15T15:11:53+09:00,500,400,15.5789,0
M0063,2048,2026-08-15,2026-08-15T15:58:43+09:00,1100,1000,16.3594,0
M0063,2048,2026-08-15,2026-08-15T16:34:01+09:00,500,400,16.9478,0
M0063,2048,2026-08-15,2026-08-15T17:11:17+09:00,800,700,17.5689,0
M0063,2048,2026-08-15,2026-08-15T17:58:39+09:00,1100,1000,18.3583,0
M0063,2048,2026-08-15,2026-08-15T18:35:13+09:00,900,800,18.9678,0
M0063,2048,2026-08-15,2026-08-15T19:12:53+09:00,500,400,19.5956,0
M0063,2048,2026-08-15,2026-08-15T20:38:25+09:00,-200,-300,21.0211,0
M0063,2048,2026-08-15,2026-08-15T21:25:49+09:00,800,700,21.8111,0
M0063,2048,2026-08-15,2026-08-15T22:04:23+09:00,200,100,22.4539,0
M0063,2048,2026-08-15,2026-08-15T22:41:53+09:00,700,600,23.0789,0
M0063,2048,2026-08-16,2026-08-16T10:53:41+09:00,-100,600,23.0789,1
M0063,2048,2026-08-16,2026-08-16T11:28:27+09:00,-600,100,23.6583,0
M0063,2048,2026-08-16,2026-08-16T12:02:27+09:00,-700,0,24.2250,0
M0063,2048,2026-08-16,2026-08-16T12:35:49+09:00,-200,500,24.7811,0
M0063,2048,2026-08-16,2026-08-16T13:06:49+09:00,-600,100,25.2978,0
M0063,2048,2026-08-16,2026-08-16T13:36:19+09:00,-900,-200,25.7894,0
M0063,2048,2026-08-16,2026-08-16T14:09:21+09:00,-300,400,26.3400,0
M0063,2048,2026-08-16,2026-08-16T14:51:21+09:00,0,700,27.0400,0
M0063,2048,2026-08-16,2026-08-16T15:29:10+09:00,100,800,27.6703,0
M0063,2048,2026-08-16,2026-08-16T16:05:23+09:00,500,1200,28.2739,0
M0063,2048,2026-08-16,2026-08-16T16:39:55+09:00,600,1300,28.8494,0
M0063,2048,2026-08-16,2026-08-16T17:30:17+09:00,100,800,29.6889,0
M0063,2048,2026-08-16,2026-08-16T18:07:35+09:00,-100,600,30.3106,0
M0063,2048,2026-08-16,2026-08-16T18:38:25+09:00,-900,-200,30.8244,0
M0063,2048,2026-08-16,2026-08-16T19:40:19+09:00,-1400,-700,31.8561,0
M0063,2048,2026-08-16,2026-08-16T20:25:39+09:00,-2000,-1300,32.6117,0
M0063,2048,2026-08-16,2026-08-16T21:04:51+09:00,-1900,-1200,33.2650,0
M0063,2048,2026-08-16,2026-08-16T21:42:13+09:00,-2000,-1300,33.8878,0
M0063,2048,2026-08-17,2026-08-17T10:52:31+09:00,0,-1300,33.8878,1
M0063,2048,2026-08-17,2026-08-17T14:03:11+09:00,600,-700,37.0656,0
M0063,2048,2026-08-17,2026-08-17T14:36:43+09:00,-100,-1400,37.6244,0
M0063,2048,2026-08-17,2026-08-17T15:11:21+09:00,-900,-2200,38.2017,0
M0063,2048,2026-08-17,2026-08-17T16:33:27+09:00,-700,-2000,39.5700,0
M0063,2048,2026-08-18,2026-08-18T10:52:51+09:00,100,-2000,39.5700,1
M0063,2048,2026-08-18,2026-08-18T11:28:45+09:00,900,-1200,40.1683,0
M0063,2048,2026-08-18,2026-08-18T12:02:47+09:00,700,-1400,40.7356,0
M0063,2048,2026-08-18,2026-08-18T12:35:21+09:00,600,-1500,41.2783,0
M0063,2048,2026-08-18,2026-08-18T13:07:37+09:00,200,-1900,41.8161,0
M0063,2048,2026-08-18,2026-08-18T13:35:43+09:00,-200,-2300,42.2844,0
M0063,2048,2026-08-18,2026-08-18T14:04:28+09:00,200,-1900,42.7636,0
M0063,2048,2026-08-18,2026-08-18T14:37:28+09:00,-200,-2300,43.3136,0
M0063,2048,2026-08-18,2026-08-18T15:11:53+09:00,-600,-2700,43.8872,0
M0063,2048,2026-08-18,2026-08-18T16:33:08+09:00,-1100,-3200,45.2414,0
M0063,2048,2026-08-18,2026-08-18T17:08:27+09:00,-700,-2800,45.8300,0
M0063,2048,2026-08-18,2026-08-18T17:59:01+09:00,-400,-2500,46.6728,0
M0063,2048,2026-08-18,2026-08-18T18:33:31+09:00,-1000,-3100,47.2478,0
M0063,2048,2026-08-18,2026-08-18T19:09:25+09:00,-1600,-3700,47.8461,0
M0063,2048,2026-08-18,2026-08-18T19:59:53+09:00,-1300,-3400,48.6872,0
M0063,2048,2026-08-18,2026-08-18T20:35:25+09:00,-600,-2700,49.2794,0
M0063,2048,2026-08-18,2026-08-18T21:11:41+09:00,600,-1500,49.8839,0
M0063,2048,2026-08-19,2026-08-19T10:53:31+09:00,0,-1500,49.8839,1
M0063,2048,2026-08-19,2026-08-19T12:35:06+09:00,-300,-1800,51.5769,0
M0063,2048,2026-08-19,2026-08-19T13:06:21+09:00,-500,-2000,52.0978,0
M0063,2048,2026-08-19,2026-08-19T13:35:01+09:00,-200,-1700,52.5756,0
M0063,2048,2026-08-19,2026-08-19T14:09:06+09:00,-700,-2200,53.1436,0
M0063,2048,2026-08-20,2026-08-20T10:52:57+09:00,0,-2200,53.1436,1
M0063,2048,2026-08-20,2026-08-20T14:02:59+09:00,500,-1700,56.3108,0
M0063,2048,2026-08-20,2026-08-20T14:35:37+09:00,700,-1500,56.8547,0
M0063,2048,2026-08-20,2026-08-20T15:09:59+09:00,1100,-1100,57.4275,0
M0063,2048,2026-08-20,2026-08-20T15:59:19+09:00,700,-1500,58.2497,0
M0063,2048,2026-08-20,2026-08-20T17:07:41+09:00,900,-1300,59.3892,0
M0063,2048,2026-08-20,2026-08-20T17:42:01+09:00,600,-1600,59.9614,0
M0063,2048,2026-08-20,2026-08-20T18:28:21+09:00,1000,-1200,60.7336,0
M0063,2048,2026-08-20,2026-08-20T19:04:37+09:00,1300,-900,61.3381,0
M0063,2048,2026-08-20,2026-08-20T19:39:23+09:00,1200,-1000,61.9175,0
M0063,2048,2026-08-20,2026-08-20T20:28:35+09:00,800,-1400,62.7375,0
M0063,2048,2026-08-20,2026-08-20T21:05:21+09:00,400,-1800,63.3503,0
M0063,2048,2026-08-20,2026-08-20T21:40:19+09:00,700,-1500,63.9331,0
M0063,2048,2026-08-21,2026-08-21T10:54:01+09:00,-200,-1500,63.9331,1
M0063,2048,2026-08-21,2026-08-21T11:29:17+09:00,400,-900,64.5208,0
M0063,2048,2026-08-21,2026-08-21T12:03:33+09:00,800,-500,65.0919,0
M0063,2048,2026-08-21,2026-08-21T12:36:21+09:00,300,-1000,65.6386,0
M0063,2048,2026-08-21,2026-08-21T13:07:23+09:00,-200,-1500,66.1558,0
M0064,2049,2026-08-14,2026-08-14T10:54:41+09:00,-100,-100,0.0000,1
M0064,2049,2026-08-14,2026-08-14T11:29:45+09:00,-500,-500,0.5844,0
M0064,2049,2026-08-14,2026-08-14T12:37:28+09:00,-300,-300,1.7131,0
M0064,2049,2026-08-14,2026-08-14T13:06:37+09:00,-900,-900,2.1989,0
M0064,2049,2026-08-14,2026-08-14T13:35:02+09:00,-700,-700,2.6725,0
M0064,2049,2026-08-14,2026-08-14T14:10:37+09:00,-600,-600,3.2656,0
M0064,2049,2026-08-14,2026-08-14T14:55:41+09:00,-800,-800,4.0167,0
M0064,2049,2026-08-14,2026-08-14T15:31:41+09:00,-600,-600,4.6167,0
M0064,2049,2026-08-14,2026-08-14T16:08:02+09:00,500,500,5.2225,0
M0064,2049,2026-08-14,2026-08-14T16:41:57+09:00,100,100,5.7878,0
M0064,2049,2026-08-14,2026-08-14T17:30:37+09:00,0,0,6.5989,0
M0064,2049,2026-08-14,2026-08-14T18:07:43+09:00,-500,-500,7.2172,0
M0064,2049,2026-08-14,2026-08-14T18:43:04+09:00,-800,-800,7.8064,0
M0064,2049,2026-08-14,2026-08-14T19:31:33+09:00,-1400,-1400,8.6144,0
M0064,2049,2026-08-14,2026-08-14T20:09:17+09:00,-2200,-2200,9.2433,0
M0064,2049,2026-08-14,2026-08-14T20:55:41+09:00,-2300,-2300,10.0167,0
M0064,2049,2026-08-14,2026-08-14T21:33:02+09:00,-2400,-2400,10.6392,0
M0064,2049,2026-08-15,2026-08-15T10:54:13+09:00,-200,-2400,10.6392,1
M0064,2049,2026-08-15,2026-08-15T11:29:09+09:00,-100,-2300,11.2214,0
M0064,2049,2026-08-15,2026-08-15T12:03:27+09:00,-600,-2800,11.7931,0
M0064,2049,2026-08-15,2026-08-15T12:36:37+09:00,-1000,-3200,12.3458,0
M0064,2049,2026-08-15,2026-08-15T13:08:49+09:00,-2200,-4400,12.8825,0
M0064,2049,2026-08-15,2026-08-15T14:36:09+09:00,-2400,-4600,14.3381,0
M0064,2049,2026-08-15,2026-08-15T15:11:53+09:00,-3500,-5700,14.9336,0
M0064,2049,2026-08-15,2026-08-15T15:58:43+09:00,-3200,-5400,15.7142,0
M0064,2049,2026-08-15,2026-08-15T17:11:17+09:00,-2400,-4600,16.9236,0
M0064,2049,2026-08-15,2026-08-15T17:58:39+09:00,-2200,-4400,17.7131,0
M0064,2049,2026-08-15,2026-08-15T18:35:13+09:00,-2600,-4800,18.3225,0
M0064,2049,2026-08-15,2026-08-15T19:12:53+09:00,-3700,-5900,18.9503,0
M0064,2049,2026-08-15,2026-08-15T20:01:19+09:00,-2700,-4900,19.7575,0
M0064,2049,2026-08-15,2026-08-15T20:38:25+09:00,-2600,-4800,20.3758,0
M0064,2049,2026-08-16,2026-08-16T10:53:41+09:00,-200,-4800,20.3758,1
M0064,2049,2026-08-16,2026-08-16T11:28:27+09:00,-600,-5200,20.9553,0
M0064,2049,2026-08-16,2026-08-16T12:02:27+09:00,-900,-5500,21.5219,0
M0064,2049,2026-08-16,2026-08-16T12:35:49+09:00,-300,-4900,22.0781,0
M0064,2049,2026-08-16,2026-08-16T13:06:49+09:00,-600,-5200,22.5947,0
M0064,2049,2026-08-16,2026-08-16T14:09:21+09:00,-400,-5000,23.6369,0
M0064,2049,2026-08-16,2026-08-16T14:51:21+09:00,100,-4500,24.3369,0
M0064,2049,2026-08-16,2026-08-16T15:29:10+09:00,-300,-4900,24.9672,0
M0064,2049,2026-08-16,2026-08-16T16:05:23+09:00,-800,-5400,25.5708,0
M0064,2049,2026-08-16,2026-08-16T16:39:55+09:00,-1000,-5600,26.1464,0
M0064,2049,2026-08-16,2026-08-16T17:30:17+09:00,-1200,-5800,26.9858,0
M0064,2049,2026-08-16,2026-08-16T18:07:35+09:00,-1300,-5900,27.6075,0
M0064,2049,2026-08-16,2026-08-16T18:38:25+09:00,-300,-4900,28.1214,0
M0064,2049,2026-08-16,2026-08-16T19:40:19+09:00,0,-4600,29.1531,0
M0064,2049,2026-08-17,2026-08-17T10:52:31+09:00,0,-4600,29.1531,1
M0064,2049,2026-08-17,2026-08-17T11:28:29+09:00,800,-3800,29.7525,0
M0064,2049,2026-08-17,2026-08-17T12:02:23+09:00,200,-4400,30.3175,0
M0064,2049,2026-08-17,2026-08-17T12:34:35+09:00,600,-4000,30.8542,0
M0064,2049,2026-08-17,2026-08-17T13:07:15+09:00,800,-3800,31.3986,0
M0064,2049,2026-08-17,2026-08-17T13:35:21+09:00,300,-4300,31.8669,0
M0064,2049,2026-08-17,2026-08-17T16:33:27+09:00,-200,-4800,34.8353,0
M0064,2049,2026-08-17,2026-08-17T17:09:07+09:00,-1200,-5800,35.4297,0
M0064,2049,2026-08-17,2026-08-17T17:58:27+09:00,-1500,-6100,36.2519,0
M0064,2049,2026-08-17,2026-08-17T18:33:03+09:00,-2000,-6600,36.8286,0
M0064,2049,2026-08-17,2026-08-17T19:09:23+09:00,-1600,-6200,37.4342,0
M0064,2049,2026-08-17,2026-08-17T19:59:55+09:00,-2300,-6900,38.2764,0
M0064,2049,2026-08-17,2026-08-17T20:35:21+09:00,-2400,-7000,38.8669,0
M0064,2049,2026-08-17,2026-08-17T21:13:05+09:00,-1900,-6500,39.4958,0
M0064,2049,2026-08-17,2026-08-17T21:59:13+09:00,-1000,-5600,40.2647,0
M0064,2049,2026-08-17,2026-08-17T22:34:49+09:00,-1600,-6200,40.8581,0
M0064,2049,2026-08-18,2026-08-18T10:52:51+09:00,0,-6200,40.8581,1
M0064,2049,2026-08-18,2026-08-18T12:35:21+09:00,200,-6000,42.5664,0
M0064,2049,2026-08-18,2026-08-18T13:07:37+09:00,500,-5700,43.1042,0
M0064,2049,2026-08-18,2026-08-18T13:35:43+09:00,1400,-4800,43.5725,0
M0064,2049,2026-08-18,2026-08-18T14:04:28+09:00,800,-5400,44.0517,0
M0064,2049,2026-08-18,2026-08-18T14:37:28+09:00,200,-6000,44.6017,0
M0064,2049,2026-08-18,2026-08-18T17:08:27+09:00,100,-6100,47.1181,0
M0064,2049,2026-08-18,2026-08-18T21:57:39+09:00,-300,-6500,51.9381,0
M0064,2049,2026-08-18,2026-08-18T22:33:27+09:00,0,-6200,52.5347,0
M0064,2049,2026-08-18,2026-08-18T23:10:31+09:00,1400,-4800,53.1525,0
M0064,2049,2026-08-19,2026-08-19T10:53:31+09:00,-100,-4800,53.1525,1
M0064,2049,2026-08-19,2026-08-19T11:28:23+09:00,-700,-5400,53.7336,0
M0064,2049,2026-08-19,2026-08-19T12:02:25+09:00,-1100,-5800,54.3008,0
M0064,2049,2026-08-19,2026-08-19T12:35:06+09:00,-1400,-6100,54.8456,0
M0064,2049,2026-08-19,2026-08-19T13:06:21+09:00,-400,-5100,55.3664,0
M0064,2049,2026-08-19,2026-08-19T13:35:01+09:00,-1000,-5700,55.8442,0
M0064,2049,2026-08-19,2026-08-19T14:09:06+09:00,-900,-5600,56.4122,0
M0064,2049,2026-08-19,2026-08-19T14:49:47+09:00,-800,-5500,57.0903,0
M0064,2049,2026-08-19,2026-08-19T15:26:59+09:00,100,-4600,57.7103,0
M0064,2049,2026-08-19,2026-08-19T16:02:55+09:00,700,-4000,58.3092,0
M0064,2049,2026-08-19,2026-08-19T16:36:50+09:00,800,-3900,58.8744,0
M0064,2049,2026-08-19,2026-08-19T18:50:27+09:00,500,-4200,61.1014,0
M0064,2049,2026-08-19,2026-08-19T19:28:55+09:00,900,-3800,61.7425,0
M0064,2049,2026-08-19,2026-08-19T20:05:19+09:00,2000,-2700,62.3492,0
M0064,2049,2026-08-19,2026-08-19T20:39:17+09:00,1200,-3500,62.9153,0
M0064,2049,2026-08-20,2026-08-20T10:52:57+09:00,0,-3500,62.9153,1
M0064,2049,2026-08-20,2026-08-20T14:02:59+09:00,-500,-4000,66.0825,0
M0064,2049,2026-08-20,2026-08-20T15:09:59+09:00,-700,-4200,67.1992,0
M0064,2049,2026-08-20,2026-08-20T15:59:19+09:00,300,-3200,68.0214,0
M0064,2049,2026-08-20,2026-08-20T19:39:23+09:00,-500,-4000,71.6892,0
M0064,2049,2026-08-20,2026-08-20T20:28:35+09:00,-900,-4400,72.5092,0
M0064,2049,2026-08-20,2026-08-20T21:05:21+09:00,-1000,-4500,73.1219,0
M0064,2049,2026-08-20,2026-08-20T21:40:19+09:00,-1100,-4600,73.7047,0
M0064,2049,2026-08-21,2026-08-21T10:54:01+09:00,100,-4600,73.7047,1
M0064,2049,2026-08-21,2026-08-21T11:29:17+09:00,500,-4200,74.2925,0
M0064,2049,2026-08-21,2026-08-21T12:03:33+09:00,1200,-3500,74.8636,0
M0064,2049,2026-08-21,2026-08-21T12:36:21+09:00,2200,-2500,75.4103,0
M0065,2050,2026-08-14,2026-08-14T10:54:41+09:00,-200,-200,0.0000,1
M0065,2050,2026-08-14,2026-08-14T11:29:45+09:00,-600,-600,0.5844,0
M0065,2050,2026-08-14,2026-08-14T12:04:15+09:00,100,100,1.1594,0
M0065,2050,2026-08-14,2026-08-14T12:37:28+09:00,200,200,1.7131,0
M0065,2050,2026-08-14,2026-08-14T13:06:37+09:00,1000,1000,2.1989,0
M0065,2050,2026-08-14,2026-08-14T13:35:02+09:00,800,800,2.6725,0
M0065,2050,2026-08-14,2026-08-14T14:10:37+09:00,500,500,3.2656,0
M0065,2050,2026-08-14,2026-08-14T14:55:41+09:00,1400,1400,4.0167,0
M0065,2050,2026-08-14,2026-08-14T15:31:41+09:00,2300,2300,4.6167,0
M0065,2050,2026-08-14,2026-08-14T16:08:02+09:00,3200,3200,5.2225,0
M0065,2050,2026-08-14,2026-08-14T16:41:57+09:00,3000,3000,5.7878,0
M0065,2050,2026-08-14,2026-08-14T18:07:43+09:00,2700,2700,7.2172,0
M0065,2050,2026-08-14,2026-08-14T19:31:33+09:00,3700,3700,8.6144,0
M0065,2050,2026-08-14,2026-08-14T20:09:17+09:00,5200,5200,9.2433,0
M0065,2050,2026-08-14,2026-08-14T20:55:41+09:00,5100,5100,10.0167,0
M0065,2050,2026-08-15,2026-08-15T10:54:13+09:00,-100,5100,10.0167,1
M0065,2050,2026-08-15,2026-08-15T11:29:09+09:00,0,5200,10.5989,0
M0065,2050,2026-08-15,2026-08-15T12:03:27+09:00,400,5600,11.1706,0
M0065,2050,2026-08-15,2026-08-15T12:36:37+09:00,100,5300,11.7233,0
M0065,2050,2026-08-15,2026-08-15T13:08:49+09:00,-900,4300,12.2600,0
M0065,2050,2026-08-15,2026-08-15T14:01:55+09:00,-1000,4200,13.1450,0
M0065,2050,2026-08-15,2026-08-15T14:36:09+09:00,-1100,4100,13.7156,0
M0065,2050,2026-08-15,2026-08-15T15:11:53+09:00,-1600,3600,14.3111,0
M0065,2050,2026-08-15,2026-08-15T15:58:43+09:00,-900,4300,15.0917,0
M0065,2050,2026-08-15,2026-08-15T16:34:01+09:00,-600,4600,15.6800,0
M0065,2050,2026-08-15,2026-08-15T18:35:13+09:00,-500,4700,17.7000,0
M0065,2050,2026-08-15,2026-08-15T19:12:53+09:00,100,5300,18.3278,0
M0065,2050,2026-08-15,2026-08-15T20:01:19+09:00,400,5600,19.1350,0
M0065,2050,2026-08-16,2026-08-16T10:53:41+09:00,-100,5600,19.1350,1
M0065,2050,2026-08-16,2026-08-16T11:28:27+09:00,0,5700,19.7144,0
M0065,2050,2026-08-16,2026-08-16T12:02:27+09:00,-500,5200,20.2811,0
M0065,2050,2026-08-16,2026-08-16T12:35:49+09:00,-100,5600,20.8372,0
M0065,2050,2026-08-16,2026-08-16T13:06:49+09:00,500,6200,21.3539,0
M0065,2050,2026-08-16,2026-08-16T13:36:19+09:00,700,6400,21.8456,0
M0065,2050,2026-08-16,2026-08-16T14:09:21+09:00,0,5700,22.3961,0
M0065,2050,2026-08-16,2026-08-16T14:51:21+09:00,-200,5500,23.0961,0
M0065,2050,2026-08-16,2026-08-16T15:29:10+09:00,-500,5200,23.7264,0
M0065,2050,2026-08-16,2026-08-16T16:39:55+09:00,-1400,4300,24.9056,0
M0065,2050,2026-08-16,2026-08-16T17:30:17+09:00,-1100,4600,25.7450,0
M0065,2050,2026-08-16,2026-08-16T18:07:35+09:00,-1800,3900,26.3667,0
M0065,2050,2026-08-16,2026-08-16T19:40:19+09:00,-2300,3400,27.9122,0
M0065,2050,2026-08-16,2026-08-16T20:25:39+09:00,-1900,3800,28.6678,0
M0065,2050,2026-08-16,2026-08-16T21:04:51+09:00,-1500,4200,29.3211,0
M0065,2050,2026-08-16,2026-08-16T21:42:13+09:00,-1300,4400,29.9439,0
M0065,2050,2026-08-17,2026-08-17T10:52:31+09:00,0,4400,29.9439,1
M0065,2050,2026-08-17,2026-08-17T11:28:29+09:00,200,4600,30.5433,0
M0065,2050,2026-08-17,2026-08-17T12:02:23+09:00,-400,4000,31.1083,0
M0065,2050,2026-08-17,2026-08-17T12:34:35+09:00,-900,3500,31.6450,0
M0065,2050,2026-08-17,2026-08-17T13:07:15+09:00,-300,4100,32.1894,0
M0065,2050,2026-08-17,2026-08-17T13:35:21+09:00,400,4800,32.6578,0
M0065,2050,2026-08-17,2026-08-17T14:03:11+09:00,300,4700,33.1217,0
M0065,2050,2026-08-17,2026-08-17T14:36:43+09:00,-100,4300,33.6806,0
M0065,2050,2026-08-18,2026-08-18T10:52:51+09:00,-100,4300,33.6806,1
M0065,2050,2026-08-18,2026-08-18T11:28:45+09:00,400,4800,34.2789,0
M0065,2050,2026-08-18,2026-08-18T12:02:47+09:00,1000,5400,34.8461,0
M0065,2050,2026-08-18,2026-08-18T12:35:21+09:00,600,5000,35.3889,0
M0065,2050,2026-08-18,2026-08-18T13:07:37+09:00,200,4600,35.9267,0
M0065,2050,2026-08-18,2026-08-18T13:35:43+09:00,700,5100,36.3950,0
M0065,2050,2026-08-18,2026-08-18T14:04:28+09:00,0,4400,36.8742,0
M0065,2050,2026-08-18,2026-08-18T14:37:28+09:00,500,4900,37.4242,0
M0065,2050,2026-08-18,2026-08-18T15:11:53+09:00,-400,4000,37.9978,0
M0065,2050,2026-08-18,2026-08-18T15:59:35+09:00,-900,3500,38.7928,0
M0065,2050,2026-08-18,2026-08-18T16:33:08+09:00,-1500,2900,39.3519,0
M0065,2050,2026-08-18,2026-08-18T17:08:27+09:00,-600,3800,39.9406,0
M0065,2050,2026-08-18,2026-08-18T17:59:01+09:00,-1100,3300,40.7833,0
M0065,2050,2026-08-18,2026-08-18T18:33:31+09:00,-800,3600,41.3583,0
M0065,2050,2026-08-18,2026-08-18T19:09:25+09:00,-1400,3000,41.9567,0
M0065,2050,2026-08-18,2026-08-18T19:59:53+09:00,-600,3800,42.7978,0
M0065,2050,2026-08-18,2026-08-18T20:35:25+09:00,-400,4000,43.3900,0
M0065,2050,2026-08-18,2026-08-18T21:11:41+09:00,700,5100,43.9944,0
M0065,2050,2026-08-18,2026-08-18T21:57:39+09:00,1000,5400,44.7606,0
M0065,2050,2026-08-19,2026-08-19T10:53:31+09:00,-100,5400,44.7606,1
M0065,2050,2026-08-19,2026-08-19T11:28:23+09:00,-400,5100,45.3417,0
M0065,2050,2026-08-19,2026-08-19T12:02:25+09:00,-600,4900,45.9089,0
M0065,2050,2026-08-19,2026-08-19T12:35:06+09:00,-900,4600,46.4536,0
M0065,2050,2026-08-19,2026-08-19T13:06:21+09:00,-1400,4100,46.9744,0
M0065,2050,2026-08-19,2026-08-19T13:35:01+09:00,-1800,3700,47.4522,0
M0065,2050,2026-08-19,2026-08-19T14:09:06+09:00,-1700,3800,48.0203,0
M0065,2050,2026-08-19,2026-08-19T21:30:39+09:00,-1900,3600,55.3794,0
M0065,2050,2026-08-20,2026-08-20T10:52:57+09:00,-200,3600,55.3794,1
M0065,2050,2026-08-20,2026-08-20T11:28:53+09:00,400,4200,55.9783,0
M0065,2050,2026-08-20,2026-08-20T12:02:37+09:00,1400,5200,56.5406,0
M0065,2050,2026-08-20,2026-08-20T12:35:01+09:00,1900,5700,57.0806,0
M0065,2050,2026-08-20,2026-08-20T13:07:39+09:00,1500,5300,57.6244,0
M0065,2050,2026-08-20,2026-08-20T13:36:17+09:00,1700,5500,58.1017,0
M0065,2050,2026-08-20,2026-08-20T14:02:59+09:00,1500,5300,58.5467,0
M0065,2050,2026-08-20,2026-08-20T15:09:59+09:00,800,4600,59.6633,0
M0065,2050,2026-08-20,2026-08-20T15:59:19+09:00,300,4100,60.4856,0
M0065,2050,2026-08-20,2026-08-20T16:32:33+09:00,-300,3500,61.0394,0
M0065,2050,2026-08-20,2026-08-20T17:07:41+09:00,-800,3000,61.6250,0
M0065,2050,2026-08-20,2026-08-20T17:42:01+09:00,-300,3500,62.1972,0
M0065,2050,2026-08-21,2026-08-21T10:54:01+09:00,-200,3500,62.1972,1
M0065,2050,2026-08-21,2026-08-21T11:29:17+09:00,-500,3200,62.7850,0
M0065,2050,2026-08-21,2026-08-21T12:03:33+09:00,-1200,2500,63.3561,0
M0065,2050,2026-08-21,2026-08-21T12:36:21+09:00,-1400,2300,63.9028,0
M0065,2050,2026-08-21,2026-08-21T13:07:23+09:00,-1700,2000,64.4200,0
M0066,2051,2026-08-14,2026-08-14T10:54:41+09:00,-200,-200,0.0000,1
M0066,2051,2026-08-14,2026-08-14T11:29:45+09:00,400,400,0.5844,0
M0066,2051,2026-08-14,2026-08-14T12:04:15+09:00,1300,1300,1.1594,0
M0066,2051,2026-08-14,2026-08-14T12:37:28+09:00,1000,1000,1.7131,0
M0066,2051,2026-08-14,2026-08-14T13:06:37+09:00,1500,1500,2.1989,0
M0066,2051,2026-08-14,2026-08-14T13:35:02+09:00,1800,1800,2.6725,0
M0066,2051,2026-08-14,2026-08-14T14:10:37+09:00,1200,1200,3.2656,0
M0066,2051,2026-08-14,2026-08-14T14:55:41+09:00,900,900,4.0167,0
M0066,2051,2026-08-14,2026-08-14T15:31:41+09:00,400,400,4.6167,0
M0066,2051,2026-08-14,2026-08-14T16:08:02+09:00,-200,-200,5.2225,0
M0066,2051,2026-08-14,2026-08-14T16:41:57+09:00,-300,-300,5.7878,0
M0066,2051,2026-08-14,2026-08-14T17:30:37+09:00,-600,-600,6.5989,0
M0066,2051,2026-08-14,2026-08-14T18:07:43+09:00,-1000,-1000,7.2172,0
M0066,2051,2026-08-14,2026-08-14T18:43:04+09:00,-1300,-1300,7.8064,0
M0066,2051,2026-08-14,2026-08-14T21:33:02+09:00,-1700,-1700,10.6392,0
M0066,2051,2026-08-14,2026-08-14T22:11:45+09:00,-1000,-1000,11.2844,0
M0066,2051,2026-08-15,2026-08-15T10:54:13+09:00,-100,-1000,11.2844,1
M0066,2051,2026-08-15,2026-08-15T11:29:09+09:00,-400,-1300,11.8667,0
M0066,2051,2026-08-15,2026-08-15T12:03:27+09:00,-300,-1200,12.4383,0
M0066,2051,2026-08-15,2026-08-15T12:36:37+09:00,-600,-1500,12.9911,0
M0066,2051,2026-08-15,2026-08-15T13:08:49+09:00,300,-600,13.5278,0
M0066,2051,2026-08-15,2026-08-15T14:01:55+09:00,200,-700,14.4128,0
M0066,2051,2026-08-15,2026-08-15T14:36:09+09:00,0,-900,14.9833,0
M0066,2051,2026-08-15,2026-08-15T15:11:53+09:00,-700,-1600,15.5789,0
M0066,2051,2026-08-15,2026-08-15T15:58:43+09:00,-1100,-2000,16.3594,0
M0066,2051,2026-08-15,2026-08-15T16:34:01+09:00,-1700,-2600,16.9478,0
M0066,2051,2026-08-15,2026-08-15T17:11:17+09:00,-1100,-2000,17.5689,0
M0066,2051,2026-08-15,2026-08-15T17:58:39+09:00,-500,-1400,18.3583,0
M0066,2051,2026-08-15,2026-08-15T18:35:13+09:00,-200,-1100,18.9678,0
M0066,2051,2026-08-15,2026-08-15T19:12:53+09:00,-800,-1700,19.5956,0
M0066,2051,2026-08-15,2026-08-15T20:01:19+09:00,-1200,-2100,20.4028,0
M0066,2051,2026-08-15,2026-08-15T20:38:25+09:00,-800,-1700,21.0211,0
M0066,2051,2026-08-16,2026-08-16T10:53:41+09:00,100,-1700,21.0211,1
M0066,2051,2026-08-16,2026-08-16T11:28:27+09:00,-300,-2100,21.6006,0
M0066,2051,2026-08-16,2026-08-16T12:02:27+09:00,-500,-2300,22.1672,0
M0066,2051,2026-08-16,2026-08-16T12:35:49+09:00,-700,-2500,22.7233,0
M0066,2051,2026-08-16,2026-08-16T13:06:49+09:00,-1200,-3000,23.2400,0
M0066,2051,2026-08-16,2026-08-16T13:36:19+09:00,-1500,-3300,23.7317,0
M0066,2051,2026-08-16,2026-08-16T14:09:21+09:00,-2300,-4100,24.2822,0
M0066,2051,2026-08-16,2026-08-16T14:51:21+09:00,-1900,-3700,24.9822,0
M0066,2051,2026-08-16,2026-08-16T15:29:10+09:00,-1800,-3600,25.6125,0
M0066,2051,2026-08-16,2026-08-16T16:05:23+09:00,-2200,-4000,26.2161,0
M0066,2051,2026-08-16,2026-08-16T16:39:55+09:00,-2800,-4600,26.7917,0
M0066,2051,2026-08-16,2026-08-16T18:07:35+09:00,-3300,-5100,28.2528,0
M0066,2051,2026-08-17,2026-08-17T10:52:31+09:00,-100,-5100,28.2528,1
M0066,2051,2026-08-17,2026-08-17T11:28:29+09:00,-600,-5600,28.8522,0
M0066,2051,2026-08-17,2026-08-17T12:02:23+09:00,-100,-5100,29.4172,0
M0066,2051,2026-08-17,2026-08-17T12:34:35+09:00,-500,-5500,29.9539,0
M0066,2051,2026-08-17,2026-08-17T13:07:15+09:00,-1100,-6100,30.4983,0
M0066,2051,2026-08-17,2026-08-17T13:35:21+09:00,-300,-5300,30.9667,0
M0066,2051,2026-08-17,2026-08-17T14:03:11+09:00,-400,-5400,31.4306,0
M0066,2051,2026-08-17,2026-08-17T14:36:43+09:00,-300,-5300,31.9894,0
M0066,2051,2026-08-17,2026-08-17T15:11:21+09:00,-1200,-6200,32.5667,0
M0066,2051,2026-08-17,2026-08-17T15:59:33+09:00,-1500,-6500,33.3700,0
M0066,2051,2026-08-17,2026-08-17T16:33:27+09:00,-2000,-7000,33.9350,0
M0066,2051,2026-08-17,2026-08-17T17:09:07+09:00,-3000,-8000,34.5294,0
M0066,2051,2026-08-17,2026-08-17T17:58:27+09:00,-2300,-7300,35.3517,0
M0066,2051,2026-08-17,2026-08-17T18:33:03+09:00,-2400,-7400,35.9283,0
M0066,2051,2026-08-17,2026-08-17T19:09:23+09:00,-2900,-7900,36.5339,0
M0066,2051,2026-08-17,2026-08-17T21:59:13+09:00,-3300,-8300,39.3644,0
M0066,2051,2026-08-18,2026-08-18T10:52:51+09:00,0,-8300,39.3644,1
M0066,2051,2026-08-18,2026-08-18T11:28:45+09:00,-200,-8500,39.9628,0
M0066,2051,2026-08-18,2026-08-18T12:02:47+09:00,-700,-9000,40.5300,0
M0066,2051,2026-08-18,2026-08-18T12:35:21+09:00,-400,-8700,41.0728,0
M0066,2051,2026-08-18,2026-08-18T13:07:37+09:00,-800,-9100,41.6106,0
M0066,2051,2026-08-18,2026-08-18T14:04:28+09:00,-1000,-9300,42.5581,0
M0066,2051,2026-08-18,2026-08-18T15:11:53+09:00,-1300,-9600,43.6817,0
M0066,2051,2026-08-19,2026-08-19T10:53:31+09:00,0,-9600,43.6817,1
M0066,2051,2026-08-19,2026-08-19T11:28:23+09:00,-300,-9900,44.2628,0
M0066,2051,2026-08-19,2026-08-19T12:02:25+09:00,600,-9000,44.8300,0
M0066,2051,2026-08-19,2026-08-19T12:35:06+09:00,1600,-8000,45.3747,0
M0066,2051,2026-08-19,2026-08-19T13:06:21+09:00,2500,-7100,45.8956,0
M0066,2051,2026-08-19,2026-08-19T13:35:01+09:00,2400,-7200,46.3733,0
M0066,2051,2026-08-19,2026-08-19T14:09:06+09:00,2000,-7600,46.9414,0
M0066,2051,2026-08-20,2026-08-20T10:52:57+09:00,0,-7600,46.9414,1
M0066,2051,2026-08-20,2026-08-20T13:36:17+09:00,-100,-7700,49.6636,0
M0066,2051,2026-08-20,2026-08-20T14:02:59+09:00,300,-7300,50.1086,0
M0066,2051,2026-08-20,2026-08-20T14:35:37+09:00,-300,-7900,50.6525,0
M0066,2051,2026-08-20,2026-08-20T15:09:59+09:00,-100,-7700,51.2253,0
M0066,2051,2026-08-20,2026-08-20T15:59:19+09:00,-600,-8200,52.0475,0
M0066,2051,2026-08-20,2026-08-20T16:32:33+09:00,-800,-8400,52.6014,0
M0066,2051,2026-08-20,2026-08-20T17:07:41+09:00,-1100,-8700,53.1869,0
M0066,2051,2026-08-21,2026-08-21T10:54:01+09:00,-100,-8700,53.1869,1
M0066,2051,2026-08-21,2026-08-21T11:29:17+09:00,600,-8000,53.7747,0
M0066,2051,2026-08-21,2026-08-21T12:36:21+09:00,1600,-7000,54.8925,0
M0066,2051,2026-08-21,2026-08-21T13:07:23+09:00,1800,-6800,55.4097,0
M0067,2052,2026-08-14,2026-08-14T10:54:41+09:00,-200,-200,0.0000,1
M0067,2052,2026-08-14,2026-08-14T11:29:45+09:00,-300,-300,0.5844,0
M0067,2052,2026-08-14,2026-08-14T12:04:15+09:00,600,600,1.1594,0
M0067,2052,2026-08-14,2026-08-14T13:06:37+09:00,100,100,2.1989,0
M0067,2052,2026-08-14,2026-08-14T13:35:02+09:00,0,0,2.6725,0
M0067,2052,2026-08-14,2026-08-14T14:10:37+09:00,-500,-500,3.2656,0
M0067,2052,2026-08-14,2026-08-14T15:31:41+09:00,-600,-600,4.6167,0
M0067,2052,2026-08-14,2026-08-14T16:08:02+09:00,300,300,5.2225,0
M0067,2052,2026-08-14,2026-08-14T16:41:57+09:00,800,800,5.7878,0
M0067,2052,2026-08-14,2026-08-14T18:43:04+09:00,300,300,7.8064,0
M0067,2052,2026-08-14,2026-08-14T19:31:33+09:00,100,100,8.6144,0
M0067,2052,2026-08-14,2026-08-14T20:09:17+09:00,-1000,-1000,9.2433,0
M0067,2052,2026-08-14,2026-08-14T20:55:41+09:00,-500,-500,10.0167,0
M0067,2052,2026-08-15,2026-08-15T10:54:13+09:00,-100,-500,10.0167,1
M0067,2052,2026-08-15,2026-08-15T11:29:09+09:00,0,-400,10.5989,0
M0067,2052,2026-08-15,2026-08-15T12:03:27+09:00,900,500,11.1706,0
M0067,2052,2026-08-15,2026-08-15T12:36:37+09:00,1300,900,11.7233,0
M0067,2052,2026-08-15,2026-08-15T13:08:49+09:00,400,0,12.2600,0
M0067,2052,2026-08-15,2026-08-15T14:01:55+09:00,-100,-500,13.1450,0
M0067,2052,2026-08-15,2026-08-15T15:11:53+09:00,200,-200,14.3111,0
M0067,2052,2026-08-15,2026-08-15T15:58:43+09:00,1300,900,15.0917,0
M0067,2052,2026-08-15,2026-08-15T16:34:01+09:00,1100,700,15.6800,0
M0067,2052,2026-08-15,2026-08-15T17:11:17+09:00,1000,600,16.3011,0
M0067,2052,2026-08-15,2026-08-15T17:58:39+09:00,1300,900,17.0906,0
M0067,2052,2026-08-15,2026-08-15T18:35:13+09:00,1000,600,17.7000,0
M0067,2052,2026-08-15,2026-08-15T19:12:53+09:00,400,0,18.3278,0
M0067,2052,2026-08-15,2026-08-15T20:01:19+09:00,-100,-500,19.1350,0
M0067,2052,2026-08-15,2026-08-15T20:38:25+09:00,200,-200,19.7533,0
M0067,2052,2026-08-15,2026-08-15T21:25:49+09:00,400,0,20.5433,0
M0067,2052,2026-08-16,2026-08-16T10:53:41+09:00,-100,0,20.5433,1
M0067,2052,2026-08-16,2026-08-16T11:28:27+09:00,500,600,21.1228,0
M0067,2052,2026-08-16,2026-08-16T12:35:49+09:00,700,800,22.2456,0
M0067,2052,2026-08-16,2026-08-16T13:06:49+09:00,200,300,22.7622,0
M0067,2052,2026-08-16,2026-08-16T13:36:19+09:00,1000,1100,23.2539,0
M0067,2052,2026-08-16,2026-08-16T14:09:21+09:00,800,900,23.8044,0
M0067,2052,2026-08-16,2026-08-16T14:51:21+09:00,1700,1800,24.5044,0
M0067,2052,2026-08-16,2026-08-16T15:29:10+09:00,2600,2700,25.1347,0
M0067,2052,2026-08-16,2026-08-16T16:05:23+09:00,3300,3400,25.7383,0
M0067,2052,2026-08-16,2026-08-16T16:39:55+09:00,2500,2600,26.3139,0
M0067,2052,2026-08-16,2026-08-16T17:30:17+09:00,2300,2400,27.1533,0
M0067,2052,2026-08-16,2026-08-16T18:07:35+09:00,2400,2500,27.7750,0
M0067,2052,2026-08-16,2026-08-16T18:38:25+09:00,3600,3700,28.2889,0
M0067,2052,2026-08-16,2026-08-16T19:40:19+09:00,4200,4300,29.3206,0
M0067,2052,2026-08-16,2026-08-16T20:25:39+09:00,5000,5100,30.0761,0
M0067,2052,2026-08-16,2026-08-16T21:42:13+09:00,4800,4900,31.3522,0
M0067,2052,2026-08-16,2026-08-16T22:32:01+09:00,4300,4400,32.1822,0
M0067,2052,2026-08-16,2026-08-16T23:11:15+09:00,4200,4300,32.8361,0
M0067,2052,2026-08-17,2026-08-17T10:52:31+09:00,-200,4300,32.8361,1
M0067,2052,2026-08-17,2026-08-17T11:28:29+09:00,-700,3800,33.4356,0
M0067,2052,2026-08-17,2026-08-17T12:02:23+09:00,-100,4400,34.0006,0
M0067,2052,2026-08-17,2026-08-17T12:34:35+09:00,800,5300,34.5372,0
M0067,2052,2026-08-17,2026-08-17T13:07:15+09:00,1500,6000,35.0817,0
M0067,2052,2026-08-17,2026-08-17T13:35:21+09:00,2500,7000,35.5500,0
M0067,2052,2026-08-17,2026-08-17T14:03:11+09:00,2700,7200,36.0139,0
M0067,2052,2026-08-17,2026-08-17T14:36:43+09:00,2300,6800,36.5728,0
M0067,2052,2026-08-17,2026-08-17T15:11:21+09:00,1500,6000,37.1500,0
M0067,2052,2026-08-17,2026-08-17T15:59:33+09:00,1200,5700,37.9533,0
M0067,2052,2026-08-17,2026-08-17T16:33:27+09:00,900,5400,38.5183,0
M0067,2052,2026-08-17,2026-08-17T17:09:07+09:00,1300,5800,39.1128,0
M0067,2052,2026-08-17,2026-08-17T17:58:27+09:00,900,5400,39.9350,0
M0067,2052,2026-08-17,2026-08-17T19:09:23+09:00,1500,6000,41.1172,0
M0067,2052,2026-08-18,2026-08-18T10:52:51+09:00,-200,6000,41.1172,1
M0067,2052,2026-08-18,2026-08-18T11:28:45+09:00,0,6200,41.7156,0
M0067,2052,2026-08-18,2026-08-18T12:02:47+09:00,300,6500,42.2828,0
M0067,2052,2026-08-18,2026-08-18T12:35:21+09:00,1300,7500,42.8256,0
M0067,2052,2026-08-18,2026-08-18T13:07:37+09:00,2300,8500,43.3633,0
M0067,2052,2026-08-18,2026-08-18T13:35:43+09:00,3100,9300,43.8317,0
M0067,2052,2026-08-18,2026-08-18T14:04:28+09:00,4100,10300,44.3108,0
M0067,2052,2026-08-18,2026-08-18T14:37:28+09:00,3700,9900,44.8608,0
M0067,2052,2026-08-18,2026-08-18T15:11:53+09:00,3300,9500,45.4344,0
M0067,2052,2026-08-18,2026-08-18T15:59:35+09:00,3100,9300,46.2294,0
M0067,2052,2026-08-18,2026-08-18T16:33:08+09:00,2700,8900,46.7886,0
M0067,2052,2026-08-18,2026-08-18T17:08:27+09:00,2800,9000,47.3772,0
M0067,2052,2026-08-18,2026-08-18T19:09:25+09:00,2600,8800,49.3933,0
M0067,2052,2026-08-18,2026-08-18T19:59:53+09:00,1800,8000,50.2344,0
M0067,2052,2026-08-18,2026-08-18T20:35:25+09:00,1700,7900,50.8267,0
M0067,2052,2026-08-18,2026-08-18T21:11:41+09:00,1200,7400,51.4311,0
M0067,2052,2026-08-18,2026-08-18T21:57:39+09:00,1800,8000,52.1972,0
M0067,2052,2026-08-18,2026-08-18T22:33:27+09:00,2800,9000,52.7939,0
M0067,2052,2026-08-18,2026-08-18T23:10:31+09:00,3500,9700,53.4117,0
M0067,2052,2026-08-19,2026-08-19T10:53:31+09:00,-200,9700,53.4117,1
M0067,2052,2026-08-19,2026-08-19T11:28:23+09:00,600,10500,53.9928,0
M0067,2052,2026-08-19,2026-08-19T12:02:25+09:00,700,10600,54.5600,0
M0067,2052,2026-08-19,2026-08-19T12:35:06+09:00,300,10200,55.1047,0
M0067,2052,2026-08-19,2026-08-19T13:06:21+09:00,100,10000,55.6256,0
M0067,2052,2026-08-19,2026-08-19T13:35:01+09:00,-400,9500,56.1033,0
M0067,2052,2026-08-19,2026-08-19T14:09:06+09:00,200,10100,56.6714,0
M0067,2052,2026-08-19,2026-08-19T14:49:47+09:00,1300,11200,57.3494,0
M0067,2052,2026-08-19,2026-08-19T15:26:59+09:00,1200,11100,57.9694,0
M0067,2052,2026-08-19,2026-08-19T16:02:55+09:00,1000,10900,58.5683,0
M0067,2052,2026-08-19,2026-08-19T16:36:50+09:00,600,10500,59.1336,0
M0067,2052,2026-08-19,2026-08-19T17:06:11+09:00,100,10000,59.6228,0
M0067,2052,2026-08-19,2026-08-19T17:32:35+09:00,-400,9500,60.0628,0
M0067,2052,2026-08-19,2026-08-19T18:08:43+09:00,1000,10900,60.6650,0
M0067,2052,2026-08-19,2026-08-19T18:50:27+09:00,1200,11100,61.3606,0
M0067,2052,2026-08-19,2026-08-19T19:28:55+09:00,700,10600,62.0017,0
M0067,2052,2026-08-19,2026-08-19T20:05:19+09:00,500,10400,62.6083,0
M0067,2052,2026-08-19,2026-08-19T20:39:17+09:00,600,10500,63.1744,0
M0067,2052,2026-08-19,2026-08-19T21:30:39+09:00,1200,11100,64.0306,0
M0067,2052,2026-08-20,2026-08-20T10:52:57+09:00,0,11100,64.0306,1
M0067,2052,2026-08-20,2026-08-20T11:28:53+09:00,-300,10800,64.6294,0
M0067,2052,2026-08-20,2026-08-20T12:02:37+09:00,-200,10900,65.1917,0
M0067,2052,2026-08-20,2026-08-20T12:35:01+09:00,200,11300,65.7317,0
M0067,2052,2026-08-20,2026-08-20T13:07:39+09:00,-200,10900,66.2756,0
M0067,2052,2026-08-20,2026-08-20T14:35:37+09:00,-300,10800,67.7417,0
M0067,2052,2026-08-20,2026-08-20T15:09:59+09:00,-200,10900,68.3144,0
M0067,2052,2026-08-20,2026-08-20T15:59:19+09:00,600,11700,69.1367,0
M0067,2052,2026-08-20,2026-08-20T16:32:33+09:00,1200,12300,69.6906,0
M0067,2052,2026-08-20,2026-08-20T17:07:41+09:00,900,12000,70.2761,0
M0067,2052,2026-08-20,2026-08-20T17:42:01+09:00,1200,12300,70.8483,0
M0067,2052,2026-08-20,2026-08-20T18:28:21+09:00,1300,12400,71.6206,0
M0067,2052,2026-08-20,2026-08-20T19:04:37+09:00,2400,13500,72.2250,0
M0067,2052,2026-08-20,2026-08-20T19:39:23+09:00,2900,14000,72.8044,0
M0067,2052,2026-08-20,2026-08-20T20:28:35+09:00,2600,13700,73.6244,0
M0067,2052,2026-08-20,2026-08-20T21:05:21+09:00,2100,13200,74.2372,0
M0067,2052,2026-08-20,2026-08-20T21:40:19+09:00,1900,13000,74.8200,0
M0067,2052,2026-08-20,2026-08-20T22:30:04+09:00,1600,12700,75.6492,0
M0067,2052,2026-08-21,2026-08-21T10:54:01+09:00,0,12700,75.6492,1
M0067,2052,2026-08-21,2026-08-21T11:29:17+09:00,-500,12200,76.2369,0
M0067,2052,2026-08-21,2026-08-21T12:03:33+09:00,-700,12000,76.8081,0
M0067,2052,2026-08-21,2026-08-21T12:36:21+09:00,200,12900,77.3547,0
M0067,2052,2026-08-21,2026-08-21T13:07:23+09:00,800,13500,77.8719,0
M0068,2053,2026-08-14,2026-08-14T10:54:41+09:00,-100,-100,0.0000,1
M0068,2053,2026-08-14,2026-08-14T11:29:45+09:00,-600,-600,0.5844,0
M0068,2053,2026-08-14,2026-08-14T12:04:15+09:00,-400,-400,1.1594,0
M0068,2053,2026-08-14,2026-08-14T12:37:28+09:00,400,400,1.7131,0
M0068,2053,2026-08-14,2026-08-14T13:06:37+09:00,300,300,2.1989,0
M0068,2053,2026-08-14,2026-08-14T13:35:02+09:00,-200,-200,2.6725,0
M0068,2053,2026-08-14,2026-08-14T14:10:37+09:00,-400,-400,3.2656,0
M0068,2053,2026-08-14,2026-08-14T14:55:41+09:00,-700,-700,4.0167,0
M0068,2053,2026-08-14,2026-08-14T15:31:41+09:00,-200,-200,4.6167,0
M0068,2053,2026-08-14,2026-08-14T16:08:02+09:00,700,700,5.2225,0
M0068,2053,2026-08-14,2026-08-14T16:41:57+09:00,1900,1900,5.7878,0
M0068,2053,2026-08-14,2026-08-14T17:30:37+09:00,2200,2200,6.5989,0
M0068,2053,2026-08-14,2026-08-14T18:07:43+09:00,2700,2700,7.2172,0
M0068,2053,2026-08-14,2026-08-14T18:43:04+09:00,2600,2600,7.8064,0
M0068,2053,2026-08-14,2026-08-14T20:09:17+09:00,1700,1700,9.2433,0
M0068,2053,2026-08-14,2026-08-14T20:55:41+09:00,1100,1100,10.0167,0
M0068,2053,2026-08-14,2026-08-14T21:33:02+09:00,600,600,10.6392,0
M0068,2053,2026-08-14,2026-08-14T22:11:45+09:00,900,900,11.2844,0
M0068,2053,2026-08-15,2026-08-15T10:54:13+09:00,-200,900,11.2844,1
M0068,2053,2026-08-15,2026-08-15T11:29:09+09:00,-700,400,11.8667,0
M0068,2053,2026-08-15,2026-08-15T12:03:27+09:00,-400,700,12.4383,0
M0068,2053,2026-08-15,2026-08-15T12:36:37+09:00,-600,500,12.9911,0
M0068,2053,2026-08-15,2026-08-15T13:08:49+09:00,-900,200,13.5278,0
M0068,2053,2026-08-15,2026-08-15T14:01:55+09:00,100,1200,14.4128,0
M0068,2053,2026-08-15,2026-08-15T14:36:09+09:00,-100,1000,14.9833,0
M0068,2053,2026-08-15,2026-08-15T15:11:53+09:00,-400,700,15.5789,0
M0068,2053,2026-08-15,2026-08-15T17:11:17+09:00,-600,500,17.5689,0
M0068,2053,2026-08-15,2026-08-15T17:58:39+09:00,-1200,-100,18.3583,0
M0068,2053,2026-08-15,2026-08-15T18:35:13+09:00,-1300,-200,18.9678,0
M0068,2053,2026-08-15,2026-08-15T19:12:53+09:00,-200,900,19.5956,0
M0068,2053,2026-08-15,2026-08-15T20:01:19+09:00,-400,700,20.4028,0
M0068,2053,2026-08-15,2026-08-15T20:38:25+09:00,-900,200,21.0211,0
M0068,2053,2026-08-16,2026-08-16T10:53:41+09:00,100,200,21.0211,1
M0068,2053,2026-08-16,2026-08-16T11:28:27+09:00,0,100,21.6006,0
M0068,2053,2026-08-16,2026-08-16T12:02:27+09:00,-600,-500,22.1672,0
M0068,2053,2026-08-16,2026-08-16T12:35:49+09:00,-1100,-1000,22.7233,0
M0068,2053,2026-08-16,2026-08-16T13:36:19+09:00,-800,-700,23.7317,0
M0068,2053,2026-08-16,2026-08-16T14:09:21+09:00,-700,-600,24.2822,0
M0068,2053,2026-08-16,2026-08-16T14:51:21+09:00,-1000,-900,24.9822,0
M0068,2053,2026-08-16,2026-08-16T15:29:10+09:00,0,100,25.6125,0
M0068,2053,2026-08-16,2026-08-16T16:05:23+09:00,-100,0,26.2161,0
M0068,2053,2026-08-16,2026-08-16T16:39:55+09:00,-400,-300,26.7917,0
M0068,2053,2026-08-16,2026-08-16T17:30:17+09:00,-600,-500,27.6311,0
M0068,2053,2026-08-16,2026-08-16T18:07:35+09:00,200,300,28.2528,0
M0068,2053,2026-08-16,2026-08-16T18:38:25+09:00,2100,2200,28.7667,0
M0068,2053,2026-08-16,2026-08-16T19:40:19+09:00,3300,3400,29.7983,0
M0068,2053,2026-08-16,2026-08-16T20:25:39+09:00,4000,4100,30.5539,0
M0068,2053,2026-08-16,2026-08-16T21:04:51+09:00,4600,4700,31.2072,0
M0068,2053,2026-08-16,2026-08-16T21:42:13+09:00,6300,6400,31.8300,0
M0068,2053,2026-08-16,2026-08-16T22:32:01+09:00,7300,7400,32.6600,0
M0068,2053,2026-08-16,2026-08-16T23:11:15+09:00,8200,8300,33.3139,0
M0068,2053,2026-08-17,2026-08-17T10:52:31+09:00,0,8300,33.3139,1
M0068,2053,2026-08-17,2026-08-17T12:02:23+09:00,-100,8200,34.4783,0
M0068,2053,2026-08-17,2026-08-17T14:36:43+09:00,-200,8100,37.0506,0
M0068,2053,2026-08-17,2026-08-17T15:11:21+09:00,1100,9400,37.6278,0
M0068,2053,2026-08-17,2026-08-17T15:59:33+09:00,1600,9900,38.4311,0
M0068,2053,2026-08-17,2026-08-17T16:33:27+09:00,1100,9400,38.9961,0
M0068,2053,2026-08-17,2026-08-17T17:09:07+09:00,200,8500,39.5906,0
M0068,2053,2026-08-17,2026-08-17T17:58:27+09:00,-100,8200,40.4128,0
M0068,2053,2026-08-17,2026-08-17T18:33:03+09:00,-600,7700,40.9894,0
M0068,2053,2026-08-17,2026-08-17T19:09:23+09:00,900,9200,41.5950,0
M0068,2053,2026-08-17,2026-08-17T19:59:55+09:00,800,9100,42.4372,0
M0068,2053,2026-08-18,2026-08-18T10:52:51+09:00,-300,9100,42.4372,1
M0068,2053,2026-08-18,2026-08-18T11:28:45+09:00,-600,8800,43.0356,0
M0068,2053,2026-08-18,2026-08-18T12:02:47+09:00,-1100,8300,43.6028,0
M0068,2053,2026-08-18,2026-08-18T12:35:21+09:00,-300,9100,44.1456,0
M0068,2053,2026-08-18,2026-08-18T13:07:37+09:00,-100,9300,44.6833,0
M0068,2053,2026-08-18,2026-08-18T15:11:53+09:00,-700,8700,46.7544,0
M0068,2053,2026-08-18,2026-08-18T15:59:35+09:00,-100,9300,47.5494,0
M0068,2053,2026-08-18,2026-08-18T16:33:08+09:00,-300,9100,48.1086,0
M0068,2053,2026-08-18,2026-08-18T17:08:27+09:00,-1000,8400,48.6972,0
M0068,2053,2026-08-18,2026-08-18T17:59:01+09:00,-1700,7700,49.5400,0
M0068,2053,2026-08-18,2026-08-18T18:33:31+09:00,-2200,7200,50.1150,0
M0068,2053,2026-08-18,2026-08-18T19:09:25+09:00,-1100,8300,50.7133,0
M0068,2053,2026-08-19,2026-08-19T10:53:31+09:00,-200,8300,50.7133,1
M0068,2053,2026-08-19,2026-08-19T11:28:23+09:00,-400,8100,51.2944,0
M0068,2053,2026-08-19,2026-08-19T12:02:25+09:00,500,9000,51.8617,0
M0068,2053,2026-08-19,2026-08-19T13:06:21+09:00,1200,9700,52.9272,0
M0068,2053,2026-08-19,2026-08-19T13:35:01+09:00,500,9000,53.4050,0
M0068,2053,2026-08-19,2026-08-19T14:09:06+09:00,1100,9600,53.9731,0
M0068,2053,2026-08-19,2026-08-19T14:49:47+09:00,1700,10200,54.6511,0
M0068,2053,2026-08-19,2026-08-19T15:26:59+09:00,1300,9800,55.2711,0
M0068,2053,2026-08-19,2026-08-19T16:02:55+09:00,800,9300,55.8700,0
M0068,2053,2026-08-19,2026-08-19T16:36:50+09:00,1300,9800,56.4353,0
M0068,2053,2026-08-19,2026-08-19T17:06:11+09:00,2200,10700,56.9244,0
M0068,2053,2026-08-19,2026-08-19T17:32:35+09:00,3100,11600,57.3644,0
M0068,2053,2026-08-19,2026-08-19T18:08:43+09:00,3300,11800,57.9667,0
M0068,2053,2026-08-19,2026-08-19T18:50:27+09:00,3200,11700,58.6622,0
M0068,2053,2026-08-19,2026-08-19T19:28:55+09:00,2700,11200,59.3033,0
M0068,2053,2026-08-19,2026-08-19T20:05:19+09:00,3500,12000,59.9100,0
M0068,2053,2026-08-19,2026-08-19T20:39:17+09:00,3400,11900,60.4761,0
M0068,2053,2026-08-19,2026-08-19T21:30:39+09:00,3500,12000,61.3322,0
M0068,2053,2026-08-20,2026-08-20T10:52:57+09:00,0,12000,61.3322,1
M0068,2053,2026-08-20,2026-08-20T14:02:59+09:00,-300,11700,64.4994,0
M0068,2053,2026-08-20,2026-08-20T14:35:37+09:00,-700,11300,65.0433,0
M0068,2053,2026-08-20,2026-08-20T15:59:19+09:00,-800,11200,66.4383,0
M0068,2053,2026-08-20,2026-08-20T16:32:33+09:00,-100,11900,66.9922,0
M0068,2053,2026-08-20,2026-08-20T17:07:41+09:00,100,12100,67.5778,0
M0068,2053,2026-08-20,2026-08-20T17:42:01+09:00,-200,11800,68.1500,0
M0068,2053,2026-08-20,2026-08-20T19:39:23+09:00,-300,11700,70.1061,0
M0068,2053,2026-08-20,2026-08-20T21:05:21+09:00,-600,11400,71.5389,0
M0068,2053,2026-08-20,2026-08-20T21:40:19+09:00,-700,11300,72.1217,0
M0068,2053,2026-08-21,2026-08-21T10:54:01+09:00,0,11300,72.1217,1
M0068,2053,2026-08-21,2026-08-21T11:29:17+09:00,-300,11000,72.7094,0
M0068,2053,2026-08-21,2026-08-21T12:03:33+09:00,-200,11100,73.2806,0
M0068,2053,2026-08-21,2026-08-21T12:36:21+09:00,-600,10700,73.8272,0
M0068,2053,2026-08-21,2026-08-21T13:07:23+09:00,-100,11200,74.3444,0
M0069,2054,2026-08-14,2026-08-14T10:54:41+09:00,0,0,0.0000,1
M0069,2054,2026-08-14,2026-08-14T11:29:45+09:00,300,300,0.5844,0
M0069,2054,2026-08-14,2026-08-14T12:04:15+09:00,100,100,1.1594,0
M0069,2054,2026-08-14,2026-08-14T12:37:28+09:00,-300,-300,1.7131,0
M0069,2054,2026-08-14,2026-08-14T13:06:37+09:00,-800,-800,2.1989,0
M0069,2054,2026-08-14,2026-08-14T13:35:02+09:00,-1000,-1000,2.6725,0
M0069,2054,2026-08-14,2026-08-14T14:10:37+09:00,-1300,-1300,3.2656,0
M0069,2054,2026-08-14,2026-08-14T14:55:41+09:00,-1200,-1200,4.0167,0
M0069,2054,2026-08-14,2026-08-14T15:31:41+09:00,-900,-900,4.6167,0
M0069,2054,2026-08-14,2026-08-14T16:08:02+09:00,-600,-600,5.2225,0
M0069,2054,2026-08-14,2026-08-14T16:41:57+09:00,-1100,-1100,5.7878,0
M0069,2054,2026-08-14,2026-08-14T17:30:37+09:00,-700,-700,6.5989,0
M0069,2054,2026-08-14,2026-08-14T18:07:43+09:00,-900,-900,7.2172,0
M0069,2054,2026-08-14,2026-08-14T18:43:04+09:00,-1700,-1700,7.8064,0
M0069,2054,2026-08-14,2026-08-14T19:31:33+09:00,-2300,-2300,8.6144,0
M0069,2054,2026-08-14,2026-08-14T20:09:17+09:00,-2200,-2200,9.2433,0
M0069,2054,2026-08-14,2026-08-14T20:55:41+09:00,-2000,-2000,10.0167,0
M0069,2054,2026-08-15,2026-08-15T10:54:13+09:00,-100,-2000,10.0167,1
M0069,2054,2026-08-15,2026-08-15T11:29:09+09:00,400,-1500,10.5989,0
M0069,2054,2026-08-15,2026-08-15T12:03:27+09:00,-300,-2200,11.1706,0
M0069,2054,2026-08-15,2026-08-15T12:36:37+09:00,-400,-2300,11.7233,0
M0069,2054,2026-08-15,2026-08-15T13:08:49+09:00,500,-1400,12.2600,0
M0069,2054,2026-08-15,2026-08-15T14:01:55+09:00,1500,-400,13.1450,0
M0069,2054,2026-08-15,2026-08-15T14:36:09+09:00,2300,400,13.7156,0
M0069,2054,2026-08-15,2026-08-15T15:58:43+09:00,2600,700,15.0917,0
M0069,2054,2026-08-15,2026-08-15T16:34:01+09:00,2000,100,15.6800,0
M0069,2054,2026-08-15,2026-08-15T17:11:17+09:00,1600,-300,16.3011,0
M0069,2054,2026-08-15,2026-08-15T17:58:39+09:00,2300,400,17.0906,0
M0069,2054,2026-08-15,2026-08-15T18:35:13+09:00,2800,900,17.7000,0
M0069,2054,2026-08-15,2026-08-15T19:12:53+09:00,2500,600,18.3278,0
M0069,2054,2026-08-15,2026-08-15T20:01:19+09:00,2800,900,19.1350,0
M0069,2054,2026-08-15,2026-08-15T20:38:25+09:00,2200,300,19.7533,0
M0069,2054,2026-08-15,2026-08-15T21:25:49+09:00,2000,100,20.5433,0
M0069,2054,2026-08-16,2026-08-16T10:53:41+09:00,-200,100,20.5433,1
M0069,2054,2026-08-16,2026-08-16T12:02:27+09:00,800,1100,21.6894,0
M0069,2054,2026-08-16,2026-08-16T12:35:49+09:00,1400,1700,22.2456,0
M0069,2054,2026-08-16,2026-08-16T13:06:49+09:00,900,1200,22.7622,0
M0069,2054,2026-08-16,2026-08-16T13:36:19+09:00,700,1000,23.2539,0
M0069,2054,2026-08-16,2026-08-16T14:09:21+09:00,500,800,23.8044,0
M0069,2054,2026-08-16,2026-08-16T14:51:21+09:00,1100,1400,24.5044,0
M0069,2054,2026-08-16,2026-08-16T15:29:10+09:00,800,1100,25.1347,0
M0069,2054,2026-08-16,2026-08-16T16:39:55+09:00,600,900,26.3139,0
M0069,2054,2026-08-16,2026-08-16T17:30:17+09:00,0,300,27.1533,0
M0069,2054,2026-08-16,2026-08-16T18:07:35+09:00,900,1200,27.7750,0
M0069,2054,2026-08-16,2026-08-16T18:38:25+09:00,2000,2300,28.2889,0
M0069,2054,2026-08-16,2026-08-16T19:40:19+09:00,2900,3200,29.3206,0
M0069,2054,2026-08-17,2026-08-17T10:52:31+09:00,0,3200,29.3206,1
M0069,2054,2026-08-17,2026-08-17T11:28:29+09:00,-200,3000,29.9200,0
M0069,2054,2026-08-17,2026-08-17T12:02:23+09:00,-700,2500,30.4850,0
M0069,2054,2026-08-17,2026-08-17T12:34:35+09:00,-500,2700,31.0217,0
M0069,2054,2026-08-17,2026-08-17T13:07:15+09:00,-1000,2200,31.5661,0
M0069,2054,2026-08-17,2026-08-17T13:35:21+09:00,-1500,1700,32.0344,0
M0069,2054,2026-08-17,2026-08-17T14:03:11+09:00,-1700,1500,32.4983,0
M0069,2054,2026-08-17,2026-08-17T18:33:03+09:00,-1800,1400,36.9961,0
M0069,2054,2026-08-17,2026-08-17T19:09:23+09:00,-3000,200,37.6017,0
M0069,2054,2026-08-17,2026-08-17T19:59:55+09:00,-3400,-200,38.4439,0
M0069,2054,2026-08-17,2026-08-17T20:35:21+09:00,-2700,500,39.0344,0
M0069,2054,2026-08-17,2026-08-17T21:13:05+09:00,-1600,1600,39.6633,0
M0069,2054,2026-08-17,2026-08-17T21:59:13+09:00,-1500,1700,40.4322,0
M0069,2054,2026-08-17,2026-08-17T22:34:49+09:00,-1300,1900,41.0256,0
M0069,2054,2026-08-17,2026-08-17T23:11:50+09:00,-1200,2000,41.6425,0
M0069,2054,2026-08-18,2026-08-18T10:52:51+09:00,-200,2000,41.6425,1
M0069,2054,2026-08-18,2026-08-18T11:28:45+09:00,-700,1500,42.2408,0
M0069,2054,2026-08-18,2026-08-18T12:02:47+09:00,-1100,1100,42.8081,0
M0069,2054,2026-08-18,2026-08-18T14:04:28+09:00,-1500,700,44.8361,0
M0069,2054,2026-08-18,2026-08-18T14:37:28+09:00,-1600,600,45.3861,0
M0069,2054,2026-08-18,2026-08-18T15:11:53+09:00,-2100,100,45.9597,0
M0069,2054,2026-08-18,2026-08-18T15:59:35+09:00,-1900,300,46.7547,0
M0069,2054,2026-08-18,2026-08-18T16:33:08+09:00,-2100,100,47.3139,0
M0069,2054,2026-08-18,2026-08-18T17:08:27+09:00,-1600,600,47.9025,0
M0069,2054,2026-08-18,2026-08-18T17:59:01+09:00,-1900,300,48.7453,0
M0069,2054,2026-08-18,2026-08-18T18:33:31+09:00,-2100,100,49.3203,0
M0069,2054,2026-08-18,2026-08-18T19:09:25+09:00,-1400,800,49.9186,0
M0069,2054,2026-08-18,2026-08-18T20:35:25+09:00,-900,1300,51.3519,0
M0069,2054,2026-08-18,2026-08-18T21:11:41+09:00,1100,3300,51.9564,0
M0069,2054,2026-08-18,2026-08-18T21:57:39+09:00,700,2900,52.7225,0
M0069,2054,2026-08-18,2026-08-18T22:33:27+09:00,600,2800,53.3192,0
M0069,2054,2026-08-19,2026-08-19T10:53:31+09:00,0,2800,53.3192,1
M0069,2054,2026-08-19,2026-08-19T12:02:25+09:00,-300,2500,54.4675,0
M0069,2054,2026-08-19,2026-08-19T12:35:06+09:00,-400,2400,55.0122,0
M0069,2054,2026-08-19,2026-08-19T14:09:06+09:00,-1000,1800,56.5789,0
M0069,2054,2026-08-19,2026-08-19T14:49:47+09:00,-1600,1200,57.2569,0
M0069,2054,2026-08-19,2026-08-19T15:26:59+09:00,-1900,900,57.8769,0
M0069,2054,2026-08-19,2026-08-19T16:02:55+09:00,-2200,600,58.4758,0
M0069,2054,2026-08-19,2026-08-19T16:36:50+09:00,-1600,1200,59.0411,0
M0069,2054,2026-08-19,2026-08-19T17:06:11+09:00,-1800,1000,59.5303,0
M0069,2054,2026-08-20,2026-08-20T10:52:57+09:00,0,1000,59.5303,1
M0069,2054,2026-08-20,2026-08-20T13:07:39+09:00,900,1900,61.7753,0
M0069,2054,2026-08-20,2026-08-20T13:36:17+09:00,1700,2700,62.2525,0
M0069,2054,2026-08-20,2026-08-20T14:02:59+09:00,1500,2500,62.6975,0
M0069,2054,2026-08-20,2026-08-20T17:07:41+09:00,1200,2200,65.7758,0
M0069,2054,2026-08-20,2026-08-20T17:42:01+09:00,1300,2300,66.3481,0
M0069,2054,2026-08-21,2026-08-21T10:54:01+09:00,0,2300,66.3481,1
M0069,2054,2026-08-21,2026-08-21T11:29:17+09:00,200,2500,66.9358,0
M0069,2054,2026-08-21,2026-08-21T12:03:33+09:00,-300,2000,67.5069,0
M0069,2054,2026-08-21,2026-08-21T12:36:21+09:00,-900,1400,68.0536,0
M0069,2054,2026-08-21,2026-08-21T13:07:23+09:00,-1200,1100,68.5708,0
M0070,2055,2026-08-14,2026-08-14T10:54:41+09:00,-100,-100,0.0000,1
M0070,2055,2026-08-14,2026-08-14T11:29:45+09:00,-200,-200,0.5844,0
M0070,2055,2026-08-14,2026-08-14T12:37:28+09:00,-100,-100,1.7131,0
M0070,2055,2026-08-14,2026-08-14T13:06:37+09:00,-500,-500,2.1989,0
M0070,2055,2026-08-14,2026-08-14T13:35:02+09:00,-900,-900,2.6725,0
M0070,2055,2026-08-14,2026-08-14T14:10:37+09:00,700,700,3.2656,0
M0070,2055,2026-08-14,2026-08-14T14:55:41+09:00,1800,1800,4.0167,0
M0070,2055,2026-08-14,2026-08-14T15:31:41+09:00,2500,2500,4.6167,0
M0070,2055,2026-08-14,2026-08-14T16:08:02+09:00,3100,3100,5.2225,0
M0070,2055,2026-08-14,2026-08-14T16:41:57+09:00,2500,2500,5.7878,0
M0070,2055,2026-08-14,2026-08-14T17:30:37+09:00,2000,2000,6.5989,0
M0070,2055,2026-08-14,2026-08-14T18:07:43+09:00,1800,1800,7.2172,0
M0070,2055,2026-08-14,2026-08-14T18:43:04+09:00,1300,1300,7.8064,0
M0070,2055,2026-08-14,2026-08-14T19:31:33+09:00,900,900,8.6144,0
M0070,2055,2026-08-14,2026-08-14T20:09:17+09:00,0,0,9.2433,0
M0070,2055,2026-08-14,2026-08-14T20:55:41+09:00,1000,1000,10.0167,0
M0070,2055,2026-08-14,2026-08-14T21:33:02+09:00,1900,1900,10.6392,0
M0070,2055,2026-08-14,2026-08-14T22:11:45+09:00,1800,1800,11.2844,0
M0070,2055,2026-08-15,2026-08-15T10:54:13+09:00,-300,1800,11.2844,1
M0070,2055,2026-08-15,2026-08-15T11:29:09+09:00,-400,1700,11.8667,0
M0070,2055,2026-08-15,2026-08-15T12:03:27+09:00,-1100,1000,12.4383,0
M0070,2055,2026-08-15,2026-08-15T13:08:49+09:00,-1900,200,13.5278,0
M0070,2055,2026-08-15,2026-08-15T14:01:55+09:00,-2100,0,14.4128,0
M0070,2055,2026-08-15,2026-08-15T14:36:09+09:00,-2300,-200,14.9833,0
M0070,2055,2026-08-15,2026-08-15T15:11:53+09:00,-3000,-900,15.5789,0
M0070,2055,2026-08-15,2026-08-15T15:58:43+09:00,-3500,-1400,16.3594,0
M0070,2055,2026-08-15,2026-08-15T16:34:01+09:00,-4000,-1900,16.9478,0
M0070,2055,2026-08-15,2026-08-15T17:11:17+09:00,-2600,-500,17.5689,0
M0070,2055,2026-08-15,2026-08-15T17:58:39+09:00,-2700,-600,18.3583,0
M0070,2055,2026-08-15,2026-08-15T18:35:13+09:00,-1900,200,18.9678,0
M0070,2055,2026-08-15,2026-08-15T19:12:53+09:00,-100,2000,19.5956,0
M0070,2055,2026-08-15,2026-08-15T20:01:19+09:00,900,3000,20.4028,0
M0070,2055,2026-08-15,2026-08-15T20:38:25+09:00,2800,4900,21.0211,0
M0070,2055,2026-08-15,2026-08-15T21:25:49+09:00,3100,5200,21.8111,0
M0070,2055,2026-08-15,2026-08-15T22:04:23+09:00,3200,5300,22.4539,0
M0070,2055,2026-08-16,2026-08-16T10:53:41+09:00,0,5300,22.4539,1
M0070,2055,2026-08-16,2026-08-16T12:02:27+09:00,300,5600,23.6000,0
M0070,2055,2026-08-16,2026-08-16T12:35:49+09:00,1100,6400,24.1561,0
M0070,2055,2026-08-16,2026-08-16T13:06:49+09:00,1000,6300,24.6728,0
M0070,2055,2026-08-16,2026-08-16T13:36:19+09:00,600,5900,25.1644,0
M0070,2055,2026-08-16,2026-08-16T14:09:21+09:00,-200,5100,25.7150,0
M0070,2055,2026-08-16,2026-08-16T15:29:10+09:00,100,5400,27.0453,0
M0070,2055,2026-08-16,2026-08-16T16:05:23+09:00,-600,4700,27.6489,0
M0070,2055,2026-08-16,2026-08-16T16:39:55+09:00,-400,4900,28.2244,0
M0070,2055,2026-08-16,2026-08-16T18:07:35+09:00,-500,4800,29.6856,0
M0070,2055,2026-08-16,2026-08-16T18:38:25+09:00,200,5500,30.1994,0
M0070,2055,2026-08-16,2026-08-16T19:40:19+09:00,600,5900,31.2311,0
M0070,2055,2026-08-16,2026-08-16T20:25:39+09:00,0,5300,31.9867,0
M0070,2055,2026-08-16,2026-08-16T21:04:51+09:00,-500,4800,32.6400,0
M0070,2055,2026-08-17,2026-08-17T10:52:31+09:00,-100,4800,32.6400,1
M0070,2055,2026-08-17,2026-08-17T11:28:29+09:00,-500,4400,33.2394,0
M0070,2055,2026-08-17,2026-08-17T12:02:23+09:00,200,5100,33.8044,0
M0070,2055,2026-08-17,2026-08-17T12:34:35+09:00,1000,5900,34.3411,0
M0070,2055,2026-08-17,2026-08-17T13:07:15+09:00,2000,6900,34.8856,0
M0070,2055,2026-08-17,2026-08-17T13:35:21+09:00,2600,7500,35.3539,0
M0070,2055,2026-08-17,2026-08-17T14:03:11+09:00,3200,8100,35.8178,0
M0070,2055,2026-08-17,2026-08-17T14:36:43+09:00,3300,8200,36.3767,0
M0070,2055,2026-08-17,2026-08-17T15:11:21+09:00,2400,7300,36.9539,0
M0070,2055,2026-08-17,2026-08-17T15:59:33+09:00,2000,6900,37.7572,0
M0070,2055,2026-08-17,2026-08-17T16:33:27+09:00,2300,7200,38.3222,0
M0070,2055,2026-08-17,2026-08-17T17:09:07+09:00,2100,7000,38.9167,0
M0070,2055,2026-08-17,2026-08-17T17:58:27+09:00,1800,6700,39.7389,0
M0070,2055,2026-08-17,2026-08-17T19:09:23+09:00,3500,8400,40.9211,0
M0070,2055,2026-08-17,2026-08-17T19:59:55+09:00,4500,9400,41.7633,0
M0070,2055,2026-08-17,2026-08-17T20:35:21+09:00,5400,10300,42.3539,0
M0070,2055,2026-08-18,2026-08-18T10:52:51+09:00,-200,10300,42.3539,1
M0070,2055,2026-08-18,2026-08-18T11:28:45+09:00,-500,10000,42.9522,0
M0070,2055,2026-08-18,2026-08-18T12:02:47+09:00,-900,9600,43.5194,0
M0070,2055,2026-08-18,2026-08-18T12:35:21+09:00,-700,9800,44.0622,0
M0070,2055,2026-08-18,2026-08-18T13:07:37+09:00,-300,10200,44.6000,0
M0070,2055,2026-08-18,2026-08-18T13:35:43+09:00,-500,10000,45.0683,0
M0070,2055,2026-08-18,2026-08-18T14:04:28+09:00,-400,10100,45.5475,0
M0070,2055,2026-08-18,2026-08-18T14:37:28+09:00,-100,10400,46.0975,0
M0070,2055,2026-08-18,2026-08-18T15:11:53+09:00,-300,10200,46.6711,0
M0070,2055,2026-08-18,2026-08-18T15:59:35+09:00,-100,10400,47.4661,0
M0070,2055,2026-08-18,2026-08-18T16:33:08+09:00,-500,10000,48.0253,0
M0070,2055,2026-08-18,2026-08-18T17:08:27+09:00,-1100,9400,48.6139,0
M0070,2055,2026-08-18,2026-08-18T17:59:01+09:00,-900,9600,49.4567,0
M0070,2055,2026-08-18,2026-08-18T18:33:31+09:00,200,10700,50.0317,0
M0070,2055,2026-08-18,2026-08-18T19:09:25+09:00,100,10600,50.6300,0
M0070,2055,2026-08-18,2026-08-18T19:59:53+09:00,-700,9800,51.4711,0
M0070,2055,2026-08-18,2026-08-18T20:35:25+09:00,-500,10000,52.0633,0
M0070,2055,2026-08-18,2026-08-18T21:11:41+09:00,500,11000,52.6678,0
M0070,2055,2026-08-18,2026-08-18T21:57:39+09:00,0,10500,53.4339,0
M0070,2055,2026-08-19,2026-08-19T10:53:31+09:00,-200,10500,53.4339,1
M0070,2055,2026-08-19,2026-08-19T11:28:23+09:00,-700,10000,54.0150,0
M0070,2055,2026-08-19,2026-08-19T12:02:25+09:00,-100,10600,54.5822,0
M0070,2055,2026-08-19,2026-08-19T13:06:21+09:00,500,11200,55.6478,0
M0070,2055,2026-08-19,2026-08-19T13:35:01+09:00,0,10700,56.1256,0
M0070,2055,2026-08-19,2026-08-19T14:09:06+09:00,300,11000,56.6936,0
M0070,2055,2026-08-19,2026-08-19T14:49:47+09:00,500,11200,57.3717,0
M0070,2055,2026-08-19,2026-08-19T15:26:59+09:00,200,10900,57.9917,0
M0070,2055,2026-08-19,2026-08-19T16:02:55+09:00,-400,10300,58.5906,0
M0070,2055,2026-08-19,2026-08-19T16:36:50+09:00,-300,10400,59.1558,0
M0070,2055,2026-08-19,2026-08-19T17:06:11+09:00,-500,10200,59.6450,0
M0070,2055,2026-08-19,2026-08-19T17:32:35+09:00,200,10900,60.0850,0
M0070,2055,2026-08-19,2026-08-19T18:08:43+09:00,600,11300,60.6872,0
M0070,2055,2026-08-19,2026-08-19T18:50:27+09:00,1300,12000,61.3828,0
M0070,2055,2026-08-19,2026-08-19T19:28:55+09:00,1900,12600,62.0239,0
M0070,2055,2026-08-19,2026-08-19T20:05:19+09:00,3000,13700,62.6306,0
M0070,2055,2026-08-19,2026-08-19T20:39:17+09:00,2700,13400,63.1967,0
M0070,2055,2026-08-19,2026-08-19T21:30:39+09:00,3700,14400,64.0528,0
M0070,2055,2026-08-19,2026-08-19T22:07:17+09:00,2900,13600,64.6633,0
M0070,2055,2026-08-19,2026-08-19T22:43:08+09:00,3000,13700,65.2608,0
M0070,2055,2026-08-20,2026-08-20T10:52:57+09:00,0,13700,65.2608,1
M0070,2055,2026-08-20,2026-08-20T14:35:37+09:00,-200,13500,68.9719,0
M0070,2055,2026-08-20,2026-08-20T15:09:59+09:00,100,13800,69.5447,0
M0070,2055,2026-08-20,2026-08-20T15:59:19+09:00,-400,13300,70.3669,0
M0070,2055,2026-08-20,2026-08-20T16:32:33+09:00,200,13900,70.9208,0
M0070,2055,2026-08-20,2026-08-20T17:42:01+09:00,-800,12900,72.0786,0
M0070,2055,2026-08-20,2026-08-20T18:28:21+09:00,-1000,12700,72.8508,0
M0070,2055,2026-08-20,2026-08-20T19:39:23+09:00,-1400,12300,74.0347,0
M0070,2055,2026-08-20,2026-08-20T20:28:35+09:00,-2100,11600,74.8547,0
M0070,2055,2026-08-20,2026-08-20T21:40:19+09:00,-2200,11500,76.0503,0
M0070,2055,2026-08-21,2026-08-21T10:54:01+09:00,0,11500,76.0503,1
M0070,2055,2026-08-21,2026-08-21T11:29:17+09:00,-400,11100,76.6381,0
M0070,2055,2026-08-21,2026-08-21T12:03:33+09:00,-1000,10500,77.2092,0
M0070,2055,2026-08-21,2026-08-21T12:36:21+09:00,-1200,10300,77.7558,0
M0070,2055,2026-08-21,2026-08-21T13:07:23+09:00,-1300,10200,78.2731,0
M0071,2056,2026-08-14,2026-08-14T10:54:41+09:00,-100,-100,0.0000,1
M0071,2056,2026-08-14,2026-08-14T11:29:45+09:00,-300,-300,0.5844,0
M0071,2056,2026-08-14,2026-08-14T12:04:15+09:00,0,0,1.1594,0
M0071,2056,2026-08-14,2026-08-14T12:37:28+09:00,-300,-300,1.7131,0
M0071,2056,2026-08-14,2026-08-14T13:06:37+09:00,200,200,2.1989,0
M0071,2056,2026-08-14,2026-08-14T13:35:02+09:00,-300,-300,2.6725,0
M0071,2056,2026-08-14,2026-08-14T14:10:37+09:00,-200,-200,3.2656,0
M0071,2056,2026-08-14,2026-08-14T15:31:41+09:00,-100,-100,4.6167,0
M0071,2056,2026-08-14,2026-08-14T16:08:02+09:00,-200,-200,5.2225,0
M0071,2056,2026-08-14,2026-08-14T16:41:57+09:00,-400,-400,5.7878,0
M0071,2056,2026-08-14,2026-08-14T17:30:37+09:00,-700,-700,6.5989,0
M0071,2056,2026-08-14,2026-08-14T18:07:43+09:00,-600,-600,7.2172,0
M0071,2056,2026-08-14,2026-08-14T18:43:04+09:00,-1200,-1200,7.8064,0
M0071,2056,2026-08-14,2026-08-14T19:31:33+09:00,-1600,-1600,8.6144,0
M0071,2056,2026-08-14,2026-08-14T20:09:17+09:00,-2300,-2300,9.2433,0
M0071,2056,2026-08-14,2026-08-14T20:55:41+09:00,-1900,-1900,10.0167,0
M0071,2056,2026-08-14,2026-08-14T21:33:02+09:00,-1700,-1700,10.6392,0
M0071,2056,2026-08-15,2026-08-15T10:54:13+09:00,-200,-1700,10.6392,1
M0071,2056,2026-08-15,2026-08-15T11:29:09+09:00,-400,-1900,11.2214,0
M0071,2056,2026-08-15,2026-08-15T12:03:27+09:00,-700,-2200,11.7931,0
M0071,2056,2026-08-15,2026-08-15T12:36:37+09:00,100,-1400,12.3458,0
M0071,2056,2026-08-15,2026-08-15T13:08:49+09:00,0,-1500,12.8825,0
M0071,2056,2026-08-15,2026-08-15T14:01:55+09:00,-400,-1900,13.7675,0
M0071,2056,2026-08-15,2026-08-15T14:36:09+09:00,-500,-2000,14.3381,0
M0071,2056,2026-08-15,2026-08-15T15:11:53+09:00,-400,-1900,14.9336,0
M0071,2056,2026-08-15,2026-08-15T15:58:43+09:00,-700,-2200,15.7142,0
M0071,2056,2026-08-15,2026-08-15T16:34:01+09:00,200,-1300,16.3025,0
M0071,2056,2026-08-15,2026-08-15T17:11:17+09:00,2200,700,16.9236,0
M0071,2056,2026-08-15,2026-08-15T17:58:39+09:00,3000,1500,17.7131,0
M0071,2056,2026-08-15,2026-08-15T18:35:13+09:00,3200,1700,18.3225,0
M0071,2056,2026-08-15,2026-08-15T19:12:53+09:00,2400,900,18.9503,0
M0071,2056,2026-08-15,2026-08-15T20:01:19+09:00,1800,300,19.7575,0
M0071,2056,2026-08-15,2026-08-15T20:38:25+09:00,1900,400,20.3758,0
M0071,2056,2026-08-16,2026-08-16T10:53:41+09:00,300,400,20.3758,1
M0071,2056,2026-08-16,2026-08-16T11:28:27+09:00,1100,1200,20.9553,0
M0071,2056,2026-08-16,2026-08-16T12:35:49+09:00,1800,1900,22.0781,0
M0071,2056,2026-08-16,2026-08-16T13:06:49+09:00,1200,1300,22.5947,0
M0071,2056,2026-08-16,2026-08-16T14:09:21+09:00,600,700,23.6369,0
M0071,2056,2026-08-16,2026-08-16T14:51:21+09:00,100,200,24.3369,0
M0071,2056,2026-08-16,2026-08-16T15:29:10+09:00,300,400,24.9672,0
M0071,2056,2026-08-16,2026-08-16T16:05:23+09:00,800,900,25.5708,0
M0071,2056,2026-08-16,2026-08-16T16:39:55+09:00,1500,1600,26.1464,0
M0071,2056,2026-08-16,2026-08-16T17:30:17+09:00,1200,1300,26.9858,0
M0071,2056,2026-08-16,2026-08-16T18:07:35+09:00,1300,1400,27.6075,0
M0071,2056,2026-08-16,2026-08-16T18:38:25+09:00,500,600,28.1214,0
M0071,2056,2026-08-16,2026-08-16T19:40:19+09:00,1900,2000,29.1531,0
M0071,2056,2026-08-16,2026-08-16T20:25:39+09:00,2000,2100,29.9086,0
M0071,2056,2026-08-16,2026-08-16T21:04:51+09:00,1900,2000,30.5619,0
M0071,2056,2026-08-17,2026-08-17T10:52:31+09:00,0,2000,30.5619,1
M0071,2056,2026-08-17,2026-08-17T12:02:23+09:00,-100,1900,31.7264,0
M0071,2056,2026-08-17,2026-08-17T12:34:35+09:00,600,2600,32.2631,0
M0071,2056,2026-08-17,2026-08-17T13:07:15+09:00,800,2800,32.8075,0
M0071,2056,2026-08-17,2026-08-17T13:35:21+09:00,1100,3100,33.2758,0
M0071,2056,2026-08-17,2026-08-17T14:36:43+09:00,1300,3300,34.2986,0
M0071,2056,2026-08-17,2026-08-17T15:59:33+09:00,900,2900,35.6792,0
M0071,2056,2026-08-17,2026-08-17T16:33:27+09:00,400,2400,36.2442,0
M0071,2056,2026-08-17,2026-08-17T17:09:07+09:00,2300,4300,36.8386,0
M0071,2056,2026-08-17,2026-08-17T17:58:27+09:00,2900,4900,37.6608,0
M0071,2056,2026-08-17,2026-08-17T18:33:03+09:00,3700,5700,38.2375,0
M0071,2056,2026-08-17,2026-08-17T19:09:23+09:00,4100,6100,38.8431,0
M0071,2056,2026-08-17,2026-08-17T19:59:55+09:00,5100,7100,39.6853,0
M0071,2056,2026-08-17,2026-08-17T20:35:21+09:00,6100,8100,40.2758,0
M0071,2056,2026-08-17,2026-08-17T21:13:05+09:00,5700,7700,40.9047,0
M0071,2056,2026-08-17,2026-08-17T21:59:13+09:00,5500,7500,41.6736,0
M0071,2056,2026-08-17,2026-08-17T22:34:49+09:00,5400,7400,42.2669,0
M0071,2056,2026-08-18,2026-08-18T10:52:51+09:00,-100,7400,42.2669,1
M0071,2056,2026-08-18,2026-08-18T11:28:45+09:00,-400,7100,42.8653,0
M0071,2056,2026-08-18,2026-08-18T12:02:47+09:00,-500,7000,43.4325,0
M0071,2056,2026-08-18,2026-08-18T12:35:21+09:00,-600,6900,43.9753,0
M0071,2056,2026-08-18,2026-08-18T13:07:37+09:00,-1100,6400,44.5131,0
M0071,2056,2026-08-18,2026-08-18T13:35:43+09:00,-600,6900,44.9814,0
M0071,2056,2026-08-18,2026-08-18T14:04:28+09:00,-800,6700,45.4606,0
M0071,2056,2026-08-18,2026-08-18T14:37:28+09:00,-600,6900,46.0106,0
M0071,2056,2026-08-18,2026-08-18T15:11:53+09:00,-1700,5800,46.5842,0
M0071,2056,2026-08-18,2026-08-18T15:59:35+09:00,-2300,5200,47.3792,0
M0071,2056,2026-08-18,2026-08-18T16:33:08+09:00,-2700,4800,47.9383,0
M0071,2056,2026-08-18,2026-08-18T17:08:27+09:00,-1900,5600,48.5269,0
M0071,2056,2026-08-18,2026-08-18T17:59:01+09:00,-2200,5300,49.3697,0
M0071,2056,2026-08-18,2026-08-18T23:10:31+09:00,-1600,5900,54.5614,0
M0071,2056,2026-08-19,2026-08-19T10:53:31+09:00,0,5900,54.5614,1
M0071,2056,2026-08-19,2026-08-19T12:35:06+09:00,-300,5600,56.2544,0
M0071,2056,2026-08-19,2026-08-19T13:06:21+09:00,200,6100,56.7753,0
M0071,2056,2026-08-19,2026-08-19T13:35:01+09:00,700,6600,57.2531,0
M0071,2056,2026-08-19,2026-08-19T14:09:06+09:00,1500,7400,57.8211,0
M0071,2056,2026-08-19,2026-08-19T14:49:47+09:00,1700,7600,58.4992,0
M0071,2056,2026-08-19,2026-08-19T15:26:59+09:00,1400,7300,59.1192,0
M0071,2056,2026-08-19,2026-08-19T16:02:55+09:00,1000,6900,59.7181,0
M0071,2056,2026-08-19,2026-08-19T16:36:50+09:00,700,6600,60.2833,0
M0071,2056,2026-08-19,2026-08-19T17:06:11+09:00,400,6300,60.7725,0
M0071,2056,2026-08-19,2026-08-19T17:32:35+09:00,0,5900,61.2125,0
M0071,2056,2026-08-19,2026-08-19T18:08:43+09:00,1300,7200,61.8147,0
M0071,2056,2026-08-19,2026-08-19T18:50:27+09:00,1200,7100,62.5103,0
M0071,2056,2026-08-19,2026-08-19T19:28:55+09:00,700,6600,63.1514,0
M0071,2056,2026-08-19,2026-08-19T20:05:19+09:00,800,6700,63.7581,0
M0071,2056,2026-08-20,2026-08-20T10:52:57+09:00,0,6700,63.7581,1
M0071,2056,2026-08-20,2026-08-20T11:28:53+09:00,-100,6600,64.3569,0
M0071,2056,2026-08-20,2026-08-20T12:02:37+09:00,-200,6500,64.9192,0
M0071,2056,2026-08-20,2026-08-20T14:35:37+09:00,-600,6100,67.4692,0
M0071,2056,2026-08-20,2026-08-20T15:09:59+09:00,-1000,5700,68.0419,0
M0071,2056,2026-08-20,2026-08-20T16:32:33+09:00,-1200,5500,69.4181,0
M0071,2056,2026-08-20,2026-08-20T17:07:41+09:00,-600,6100,70.0036,0
M0071,2056,2026-08-20,2026-08-20T17:42:01+09:00,-1100,5600,70.5758,0
M0071,2056,2026-08-20,2026-08-20T18:28:21+09:00,-1300,5400,71.3481,0
M0071,2056,2026-08-20,2026-08-20T19:04:37+09:00,-1700,5000,71.9525,0
M0071,2056,2026-08-20,2026-08-20T19:39:23+09:00,-2700,4000,72.5319,0
M0071,2056,2026-08-20,2026-08-20T20:28:35+09:00,-2800,3900,73.3519,0
M0071,2056,2026-08-20,2026-08-20T21:05:21+09:00,-2600,4100,73.9647,0
M0071,2056,2026-08-21,2026-08-21T10:54:01+09:00,-100,4100,73.9647,1
M0071,2056,2026-08-21,2026-08-21T11:29:17+09:00,600,4800,74.5525,0
M0071,2056,2026-08-21,2026-08-21T12:03:33+09:00,500,4700,75.1236,0
M0071,2056,2026-08-21,2026-08-21T12:36:21+09:00,200,4400,75.6703,0
M0071,2056,2026-08-21,2026-08-21T13:07:23+09:00,400,4600,76.1875,0
M0072,2057,2026-08-14,2026-08-14T10:54:41+09:00,-100,-100,0.0000,1
M0072,2057,2026-08-14,2026-08-14T11:29:45+09:00,-700,-700,0.5844,0
M0072,2057,2026-08-14,2026-08-14T12:04:15+09:00,-800,-800,1.1594,0
M0072,2057,2026-08-14,2026-08-14T13:06:37+09:00,-1300,-1300,2.1989,0
M0072,2057,2026-08-14,2026-08-14T13:35:02+09:00,-1800,-1800,2.6725,0
M0072,2057,2026-08-14,2026-08-14T14:10:37+09:00,-1900,-1900,3.2656,0
M0072,2057,2026-08-14,2026-08-14T14:55:41+09:00,-2000,-2000,4.0167,0
M0072,2057,2026-08-14,2026-08-14T15:31:41+09:00,-2300,-2300,4.6167,0
M0072,2057,2026-08-14,2026-08-14T16:08:02+09:00,-2100,-2100,5.2225,0
M0072,2057,2026-08-14,2026-08-14T16:41:57+09:00,-1500,-1500,5.7878,0
M0072,2057,2026-08-14,2026-08-14T17:30:37+09:00,-1900,-1900,6.5989,0
M0072,2057,2026-08-14,2026-08-14T18:07:43+09:00,-2000,-2000,7.2172,0
M0072,2057,2026-08-14,2026-08-14T18:43:04+09:00,-2500,-2500,7.8064,0
M0072,2057,2026-08-15,2026-08-15T10:54:13+09:00,-100,-2500,7.8064,1
M0072,2057,2026-08-15,2026-08-15T11:29:09+09:00,-300,-2700,8.3886,0
M0072,2057,2026-08-15,2026-08-15T12:03:27+09:00,400,-2000,8.9603,0
M0072,2057,2026-08-15,2026-08-15T12:36:37+09:00,500,-1900,9.5131,0
M0072,2057,2026-08-15,2026-08-15T13:08:49+09:00,-100,-2500,10.0497,0
M0072,2057,2026-08-15,2026-08-15T14:01:55+09:00,100,-2300,10.9347,0
M0072,2057,2026-08-15,2026-08-15T15:11:53+09:00,600,-1800,12.1008,0
M0072,2057,2026-08-15,2026-08-15T15:58:43+09:00,300,-2100,12.8814,0
M0072,2057,2026-08-15,2026-08-15T16:34:01+09:00,-200,-2600,13.4697,0
M0072,2057,2026-08-15,2026-08-15T17:11:17+09:00,-500,-2900,14.0908,0
M0072,2057,2026-08-15,2026-08-15T17:58:39+09:00,-1100,-3500,14.8803,0
M0072,2057,2026-08-15,2026-08-15T18:35:13+09:00,-1500,-3900,15.4897,0
M0072,2057,2026-08-15,2026-08-15T19:12:53+09:00,-1800,-4200,16.1175,0
M0072,2057,2026-08-15,2026-08-15T20:01:19+09:00,-2300,-4700,16.9247,0
M0072,2057,2026-08-15,2026-08-15T20:38:25+09:00,-3000,-5400,17.5431,0
M0072,2057,2026-08-16,2026-08-16T10:53:41+09:00,-200,-5400,17.5431,1
M0072,2057,2026-08-16,2026-08-16T12:02:27+09:00,-600,-5800,18.6892,0
M0072,2057,2026-08-16,2026-08-16T12:35:49+09:00,-1100,-6300,19.2453,0
M0072,2057,2026-08-16,2026-08-16T13:06:49+09:00,-1400,-6600,19.7619,0
M0072,2057,2026-08-16,2026-08-16T13:36:19+09:00,-500,-5700,20.2536,0
M0072,2057,2026-08-16,2026-08-16T14:09:21+09:00,-1500,-6700,20.8042,0
M0072,2057,2026-08-16,2026-08-16T14:51:21+09:00,-1600,-6800,21.5042,0
M0072,2057,2026-08-16,2026-08-16T15:29:10+09:00,-2300,-7500,22.1344,0
M0072,2057,2026-08-16,2026-08-16T16:05:23+09:00,-1800,-7000,22.7381,0
M0072,2057,2026-08-16,2026-08-16T16:39:55+09:00,-1700,-6900,23.3136,0
M0072,2057,2026-08-16,2026-08-16T17:30:17+09:00,-2200,-7400,24.1531,0
M0072,2057,2026-08-16,2026-08-16T18:07:35+09:00,-1600,-6800,24.7747,0
M0072,2057,2026-08-16,2026-08-16T18:38:25+09:00,-600,-5800,25.2886,0
M0072,2057,2026-08-16,2026-08-16T19:40:19+09:00,1500,-3700,26.3203,0
M0072,2057,2026-08-16,2026-08-16T20:25:39+09:00,2400,-2800,27.0758,0
M0072,2057,2026-08-16,2026-08-16T21:04:51+09:00,3400,-1800,27.7292,0
M0072,2057,2026-08-16,2026-08-16T21:42:13+09:00,3000,-2200,28.3519,0
M0072,2057,2026-08-17,2026-08-17T10:52:31+09:00,0,-2200,28.3519,1
M0072,2057,2026-08-17,2026-08-17T14:03:11+09:00,-600,-2800,31.5297,0
M0072,2057,2026-08-17,2026-08-17T14:36:43+09:00,-500,-2700,32.0886,0
M0072,2057,2026-08-17,2026-08-17T15:11:21+09:00,-900,-3100,32.6658,0
M0072,2057,2026-08-17,2026-08-17T16:33:27+09:00,-1300,-3500,34.0342,0
M0072,2057,2026-08-17,2026-08-17T17:09:07+09:00,-1900,-4100,34.6286,0
M0072,2057,2026-08-17,2026-08-17T17:58:27+09:00,-2100,-4300,35.4508,0
M0072,2057,2026-08-18,2026-08-18T10:52:51+09:00,-100,-4300,35.4508,1
M0072,2057,2026-08-18,2026-08-18T11:28:45+09:00,900,-3300,36.0492,0
M0072,2057,2026-08-18,2026-08-18T12:02:47+09:00,1300,-2900,36.6164,0
M0072,2057,2026-08-18,2026-08-18T12:35:21+09:00,1000,-3200,37.1592,0
M0072,2057,2026-08-18,2026-08-18T13:07:37+09:00,700,-3500,37.6969,0
M0072,2057,2026-08-18,2026-08-18T13:35:43+09:00,1200,-3000,38.1653,0
M0072,2057,2026-08-18,2026-08-18T14:04:28+09:00,1600,-2600,38.6444,0
M0072,2057,2026-08-18,2026-08-18T14:37:28+09:00,1400,-2800,39.1944,0
M0072,2057,2026-08-18,2026-08-18T15:11:53+09:00,500,-3700,39.7681,0
M0072,2057,2026-08-18,2026-08-18T15:59:35+09:00,0,-4200,40.5631,0
M0072,2057,2026-08-18,2026-08-18T16:33:08+09:00,700,-3500,41.1222,0
M0072,2057,2026-08-18,2026-08-18T17:08:27+09:00,1600,-2600,41.7108,0
M0072,2057,2026-08-18,2026-08-18T17:59:01+09:00,1500,-2700,42.5536,0
M0072,2057,2026-08-18,2026-08-18T19:09:25+09:00,1100,-3100,43.7269,0
M0072,2057,2026-08-18,2026-08-18T19:59:53+09:00,700,-3500,44.5681,0
M0072,2057,2026-08-18,2026-08-18T20:35:25+09:00,1000,-3200,45.1603,0
M0072,2057,2026-08-18,2026-08-18T21:11:41+09:00,1100,-3100,45.7647,0
M0072,2057,2026-08-18,2026-08-18T21:57:39+09:00,700,-3500,46.5308,0
M0072,2057,2026-08-18,2026-08-18T22:33:27+09:00,900,-3300,47.1275,0
M0072,2057,2026-08-19,2026-08-19T10:53:31+09:00,0,-3300,47.1275,1
M0072,2057,2026-08-19,2026-08-19T13:35:01+09:00,-400,-3700,49.8192,0
M0072,2057,2026-08-19,2026-08-19T14:09:06+09:00,-1300,-4600,50.3872,0
M0072,2057,2026-08-19,2026-08-19T14:49:47+09:00,-1100,-4400,51.0653,0
M0072,2057,2026-08-19,2026-08-19T15:26:59+09:00,-1400,-4700,51.6853,0
M0072,2057,2026-08-20,2026-08-20T10:52:57+09:00,0,-4700,51.6853,1
M0072,2057,2026-08-20,2026-08-20T12:35:01+09:00,100,-4600,53.3864,0
M0072,2057,2026-08-20,2026-08-20T13:07:39+09:00,0,-4700,53.9303,0
M0072,2057,2026-08-20,2026-08-20T13:36:17+09:00,600,-4100,54.4075,0
M0072,2057,2026-08-20,2026-08-20T15:09:59+09:00,200,-4500,55.9692,0
M0072,2057,2026-08-20,2026-08-20T15:59:19+09:00,400,-4300,56.7914,0
M0072,2057,2026-08-20,2026-08-20T16:32:33+09:00,600,-4100,57.3453,0
M0072,2057,2026-08-20,2026-08-20T17:07:41+09:00,0,-4700,57.9308,0
M0072,2057,2026-08-20,2026-08-20T17:42:01+09:00,-300,-5000,58.5031,0
M0072,2057,2026-08-20,2026-08-20T18:28:21+09:00,-200,-4900,59.2753,0
M0072,2057,2026-08-20,2026-08-20T19:04:37+09:00,-400,-5100,59.8797,0
M0072,2057,2026-08-20,2026-08-20T19:39:23+09:00,300,-4400,60.4592,0
M0072,2057,2026-08-20,2026-08-20T20:28:35+09:00,1400,-3300,61.2792,0
M0072,2057,2026-08-20,2026-08-20T21:05:21+09:00,2400,-2300,61.8919,0
M0072,2057,2026-08-20,2026-08-20T21:40:19+09:00,3100,-1600,62.4747,0
M0072,2057,2026-08-21,2026-08-21T10:54:01+09:00,100,-1600,62.4747,1
M0072,2057,2026-08-21,2026-08-21T11:29:17+09:00,-500,-2200,63.0625,0
M0072,2057,2026-08-21,2026-08-21T12:03:33+09:00,-900,-2600,63.6336,0
M0072,2057,2026-08-21,2026-08-21T12:36:21+09:00,-500,-2200,64.1803,0
M0072,2057,2026-08-21,2026-08-21T13:07:23+09:00,-200,-1900,64.6975,0
M0073,2058,2026-08-14,2026-08-14T10:54:41+09:00,100,100,0.0000,1
M0073,2058,2026-08-14,2026-08-14T11:29:45+09:00,-200,-200,0.5844,0
M0073,2058,2026-08-14,2026-08-14T12:04:15+09:00,-400,-400,1.1594,0
M0073,2058,2026-08-14,2026-08-14T12:37:28+09:00,-900,-900,1.7131,0
M0073,2058,2026-08-14,2026-08-14T13:06:37+09:00,-1400,-1400,2.1989,0
M0073,2058,2026-08-14,2026-08-14T13:35:02+09:00,-1900,-1900,2.6725,0
M0073,2058,2026-08-14,2026-08-14T14:10:37+09:00,-400,-400,3.2656,0
M0073,2058,2026-08-14,2026-08-14T14:55:41+09:00,-600,-600,4.0167,0
M0073,2058,2026-08-14,2026-08-14T16:08:02+09:00,-1000,-1000,5.2225,0
M0073,2058,2026-08-14,2026-08-14T16:41:57+09:00,-1100,-1100,5.7878,0
M0073,2058,2026-08-14,2026-08-14T17:30:37+09:00,-1000,-1000,6.5989,0
M0073,2058,2026-08-14,2026-08-14T18:07:43+09:00,-1300,-1300,7.2172,0
M0073,2058,2026-08-14,2026-08-14T18:43:04+09:00,-2100,-2100,7.8064,0
M0073,2058,2026-08-14,2026-08-14T19:31:33+09:00,-2700,-2700,8.6144,0
M0073,2058,2026-08-14,2026-08-14T20:09:17+09:00,-3800,-3800,9.2433,0
M0073,2058,2026-08-14,2026-08-14T20:55:41+09:00,-3200,-3200,10.0167,0
M0073,2058,2026-08-14,2026-08-14T21:33:02+09:00,-3100,-3100,10.6392,0
M0073,2058,2026-08-15,2026-08-15T10:54:13+09:00,-200,-3100,10.6392,1
M0073,2058,2026-08-15,2026-08-15T11:29:09+09:00,-600,-3500,11.2214,0
M0073,2058,2026-08-15,2026-08-15T12:03:27+09:00,100,-2800,11.7931,0
M0073,2058,2026-08-15,2026-08-15T12:36:37+09:00,300,-2600,12.3458,0
M0073,2058,2026-08-15,2026-08-15T13:08:49+09:00,600,-2300,12.8825,0
M0073,2058,2026-08-15,2026-08-15T14:01:55+09:00,1000,-1900,13.7675,0
M0073,2058,2026-08-15,2026-08-15T14:36:09+09:00,1300,-1600,14.3381,0
M0073,2058,2026-08-15,2026-08-15T15:11:53+09:00,2900,0,14.9336,0
M0073,2058,2026-08-15,2026-08-15T15:58:43+09:00,3200,300,15.7142,0
M0073,2058,2026-08-15,2026-08-15T16:34:01+09:00,2800,-100,16.3025,0
M0073,2058,2026-08-15,2026-08-15T17:11:17+09:00,3600,700,16.9236,0
M0073,2058,2026-08-15,2026-08-15T17:58:39+09:00,3800,900,17.7131,0
M0073,2058,2026-08-15,2026-08-15T18:35:13+09:00,4400,1500,18.3225,0
M0073,2058,2026-08-15,2026-08-15T19:12:53+09:00,5600,2700,18.9503,0
M0073,2058,2026-08-15,2026-08-15T20:01:19+09:00,6100,3200,19.7575,0
M0073,2058,2026-08-15,2026-08-15T20:38:25+09:00,5700,2800,20.3758,0
M0073,2058,2026-08-15,2026-08-15T21:25:49+09:00,5500,2600,21.1658,0
M0073,2058,2026-08-15,2026-08-15T22:04:23+09:00,6300,3400,21.8086,0
M0073,2058,2026-08-16,2026-08-16T10:53:41+09:00,-100,3400,21.8086,1
M0073,2058,2026-08-16,2026-08-16T11:28:27+09:00,-300,3200,22.3881,0
M0073,2058,2026-08-16,2026-08-16T12:02:27+09:00,-200,3300,22.9547,0
M0073,2058,2026-08-16,2026-08-16T12:35:49+09:00,-800,2700,23.5108,0
M0073,2058,2026-08-16,2026-08-16T14:09:21+09:00,-700,2800,25.0697,0
M0073,2058,2026-08-16,2026-08-16T14:51:21+09:00,-900,2600,25.7697,0
M0073,2058,2026-08-16,2026-08-16T15:29:10+09:00,-1000,2500,26.4000,0
M0073,2058,2026-08-16,2026-08-16T16:05:23+09:00,-1300,2200,27.0036,0
M0073,2058,2026-08-16,2026-08-16T16:39:55+09:00,-2300,1200,27.5792,0
M0073,2058,2026-08-16,2026-08-16T17:30:17+09:00,-2800,700,28.4186,0
M0073,2058,2026-08-16,2026-08-16T18:07:35+09:00,-3300,200,29.0403,0
M0073,2058,2026-08-16,2026-08-16T18:38:25+09:00,-2100,1400,29.5542,0
M0073,2058,2026-08-16,2026-08-16T19:40:19+09:00,-2000,1500,30.5858,0
M0073,2058,2026-08-17,2026-08-17T10:52:31+09:00,-100,1500,30.5858,1
M0073,2058,2026-08-17,2026-08-17T11:28:29+09:00,100,1700,31.1853,0
M0073,2058,2026-08-17,2026-08-17T12:02:23+09:00,-300,1300,31.7503,0
M0073,2058,2026-08-17,2026-08-17T12:34:35+09:00,-800,800,32.2869,0
M0073,2058,2026-08-17,2026-08-17T13:07:15+09:00,-1200,400,32.8314,0
M0073,2058,2026-08-17,2026-08-17T13:35:21+09:00,-1600,0,33.2997,0
M0073,2058,2026-08-17,2026-08-17T14:03:11+09:00,-2000,-400,33.7636,0
M0073,2058,2026-08-17,2026-08-17T14:36:43+09:00,-1300,300,34.3225,0
M0073,2058,2026-08-17,2026-08-17T15:11:21+09:00,-1200,400,34.8997,0
M0073,2058,2026-08-18,2026-08-18T10:52:51+09:00,0,400,34.8997,1
M0073,2058,2026-08-18,2026-08-18T11:28:45+09:00,100,500,35.4981,0
M0073,2058,2026-08-18,2026-08-18T12:02:47+09:00,600,1000,36.0653,0
M0073,2058,2026-08-18,2026-08-18T12:35:21+09:00,1500,1900,36.6081,0
M0073,2058,2026-08-18,2026-08-18T13:07:37+09:00,1200,1600,37.1458,0
M0073,2058,2026-08-18,2026-08-18T13:35:43+09:00,700,1100,37.6142,0
M0073,2058,2026-08-18,2026-08-18T14:04:28+09:00,300,700,38.0933,0
M0073,2058,2026-08-18,2026-08-18T14:37:28+09:00,0,400,38.6433,0
M0073,2058,2026-08-18,2026-08-18T15:11:53+09:00,1700,2100,39.2169,0
M0073,2058,2026-08-18,2026-08-18T19:09:25+09:00,1200,1600,43.1758,0
M0073,2058,2026-08-18,2026-08-18T20:35:25+09:00,1300,1700,44.6092,0
M0073,2058,2026-08-18,2026-08-18T21:11:41+09:00,500,900,45.2136,0
M0073,2058,2026-08-18,2026-08-18T21:57:39+09:00,0,400,45.9797,0
M0073,2058,2026-08-18,2026-08-18T22:33:27+09:00,-600,-200,46.5764,0
M0073,2058,2026-08-18,2026-08-18T23:10:31+09:00,-1300,-900,47.1942,0
M0073,2058,2026-08-19,2026-08-19T10:53:31+09:00,-300,-900,47.1942,1
M0073,2058,2026-08-19,2026-08-19T11:28:23+09:00,-600,-1200,47.7753,0
M0073,2058,2026-08-19,2026-08-19T12:02:25+09:00,-700,-1300,48.3425,0
M0073,2058,2026-08-19,2026-08-19T12:35:06+09:00,300,-300,48.8872,0
M0073,2058,2026-08-19,2026-08-19T13:06:21+09:00,-300,-900,49.4081,0
M0073,2058,2026-08-19,2026-08-19T13:35:01+09:00,0,-600,49.8858,0
M0073,2058,2026-08-19,2026-08-19T14:09:06+09:00,-400,-1000,50.4539,0
M0073,2058,2026-08-19,2026-08-19T14:49:47+09:00,-700,-1300,51.1319,0
M0073,2058,2026-08-19,2026-08-19T19:28:55+09:00,-500,-1100,55.7842,0
M0073,2058,2026-08-19,2026-08-19T20:05:19+09:00,-400,-1000,56.3908,0
M0073,2058,2026-08-19,2026-08-19T20:39:17+09:00,-100,-700,56.9569,0
M0073,2058,2026-08-19,2026-08-19T21:30:39+09:00,800,200,57.8131,0
M0073,2058,2026-08-19,2026-08-19T22:07:17+09:00,1800,1200,58.4236,0
M0073,2058,2026-08-19,2026-08-19T22:43:08+09:00,3800,3200,59.0211,0
M0073,2058,2026-08-19,2026-08-19T23:29:49+09:00,4500,3900,59.7992,0
M0073,2058,2026-08-20,2026-08-20T10:52:57+09:00,0,3900,59.7992,1
M0073,2058,2026-08-20,2026-08-20T15:59:19+09:00,-400,3500,64.9053,0
M0073,2058,2026-08-21,2026-08-21T10:54:01+09:00,0,3500,64.9053,1
M0073,2058,2026-08-21,2026-08-21T11:29:17+09:00,-500,3000,65.4931,0
M0073,2058,2026-08-21,2026-08-21T12:03:33+09:00,-1100,2400,66.0642,0
M0073,2058,2026-08-21,2026-08-21T12:36:21+09:00,-400,3100,66.6108,0
M0073,2058,2026-08-21,2026-08-21T13:07:23+09:00,-800,2700,67.1281,0
M0074,2059,2026-08-14,2026-08-14T10:54:41+09:00,0,0,0.0000,1
M0074,2059,2026-08-14,2026-08-14T11:29:45+09:00,-700,-700,0.5844,0
M0074,2059,2026-08-14,2026-08-14T12:04:15+09:00,-300,-300,1.1594,0
M0074,2059,2026-08-14,2026-08-14T12:37:28+09:00,-600,-600,1.7131,0
M0074,2059,2026-08-14,2026-08-14T13:06:37+09:00,-400,-400,2.1989,0
M0074,2059,2026-08-14,2026-08-14T13:35:02+09:00,0,0,2.6725,0
M0074,2059,2026-08-14,2026-08-14T14:10:37+09:00,-1100,-1100,3.2656,0
M0074,2059,2026-08-14,2026-08-14T14:55:41+09:00,-1300,-1300,4.0167,0
M0074,2059,2026-08-14,2026-08-14T15:31:41+09:00,-1100,-1100,4.6167,0
M0074,2059,2026-08-14,2026-08-14T16:08:02+09:00,-1000,-1000,5.2225,0
M0074,2059,2026-08-14,2026-08-14T16:41:57+09:00,-900,-900,5.7878,0
M0074,2059,2026-08-14,2026-08-14T17:30:37+09:00,-1400,-1400,6.5989,0
M0074,2059,2026-08-14,2026-08-14T18:07:43+09:00,-1300,-1300,7.2172,0
M0074,2059,2026-08-14,2026-08-14T18:43:04+09:00,-1000,-1000,7.8064,0
M0074,2059,2026-08-14,2026-08-14T19:31:33+09:00,-1300,-1300,8.6144,0
M0074,2059,2026-08-15,2026-08-15T10:54:13+09:00,-100,-1300,8.6144,1
M0074,2059,2026-08-15,2026-08-15T11:29:09+09:00,-500,-1700,9.1967,0
M0074,2059,2026-08-15,2026-08-15T12:03:27+09:00,-700,-1900,9.7683,0
M0074,2059,2026-08-15,2026-08-15T12:36:37+09:00,-1100,-2300,10.3211,0
M0074,2059,2026-08-15,2026-08-15T13:08:49+09:00,-700,-1900,10.8578,0
M0074,2059,2026-08-15,2026-08-15T14:01:55+09:00,0,-1200,11.7428,0
M0074,2059,2026-08-15,2026-08-15T14:36:09+09:00,800,-400,12.3133,0
M0074,2059,2026-08-15,2026-08-15T15:11:53+09:00,2200,1000,12.9089,0
M0074,2059,2026-08-15,2026-08-15T15:58:43+09:00,1900,700,13.6894,0
M0074,2059,2026-08-15,2026-08-15T16:34:01+09:00,2000,800,14.2778,0
M0074,2059,2026-08-15,2026-08-15T17:11:17+09:00,1700,500,14.8989,0
M0074,2059,2026-08-15,2026-08-15T17:58:39+09:00,2000,800,15.6883,0
M0074,2059,2026-08-15,2026-08-15T18:35:13+09:00,1600,400,16.2978,0
M0074,2059,2026-08-15,2026-08-15T19:12:53+09:00,2300,1100,16.9256,0
M0074,2059,2026-08-15,2026-08-15T20:01:19+09:00,2100,900,17.7328,0
M0074,2059,2026-08-15,2026-08-15T20:38:25+09:00,2600,1400,18.3511,0
M0074,2059,2026-08-15,2026-08-15T21:25:49+09:00,2300,1100,19.1411,0
M0074,2059,2026-08-15,2026-08-15T22:04:23+09:00,2800,1600,19.7839,0
M0074,2059,2026-08-15,2026-08-15T22:41:53+09:00,3700,2500,20.4089,0
M0074,2059,2026-08-15,2026-08-15T23:30:39+09:00,4300,3100,21.2217,0
M0074,2059,2026-08-16,2026-08-16T10:53:41+09:00,-200,3100,21.2217,1
M0074,2059,2026-08-16,2026-08-16T11:28:27+09:00,-700,2600,21.8011,0
M0074,2059,2026-08-16,2026-08-16T12:02:27+09:00,-1200,2100,22.3678,0
M0074,2059,2026-08-16,2026-08-16T12:35:49+09:00,-1800,1500,22.9239,0
M0074,2059,2026-08-16,2026-08-16T13:06:49+09:00,-2300,1000,23.4406,0
M0074,2059,2026-08-16,2026-08-16T13:36:19+09:00,-2800,500,23.9322,0
M0074,2059,2026-08-16,2026-08-16T14:09:21+09:00,-2100,1200,24.4828,0
M0074,2059,2026-08-16,2026-08-16T14:51:21+09:00,-2800,500,25.1828,0
M0074,2059,2026-08-16,2026-08-16T15:29:10+09:00,-3100,200,25.8131,0
M0074,2059,2026-08-16,2026-08-16T16:05:23+09:00,-3400,-100,26.4167,0
M0074,2059,2026-08-16,2026-08-16T16:39:55+09:00,-3500,-200,26.9922,0
M0074,2059,2026-08-16,2026-08-16T17:30:17+09:00,-3600,-300,27.8317,0
M0074,2059,2026-08-16,2026-08-16T18:38:25+09:00,-3800,-500,28.9672,0
M0074,2059,2026-08-16,2026-08-16T19:40:19+09:00,-3000,300,29.9989,0
M0074,2059,2026-08-17,2026-08-17T10:52:31+09:00,-100,300,29.9989,1
M0074,2059,2026-08-17,2026-08-17T12:02:23+09:00,-400,0,31.1633,0
M0074,2059,2026-08-17,2026-08-17T12:34:35+09:00,-600,-200,31.7000,0
M0074,2059,2026-08-17,2026-08-17T13:07:15+09:00,-200,200,32.2444,0
M0074,2059,2026-08-17,2026-08-17T13:35:21+09:00,-600,-200,32.7128,0
M0074,2059,2026-08-17,2026-08-17T14:36:43+09:00,-100,300,33.7356,0
M0074,2059,2026-08-17,2026-08-17T15:11:21+09:00,100,500,34.3128,0
M0074,2059,2026-08-17,2026-08-17T15:59:33+09:00,-400,0,35.1161,0
M0074,2059,2026-08-17,2026-08-17T16:33:27+09:00,-900,-500,35.6811,0
M0074,2059,2026-08-17,2026-08-17T17:09:07+09:00,-300,100,36.2756,0
M0074,2059,2026-08-17,2026-08-17T17:58:27+09:00,0,400,37.0978,0
M0074,2059,2026-08-17,2026-08-17T18:33:03+09:00,700,1100,37.6744,0
M0074,2059,2026-08-17,2026-08-17T19:09:23+09:00,500,900,38.2800,0
M0074,2059,2026-08-17,2026-08-17T19:59:55+09:00,0,400,39.1222,0
M0074,2059,2026-08-17,2026-08-17T20:35:21+09:00,-300,100,39.7128,0
M0074,2059,2026-08-17,2026-08-17T21:13:05+09:00,-1200,-800,40.3417,0
M0074,2059,2026-08-17,2026-08-17T21:59:13+09:00,-1300,-900,41.1106,0
M0074,2059,2026-08-17,2026-08-17T22:34:49+09:00,-600,-200,41.7039,0
M0074,2059,2026-08-17,2026-08-17T23:11:50+09:00,-800,-400,42.3208,0
M0074,2059,2026-08-18,2026-08-18T10:52:51+09:00,0,-400,42.3208,1
M0074,2059,2026-08-18,2026-08-18T11:28:45+09:00,-500,-900,42.9192,0
M0074,2059,2026-08-18,2026-08-18T12:02:47+09:00,-600,-1000,43.4864,0
M0074,2059,2026-08-18,2026-08-18T13:07:37+09:00,-400,-800,44.5669,0
M0074,2059,2026-08-18,2026-08-18T13:35:43+09:00,700,300,45.0353,0
M0074,2059,2026-08-18,2026-08-18T14:04:28+09:00,1800,1400,45.5144,0
M0074,2059,2026-08-18,2026-08-18T14:37:28+09:00,2600,2200,46.0644,0
M0074,2059,2026-08-18,2026-08-18T15:11:53+09:00,3200,2800,46.6381,0
M0074,2059,2026-08-18,2026-08-18T15:59:35+09:00,3000,2600,47.4331,0
M0074,2059,2026-08-18,2026-08-18T16:33:08+09:00,2600,2200,47.9922,0
M0074,2059,2026-08-18,2026-08-18T17:08:27+09:00,2000,1600,48.5808,0
M0074,2059,2026-08-18,2026-08-18T17:59:01+09:00,2800,2400,49.4236,0
M0074,2059,2026-08-18,2026-08-18T18:33:31+09:00,3400,3000,49.9986,0
M0074,2059,2026-08-18,2026-08-18T19:09:25+09:00,2500,2100,50.5969,0
M0074,2059,2026-08-18,2026-08-18T19:59:53+09:00,2000,1600,51.4381,0
M0074,2059,2026-08-18,2026-08-18T20:35:25+09:00,1700,1300,52.0303,0
M0074,2059,2026-08-18,2026-08-18T21:11:41+09:00,1400,1000,52.6347,0
M0074,2059,2026-08-18,2026-08-18T21:57:39+09:00,1300,900,53.4008,0
M0074,2059,2026-08-19,2026-08-19T10:53:31+09:00,0,900,53.4008,1
M0074,2059,2026-08-19,2026-08-19T13:06:21+09:00,-700,200,55.6147,0
M0074,2059,2026-08-19,2026-08-19T13:35:01+09:00,-1200,-300,56.0925,0
M0074,2059,2026-08-19,2026-08-19T14:09:06+09:00,-700,200,56.6606,0
M0074,2059,2026-08-19,2026-08-19T14:49:47+09:00,-1300,-400,57.3386,0
M0074,2059,2026-08-19,2026-08-19T16:02:55+09:00,-1600,-700,58.5575,0
M0074,2059,2026-08-19,2026-08-19T16:36:50+09:00,-1700,-800,59.1228,0
M0074,2059,2026-08-20,2026-08-20T10:52:57+09:00,0,-800,59.1228,1
M0074,2059,2026-08-20,2026-08-20T12:02:37+09:00,400,-400,60.2839,0
M0074,2059,2026-08-20,2026-08-20T12:35:01+09:00,900,100,60.8239,0
M0074,2059,2026-08-20,2026-08-20T13:07:39+09:00,100,-700,61.3678,0
M0074,2059,2026-08-20,2026-08-20T13:36:17+09:00,-100,-900,61.8450,0
M0074,2059,2026-08-20,2026-08-20T14:02:59+09:00,-300,-1100,62.2900,0
M0074,2059,2026-08-20,2026-08-20T14:35:37+09:00,-700,-1500,62.8339,0
M0074,2059,2026-08-20,2026-08-20T15:09:59+09:00,-600,-1400,63.4067,0
M0074,2059,2026-08-20,2026-08-20T15:59:19+09:00,0,-800,64.2289,0
M0074,2059,2026-08-21,2026-08-21T10:54:01+09:00,0,-800,64.2289,1
M0074,2059,2026-08-21,2026-08-21T11:29:17+09:00,-300,-1100,64.8167,0
M0074,2059,2026-08-21,2026-08-21T12:03:33+09:00,-700,-1500,65.3878,0
M0074,2059,2026-08-21,2026-08-21T12:36:21+09:00,-1100,-1900,65.9344,0
M0074,2059,2026-08-21,2026-08-21T13:07:23+09:00,-700,-1500,66.4517,0
M0075,2124,2026-08-14,2026-08-14T10:54:41+09:00,0,0,0.0000,1
M0075,2124,2026-08-14,2026-08-14T12:04:15+09:00,-500,-500,1.1594,0
M0075,2124,2026-08-14,2026-08-14T12:37:28+09:00,200,200,1.7131,0
M0075,2124,2026-08-14,2026-08-14T13:06:37+09:00,1100,1100,2.1989,0
M0075,2124,2026-08-14,2026-08-14T13:35:02+09:00,600,600,2.6725,0
M0075,2124,2026-08-14,2026-08-14T14:10:37+09:00,400,400,3.2656,0
M0075,2124,2026-08-14,2026-08-14T14:55:41+09:00,300,300,4.0167,0
M0075,2124,2026-08-14,2026-08-14T15:31:41+09:00,-300,-300,4.6167,0
M0075,2124,2026-08-14,2026-08-14T16:08:02+09:00,600,600,5.2225,0
M0075,2124,2026-08-14,2026-08-14T16:41:57+09:00,1000,1000,5.7878,0
M0075,2124,2026-08-14,2026-08-14T17:30:37+09:00,1200,1200,6.5989,0
M0075,2124,2026-08-14,2026-08-14T18:07:43+09:00,1800,1800,7.2172,0
M0075,2124,2026-08-14,2026-08-14T18:43:04+09:00,1900,1900,7.8064,0
M0075,2124,2026-08-14,2026-08-14T19:31:33+09:00,1500,1500,8.6144,0
M0075,2124,2026-08-14,2026-08-14T20:09:17+09:00,1100,1100,9.2433,0
M0075,2124,2026-08-14,2026-08-14T20:55:41+09:00,600,600,10.0167,0
M0075,2124,2026-08-14,2026-08-14T21:33:02+09:00,1100,1100,10.6392,0
M0075,2124,2026-08-14,2026-08-14T22:11:45+09:00,1300,1300,11.2844,0
M0075,2124,2026-08-14,2026-08-14T23:00:09+09:00,1700,1700,12.0911,0
M0075,2124,2026-08-15,2026-08-15T10:54:13+09:00,0,1700,12.0911,1
M0075,2124,2026-08-15,2026-08-15T12:03:27+09:00,-600,1100,13.2450,0
M0075,2124,2026-08-15,2026-08-15T12:36:37+09:00,-400,1300,13.7978,0
M0075,2124,2026-08-15,2026-08-15T14:01:55+09:00,0,1700,15.2194,0
M0075,2124,2026-08-15,2026-08-15T14:36:09+09:00,-200,1500,15.7900,0
M0075,2124,2026-08-15,2026-08-15T15:11:53+09:00,-400,1300,16.3856,0
M0075,2124,2026-08-15,2026-08-15T15:58:43+09:00,-700,1000,17.1661,0
M0075,2124,2026-08-15,2026-08-15T16:34:01+09:00,-100,1600,17.7544,0
M0075,2124,2026-08-15,2026-08-15T17:11:17+09:00,-1100,600,18.3756,0
M0075,2124,2026-08-15,2026-08-15T17:58:39+09:00,-600,1100,19.1650,0
M0075,2124,2026-08-15,2026-08-15T18:35:13+09:00,-500,1200,19.7744,0
M0075,2124,2026-08-15,2026-08-15T19:12:53+09:00,-300,1400,20.4022,0
M0075,2124,2026-08-15,2026-08-15T20:01:19+09:00,-200,1500,21.2094,0
M0075,2124,2026-08-15,2026-08-15T20:38:25+09:00,-1200,500,21.8278,0
M0075,2124,2026-08-15,2026-08-15T21:25:49+09:00,-1600,100,22.6178,0
M0075,2124,2026-08-16,2026-08-16T10:53:41+09:00,-300,100,22.6178,1
M0075,2124,2026-08-16,2026-08-16T11:28:27+09:00,500,900,23.1972,0
M0075,2124,2026-08-16,2026-08-16T12:02:27+09:00,1100,1500,23.7639,0
M0075,2124,2026-08-16,2026-08-16T12:35:49+09:00,600,1000,24.3200,0
M0075,2124,2026-08-16,2026-08-16T13:06:49+09:00,400,800,24.8367,0
M0075,2124,2026-08-16,2026-08-16T13:36:19+09:00,300,700,25.3283,0
M0075,2124,2026-08-16,2026-08-16T14:09:21+09:00,-200,200,25.8789,0
M0075,2124,2026-08-16,2026-08-16T14:51:21+09:00,0,400,26.5789,0
M0075,2124,2026-08-16,2026-08-16T16:05:23+09:00,200,600,27.8128,0
M0075,2124,2026-08-16,2026-08-16T16:39:55+09:00,-300,100,28.3883,0
M0075,2124,2026-08-16,2026-08-16T17:30:17+09:00,-600,-200,29.2278,0
M0075,2124,2026-08-16,2026-08-16T18:07:35+09:00,-1100,-700,29.8494,0
M0075,2124,2026-08-16,2026-08-16T18:38:25+09:00,-1000,-600,30.3633,0
M0075,2124,2026-08-16,2026-08-16T19:40:19+09:00,-2100,-1700,31.3950,0
M0075,2124,2026-08-16,2026-08-16T20:25:39+09:00,-1100,-700,32.1506,0
M0075,2124,2026-08-16,2026-08-16T21:04:51+09:00,-200,200,32.8039,0
M0075,2124,2026-08-17,2026-08-17T10:52:31+09:00,-100,200,32.8039,1
M0075,2124,2026-08-17,2026-08-17T11:28:29+09:00,200,500,33.4033,0
M0075,2124,2026-08-17,2026-08-17T12:02:23+09:00,-100,200,33.9683,0
M0075,2124,2026-08-17,2026-08-17T12:34:35+09:00,100,400,34.5050,0
M0075,2124,2026-08-17,2026-08-17T13:07:15+09:00,-200,100,35.0494,0
M0075,2124,2026-08-17,2026-08-17T13:35:21+09:00,600,900,35.5178,0
M0075,2124,2026-08-17,2026-08-17T14:03:11+09:00,800,1100,35.9817,0
M0075,2124,2026-08-17,2026-08-17T14:36:43+09:00,600,900,36.5406,0
M0075,2124,2026-08-17,2026-08-17T15:11:21+09:00,1000,1300,37.1178,0
M0075,2124,2026-08-17,2026-08-17T15:59:33+09:00,1200,1500,37.9211,0
M0075,2124,2026-08-17,2026-08-17T16:33:27+09:00,900,1200,38.4861,0
M0075,2124,2026-08-17,2026-08-17T17:09:07+09:00,200,500,39.0806,0
M0075,2124,2026-08-17,2026-08-17T17:58:27+09:00,400,700,39.9028,0
M0075,2124,2026-08-17,2026-08-17T18:33:03+09:00,-200,100,40.4794,0
M0075,2124,2026-08-17,2026-08-17T19:09:23+09:00,700,1000,41.0850,0
M0075,2124,2026-08-17,2026-08-17T19:59:55+09:00,0,300,41.9272,0
M0075,2124,2026-08-17,2026-08-17T20:35:21+09:00,-100,200,42.5178,0
M0075,2124,2026-08-17,2026-08-17T21:13:05+09:00,-600,-300,43.1467,0
M0075,2124,2026-08-17,2026-08-17T21:59:13+09:00,600,900,43.9156,0
M0075,2124,2026-08-17,2026-08-17T22:34:49+09:00,1000,1300,44.5089,0
M0075,2124,2026-08-18,2026-08-18T10:52:51+09:00,-200,1300,44.5089,1
M0075,2124,2026-08-18,2026-08-18T11:28:45+09:00,-300,1200,45.1072,0
M0075,2124,2026-08-18,2026-08-18T12:02:47+09:00,600,2100,45.6744,0
M0075,2124,2026-08-18,2026-08-18T12:35:21+09:00,1500,3000,46.2172,0
M0075,2124,2026-08-18,2026-08-18T13:07:37+09:00,2500,4000,46.7550,0
M0075,2124,2026-08-18,2026-08-18T13:35:43+09:00,2700,4200,47.2233,0
M0075,2124,2026-08-18,2026-08-18T14:04:28+09:00,2300,3800,47.7025,0
M0075,2124,2026-08-18,2026-08-18T14:37:28+09:00,2600,4100,48.2525,0
M0075,2124,2026-08-18,2026-08-18T15:11:53+09:00,2100,3600,48.8261,0
M0075,2124,2026-08-18,2026-08-18T15:59:35+09:00,2000,3500,49.6211,0
M0075,2124,2026-08-18,2026-08-18T16:33:08+09:00,1900,3400,50.1803,0
M0075,2124,2026-08-18,2026-08-18T17:08:27+09:00,2800,4300,50.7689,0
M0075,2124,2026-08-18,2026-08-18T18:33:31+09:00,2400,3900,52.1867,0
M0075,2124,2026-08-18,2026-08-18T19:09:25+09:00,1700,3200,52.7850,0
M0075,2124,2026-08-18,2026-08-18T19:59:53+09:00,1300,2800,53.6261,0
M0075,2124,2026-08-18,2026-08-18T20:35:25+09:00,1800,3300,54.2183,0
M0075,2124,2026-08-18,2026-08-18T21:11:41+09:00,1700,3200,54.8228,0
M0075,2124,2026-08-19,2026-08-19T10:53:31+09:00,-200,3200,54.8228,1
M0075,2124,2026-08-19,2026-08-19T11:28:23+09:00,800,4200,55.4039,0
M0075,2124,2026-08-19,2026-08-19T12:02:25+09:00,100,3500,55.9711,0
M0075,2124,2026-08-19,2026-08-19T12:35:06+09:00,0,3400,56.5158,0
M0075,2124,2026-08-20,2026-08-20T10:52:57+09:00,-100,3400,56.5158,1
M0075,2124,2026-08-20,2026-08-20T11:28:53+09:00,0,3500,57.1147,0
M0075,2124,2026-08-20,2026-08-20T12:02:37+09:00,700,4200,57.6769,0
M0075,2124,2026-08-20,2026-08-20T12:35:01+09:00,1100,4600,58.2169,0
M0075,2124,2026-08-20,2026-08-20T13:07:39+09:00,800,4300,58.7608,0
M0075,2124,2026-08-20,2026-08-20T13:36:17+09:00,200,3700,59.2381,0
M0075,2124,2026-08-20,2026-08-20T14:02:59+09:00,700,4200,59.6831,0
M0075,2124,2026-08-20,2026-08-20T14:35:37+09:00,1700,5200,60.2269,0
M0075,2124,2026-08-20,2026-08-20T15:09:59+09:00,800,4300,60.7997,0
M0075,2124,2026-08-20,2026-08-20T15:59:19+09:00,1500,5000,61.6219,0
M0075,2124,2026-08-20,2026-08-20T17:07:41+09:00,1200,4700,62.7614,0
M0075,2124,2026-08-20,2026-08-20T17:42:01+09:00,1800,5300,63.3336,0
M0075,2124,2026-08-20,2026-08-20T18:28:21+09:00,2600,6100,64.1058,0
M0075,2124,2026-08-20,2026-08-20T19:04:37+09:00,3000,6500,64.7103,0
M0075,2124,2026-08-20,2026-08-20T20:28:35+09:00,2600,6100,66.1097,0
M0075,2124,2026-08-20,2026-08-20T21:05:21+09:00,2400,5900,66.7225,0
M0075,2124,2026-08-21,2026-08-21T10:54:01+09:00,-100,5900,66.7225,1
M0075,2124,2026-08-21,2026-08-21T11:29:17+09:00,-400,5600,67.3103,0
M0075,2124,2026-08-21,2026-08-21T12:03:33+09:00,-800,5200,67.8814,0
M0075,2124,2026-08-21,2026-08-21T12:36:21+09:00,-1000,5000,68.4281,0
M0075,2124,2026-08-21,2026-08-21T13:07:23+09:00,-700,5300,68.9453,0
M0076,2125,2026-08-14,2026-08-14T10:54:41+09:00,-300,-300,0.0000,1
M0076,2125,2026-08-14,2026-08-14T11:29:45+09:00,-200,-200,0.5844,0
M0076,2125,2026-08-14,2026-08-14T12:04:15+09:00,600,600,1.1594,0
M0076,2125,2026-08-14,2026-08-14T12:37:28+09:00,1300,1300,1.7131,0
M0076,2125,2026-08-14,2026-08-14T13:06:37+09:00,1000,1000,2.1989,0
M0076,2125,2026-08-14,2026-08-14T13:35:02+09:00,800,800,2.6725,0
M0076,2125,2026-08-14,2026-08-14T14:10:37+09:00,200,200,3.2656,0
M0076,2125,2026-08-14,2026-08-14T14:55:41+09:00,100,100,4.0167,0
M0076,2125,2026-08-14,2026-08-14T15:31:41+09:00,-100,-100,4.6167,0
M0076,2125,2026-08-14,2026-08-14T16:08:02+09:00,-500,-500,5.2225,0
M0076,2125,2026-08-14,2026-08-14T16:41:57+09:00,700,700,5.7878,0
M0076,2125,2026-08-14,2026-08-14T17:30:37+09:00,200,200,6.5989,0
M0076,2125,2026-08-14,2026-08-14T18:07:43+09:00,-200,-200,7.2172,0
M0076,2125,2026-08-14,2026-08-14T18:43:04+09:00,100,100,7.8064,0
M0076,2125,2026-08-14,2026-08-14T19:31:33+09:00,-100,-100,8.6144,0
M0076,2125,2026-08-14,2026-08-14T20:09:17+09:00,900,900,9.2433,0
M0076,2125,2026-08-15,2026-08-15T10:54:13+09:00,-100,900,9.2433,1
M0076,2125,2026-08-15,2026-08-15T11:29:09+09:00,600,1600,9.8256,0
M0076,2125,2026-08-15,2026-08-15T12:03:27+09:00,500,1500,10.3972,0
M0076,2125,2026-08-15,2026-08-15T12:36:37+09:00,700,1700,10.9500,0
M0076,2125,2026-08-15,2026-08-15T13:08:49+09:00,-200,800,11.4867,0
M0076,2125,2026-08-15,2026-08-15T14:01:55+09:00,-700,300,12.3717,0
M0076,2125,2026-08-15,2026-08-15T14:36:09+09:00,-400,600,12.9422,0
M0076,2125,2026-08-15,2026-08-15T15:11:53+09:00,-300,700,13.5378,0
M0076,2125,2026-08-15,2026-08-15T16:34:01+09:00,-1000,0,14.9067,0
M0076,2125,2026-08-15,2026-08-15T17:11:17+09:00,-1700,-700,15.5278,0
M0076,2125,2026-08-15,2026-08-15T18:35:13+09:00,-700,300,16.9267,0
M0076,2125,2026-08-15,2026-08-15T19:12:53+09:00,-800,200,17.5544,0
M0076,2125,2026-08-15,2026-08-15T20:01:19+09:00,-1300,-300,18.3617,0
M0076,2125,2026-08-15,2026-08-15T20:38:25+09:00,-2000,-1000,18.9800,0
M0076,2125,2026-08-15,2026-08-15T21:25:49+09:00,-2300,-1300,19.7700,0
M0076,2125,2026-08-15,2026-08-15T22:04:23+09:00,-2700,-1700,20.4128,0
M0076,2125,2026-08-16,2026-08-16T10:53:41+09:00,-300,-1700,20.4128,1
M0076,2125,2026-08-16,2026-08-16T11:28:27+09:00,-800,-2200,20.9922,0
M0076,2125,2026-08-16,2026-08-16T12:02:27+09:00,-1400,-2800,21.5589,0
M0076,2125,2026-08-16,2026-08-16T12:35:49+09:00,-1700,-3100,22.1150,0
M0076,2125,2026-08-16,2026-08-16T13:06:49+09:00,-2100,-3500,22.6317,0
M0076,2125,2026-08-16,2026-08-16T13:36:19+09:00,-2000,-3400,23.1233,0
M0076,2125,2026-08-16,2026-08-16T14:09:21+09:00,-1600,-3000,23.6739,0
M0076,2125,2026-08-16,2026-08-16T14:51:21+09:00,-1500,-2900,24.3739,0
M0076,2125,2026-08-16,2026-08-16T15:29:10+09:00,-700,-2100,25.0042,0
M0076,2125,2026-08-16,2026-08-16T16:05:23+09:00,-400,-1800,25.6078,0
M0076,2125,2026-08-16,2026-08-16T16:39:55+09:00,-200,-1600,26.1833,0
M0076,2125,2026-08-16,2026-08-16T17:30:17+09:00,700,-700,27.0228,0
M0076,2125,2026-08-16,2026-08-16T18:07:35+09:00,1500,100,27.6444,0
M0076,2125,2026-08-16,2026-08-16T18:38:25+09:00,2700,1300,28.1583,0
M0076,2125,2026-08-16,2026-08-16T19:40:19+09:00,2500,1100,29.1900,0
M0076,2125,2026-08-17,2026-08-17T10:52:31+09:00,-100,1100,29.1900,1
M0076,2125,2026-08-17,2026-08-17T11:28:29+09:00,-400,800,29.7894,0
M0076,2125,2026-08-17,2026-08-17T12:02:23+09:00,600,1800,30.3544,0
M0076,2125,2026-08-17,2026-08-17T12:34:35+09:00,0,1200,30.8911,0
M0076,2125,2026-08-17,2026-08-17T13:07:15+09:00,-100,1100,31.4356,0
M0076,2125,2026-08-17,2026-08-17T13:35:21+09:00,-400,800,31.9039,0
M0076,2125,2026-08-17,2026-08-17T15:11:21+09:00,-1000,200,33.5039,0
M0076,2125,2026-08-17,2026-08-17T15:59:33+09:00,-1200,0,34.3072,0
M0076,2125,2026-08-17,2026-08-17T16:33:27+09:00,-1400,-200,34.8722,0
M0076,2125,2026-08-17,2026-08-17T18:33:03+09:00,-1800,-600,36.8656,0
M0076,2125,2026-08-17,2026-08-17T19:09:23+09:00,-2000,-800,37.4711,0
M0076,2125,2026-08-18,2026-08-18T10:52:51+09:00,-200,-800,37.4711,1
M0076,2125,2026-08-18,2026-08-18T11:28:45+09:00,300,-300,38.0694,0
M0076,2125,2026-08-18,2026-08-18T12:02:47+09:00,-100,-700,38.6367,0
M0076,2125,2026-08-18,2026-08-18T12:35:21+09:00,-200,-800,39.1794,0
M0076,2125,2026-08-18,2026-08-18T17:59:01+09:00,-600,-1200,44.5739,0
M0076,2125,2026-08-18,2026-08-18T19:09:25+09:00,-700,-1300,45.7472,0
M0076,2125,2026-08-18,2026-08-18T20:35:25+09:00,-900,-1500,47.1806,0
M0076,2125,2026-08-18,2026-08-18T21:11:41+09:00,-400,-1000,47.7850,0
M0076,2125,2026-08-18,2026-08-18T21:57:39+09:00,-700,-1300,48.5511,0
M0076,2125,2026-08-18,2026-08-18T22:33:27+09:00,300,-300,49.1478,0
M0076,2125,2026-08-18,2026-08-18T23:10:31+09:00,200,-400,49.7656,0
M0076,2125,2026-08-19,2026-08-19T10:53:31+09:00,-200,-400,49.7656,1
M0076,2125,2026-08-19,2026-08-19T11:28:23+09:00,-700,-900,50.3467,0
M0076,2125,2026-08-19,2026-08-19T12:02:25+09:00,-500,-700,50.9139,0
M0076,2125,2026-08-19,2026-08-19T13:06:21+09:00,-900,-1100,51.9794,0
M0076,2125,2026-08-19,2026-08-19T13:35:01+09:00,-1400,-1600,52.4572,0
M0076,2125,2026-08-19,2026-08-19T14:09:06+09:00,-2400,-2600,53.0253,0
M0076,2125,2026-08-19,2026-08-19T14:49:47+09:00,-1400,-1600,53.7033,0
M0076,2125,2026-08-19,2026-08-19T16:02:55+09:00,-1500,-1700,54.9222,0
M0076,2125,2026-08-19,2026-08-19T16:36:50+09:00,-1400,-1600,55.4875,0
M0076,2125,2026-08-19,2026-08-19T17:06:11+09:00,-1300,-1500,55.9767,0
M0076,2125,2026-08-20,2026-08-20T10:52:57+09:00,0,-1500,55.9767,1
M0076,2125,2026-08-20,2026-08-20T11:28:53+09:00,-300,-1800,56.5756,0
M0076,2125,2026-08-20,2026-08-20T12:02:37+09:00,-900,-2400,57.1378,0
M0076,2125,2026-08-20,2026-08-20T12:35:01+09:00,-1400,-2900,57.6778,0
M0076,2125,2026-08-20,2026-08-20T13:07:39+09:00,-1500,-3000,58.2217,0
M0076,2125,2026-08-20,2026-08-20T13:36:17+09:00,-2100,-3600,58.6989,0
M0076,2125,2026-08-20,2026-08-20T14:02:59+09:00,-2200,-3700,59.1439,0
M0076,2125,2026-08-20,2026-08-20T14:35:37+09:00,-2300,-3800,59.6878,0
M0076,2125,2026-08-21,2026-08-21T10:54:01+09:00,-100,-3800,59.6878,1
M0076,2125,2026-08-21,2026-08-21T11:29:17+09:00,900,-2800,60.2756,0
M0076,2125,2026-08-21,2026-08-21T12:03:33+09:00,500,-3200,60.8467,0
M0076,2125,2026-08-21,2026-08-21T12:36:21+09:00,0,-3700,61.3933,0
M0076,2125,2026-08-21,2026-08-21T13:07:23+09:00,-100,-3800,61.9106,0
M0077,2126,2026-08-14,2026-08-14T10:54:41+09:00,-200,-200,0.0000,1
M0077,2126,2026-08-14,2026-08-14T11:29:45+09:00,-500,-500,0.5844,0
M0077,2126,2026-08-14,2026-08-14T12:04:15+09:00,-1000,-1000,1.1594,0
M0077,2126,2026-08-14,2026-08-14T12:37:28+09:00,-1600,-1600,1.7131,0
M0077,2126,2026-08-14,2026-08-14T13:06:37+09:00,-2100,-2100,2.1989,0
M0077,2126,2026-08-14,2026-08-14T13:35:02+09:00,-1500,-1500,2.6725,0
M0077,2126,2026-08-14,2026-08-14T14:10:37+09:00,-700,-700,3.2656,0
M0077,2126,2026-08-14,2026-08-14T14:55:41+09:00,-1300,-1300,4.0167,0
M0077,2126,2026-08-14,2026-08-14T16:08:02+09:00,-600,-600,5.2225,0
M0077,2126,2026-08-14,2026-08-14T16:41:57+09:00,-1600,-1600,5.7878,0
M0077,2126,2026-08-14,2026-08-14T20:09:17+09:00,-1300,-1300,9.2433,0
M0077,2126,2026-08-14,2026-08-14T20:55:41+09:00,-1400,-1400,10.0167,0
M0077,2126,2026-08-15,2026-08-15T10:54:13+09:00,-100,-1400,10.0167,1
M0077,2126,2026-08-15,2026-08-15T11:29:09+09:00,300,-1000,10.5989,0
M0077,2126,2026-08-15,2026-08-15T12:36:37+09:00,600,-700,11.7233,0
M0077,2126,2026-08-15,2026-08-15T13:08:49+09:00,500,-800,12.2600,0
M0077,2126,2026-08-15,2026-08-15T14:36:09+09:00,700,-600,13.7156,0
M0077,2126,2026-08-15,2026-08-15T15:11:53+09:00,1400,100,14.3111,0
M0077,2126,2026-08-15,2026-08-15T15:58:43+09:00,800,-500,15.0917,0
M0077,2126,2026-08-15,2026-08-15T16:34:01+09:00,200,-1100,15.6800,0
M0077,2126,2026-08-15,2026-08-15T17:58:39+09:00,-100,-1400,17.0906,0
M0077,2126,2026-08-15,2026-08-15T18:35:13+09:00,-300,-1600,17.7000,0
M0077,2126,2026-08-15,2026-08-15T19:12:53+09:00,100,-1200,18.3278,0
M0077,2126,2026-08-15,2026-08-15T20:01:19+09:00,-100,-1400,19.1350,0
M0077,2126,2026-08-16,2026-08-16T10:53:41+09:00,-100,-1400,19.1350,1
M0077,2126,2026-08-16,2026-08-16T11:28:27+09:00,0,-1300,19.7144,0
M0077,2126,2026-08-16,2026-08-16T12:02:27+09:00,-100,-1400,20.2811,0
M0077,2126,2026-08-16,2026-08-16T12:35:49+09:00,100,-1200,20.8372,0
M0077,2126,2026-08-16,2026-08-16T13:06:49+09:00,300,-1000,21.3539,0
M0077,2126,2026-08-16,2026-08-16T13:36:19+09:00,-100,-1400,21.8456,0
M0077,2126,2026-08-16,2026-08-16T14:09:21+09:00,0,-1300,22.3961,0
M0077,2126,2026-08-16,2026-08-16T14:51:21+09:00,-600,-1900,23.0961,0
M0077,2126,2026-08-16,2026-08-16T16:05:23+09:00,-700,-2000,24.3300,0
M0077,2126,2026-08-16,2026-08-16T16:39:55+09:00,-1300,-2600,24.9056,0
M0077,2126,2026-08-16,2026-08-16T17:30:17+09:00,-1600,-2900,25.7450,0
M0077,2126,2026-08-16,2026-08-16T18:07:35+09:00,-1900,-3200,26.3667,0
M0077,2126,2026-08-16,2026-08-16T18:38:25+09:00,-2300,-3600,26.8806,0
M0077,2126,2026-08-16,2026-08-16T19:40:19+09:00,-1000,-2300,27.9122,0
M0077,2126,2026-08-17,2026-08-17T10:52:31+09:00,-200,-2300,27.9122,1
M0077,2126,2026-08-17,2026-08-17T11:28:29+09:00,-700,-2800,28.5117,0
M0077,2126,2026-08-17,2026-08-17T12:02:23+09:00,-600,-2700,29.0767,0
M0077,2126,2026-08-17,2026-08-17T12:34:35+09:00,-1000,-3100,29.6133,0
M0077,2126,2026-08-17,2026-08-17T13:07:15+09:00,-1300,-3400,30.1578,0
M0077,2126,2026-08-17,2026-08-17T13:35:21+09:00,-500,-2600,30.6261,0
M0077,2126,2026-08-17,2026-08-17T14:03:11+09:00,400,-1700,31.0900,0
M0077,2126,2026-08-17,2026-08-17T14:36:43+09:00,1000,-1100,31.6489,0
M0077,2126,2026-08-17,2026-08-17T15:11:21+09:00,2300,200,32.2261,0
M0077,2126,2026-08-17,2026-08-17T15:59:33+09:00,3200,1100,33.0294,0
M0077,2126,2026-08-17,2026-08-17T16:33:27+09:00,3700,1600,33.5944,0
M0077,2126,2026-08-17,2026-08-17T17:09:07+09:00,2800,700,34.1889,0
M0077,2126,2026-08-17,2026-08-17T17:58:27+09:00,2900,800,35.0111,0
M0077,2126,2026-08-17,2026-08-17T18:33:03+09:00,3800,1700,35.5878,0
M0077,2126,2026-08-17,2026-08-17T19:09:23+09:00,3500,1400,36.1933,0
M0077,2126,2026-08-17,2026-08-17T19:59:55+09:00,2900,800,37.0356,0
M0077,2126,2026-08-17,2026-08-17T20:35:21+09:00,2500,400,37.6261,0
M0077,2126,2026-08-17,2026-08-17T21:13:05+09:00,2400,300,38.2550,0
M0077,2126,2026-08-17,2026-08-17T21:59:13+09:00,2500,400,39.0239,0
M0077,2126,2026-08-18,2026-08-18T10:52:51+09:00,-200,400,39.0239,1
M0077,2126,2026-08-18,2026-08-18T11:28:45+09:00,-700,-100,39.6222,0
M0077,2126,2026-08-18,2026-08-18T12:02:47+09:00,-1300,-700,40.1894,0
M0077,2126,2026-08-18,2026-08-18T12:35:21+09:00,-1200,-600,40.7322,0
M0077,2126,2026-08-18,2026-08-18T13:07:37+09:00,-1300,-700,41.2700,0
M0077,2126,2026-08-18,2026-08-18T13:35:43+09:00,-1400,-800,41.7383,0
M0077,2126,2026-08-18,2026-08-18T14:37:28+09:00,-1700,-1100,42.7675,0
M0077,2126,2026-08-18,2026-08-18T15:11:53+09:00,-1900,-1300,43.3411,0
M0077,2126,2026-08-18,2026-08-18T15:59:35+09:00,-2400,-1800,44.1361,0
M0077,2126,2026-08-18,2026-08-18T17:59:01+09:00,-2500,-1900,46.1267,0
M0077,2126,2026-08-19,2026-08-19T10:53:31+09:00,-200,-1900,46.1267,1
M0077,2126,2026-08-19,2026-08-19T11:28:23+09:00,0,-1700,46.7078,0
M0077,2126,2026-08-19,2026-08-19T18:08:43+09:00,-200,-1900,53.3800,0
M0077,2126,2026-08-20,2026-08-20T10:52:57+09:00,-200,-1900,53.3800,1
M0077,2126,2026-08-20,2026-08-20T11:28:53+09:00,-500,-2200,53.9789,0
M0077,2126,2026-08-20,2026-08-20T13:36:17+09:00,-1000,-2700,56.1022,0
M0077,2126,2026-08-20,2026-08-20T14:02:59+09:00,-1200,-2900,56.5472,0
M0077,2126,2026-08-20,2026-08-20T14:35:37+09:00,-1500,-3200,57.0911,0
M0077,2126,2026-08-21,2026-08-21T10:54:01+09:00,-200,-3200,57.0911,1
M0077,2126,2026-08-21,2026-08-21T11:29:17+09:00,-300,-3300,57.6789,0
M0077,2126,2026-08-21,2026-08-21T12:03:33+09:00,-500,-3500,58.2500,0
M0077,2126,2026-08-21,2026-08-21T12:36:21+09:00,500,-2500,58.7967,0
M0077,2126,2026-08-21,2026-08-21T13:07:23+09:00,1000,-2000,59.3139,0
M0078,2127,2026-08-14,2026-08-14T10:54:41+09:00,-200,-200,0.0000,1
M0078,2127,2026-08-14,2026-08-14T11:29:45+09:00,200,200,0.5844,0
M0078,2127,2026-08-14,2026-08-14T12:04:15+09:00,-500,-500,1.1594,0
M0078,2127,2026-08-14,2026-08-14T12:37:28+09:00,-900,-900,1.7131,0
M0078,2127,2026-08-14,2026-08-14T13:06:37+09:00,-1000,-1000,2.1989,0
M0078,2127,2026-08-14,2026-08-14T13:35:02+09:00,-100,-100,2.6725,0
M0078,2127,2026-08-14,2026-08-14T14:10:37+09:00,-400,-400,3.2656,0
M0078,2127,2026-08-14,2026-08-14T14:55:41+09:00,-900,-900,4.0167,0
M0078,2127,2026-08-14,2026-08-14T15:31:41+09:00,-200,-200,4.6167,0
M0078,2127,2026-08-14,2026-08-14T16:08:02+09:00,-600,-600,5.2225,0
M0078,2127,2026-08-14,2026-08-14T16:41:57+09:00,0,0,5.7878,0
M0078,2127,2026-08-14,2026-08-14T17:30:37+09:00,-700,-700,6.5989,0
M0078,2127,2026-08-14,2026-08-14T18:43:04+09:00,-300,-300,7.8064,0
M0078,2127,2026-08-14,2026-08-14T19:31:33+09:00,-700,-700,8.6144,0
M0078,2127,2026-08-14,2026-08-14T20:09:17+09:00,-800,-800,9.2433,0
M0078,2127,2026-08-15,2026-08-15T10:54:13+09:00,100,-800,9.2433,1
M0078,2127,2026-08-15,2026-08-15T11:29:09+09:00,200,-700,9.8256,0
M0078,2127,2026-08-15,2026-08-15T12:03:27+09:00,-500,-1400,10.3972,0
M0078,2127,2026-08-15,2026-08-15T12:36:37+09:00,-900,-1800,10.9500,0
M0078,2127,2026-08-15,2026-08-15T13:08:49+09:00,900,0,11.4867,0
M0078,2127,2026-08-15,2026-08-15T14:01:55+09:00,600,-300,12.3717,0
M0078,2127,2026-08-15,2026-08-15T15:11:53+09:00,300,-600,13.5378,0
M0078,2127,2026-08-15,2026-08-15T15:58:43+09:00,-100,-1000,14.3183,0
M0078,2127,2026-08-15,2026-08-15T16:34:01+09:00,-200,-1100,14.9067,0
M0078,2127,2026-08-15,2026-08-15T17:11:17+09:00,900,0,15.5278,0
M0078,2127,2026-08-15,2026-08-15T17:58:39+09:00,1400,500,16.3172,0
M0078,2127,2026-08-15,2026-08-15T18:35:13+09:00,1100,200,16.9267,0
M0078,2127,2026-08-15,2026-08-15T20:01:19+09:00,1000,100,18.3617,0
M0078,2127,2026-08-15,2026-08-15T20:38:25+09:00,1100,200,18.9800,0
M0078,2127,2026-08-15,2026-08-15T21:25:49+09:00,1000,100,19.7700,0
M0078,2127,2026-08-16,2026-08-16T10:53:41+09:00,0,100,19.7700,1
M0078,2127,2026-08-16,2026-08-16T11:28:27+09:00,100,200,20.3494,0
M0078,2127,2026-08-16,2026-08-16T12:02:27+09:00,-400,-300,20.9161,0
M0078,2127,2026-08-16,2026-08-16T12:35:49+09:00,-800,-700,21.4722,0
M0078,2127,2026-08-16,2026-08-16T13:06:49+09:00,-1200,-1100,21.9889,0
M0078,2127,2026-08-16,2026-08-16T13:36:19+09:00,-500,-400,22.4806,0
M0078,2127,2026-08-16,2026-08-16T14:09:21+09:00,-800,-700,23.0311,0
M0078,2127,2026-08-16,2026-08-16T14:51:21+09:00,-900,-800,23.7311,0
M0078,2127,2026-08-16,2026-08-16T15:29:10+09:00,-500,-400,24.3614,0
M0078,2127,2026-08-16,2026-08-16T16:05:23+09:00,-1000,-900,24.9650,0
M0078,2127,2026-08-16,2026-08-16T16:39:55+09:00,-1800,-1700,25.5406,0
M0078,2127,2026-08-16,2026-08-16T17:30:17+09:00,-1900,-1800,26.3800,0
M0078,2127,2026-08-17,2026-08-17T10:52:31+09:00,200,-1800,26.3800,1
M0078,2127,2026-08-17,2026-08-17T11:28:29+09:00,-200,-2200,26.9794,0
M0078,2127,2026-08-17,2026-08-17T12:02:23+09:00,-100,-2100,27.5444,0
M0078,2127,2026-08-17,2026-08-17T12:34:35+09:00,800,-1200,28.0811,0
M0078,2127,2026-08-17,2026-08-17T13:07:15+09:00,1900,-100,28.6256,0
M0078,2127,2026-08-17,2026-08-17T13:35:21+09:00,2700,700,29.0939,0
M0078,2127,2026-08-17,2026-08-17T14:03:11+09:00,3500,1500,29.5578,0
M0078,2127,2026-08-17,2026-08-17T15:11:21+09:00,3600,1600,30.6939,0
M0078,2127,2026-08-17,2026-08-17T15:59:33+09:00,3200,1200,31.4972,0
M0078,2127,2026-08-17,2026-08-17T17:09:07+09:00,3800,1800,32.6567,0
M0078,2127,2026-08-17,2026-08-17T17:58:27+09:00,3900,1900,33.4789,0
M0078,2127,2026-08-17,2026-08-17T18:33:03+09:00,4400,2400,34.0556,0
M0078,2127,2026-08-17,2026-08-17T19:09:23+09:00,5700,3700,34.6611,0
M0078,2127,2026-08-17,2026-08-17T19:59:55+09:00,6600,4600,35.5033,0
M0078,2127,2026-08-17,2026-08-17T20:35:21+09:00,6100,4100,36.0939,0
M0078,2127,2026-08-17,2026-08-17T21:13:05+09:00,6300,4300,36.7228,0
M0078,2127,2026-08-18,2026-08-18T10:52:51+09:00,0,4300,36.7228,1
M0078,2127,2026-08-18,2026-08-18T12:02:47+09:00,-700,3600,37.8883,0
M0078,2127,2026-08-18,2026-08-18T12:35:21+09:00,-900,3400,38.4311,0
M0078,2127,2026-08-18,2026-08-18T17:08:27+09:00,-1500,2800,42.9828,0
M0078,2127,2026-08-18,2026-08-18T18:33:31+09:00,-1900,2400,44.4006,0
M0078,2127,2026-08-18,2026-08-18T19:09:25+09:00,-2500,1800,44.9989,0
M0078,2127,2026-08-18,2026-08-18T19:59:53+09:00,-1400,2900,45.8400,0
M0078,2127,2026-08-18,2026-08-18T20:35:25+09:00,-800,3500,46.4322,0
M0078,2127,2026-08-18,2026-08-18T21:11:41+09:00,1100,5400,47.0367,0
M0078,2127,2026-08-18,2026-08-18T21:57:39+09:00,900,5200,47.8028,0
M0078,2127,2026-08-18,2026-08-18T22:33:27+09:00,700,5000,48.3994,0
M0078,2127,2026-08-19,2026-08-19T10:53:31+09:00,-200,5000,48.3994,1
M0078,2127,2026-08-19,2026-08-19T11:28:23+09:00,-100,5100,48.9806,0
M0078,2127,2026-08-19,2026-08-19T12:02:25+09:00,900,6100,49.5478,0
M0078,2127,2026-08-19,2026-08-19T12:35:06+09:00,2000,7200,50.0925,0
M0078,2127,2026-08-19,2026-08-19T13:06:21+09:00,3000,8200,50.6133,0
M0078,2127,2026-08-19,2026-08-19T13:35:01+09:00,3900,9100,51.0911,0
M0078,2127,2026-08-19,2026-08-19T14:09:06+09:00,5700,10900,51.6592,0
M0078,2127,2026-08-19,2026-08-19T14:49:47+09:00,6700,11900,52.3372,0
M0078,2127,2026-08-19,2026-08-19T15:26:59+09:00,7800,13000,52.9572,0
M0078,2127,2026-08-19,2026-08-19T16:02:55+09:00,7200,12400,53.5561,0
M0078,2127,2026-08-19,2026-08-19T16:36:50+09:00,6800,12000,54.1214,0
M0078,2127,2026-08-19,2026-08-19T17:06:11+09:00,7300,12500,54.6106,0
M0078,2127,2026-08-19,2026-08-19T17:32:35+09:00,7700,12900,55.0506,0
M0078,2127,2026-08-19,2026-08-19T18:08:43+09:00,7000,12200,55.6528,0
M0078,2127,2026-08-19,2026-08-19T21:30:39+09:00,6500,11700,59.0183,0
M0078,2127,2026-08-19,2026-08-19T22:07:17+09:00,6100,11300,59.6289,0
M0078,2127,2026-08-19,2026-08-19T22:43:08+09:00,7100,12300,60.2264,0
M0078,2127,2026-08-20,2026-08-20T10:52:57+09:00,-100,12300,60.2264,1
M0078,2127,2026-08-20,2026-08-20T11:28:53+09:00,400,12800,60.8253,0
M0078,2127,2026-08-20,2026-08-20T12:02:37+09:00,-200,12200,61.3875,0
M0078,2127,2026-08-20,2026-08-20T12:35:01+09:00,500,12900,61.9275,0
M0078,2127,2026-08-20,2026-08-20T13:07:39+09:00,900,13300,62.4714,0
M0078,2127,2026-08-20,2026-08-20T13:36:17+09:00,600,13000,62.9486,0
M0078,2127,2026-08-20,2026-08-20T15:09:59+09:00,-100,12300,64.5103,0
M0078,2127,2026-08-20,2026-08-20T15:59:19+09:00,900,13300,65.3325,0
M0078,2127,2026-08-20,2026-08-20T16:32:33+09:00,1500,13900,65.8864,0
M0078,2127,2026-08-20,2026-08-20T17:07:41+09:00,1300,13700,66.4719,0
M0078,2127,2026-08-20,2026-08-20T17:42:01+09:00,1200,13600,67.0442,0
M0078,2127,2026-08-20,2026-08-20T18:28:21+09:00,1100,13500,67.8164,0
M0078,2127,2026-08-20,2026-08-20T19:39:23+09:00,900,13300,69.0003,0
M0078,2127,2026-08-20,2026-08-20T20:28:35+09:00,700,13100,69.8203,0
M0078,2127,2026-08-21,2026-08-21T10:54:01+09:00,0,13100,69.8203,1
M0078,2127,2026-08-21,2026-08-21T11:29:17+09:00,900,14000,70.4081,0
M0078,2127,2026-08-21,2026-08-21T12:03:33+09:00,500,13600,70.9792,0
M0078,2127,2026-08-21,2026-08-21T12:36:21+09:00,-100,13000,71.5258,0
M0078,2127,2026-08-21,2026-08-21T13:07:23+09:00,100,13200,72.0431,0
M0079,2128,2026-08-14,2026-08-14T10:54:41+09:00,-200,-200,0.0000,1
M0079,2128,2026-08-14,2026-08-14T11:29:45+09:00,-100,-100,0.5844,0
M0079,2128,2026-08-14,2026-08-14T12:04:15+09:00,400,400,1.1594,0
M0079,2128,2026-08-14,2026-08-14T12:37:28+09:00,-200,-200,1.7131,0
M0079,2128,2026-08-14,2026-08-14T13:06:37+09:00,-800,-800,2.1989,0
M0079,2128,2026-08-14,2026-08-14T13:35:02+09:00,-1200,-1200,2.6725,0
M0079,2128,2026-08-14,2026-08-14T14:10:37+09:00,-1000,-1000,3.2656,0
M0079,2128,2026-08-14,2026-08-14T16:41:57+09:00,-1800,-1800,5.7878,0
M0079,2128,2026-08-14,2026-08-14T17:30:37+09:00,-1900,-1900,6.5989,0
M0079,2128,2026-08-14,2026-08-14T18:07:43+09:00,-900,-900,7.2172,0
M0079,2128,2026-08-14,2026-08-14T18:43:04+09:00,-600,-600,7.8064,0
M0079,2128,2026-08-14,2026-08-14T19:31:33+09:00,-700,-700,8.6144,0
M0079,2128,2026-08-14,2026-08-14T20:09:17+09:00,-1000,-1000,9.2433,0
M0079,2128,2026-08-15,2026-08-15T10:54:13+09:00,-100,-1000,9.2433,1
M0079,2128,2026-08-15,2026-08-15T11:29:09+09:00,900,0,9.8256,0
M0079,2128,2026-08-15,2026-08-15T12:03:27+09:00,400,-500,10.3972,0
M0079,2128,2026-08-15,2026-08-15T12:36:37+09:00,-200,-1100,10.9500,0
M0079,2128,2026-08-15,2026-08-15T13:08:49+09:00,900,0,11.4867,0
M0079,2128,2026-08-15,2026-08-15T14:01:55+09:00,300,-600,12.3717,0
M0079,2128,2026-08-15,2026-08-15T14:36:09+09:00,200,-700,12.9422,0
M0079,2128,2026-08-15,2026-08-15T15:11:53+09:00,100,-800,13.5378,0
M0079,2128,2026-08-15,2026-08-15T16:34:01+09:00,-400,-1300,14.9067,0
M0079,2128,2026-08-15,2026-08-15T17:11:17+09:00,-900,-1800,15.5278,0
M0079,2128,2026-08-15,2026-08-15T17:58:39+09:00,0,-900,16.3172,0
M0079,2128,2026-08-15,2026-08-15T18:35:13+09:00,-100,-1000,16.9267,0
M0079,2128,2026-08-15,2026-08-15T19:12:53+09:00,-400,-1300,17.5544,0
M0079,2128,2026-08-15,2026-08-15T20:01:19+09:00,-1000,-1900,18.3617,0
M0079,2128,2026-08-15,2026-08-15T20:38:25+09:00,-900,-1800,18.9800,0
M0079,2128,2026-08-16,2026-08-16T10:53:41+09:00,-200,-1800,18.9800,1
M0079,2128,2026-08-16,2026-08-16T11:28:27+09:00,-800,-2400,19.5594,0
M0079,2128,2026-08-16,2026-08-16T12:02:27+09:00,-1000,-2600,20.1261,0
M0079,2128,2026-08-16,2026-08-16T12:35:49+09:00,-1100,-2700,20.6822,0
M0079,2128,2026-08-16,2026-08-16T13:06:49+09:00,-1600,-3200,21.1989,0
M0079,2128,2026-08-16,2026-08-16T13:36:19+09:00,-1700,-3300,21.6906,0
M0079,2128,2026-08-16,2026-08-16T14:09:21+09:00,-1800,-3400,22.2411,0
M0079,2128,2026-08-16,2026-08-16T14:51:21+09:00,-1900,-3500,22.9411,0
M0079,2128,2026-08-16,2026-08-16T15:29:10+09:00,-2000,-3600,23.5714,0
M0079,2128,2026-08-16,2026-08-16T16:05:23+09:00,-1100,-2700,24.1750,0
M0079,2128,2026-08-16,2026-08-16T16:39:55+09:00,-1500,-3100,24.7506,0
M0079,2128,2026-08-16,2026-08-16T17:30:17+09:00,-1600,-3200,25.5900,0
M0079,2128,2026-08-16,2026-08-16T18:07:35+09:00,-1800,-3400,26.2117,0
M0079,2128,2026-08-16,2026-08-16T18:38:25+09:00,-1200,-2800,26.7256,0
M0079,2128,2026-08-16,2026-08-16T19:40:19+09:00,-1500,-3100,27.7572,0
M0079,2128,2026-08-16,2026-08-16T20:25:39+09:00,-500,-2100,28.5128,0
M0079,2128,2026-08-16,2026-08-16T21:04:51+09:00,500,-1100,29.1661,0
M0079,2128,2026-08-16,2026-08-16T21:42:13+09:00,2400,800,29.7889,0
M0079,2128,2026-08-16,2026-08-16T22:32:01+09:00,3500,1900,30.6189,0
M0079,2128,2026-08-16,2026-08-16T23:11:15+09:00,3900,2300,31.2728,0
M0079,2128,2026-08-17,2026-08-17T10:52:31+09:00,-100,2300,31.2728,1
M0079,2128,2026-08-17,2026-08-17T11:28:29+09:00,-500,1900,31.8722,0
M0079,2128,2026-08-17,2026-08-17T12:34:35+09:00,-100,2300,32.9739,0
M0079,2128,2026-08-17,2026-08-17T13:07:15+09:00,600,3000,33.5183,0
M0079,2128,2026-08-17,2026-08-17T13:35:21+09:00,800,3200,33.9867,0
M0079,2128,2026-08-17,2026-08-17T14:03:11+09:00,700,3100,34.4506,0
M0079,2128,2026-08-17,2026-08-17T14:36:43+09:00,400,2800,35.0094,0
M0079,2128,2026-08-17,2026-08-17T15:11:21+09:00,0,2400,35.5867,0
M0079,2128,2026-08-17,2026-08-17T15:59:33+09:00,600,3000,36.3900,0
M0079,2128,2026-08-17,2026-08-17T16:33:27+09:00,500,2900,36.9550,0
M0079,2128,2026-08-17,2026-08-17T17:09:07+09:00,300,2700,37.5494,0
M0079,2128,2026-08-17,2026-08-17T17:58:27+09:00,-100,2300,38.3717,0
M0079,2128,2026-08-17,2026-08-17T18:33:03+09:00,600,3000,38.9483,0
M0079,2128,2026-08-17,2026-08-17T19:09:23+09:00,2200,4600,39.5539,0
M0079,2128,2026-08-17,2026-08-17T19:59:55+09:00,2400,4800,40.3961,0
M0079,2128,2026-08-17,2026-08-17T20:35:21+09:00,2000,4400,40.9867,0
M0079,2128,2026-08-17,2026-08-17T21:13:05+09:00,1700,4100,41.6156,0
M0079,2128,2026-08-18,2026-08-18T10:52:51+09:00,0,4100,41.6156,1
M0079,2128,2026-08-18,2026-08-18T11:28:45+09:00,600,4700,42.2139,0
M0079,2128,2026-08-18,2026-08-18T12:02:47+09:00,1500,5600,42.7811,0
M0079,2128,2026-08-18,2026-08-18T12:35:21+09:00,2400,6500,43.3239,0
M0079,2128,2026-08-18,2026-08-18T13:07:37+09:00,3400,7500,43.8617,0
M0079,2128,2026-08-18,2026-08-18T13:35:43+09:00,3300,7400,44.3300,0
M0079,2128,2026-08-18,2026-08-18T14:04:28+09:00,4000,8100,44.8092,0
M0079,2128,2026-08-18,2026-08-18T14:37:28+09:00,5000,9100,45.3592,0
M0079,2128,2026-08-18,2026-08-18T15:11:53+09:00,6700,10800,45.9328,0
M0079,2128,2026-08-18,2026-08-18T15:59:35+09:00,7200,11300,46.7278,0
M0079,2128,2026-08-18,2026-08-18T16:33:08+09:00,7500,11600,47.2869,0
M0079,2128,2026-08-18,2026-08-18T17:08:27+09:00,8100,12200,47.8756,0
M0079,2128,2026-08-18,2026-08-18T17:59:01+09:00,7500,11600,48.7183,0
M0079,2128,2026-08-18,2026-08-18T18:33:31+09:00,7000,11100,49.2933,0
M0079,2128,2026-08-18,2026-08-18T19:09:25+09:00,6400,10500,49.8917,0
M0079,2128,2026-08-18,2026-08-18T19:59:53+09:00,7400,11500,50.7328,0
M0079,2128,2026-08-18,2026-08-18T20:35:25+09:00,7900,12000,51.3250,0
M0079,2128,2026-08-18,2026-08-18T21:11:41+09:00,7800,11900,51.9294,0
M0079,2128,2026-08-18,2026-08-18T21:57:39+09:00,8500,12600,52.6956,0
M0079,2128,2026-08-18,2026-08-18T22:33:27+09:00,9100,13200,53.2922,0
M0079,2128,2026-08-19,2026-08-19T10:53:31+09:00,-100,13200,53.2922,1
M0079,2128,2026-08-19,2026-08-19T11:28:23+09:00,200,13500,53.8733,0
M0079,2128,2026-08-19,2026-08-19T12:02:25+09:00,400,13700,54.4406,0
M0079,2128,2026-08-19,2026-08-19T12:35:06+09:00,1300,14600,54.9853,0
M0079,2128,2026-08-19,2026-08-19T13:06:21+09:00,1600,14900,55.5061,0
M0079,2128,2026-08-19,2026-08-19T13:35:01+09:00,1500,14800,55.9839,0
M0079,2128,2026-08-19,2026-08-19T14:09:06+09:00,1100,14400,56.5519,0
M0079,2128,2026-08-19,2026-08-19T14:49:47+09:00,900,14200,57.2300,0
M0079,2128,2026-08-19,2026-08-19T15:26:59+09:00,300,13600,57.8500,0
M0079,2128,2026-08-19,2026-08-19T16:02:55+09:00,200,13500,58.4489,0
M0079,2128,2026-08-19,2026-08-19T16:36:50+09:00,300,13600,59.0142,0
M0079,2128,2026-08-19,2026-08-19T17:06:11+09:00,-100,13200,59.5033,0
M0079,2128,2026-08-19,2026-08-19T18:08:43+09:00,-600,12700,60.5456,0
M0079,2128,2026-08-19,2026-08-19T18:50:27+09:00,-700,12600,61.2411,0
M0079,2128,2026-08-20,2026-08-20T10:52:57+09:00,-200,12600,61.2411,1
M0079,2128,2026-08-20,2026-08-20T11:28:53+09:00,-600,12200,61.8400,0
M0079,2128,2026-08-20,2026-08-20T12:02:37+09:00,-1000,11800,62.4022,0
M0079,2128,2026-08-20,2026-08-20T12:35:01+09:00,-1400,11400,62.9422,0
M0079,2128,2026-08-20,2026-08-20T13:07:39+09:00,-1900,10900,63.4861,0
M0079,2128,2026-08-20,2026-08-20T13:36:17+09:00,-1600,11200,63.9633,0
M0079,2128,2026-08-20,2026-08-20T15:59:19+09:00,-2000,10800,66.3472,0
M0079,2128,2026-08-20,2026-08-20T16:32:33+09:00,-2500,10300,66.9011,0
M0079,2128,2026-08-20,2026-08-20T17:07:41+09:00,-1700,11100,67.4867,0
M0079,2128,2026-08-20,2026-08-20T17:42:01+09:00,-2800,10000,68.0589,0
M0079,2128,2026-08-20,2026-08-20T18:28:21+09:00,-3100,9700,68.8311,0
M0079,2128,2026-08-20,2026-08-20T19:04:37+09:00,-2500,10300,69.4356,0
M0079,2128,2026-08-20,2026-08-20T19:39:23+09:00,-2200,10600,70.0150,0
M0079,2128,2026-08-20,2026-08-20T20:28:35+09:00,-2100,10700,70.8350,0
M0079,2128,2026-08-21,2026-08-21T10:54:01+09:00,-200,10700,70.8350,1
M0079,2128,2026-08-21,2026-08-21T11:29:17+09:00,-800,10100,71.4228,0
M0079,2128,2026-08-21,2026-08-21T12:03:33+09:00,-600,10300,71.9939,0
M0079,2128,2026-08-21,2026-08-21T12:36:21+09:00,-300,10600,72.5406,0
M0079,2128,2026-08-21,2026-08-21T13:07:23+09:00,-400,10500,73.0578,0
M0080,2129,2026-08-14,2026-08-14T10:54:41+09:00,100,100,0.0000,1
M0080,2129,2026-08-14,2026-08-14T11:29:45+09:00,1000,1000,0.5844,0
M0080,2129,2026-08-14,2026-08-14T12:04:15+09:00,900,900,1.1594,0
M0080,2129,2026-08-14,2026-08-14T12:37:28+09:00,1500,1500,1.7131,0
M0080,2129,2026-08-14,2026-08-14T13:06:37+09:00,1300,1300,2.1989,0
M0080,2129,2026-08-14,2026-08-14T13:35:02+09:00,1800,1800,2.6725,0
M0080,2129,2026-08-14,2026-08-14T14:10:37+09:00,2900,2900,3.2656,0
M0080,2129,2026-08-14,2026-08-14T14:55:41+09:00,3000,3000,4.0167,0
M0080,2129,2026-08-14,2026-08-14T15:31:41+09:00,2600,2600,4.6167,0
M0080,2129,2026-08-14,2026-08-14T16:08:02+09:00,2200,2200,5.2225,0
M0080,2129,2026-08-14,2026-08-14T16:41:57+09:00,1400,1400,5.7878,0
M0080,2129,2026-08-14,2026-08-14T17:30:37+09:00,800,800,6.5989,0
M0080,2129,2026-08-14,2026-08-14T18:07:43+09:00,1500,1500,7.2172,0
M0080,2129,2026-08-14,2026-08-14T18:43:04+09:00,1300,1300,7.8064,0
M0080,2129,2026-08-14,2026-08-14T20:55:41+09:00,1100,1100,10.0167,0
M0080,2129,2026-08-14,2026-08-14T22:11:45+09:00,1200,1200,11.2844,0
M0080,2129,2026-08-14,2026-08-14T23:00:09+09:00,1700,1700,12.0911,0
M0080,2129,2026-08-15,2026-08-15T10:54:13+09:00,-100,1700,12.0911,1
M0080,2129,2026-08-15,2026-08-15T11:29:09+09:00,0,1800,12.6733,0
M0080,2129,2026-08-15,2026-08-15T12:03:27+09:00,-500,1300,13.2450,0
M0080,2129,2026-08-15,2026-08-15T12:36:37+09:00,0,1800,13.7978,0
M0080,2129,2026-08-15,2026-08-15T13:08:49+09:00,200,2000,14.3344,0
M0080,2129,2026-08-15,2026-08-15T14:01:55+09:00,400,2200,15.2194,0
M0080,2129,2026-08-15,2026-08-15T15:11:53+09:00,-400,1400,16.3856,0
M0080,2129,2026-08-15,2026-08-15T15:58:43+09:00,-500,1300,17.1661,0
M0080,2129,2026-08-15,2026-08-15T17:11:17+09:00,-900,900,18.3756,0
M0080,2129,2026-08-15,2026-08-15T17:58:39+09:00,-800,1000,19.1650,0
M0080,2129,2026-08-15,2026-08-15T18:35:13+09:00,-1300,500,19.7744,0
M0080,2129,2026-08-15,2026-08-15T19:12:53+09:00,-1500,300,20.4022,0
M0080,2129,2026-08-15,2026-08-15T20:01:19+09:00,-1600,200,21.2094,0
M0080,2129,2026-08-15,2026-08-15T20:38:25+09:00,-800,1000,21.8278,0
M0080,2129,2026-08-15,2026-08-15T21:25:49+09:00,-900,900,22.6178,0
M0080,2129,2026-08-15,2026-08-15T22:04:23+09:00,-1400,400,23.2606,0
M0080,2129,2026-08-16,2026-08-16T10:53:41+09:00,-200,400,23.2606,1
M0080,2129,2026-08-16,2026-08-16T11:28:27+09:00,-500,100,23.8400,0
M0080,2129,2026-08-16,2026-08-16T12:02:27+09:00,-1100,-500,24.4067,0
M0080,2129,2026-08-16,2026-08-16T13:36:19+09:00,-1600,-1000,25.9711,0
M0080,2129,2026-08-16,2026-08-16T14:09:21+09:00,-1500,-900,26.5217,0
M0080,2129,2026-08-16,2026-08-16T14:51:21+09:00,-1200,-600,27.2217,0
M0080,2129,2026-08-16,2026-08-16T15:29:10+09:00,-700,-100,27.8519,0
M0080,2129,2026-08-16,2026-08-16T16:05:23+09:00,400,1000,28.4556,0
M0080,2129,2026-08-16,2026-08-16T16:39:55+09:00,2400,3000,29.0311,0
M0080,2129,2026-08-16,2026-08-16T17:30:17+09:00,3300,3900,29.8706,0
M0080,2129,2026-08-16,2026-08-16T18:07:35+09:00,3200,3800,30.4922,0
M0080,2129,2026-08-17,2026-08-17T10:52:31+09:00,-200,3800,30.4922,1
M0080,2129,2026-08-17,2026-08-17T12:02:23+09:00,-700,3300,31.6567,0
M0080,2129,2026-08-17,2026-08-17T12:34:35+09:00,-900,3100,32.1933,0
M0080,2129,2026-08-17,2026-08-17T13:07:15+09:00,-1400,2600,32.7378,0
M0080,2129,2026-08-17,2026-08-17T13:35:21+09:00,-1100,2900,33.2061,0
M0080,2129,2026-08-17,2026-08-17T14:03:11+09:00,0,4000,33.6700,0
M0080,2129,2026-08-17,2026-08-17T14:36:43+09:00,800,4800,34.2289,0
M0080,2129,2026-08-17,2026-08-17T15:11:21+09:00,2600,6600,34.8061,0
M0080,2129,2026-08-17,2026-08-17T15:59:33+09:00,2500,6500,35.6094,0
M0080,2129,2026-08-17,2026-08-17T17:09:07+09:00,1500,5500,36.7689,0
M0080,2129,2026-08-17,2026-08-17T17:58:27+09:00,1900,5900,37.5911,0
M0080,2129,2026-08-17,2026-08-17T18:33:03+09:00,1600,5600,38.1678,0
M0080,2129,2026-08-17,2026-08-17T19:09:23+09:00,1100,5100,38.7733,0
M0080,2129,2026-08-17,2026-08-17T19:59:55+09:00,1300,5300,39.6156,0
M0080,2129,2026-08-17,2026-08-17T20:35:21+09:00,2000,6000,40.2061,0
M0080,2129,2026-08-18,2026-08-18T10:52:51+09:00,-100,6000,40.2061,1
M0080,2129,2026-08-18,2026-08-18T11:28:45+09:00,-600,5500,40.8044,0
M0080,2129,2026-08-18,2026-08-18T12:02:47+09:00,-100,6000,41.3717,0
M0080,2129,2026-08-18,2026-08-18T13:07:37+09:00,700,6800,42.4522,0
M0080,2129,2026-08-18,2026-08-18T13:35:43+09:00,1400,7500,42.9206,0
M0080,2129,2026-08-18,2026-08-18T14:04:28+09:00,2500,8600,43.3997,0
M0080,2129,2026-08-18,2026-08-18T14:37:28+09:00,3100,9200,43.9497,0
M0080,2129,2026-08-18,2026-08-18T15:11:53+09:00,2800,8900,44.5233,0
M0080,2129,2026-08-18,2026-08-18T15:59:35+09:00,2600,8700,45.3183,0
M0080,2129,2026-08-18,2026-08-18T19:09:25+09:00,2300,8400,48.4822,0
M0080,2129,2026-08-18,2026-08-18T19:59:53+09:00,2500,8600,49.3233,0
M0080,2129,2026-08-18,2026-08-18T20:35:25+09:00,2600,8700,49.9156,0
M0080,2129,2026-08-18,2026-08-18T21:11:41+09:00,2900,9000,50.5200,0
M0080,2129,2026-08-19,2026-08-19T10:53:31+09:00,0,9000,50.5200,1
M0080,2129,2026-08-19,2026-08-19T11:28:23+09:00,400,9400,51.1011,0
M0080,2129,2026-08-19,2026-08-19T12:02:25+09:00,1400,10400,51.6683,0
M0080,2129,2026-08-19,2026-08-19T12:35:06+09:00,2300,11300,52.2131,0
M0080,2129,2026-08-19,2026-08-19T13:06:21+09:00,2100,11100,52.7339,0
M0080,2129,2026-08-19,2026-08-19T13:35:01+09:00,1800,10800,53.2117,0
M0080,2129,2026-08-19,2026-08-19T14:09:06+09:00,1100,10100,53.7797,0
M0080,2129,2026-08-19,2026-08-19T18:08:43+09:00,500,9500,57.7733,0
M0080,2129,2026-08-19,2026-08-19T18:50:27+09:00,700,9700,58.4689,0
M0080,2129,2026-08-20,2026-08-20T10:52:57+09:00,-100,9700,58.4689,1
M0080,2129,2026-08-20,2026-08-20T11:28:53+09:00,-200,9600,59.0678,0
M0080,2129,2026-08-20,2026-08-20T12:02:37+09:00,-500,9300,59.6300,0
M0080,2129,2026-08-20,2026-08-20T12:35:01+09:00,-400,9400,60.1700,0
M0080,2129,2026-08-20,2026-08-20T13:07:39+09:00,600,10400,60.7139,0
M0080,2129,2026-08-20,2026-08-20T13:36:17+09:00,400,10200,61.1911,0
M0080,2129,2026-08-20,2026-08-20T14:02:59+09:00,700,10500,61.6361,0
M0080,2129,2026-08-20,2026-08-20T14:35:37+09:00,100,9900,62.1800,0
M0080,2129,2026-08-20,2026-08-20T15:09:59+09:00,-100,9700,62.7528,0
M0080,2129,2026-08-20,2026-08-20T15:59:19+09:00,-600,9200,63.5750,0
M0080,2129,2026-08-20,2026-08-20T16:32:33+09:00,-900,8900,64.1289,0
M0080,2129,2026-08-20,2026-08-20T17:42:01+09:00,-200,9600,65.2867,0
M0080,2129,2026-08-20,2026-08-20T18:28:21+09:00,600,10400,66.0589,0
M0080,2129,2026-08-20,2026-08-20T19:04:37+09:00,300,10100,66.6633,0
M0080,2129,2026-08-20,2026-08-20T19:39:23+09:00,100,9900,67.2428,0
M0080,2129,2026-08-20,2026-08-20T20:28:35+09:00,1000,10800,68.0628,0
M0080,2129,2026-08-20,2026-08-20T21:05:21+09:00,400,10200,68.6756,0
M0080,2129,2026-08-20,2026-08-20T21:40:19+09:00,-300,9500,69.2583,0
M0080,2129,2026-08-20,2026-08-20T22:30:04+09:00,300,10100,70.0875,0
M0080,2129,2026-08-20,2026-08-20T23:07:51+09:00,1100,10900,70.7172,0
M0080,2129,2026-08-20,2026-08-20T23:43:01+09:00,1200,11000,71.3033,0
M0080,2129,2026-08-21,2026-08-21T10:54:01+09:00,-100,11000,71.3033,1
M0080,2129,2026-08-21,2026-08-21T11:29:17+09:00,100,11200,71.8911,0
M0080,2129,2026-08-21,2026-08-21T12:03:33+09:00,400,11500,72.4622,0
M0080,2129,2026-08-21,2026-08-21T12:36:21+09:00,700,11800,73.0089,0
M0080,2129,2026-08-21,2026-08-21T13:07:23+09:00,900,12000,73.5261,0
