machine_code,unit_number,data_date,sampled_at_jst,slump_value
M0031,2016,2026-08-14,2026-08-14T10:54:41+09:00,0
M0031,2016,2026-08-14,2026-08-14T11:29:45+09:00,300
M0031,2016,2026-08-14,2026-08-14T12:04:15+09:00,1300
M0031,2016,2026-08-14,2026-08-14T12:37:28+09:00,800
M0031,2016,2026-08-14,2026-08-14T13:06:37+09:00,500
M0031,2016,2026-08-14,2026-08-14T13:35:02+09:00,700
M0031,2016,2026-08-14,2026-08-14T14:10:37+09:00,2500
M0031,2016,2026-08-14,2026-08-14T14:55:41+09:00,3300
M0031,2016,2026-08-14,2026-08-14T15:31:41+09:00,4100
M0031,2016,2026-08-14,2026-08-14T16:41:57+09:00,3900
M0031,2016,2026-08-14,2026-08-14T17:30:37+09:00,3300
M0031,2016,2026-08-14,2026-08-14T18:07:43+09:00,4100
M0031,2016,2026-08-14,2026-08-14T18:43:04+09:00,4800
M0031,2016,2026-08-14,2026-08-14T19:31:33+09:00,5600
M0031,2016,2026-08-14,2026-08-14T20:09:17+09:00,5300
M0031,2016,2026-08-14,2026-08-14T20:55:41+09:00,6000
M0031,2016,2026-08-14,2026-08-14T21:33:02+09:00,6500
M0031,2016,2026-08-14,2026-08-14T22:11:45+09:00,6200
M0032,2017,2026-08-14,2026-08-14T10:54:41+09:00,0
M0032,2017,2026-08-14,2026-08-14T11:29:45+09:00,-600
M0032,2017,2026-08-14,2026-08-14T12:04:15+09:00,-500
M0032,2017,2026-08-14,2026-08-14T12:37:28+09:00,100
M0032,2017,2026-08-14,2026-08-14T13:06:37+09:00,500
M0032,2017,2026-08-14,2026-08-14T13:35:02+09:00,100
M0032,2017,2026-08-14,2026-08-14T14:10:37+09:00,-900
M0032,2017,2026-08-14,2026-08-14T14:55:41+09:00,-1500
M0032,2017,2026-08-14,2026-08-14T15:31:41+09:00,-1800
M0032,2017,2026-08-14,2026-08-14T16:41:57+09:00,-2300
M0032,2017,2026-08-14,2026-08-14T17:30:37+09:00,-1600
M0032,2017,2026-08-14,2026-08-14T18:07:43+09:00,-1700
M0032,2017,2026-08-14,2026-08-14T18:43:04+09:00,0
M0032,2017,2026-08-14,2026-08-14T19:31:33+09:00,900
M0032,2017,2026-08-14,2026-08-14T20:09:17+09:00,2800
M0032,2017,2026-08-14,2026-08-14T20:55:41+09:00,3300
M0032,2017,2026-08-14,2026-08-14T21:33:02+09:00,4100
M0032,2017,2026-08-14,2026-08-14T22:11:45+09:00,4000
M0032,2017,2026-08-14,2026-08-14T23:00:09+09:00,4700
M0032,2017,2026-08-14,2026-08-14T23:38:17+09:00,5800
M0033,2018,2026-08-14,2026-08-14T10:54:41+09:00,0
M0033,2018,2026-08-14,2026-08-14T11:29:45+09:00,300
M0033,2018,2026-08-14,2026-08-14T12:04:15+09:00,900
M0033,2018,2026-08-14,2026-08-14T12:37:28+09:00,1900
M0033,2018,2026-08-14,2026-08-14T13:35:02+09:00,2100
M0033,2018,2026-08-14,2026-08-14T14:10:37+09:00,2400
M0033,2018,2026-08-14,2026-08-14T14:55:41+09:00,2700
M0033,2018,2026-08-14,2026-08-14T15:31:41+09:00,2500
M0033,2018,2026-08-14,2026-08-14T16:08:02+09:00,2800
M0033,2018,2026-08-14,2026-08-14T17:30:37+09:00,3500
M0033,2018,2026-08-14,2026-08-14T18:07:43+09:00,4300
M0033,2018,2026-08-14,2026-08-14T18:43:04+09:00,3600
M0033,2018,2026-08-14,2026-08-14T19:31:33+09:00,4200
M0033,2018,2026-08-14,2026-08-14T20:09:17+09:00,4100
M0033,2018,2026-08-14,2026-08-14T20:55:41+09:00,4500
M0033,2018,2026-08-14,2026-08-14T21:33:02+09:00,4400
M0033,2018,2026-08-14,2026-08-14T22:11:45+09:00,5000
M0033,2018,2026-08-14,2026-08-14T23:00:09+09:00,5600
M0033,2018,2026-08-14,2026-08-14T23:38:17+09:00,5500
M0034,2019,2026-08-14,2026-08-14T10:54:41+09:00,-100
M0034,2019,2026-08-14,2026-08-14T11:29:45+09:00,-600
M0034,2019,2026-08-14,2026-08-14T12:04:15+09:00,-900
M0034,2019,2026-08-14,2026-08-14T12:37:28+09:00,-500
M0034,2019,2026-08-14,2026-08-14T13:35:02+09:00,-300
M0034,2019,2026-08-14,2026-08-14T14:10:37+09:00,100
M0034,2019,2026-08-14,2026-08-14T14:55:41+09:00,-500
M0034,2019,2026-08-14,2026-08-14T15:31:41+09:00,-400
M0034,2019,2026-08-14,2026-08-14T16:08:02+09:00,300
M0034,2019,2026-08-14,2026-08-14T16:41:57+09:00,-800
M0034,2019,2026-08-14,2026-08-14T17:30:37+09:00,-500
M0034,2019,2026-08-14,2026-08-14T18:07:43+09:00,-100
M0034,2019,2026-08-14,2026-08-14T18:43:04+09:00,0
M0034,2019,2026-08-14,2026-08-14T19:31:33+09:00,-400
M0034,2019,2026-08-14,2026-08-14T20:09:17+09:00,-700
M0034,2019,2026-08-14,2026-08-14T20:55:41+09:00,-800
M0034,2019,2026-08-14,2026-08-14T21:33:02+09:00,0
M0034,2019,2026-08-14,2026-08-14T22:11:45+09:00,700
M0034,2019,2026-08-14,2026-08-14T23:00:09+09:00,800
M0034,2019,2026-08-14,2026-08-14T23:38:17+09:00,1500
M0035,2020,2026-08-14,2026-08-14T10:54:41+09:00,-100
M0035,2020,2026-08-14,2026-08-14T11:29:45+09:00,600
M0035,2020,2026-08-14,2026-08-14T12:04:15+09:00,1300
M0035,2020,2026-08-14,2026-08-14T13:35:02+09:00,700
M0035,2020,2026-08-14,2026-08-14T14:10:37+09:00,1000
M0035,2020,2026-08-14,2026-08-14T14:55:41+09:00,700
M0035,2020,2026-08-14,2026-08-14T15:31:41+09:00,300
M0035,2020,2026-08-14,2026-08-14T16:08:02+09:00,-200
M0035,2020,2026-08-14,2026-08-14T16:41:57+09:00,-400
M0035,2020,2026-08-14,2026-08-14T17:30:37+09:00,200
M0035,2020,2026-08-14,2026-08-14T18:07:43+09:00,300
M0035,2020,2026-08-14,2026-08-14T18:43:04+09:00,600
M0035,2020,2026-08-14,2026-08-14T19:31:33+09:00,700
M0035,2020,2026-08-14,2026-08-14T21:33:02+09:00,500
M0035,2020,2026-08-14,2026-08-14T22:11:45+09:00,1300
M0036,2021,2026-08-14,2026-08-14T10:54:41+09:00,-100
M0036,2021,2026-08-14,2026-08-14T11:29:45+09:00,-300
M0036,2021,2026-08-14,2026-08-14T12:04:15+09:00,-400
M0036,2021,2026-08-14,2026-08-14T12:37:28+09:00,0
M0036,2021,2026-08-14,2026-08-14T13:06:37+09:00,-700
M0036,2021,2026-08-14,2026-08-14T13:35:02+09:00,-800
M0036,2021,2026-08-14,2026-08-14T14:10:37+09:00,-1000
M0036,2021,2026-08-14,2026-08-14T14:55:41+09:00,-1100
M0036,2021,2026-08-14,2026-08-14T15:31:41+09:00,-1700
M0036,2021,2026-08-14,2026-08-14T16:08:02+09:00,-1900
M0036,2021,2026-08-14,2026-08-14T16:41:57+09:00,-1800
M0036,2021,2026-08-14,2026-08-14T17:30:37+09:00,-1600
M0036,2021,2026-08-14,2026-08-14T18:07:43+09:00,-2100
M0036,2021,2026-08-14,2026-08-14T18:43:04+09:00,-2300
M0036,2021,2026-08-14,2026-08-14T19:31:33+09:00,-2800
M0036,2021,2026-08-14,2026-08-14T20:09:17+09:00,-3600
M0036,2021,2026-08-14,2026-08-14T20:55:41+09:00,-2900
M0037,2022,2026-08-14,2026-08-14T10:54:41+09:00,0
M0037,2022,2026-08-14,2026-08-14T11:29:45+09:00,200
M0037,2022,2026-08-14,2026-08-14T12:04:15+09:00,-200
M0037,2022,2026-08-14,2026-08-14T12:37:28+09:00,-500
M0037,2022,2026-08-14,2026-08-14T13:35:02+09:00,-800
M0037,2022,2026-08-14,2026-08-14T14:10:37+09:00,-1200
M0037,2022,2026-08-14,2026-08-14T16:08:02+09:00,-1500
M0037,2022,2026-08-14,2026-08-14T16:41:57+09:00,-2500
M0037,2022,2026-08-14,2026-08-14T17:30:37+09:00,-2700
M0037,2022,2026-08-14,2026-08-14T18:07:43+09:00,-2300
M0037,2022,2026-08-14,2026-08-14T18:43:04+09:00,-2700
M0038,2023,2026-08-14,2026-08-14T10:54:41+09:00,-200
M0038,2023,2026-08-14,2026-08-14T11:29:45+09:00,800
M0038,2023,2026-08-14,2026-08-14T12:04:15+09:00,1000
M0038,2023,2026-08-14,2026-08-14T12:37:28+09:00,2000
M0038,2023,2026-08-14,2026-08-14T13:06:37+09:00,2600
M0038,2023,2026-08-14,2026-08-14T13:35:02+09:00,2400
M0038,2023,2026-08-14,2026-08-14T14:10:37+09:00,2600
M0038,2023,2026-08-14,2026-08-14T15:31:41+09:00,2700
M0038,2023,2026-08-14,2026-08-14T16:08:02+09:00,2300
M0038,2023,2026-08-14,2026-08-14T16:41:57+09:00,2900
M0038,2023,2026-08-14,2026-08-14T17:30:37+09:00,2600
M0038,2023,2026-08-14,2026-08-14T18:07:43+09:00,2400
M0038,2023,2026-08-14,2026-08-14T19:31:33+09:00,2200
M0038,2023,2026-08-14,2026-08-14T20:09:17+09:00,1200
M0038,2023,2026-08-14,2026-08-14T20:55:41+09:00,900
M0038,2023,2026-08-14,2026-08-14T21:33:02+09:00,600
M0038,2023,2026-08-14,2026-08-14T22:11:45+09:00,1500
M0039,2024,2026-08-14,2026-08-14T10:54:41+09:00,-200
M0039,2024,2026-08-14,2026-08-14T11:29:45+09:00,-600
M0039,2024,2026-08-14,2026-08-14T12:37:28+09:00,-1000
M0039,2024,2026-08-14,2026-08-14T13:06:37+09:00,-1100
M0039,2024,2026-08-14,2026-08-14T13:35:02+09:00,-400
M0039,2024,2026-08-14,2026-08-14T14:10:37+09:00,700
M0039,2024,2026-08-14,2026-08-14T14:55:41+09:00,1400
M0039,2024,2026-08-14,2026-08-14T15:31:41+09:00,1800
M0039,2024,2026-08-14,2026-08-14T16:08:02+09:00,2300
M0039,2024,2026-08-14,2026-08-14T16:41:57+09:00,2900
M0039,2024,2026-08-14,2026-08-14T17:30:37+09:00,2200
M0039,2024,2026-08-14,2026-08-14T18:07:43+09:00,1900
M0039,2024,2026-08-14,2026-08-14T18:43:04+09:00,2100
M0040,2025,2026-08-14,2026-08-14T10:54:41+09:00,0
M0040,2025,2026-08-14,2026-08-14T11:29:45+09:00,500
M0040,2025,2026-08-14,2026-08-14T12:04:15+09:00,200
M0040,2025,2026-08-14,2026-08-14T12:37:28+09:00,-300
M0040,2025,2026-08-14,2026-08-14T13:06:37+09:00,200
M0040,2025,2026-08-14,2026-08-14T13:35:02+09:00,-300
M0040,2025,2026-08-14,2026-08-14T14:10:37+09:00,-600
M0040,2025,2026-08-14,2026-08-14T15:31:41+09:00,-1000
M0040,2025,2026-08-14,2026-08-14T16:08:02+09:00,-700
M0040,2025,2026-08-14,2026-08-14T16:41:57+09:00,-900
M0040,2025,2026-08-14,2026-08-14T18:43:04+09:00,-100
M0040,2025,2026-08-14,2026-08-14T19:31:33+09:00,-400
M0040,2025,2026-08-14,2026-08-14T20:09:17+09:00,-300
M0040,2025,2026-08-14,2026-08-14T20:55:41+09:00,-700
M0040,2025,2026-08-14,2026-08-14T21:33:02+09:00,-1400
M0040,2025,2026-08-14,2026-08-14T22:11:45+09:00,-1100
M0040,2025,2026-08-14,2026-08-14T23:00:09+09:00,0
M0041,2026,2026-08-14,2026-08-14T10:54:41+09:00,-100
M0041,2026,2026-08-14,2026-08-14T11:29:45+09:00,0
M0041,2026,2026-08-14,2026-08-14T12:04:15+09:00,400
M0041,2026,2026-08-14,2026-08-14T12:37:28+09:00,600
M0041,2026,2026-08-14,2026-08-14T13:35:02+09:00,900
M0041,2026,2026-08-14,2026-08-14T14:10:37+09:00,-300
M0041,2026,2026-08-14,2026-08-14T14:55:41+09:00,-600
M0041,2026,2026-08-14,2026-08-14T15:31:41+09:00,-1100
M0041,2026,2026-08-14,2026-08-14T16:08:02+09:00,-1000
M0041,2026,2026-08-14,2026-08-14T16:41:57+09:00,-500
M0041,2026,2026-08-14,2026-08-14T19:31:33+09:00,-800
M0041,2026,2026-08-14,2026-08-14T20:09:17+09:00,-500
M0042,2027,2026-08-14,2026-08-14T10:54:41+09:00,-100
M0042,2027,2026-08-14,2026-08-14T11:29:45+09:00,-800
M0042,2027,2026-08-14,2026-08-14T12:37:28+09:00,200
M0042,2027,2026-08-14,2026-08-14T13:06:37+09:00,100
M0042,2027,2026-08-14,2026-08-14T13:35:02+09:00,-200
M0042,2027,2026-08-14,2026-08-14T14:10:37+09:00,400
M0042,2027,2026-08-14,2026-08-14T14:55:41+09:00,1100
M0042,2027,2026-08-14,2026-08-14T15:31:41+09:00,600
M0042,2027,2026-08-14,2026-08-14T16:41:57+09:00,500
M0042,2027,2026-08-14,2026-08-14T17:30:37+09:00,200
M0042,2027,2026-08-14,2026-08-14T18:07:43+09:00,700
M0042,2027,2026-08-14,2026-08-14T18:43:04+09:00,2600
M0042,2027,2026-08-14,2026-08-14T19:31:33+09:00,3500
M0042,2027,2026-08-14,2026-08-14T20:09:17+09:00,4300
M0042,2027,2026-08-14,2026-08-14T20:55:41+09:00,5100
M0042,2027,2026-08-14,2026-08-14T21:33:02+09:00,5600
M0042,2027,2026-08-14,2026-08-14T22:11:45+09:00,5900
M0042,2027,2026-08-14,2026-08-14T23:00:09+09:00,5700
M0043,2028,2026-08-14,2026-08-14T10:54:41+09:00,-100
M0043,2028,2026-08-14,2026-08-14T11:29:45+09:00,-600
M0043,2028,2026-08-14,2026-08-14T12:04:15+09:00,-1100
M0043,2028,2026-08-14,2026-08-14T12:37:28+09:00,-300
M0043,2028,2026-08-14,2026-08-14T13:06:37+09:00,200
M0043,2028,2026-08-14,2026-08-14T13:35:02+09:00,-100
M0043,2028,2026-08-14,2026-08-14T14:10:37+09:00,-700
M0043,2028,2026-08-14,2026-08-14T14:55:41+09:00,-1200
M0043,2028,2026-08-14,2026-08-14T15:31:41+09:00,-1600
M0043,2028,2026-08-14,2026-08-14T16:08:02+09:00,-1100
M0043,2028,2026-08-14,2026-08-14T16:41:57+09:00,200
M0043,2028,2026-08-14,2026-08-14T17:30:37+09:00,700
M0043,2028,2026-08-14,2026-08-14T18:07:43+09:00,1700
M0043,2028,2026-08-14,2026-08-14T18:43:04+09:00,1400
M0043,2028,2026-08-14,2026-08-14T19:31:33+09:00,1500
M0043,2028,2026-08-14,2026-08-14T20:09:17+09:00,1800
M0043,2028,2026-08-14,2026-08-14T20:55:41+09:00,2000
M0043,2028,2026-08-14,2026-08-14T21:33:02+09:00,1500
M0043,2028,2026-08-14,2026-08-14T22:11:45+09:00,3000
M0043,2028,2026-08-14,2026-08-14T23:00:09+09:00,4200
M0043,2028,2026-08-14,2026-08-14T23:38:17+09:00,4900
M0044,2029,2026-08-14,2026-08-14T10:54:41+09:00,-100
M0044,2029,2026-08-14,2026-08-14T11:29:45+09:00,-800
M0044,2029,2026-08-14,2026-08-14T12:04:15+09:00,-500
M0044,2029,2026-08-14,2026-08-14T12:37:28+09:00,-200
M0044,2029,2026-08-14,2026-08-14T13:06:37+09:00,-800
M0044,2029,2026-08-14,2026-08-14T13:35:02+09:00,-700
M0044,2029,2026-08-14,2026-08-14T14:10:37+09:00,-1200
M0044,2029,2026-08-14,2026-08-14T14:55:41+09:00,-1700
M0044,2029,2026-08-14,2026-08-14T15:31:41+09:00,-900
M0044,2029,2026-08-14,2026-08-14T16:08:02+09:00,0
M0044,2029,2026-08-14,2026-08-14T16:41:57+09:00,2100
M0044,2029,2026-08-14,2026-08-14T17:30:37+09:00,2600
M0044,2029,2026-08-14,2026-08-14T18:43:04+09:00,2200
M0044,2029,2026-08-14,2026-08-14T19:31:33+09:00,2000
M0044,2029,2026-08-14,2026-08-14T20:09:17+09:00,2600
M0045,2030,2026-08-14,2026-08-14T10:54:41+09:00,-100
M0045,2030,2026-08-14,2026-08-14T11:29:45+09:00,-500
M0045,2030,2026-08-14,2026-08-14T12:04:15+09:00,-800
M0045,2030,2026-08-14,2026-08-14T12:37:28+09:00,-1200
M0045,2030,2026-08-14,2026-08-14T13:06:37+09:00,-900
M0045,2030,2026-08-14,2026-08-14T14:10:37+09:00,-1600
M0045,2030,2026-08-14,2026-08-14T14:55:41+09:00,-2100
M0045,2030,2026-08-14,2026-08-14T15:31:41+09:00,-1600
M0045,2030,2026-08-14,2026-08-14T16:08:02+09:00,-1400
M0045,2030,2026-08-14,2026-08-14T16:41:57+09:00,-2400
M0045,2030,2026-08-14,2026-08-14T17:30:37+09:00,-3000
M0045,2030,2026-08-14,2026-08-14T18:07:43+09:00,-3400
M0045,2030,2026-08-14,2026-08-14T20:09:17+09:00,-3500
M0045,2030,2026-08-14,2026-08-14T20:55:41+09:00,-4300
M0045,2030,2026-08-14,2026-08-14T21:33:02+09:00,-4500
M0045,2030,2026-08-14,2026-08-14T22:11:45+09:00,-4700
M0045,2030,2026-08-14,2026-08-14T23:00:09+09:00,-4100
M0046,2031,2026-08-14,2026-08-14T10:54:41+09:00,-100
M0046,2031,2026-08-14,2026-08-14T11:29:45+09:00,-500
M0046,2031,2026-08-14,2026-08-14T12:04:15+09:00,-1000
M0046,2031,2026-08-14,2026-08-14T12:37:28+09:00,-1100
M0046,2031,2026-08-14,2026-08-14T13:06:37+09:00,-1300
M0046,2031,2026-08-14,2026-08-14T18:43:04+09:00,-1400
M0046,2031,2026-08-14,2026-08-14T19:31:33+09:00,-2000
M0046,2031,2026-08-14,2026-08-14T20:09:17+09:00,-2400
M0047,2032,2026-08-14,2026-08-14T10:54:41+09:00,-100
M0047,2032,2026-08-14,2026-08-14T11:29:45+09:00,-500
M0047,2032,2026-08-14,2026-08-14T12:04:15+09:00,-1000
M0047,2032,2026-08-14,2026-08-14T12:37:28+09:00,-1600
M0047,2032,2026-08-14,2026-08-14T13:06:37+09:00,-2000
M0047,2032,2026-08-14,2026-08-14T13:35:02+09:00,-1800
M0047,2032,2026-08-14,2026-08-14T14:10:37+09:00,-1600
M0047,2032,2026-08-14,2026-08-14T14:55:41+09:00,-2100
M0047,2032,2026-08-14,2026-08-14T15:31:41+09:00,-1500
M0047,2032,2026-08-14,2026-08-14T16:41:57+09:00,-1200
M0047,2032,2026-08-14,2026-08-14T17:30:37+09:00,-1000
M0047,2032,2026-08-14,2026-08-14T18:07:43+09:00,-1400
M0048,2033,2026-08-14,2026-08-14T10:54:41+09:00,-200
M0048,2033,2026-08-14,2026-08-14T11:29:45+09:00,-400
M0048,2033,2026-08-14,2026-08-14T12:04:15+09:00,-1000
M0048,2033,2026-08-14,2026-08-14T12:37:28+09:00,-1400
M0048,2033,2026-08-14,2026-08-14T13:06:37+09:00,-1800
M0048,2033,2026-08-14,2026-08-14T13:35:02+09:00,-1500
M0048,2033,2026-08-14,2026-08-14T14:10:37+09:00,-1800
M0048,2033,2026-08-14,2026-08-14T16:08:02+09:00,-1900
M0048,2033,2026-08-14,2026-08-14T16:41:57+09:00,-1500
M0048,2033,2026-08-14,2026-08-14T17:30:37+09:00,-1800
M0048,2033,2026-08-14,2026-08-14T18:07:43+09:00,-2100
M0048,2033,2026-08-14,2026-08-14T18:43:04+09:00,-2400
M0048,2033,2026-08-14,2026-08-14T19:31:33+09:00,-1800
M0048,2033,2026-08-14,2026-08-14T20:09:17+09:00,-2000
M0048,2033,2026-08-14,2026-08-14T20:55:41+09:00,-1600
M0049,2034,2026-08-14,2026-08-14T10:54:41+09:00,-100
M0049,2034,2026-08-14,2026-08-14T11:29:45+09:00,200
M0049,2034,2026-08-14,2026-08-14T12:04:15+09:00,-100
M0049,2034,2026-08-14,2026-08-14T12:37:28+09:00,0
M0049,2034,2026-08-14,2026-08-14T13:06:37+09:00,-500
M0049,2034,2026-08-14,2026-08-14T13:35:02+09:00,-1000
M0049,2034,2026-08-14,2026-08-14T14:10:37+09:00,800
M0049,2034,2026-08-14,2026-08-14T15:31:41+09:00,1500
M0049,2034,2026-08-14,2026-08-14T16:08:02+09:00,2300
M0049,2034,2026-08-14,2026-08-14T16:41:57+09:00,3800
M0049,2034,2026-08-14,2026-08-14T17:30:37+09:00,4500
M0049,2034,2026-08-14,2026-08-14T18:07:43+09:00,5200
M0049,2034,2026-08-14,2026-08-14T18:43:04+09:00,6800
M0049,2034,2026-08-14,2026-08-14T19:31:33+09:00,7600
M0049,2034,2026-08-14,2026-08-14T20:09:17+09:00,8700
M0049,2034,2026-08-14,2026-08-14T20:55:41+09:00,8100
M0049,2034,2026-08-14,2026-08-14T21:33:02+09:00,8200
M0050,2035,2026-08-14,2026-08-14T10:54:41+09:00,-200
M0050,2035,2026-08-14,2026-08-14T11:29:45+09:00,-600
M0050,2035,2026-08-14,2026-08-14T12:04:15+09:00,-1100
M0050,2035,2026-08-14,2026-08-14T12:37:28+09:00,-1200
M0050,2035,2026-08-14,2026-08-14T13:06:37+09:00,-1500
M0050,2035,2026-08-14,2026-08-14T13:35:02+09:00,-2100
M0050,2035,2026-08-14,2026-08-14T14:10:37+09:00,-2500
M0050,2035,2026-08-14,2026-08-14T14:55:41+09:00,-2600
M0050,2035,2026-08-14,2026-08-14T15:31:41+09:00,-2900
M0050,2035,2026-08-14,2026-08-14T16:08:02+09:00,-1900
M0050,2035,2026-08-14,2026-08-14T16:41:57+09:00,-2000
M0050,2035,2026-08-14,2026-08-14T18:07:43+09:00,-2200
M0050,2035,2026-08-14,2026-08-14T18:43:04+09:00,-2800
M0050,2035,2026-08-14,2026-08-14T19:31:33+09:00,-3300
M0050,2035,2026-08-14,2026-08-14T20:09:17+09:00,-2900
M0050,2035,2026-08-14,2026-08-14T21:33:02+09:00,-3000
M0051,2036,2026-08-14,2026-08-14T10:54:41+09:00,-200
M0051,2036,2026-08-14,2026-08-14T11:29:45+09:00,-700
M0051,2036,2026-08-14,2026-08-14T12:04:15+09:00,-1200
M0051,2036,2026-08-14,2026-08-14T12:37:28+09:00,-1800
M0051,2036,2026-08-14,2026-08-14T13:06:37+09:00,-1200
M0051,2036,2026-08-14,2026-08-14T16:08:02+09:00,-1300
M0051,2036,2026-08-14,2026-08-14T16:41:57+09:00,-1800
M0051,2036,2026-08-14,2026-08-14T17:30:37+09:00,-2100
M0051,2036,2026-08-14,2026-08-14T18:07:43+09:00,-2400
M0051,2036,2026-08-14,2026-08-14T18:43:04+09:00,-2700
M0051,2036,2026-08-14,2026-08-14T19:31:33+09:00,-3000
M0051,2036,2026-08-14,2026-08-14T20:09:17+09:00,-2200
M0051,2036,2026-08-14,2026-08-14T20:55:41+09:00,-1800
M0051,2036,2026-08-14,2026-08-14T21:33:02+09:00,-2300
M0051,2036,2026-08-14,2026-08-14T22:11:45+09:00,-3000
M0052,2037,2026-08-14,2026-08-14T10:54:41+09:00,0
M0052,2037,2026-08-14,2026-08-14T11:29:45+09:00,-700
M0052,2037,2026-08-14,2026-08-14T12:04:15+09:00,-1200
M0052,2037,2026-08-14,2026-08-14T12:37:28+09:00,-1700
M0052,2037,2026-08-14,2026-08-14T13:06:37+09:00,-1100
M0052,2037,2026-08-14,2026-08-14T13:35:02+09:00,-700
M0052,2037,2026-08-14,2026-08-14T14:10:37+09:00,-200
M0052,2037,2026-08-14,2026-08-14T14:55:41+09:00,-100
M0052,2037,2026-08-14,2026-08-14T15:31:41+09:00,-300
M0052,2037,2026-08-14,2026-08-14T16:08:02+09:00,-500
M0052,2037,2026-08-14,2026-08-14T16:41:57+09:00,-700
M0052,2037,2026-08-14,2026-08-14T17:30:37+09:00,-900
M0052,2037,2026-08-14,2026-08-14T18:07:43+09:00,-800
M0052,2037,2026-08-14,2026-08-14T18:43:04+09:00,-600
M0052,2037,2026-08-14,2026-08-14T19:31:33+09:00,-1300
M0052,2037,2026-08-14,2026-08-14T20:09:17+09:00,-500
M0053,2038,2026-08-14,2026-08-14T10:54:41+09:00,-100
M0053,2038,2026-08-14,2026-08-14T11:29:45+09:00,-500
M0053,2038,2026-08-14,2026-08-14T12:04:15+09:00,-1200
M0053,2038,2026-08-14,2026-08-14T12:37:28+09:00,-1100
M0053,2038,2026-08-14,2026-08-14T14:10:37+09:00,-1000
M0053,2038,2026-08-14,2026-08-14T14:55:41+09:00,-1300
M0053,2038,2026-08-14,2026-08-14T15:31:41+09:00,-1700
M0053,2038,2026-08-14,2026-08-14T16:08:02+09:00,-1600
M0053,2038,2026-08-14,2026-08-14T16:41:57+09:00,-2000
M0053,2038,2026-08-14,2026-08-14T17:30:37+09:00,-1800
M0053,2038,2026-08-14,2026-08-14T18:07:43+09:00,-1700
M0053,2038,2026-08-14,2026-08-14T18:43:04+09:00,-400
M0053,2038,2026-08-14,2026-08-14T19:31:33+09:00,500
M0053,2038,2026-08-14,2026-08-14T20:09:17+09:00,2100
M0053,2038,2026-08-14,2026-08-14T20:55:41+09:00,2200
M0054,2039,2026-08-14,2026-08-14T10:54:41+09:00,-200
M0054,2039,2026-08-14,2026-08-14T11:29:45+09:00,-600
M0054,2039,2026-08-14,2026-08-14T12:04:15+09:00,-1100
M0054,2039,2026-08-14,2026-08-14T12:37:28+09:00,-1600
M0054,2039,2026-08-14,2026-08-14T13:06:37+09:00,-600
M0054,2039,2026-08-14,2026-08-14T13:35:02+09:00,-500
M0054,2039,2026-08-14,2026-08-14T14:10:37+09:00,1100
M0054,2039,2026-08-14,2026-08-14T14:55:41+09:00,2200
M0054,2039,2026-08-14,2026-08-14T15:31:41+09:00,3100
M0054,2039,2026-08-14,2026-08-14T16:08:02+09:00,3400
M0054,2039,2026-08-14,2026-08-14T16:41:57+09:00,4200
M0054,2039,2026-08-14,2026-08-14T17:30:37+09:00,5100
M0054,2039,2026-08-14,2026-08-14T18:07:43+09:00,5400
M0054,2039,2026-08-14,2026-08-14T18:43:04+09:00,7400
M0054,2039,2026-08-14,2026-08-14T19:31:33+09:00,8000
M0054,2039,2026-08-14,2026-08-14T20:09:17+09:00,7300
M0054,2039,2026-08-14,2026-08-14T20:55:41+09:00,7100
M0054,2039,2026-08-14,2026-08-14T21:33:02+09:00,7900
M0054,2039,2026-08-14,2026-08-14T22:11:45+09:00,9300
M0054,2039,2026-08-14,2026-08-14T23:00:09+09:00,9200
M0055,2040,2026-08-14,2026-08-14T10:54:41+09:00,-200
M0055,2040,2026-08-14,2026-08-14T11:29:45+09:00,-600
M0055,2040,2026-08-14,2026-08-14T12:04:15+09:00,-1100
M0055,2040,2026-08-14,2026-08-14T12:37:28+09:00,-1000
M0055,2040,2026-08-14,2026-08-14T13:06:37+09:00,-1400
M0055,2040,2026-08-14,2026-08-14T13:35:02+09:00,-1500
M0055,2040,2026-08-14,2026-08-14T16:08:02+09:00,-1600
M0055,2040,2026-08-14,2026-08-14T16:41:57+09:00,-1900
M0055,2040,2026-08-14,2026-08-14T17:30:37+09:00,-2400
M0055,2040,2026-08-14,2026-08-14T18:07:43+09:00,-3100
M0055,2040,2026-08-14,2026-08-14T20:09:17+09:00,-3300
M0056,2041,2026-08-14,2026-08-14T10:54:41+09:00,-200
M0056,2041,2026-08-14,2026-08-14T11:29:45+09:00,-500
M0056,2041,2026-08-14,2026-08-14T12:04:15+09:00,-600
M0056,2041,2026-08-14,2026-08-14T12:37:28+09:00,-100
M0056,2041,2026-08-14,2026-08-14T13:06:37+09:00,-200
M0056,2041,2026-08-14,2026-08-14T13:35:02+09:00,300
M0056,2041,2026-08-14,2026-08-14T14:10:37+09:00,-100
M0056,2041,2026-08-14,2026-08-14T14:55:41+09:00,-300
M0056,2041,2026-08-14,2026-08-14T15:31:41+09:00,-700
M0056,2041,2026-08-14,2026-08-14T16:08:02+09:00,-400
M0056,2041,2026-08-14,2026-08-14T16:41:57+09:00,-1000
M0056,2041,2026-08-14,2026-08-14T17:30:37+09:00,-700
M0056,2041,2026-08-14,2026-08-14T18:07:43+09:00,-400
M0056,2041,2026-08-14,2026-08-14T18:43:04+09:00,-700
M0056,2041,2026-08-14,2026-08-14T19:31:33+09:00,-900
M0056,2041,2026-08-14,2026-08-14T20:09:17+09:00,-1300
M0056,2041,2026-08-14,2026-08-14T20:55:41+09:00,-200
M0056,2041,2026-08-14,2026-08-14T21:33:02+09:00,500
M0056,2041,2026-08-14,2026-08-14T22:11:45+09:00,2500
M0056,2041,2026-08-14,2026-08-14T23:00:09+09:00,2900
M0057,2042,2026-08-14,2026-08-14T10:54:41+09:00,-100
M0057,2042,2026-08-14,2026-08-14T11:29:45+09:00,-600
M0057,2042,2026-08-14,2026-08-14T12:04:15+09:00,-400
M0057,2042,2026-08-14,2026-08-14T12:37:28+09:00,-800
M0057,2042,2026-08-14,2026-08-14T13:06:37+09:00,-1200
M0057,2042,2026-08-14,2026-08-14T13:35:02+09:00,-1500
M0057,2042,2026-08-14,2026-08-14T14:10:37+09:00,-1800
M0057,2042,2026-08-14,2026-08-14T14:55:41+09:00,-800
M0057,2042,2026-08-14,2026-08-14T15:31:41+09:00,-400
M0057,2042,2026-08-14,2026-08-14T16:08:02+09:00,-1000
M0057,2042,2026-08-14,2026-08-14T17:30:37+09:00,-700
M0057,2042,2026-08-14,2026-08-14T18:07:43+09:00,-100
M0057,2042,2026-08-14,2026-08-14T18:43:04+09:00,-700
M0057,2042,2026-08-14,2026-08-14T19:31:33+09:00,-800
M0058,2043,2026-08-14,2026-08-14T10:54:41+09:00,-100
M0058,2043,2026-08-14,2026-08-14T11:29:45+09:00,200
M0058,2043,2026-08-14,2026-08-14T12:04:15+09:00,-200
M0058,2043,2026-08-14,2026-08-14T12:37:28+09:00,200
M0058,2043,2026-08-14,2026-08-14T13:06:37+09:00,-400
M0058,2043,2026-08-14,2026-08-14T13:35:02+09:00,0
M0058,2043,2026-08-14,2026-08-14T14:10:37+09:00,1600
M0058,2043,2026-08-14,2026-08-14T14:55:41+09:00,2400
M0058,2043,2026-08-14,2026-08-14T15:31:41+09:00,2800
M0058,2043,2026-08-14,2026-08-14T16:08:02+09:00,3000
M0058,2043,2026-08-14,2026-08-14T16:41:57+09:00,2700
M0058,2043,2026-08-14,2026-08-14T17:30:37+09:00,3400
M0058,2043,2026-08-14,2026-08-14T18:07:43+09:00,3700
M0058,2043,2026-08-14,2026-08-14T19:31:33+09:00,3100
M0058,2043,2026-08-14,2026-08-14T20:09:17+09:00,2600
M0058,2043,2026-08-14,2026-08-14T20:55:41+09:00,2200
M0059,2044,2026-08-14,2026-08-14T10:54:41+09:00,100
M0059,2044,2026-08-14,2026-08-14T11:29:45+09:00,900
M0059,2044,2026-08-14,2026-08-14T12:04:15+09:00,1600
M0059,2044,2026-08-14,2026-08-14T12:37:28+09:00,1400
M0059,2044,2026-08-14,2026-08-14T13:06:37+09:00,900
M0059,2044,2026-08-14,2026-08-14T13:35:02+09:00,1300
M0059,2044,2026-08-14,2026-08-14T14:10:37+09:00,800
M0059,2044,2026-08-14,2026-08-14T14:55:41+09:00,1000
M0059,2044,2026-08-14,2026-08-14T15:31:41+09:00,1600
M0059,2044,2026-08-14,2026-08-14T16:08:02+09:00,1200
M0059,2044,2026-08-14,2026-08-14T16:41:57+09:00,800
M0059,2044,2026-08-14,2026-08-14T17:30:37+09:00,400
M0059,2044,2026-08-14,2026-08-14T18:07:43+09:00,-100
M0059,2044,2026-08-14,2026-08-14T19:31:33+09:00,-300
M0059,2044,2026-08-14,2026-08-14T20:09:17+09:00,-400
M0060,2045,2026-08-14,2026-08-14T10:54:41+09:00,-200
M0060,2045,2026-08-14,2026-08-14T11:29:45+09:00,-500
M0060,2045,2026-08-14,2026-08-14T12:04:15+09:00,-1200
M0060,2045,2026-08-14,2026-08-14T12:37:28+09:00,-1300
M0060,2045,2026-08-14,2026-08-14T13:06:37+09:00,-800
M0060,2045,2026-08-14,2026-08-14T13:35:02+09:00,-1500
M0060,2045,2026-08-14,2026-08-14T14:10:37+09:00,-2500
M0060,2045,2026-08-14,2026-08-14T14:55:41+09:00,-2300
M0060,2045,2026-08-14,2026-08-14T15:31:41+09:00,-1900
M0060,2045,2026-08-14,2026-08-14T20:09:17+09:00,-2200
M0060,2045,2026-08-14,2026-08-14T20:55:41+09:00,-2000
M0061,2046,2026-08-14,2026-08-14T10:54:41+09:00,-100
M0061,2046,2026-08-14,2026-08-14T11:29:45+09:00,-700
M0061,2046,2026-08-14,2026-08-14T12:04:15+09:00,-1100
M0061,2046,2026-08-14,2026-08-14T12:37:28+09:00,-1500
M0061,2046,2026-08-14,2026-08-14T13:06:37+09:00,-1700
M0061,2046,2026-08-14,2026-08-14T13:35:02+09:00,-1900
M0061,2046,2026-08-14,2026-08-14T14:10:37+09:00,-2500
M0061,2046,2026-08-14,2026-08-14T14:55:41+09:00,-2800
M0061,2046,2026-08-14,2026-08-14T16:08:02+09:00,-3000
M0061,2046,2026-08-14,2026-08-14T16:41:57+09:00,-2100
M0061,2046,2026-08-14,2026-08-14T17:30:37+09:00,-1100
M0061,2046,2026-08-14,2026-08-14T18:07:43+09:00,-1200
M0061,2046,2026-08-14,2026-08-14T18:43:04+09:00,-1500
M0061,2046,2026-08-14,2026-08-14T19:31:33+09:00,-1900
M0062,2047,2026-08-14,2026-08-14T10:54:41+09:00,-200
M0062,2047,2026-08-14,2026-08-14T11:29:45+09:00,-600
M0062,2047,2026-08-14,2026-08-14T12:04:15+09:00,-1200
M0062,2047,2026-08-14,2026-08-14T12:37:28+09:00,-1100
M0062,2047,2026-08-14,2026-08-14T13:06:37+09:00,-300
M0062,2047,2026-08-14,2026-08-14T13:35:02+09:00,0
M0062,2047,2026-08-14,2026-08-14T15:31:41+09:00,300
M0062,2047,2026-08-14,2026-08-14T16:08:02+09:00,-200
M0062,2047,2026-08-14,2026-08-14T16:41:57+09:00,-1000
M0062,2047,2026-08-14,2026-08-14T17:30:37+09:00,-1400
M0062,2047,2026-08-14,2026-08-14T18:07:43+09:00,-1700
M0062,2047,2026-08-14,2026-08-14T18:43:04+09:00,-2200
M0062,2047,2026-08-14,2026-08-14T19:31:33+09:00,-2700
M0062,2047,2026-08-14,2026-08-14T20:09:17+09:00,-2600
M0062,2047,2026-08-14,2026-08-14T20:55:41+09:00,-3000
M0063,2048,2026-08-14,2026-08-14T10:54:41+09:00,-200
M0063,2048,2026-08-14,2026-08-14T11:29:45+09:00,-300
M0063,2048,2026-08-14,2026-08-14T12:04:15+09:00,0
M0063,2048,2026-08-14,2026-08-14T12:37:28+09:00,-600
M0063,2048,2026-08-14,2026-08-14T13:06:37+09:00,-900
M0063,2048,2026-08-14,2026-08-14T13:35:02+09:00,-800
M0063,2048,2026-08-14,2026-08-14T14:10:37+09:00,-1500
M0063,2048,2026-08-14,2026-08-14T14:55:41+09:00,-1800
M0063,2048,2026-08-14,2026-08-14T18:43:04+09:00,-1900
M0063,2048,2026-08-14,2026-08-14T19:31:33+09:00,-2300
M0063,2048,2026-08-14,2026-08-14T20:09:17+09:00,-2000
M0063,2048,2026-08-14,2026-08-14T20:55:41+09:00,-1600
M0063,2048,2026-08-14,2026-08-14T21:33:02+09:00,-1000
M0063,2048,2026-08-14,2026-08-14T22:11:45+09:00,0
M0064,2049,2026-08-14,2026-08-14T10:54:41+09:00,-100
M0064,2049,2026-08-14,2026-08-14T11:29:45+09:00,-500
M0064,2049,2026-08-14,2026-08-14T12:37:28+09:00,-300
M0064,2049,2026-08-14,2026-08-14T13:06:37+09:00,-900
M0064,2049,2026-08-14,2026-08-14T13:35:02+09:00,-700
M0064,2049,2026-08-14,2026-08-14T14:10:37+09:00,-600
M0064,2049,2026-08-14,2026-08-14T14:55:41+09:00,-800
M0064,2049,2026-08-14,2026-08-14T15:31:41+09:00,-600
M0064,2049,2026-08-14,2026-08-14T16:08:02+09:00,500
M0064,2049,2026-08-14,2026-08-14T16:41:57+09:00,100
M0064,2049,2026-08-14,2026-08-14T17:30:37+09:00,0
M0064,2049,2026-08-14,2026-08-14T18:07:43+09:00,-500
M0064,2049,2026-08-14,2026-08-14T18:43:04+09:00,-800
M0064,2049,2026-08-14,2026-08-14T19:31:33+09:00,-1400
M0064,2049,2026-08-14,2026-08-14T20:09:17+09:00,-2200
M0064,2049,2026-08-14,2026-08-14T20:55:41+09:00,-2300
M0064,2049,2026-08-14,2026-08-14T21:33:02+09:00,-2400
M0065,2050,2026-08-14,2026-08-14T10:54:41+09:00,-200
M0065,2050,2026-08-14,2026-08-14T11:29:45+09:00,-600
M0065,2050,2026-08-14,2026-08-14T12:04:15+09:00,100
M0065,2050,2026-08-14,2026-08-14T12:37:28+09:00,200
M0065,2050,2026-08-14,2026-08-14T13:06:37+09:00,1000
M0065,2050,2026-08-14,2026-08-14T13:35:02+09:00,800
M0065,2050,2026-08-14,2026-08-14T14:10:37+09:00,500
M0065,2050,2026-08-14,2026-08-14T14:55:41+09:00,1400
M0065,2050,2026-08-14,2026-08-14T15:31:41+09:00,2300
M0065,2050,2026-08-14,2026-08-14T16:08:02+09:00,3200
M0065,2050,2026-08-14,2026-08-14T16:41:57+09:00,3000
M0065,2050,2026-08-14,2026-08-14T18:07:43+09:00,2700
M0065,2050,2026-08-14,2026-08-14T19:31:33+09:00,3700
M0065,2050,2026-08-14,2026-08-14T20:09:17+09:00,5200
M0065,2050,2026-08-14,2026-08-14T20:55:41+09:00,5100
M0066,2051,2026-08-14,2026-08-14T10:54:41+09:00,-200
M0066,2051,2026-08-14,2026-08-14T11:29:45+09:00,400
M0066,2051,2026-08-14,2026-08-14T12:04:15+09:00,1300
M0066,2051,2026-08-14,2026-08-14T12:37:28+09:00,1000
M0066,2051,2026-08-14,2026-08-14T13:06:37+09:00,1500
M0066,2051,2026-08-14,2026-08-14T13:35:02+09:00,1800
M0066,2051,2026-08-14,2026-08-14T14:10:37+09:00,1200
M0066,2051,2026-08-14,2026-08-14T14:55:41+09:00,900
M0066,2051,2026-08-14,2026-08-14T15:31:41+09:00,400
M0066,2051,2026-08-14,2026-08-14T16:08:02+09:00,-200
M0066,2051,2026-08-14,2026-08-14T16:41:57+09:00,-300
M0066,2051,2026-08-14,2026-08-14T17:30:37+09:00,-600
M0066,2051,2026-08-14,2026-08-14T18:07:43+09:00,-1000
M0066,2051,2026-08-14,2026-08-14T18:43:04+09:00,-1300
M0066,2051,2026-08-14,2026-08-14T21:33:02+09:00,-1700
M0066,2051,2026-08-14,2026-08-14T22:11:45+09:00,-1000
M0067,2052,2026-08-14,2026-08-14T10:54:41+09:00,-200
M0067,2052,2026-08-14,2026-08-14T11:29:45+09:00,-300
M0067,2052,2026-08-14,2026-08-14T12:04:15+09:00,600
M0067,2052,2026-08-14,2026-08-14T13:06:37+09:00,100
M0067,2052,2026-08-14,2026-08-14T13:35:02+09:00,0
M0067,2052,2026-08-14,2026-08-14T14:10:37+09:00,-500
M0067,2052,2026-08-14,2026-08-14T15:31:41+09:00,-600
M0067,2052,2026-08-14,2026-08-14T16:08:02+09:00,300
M0067,2052,2026-08-14,2026-08-14T16:41:57+09:00,800
M0067,2052,2026-08-14,2026-08-14T18:43:04+09:00,300
M0067,2052,2026-08-14,2026-08-14T19:31:33+09:00,100
M0067,2052,2026-08-14,2026-08-14T20:09:17+09:00,-1000
M0067,2052,2026-08-14,2026-08-14T20:55:41+09:00,-500
M0068,2053,2026-08-14,2026-08-14T10:54:41+09:00,-100
M0068,2053,2026-08-14,2026-08-14T11:29:45+09:00,-600
M0068,2053,2026-08-14,2026-08-14T12:04:15+09:00,-400
M0068,2053,2026-08-14,2026-08-14T12:37:28+09:00,400
M0068,2053,2026-08-14,2026-08-14T13:06:37+09:00,300
M0068,2053,2026-08-14,2026-08-14T13:35:02+09:00,-200
M0068,2053,2026-08-14,2026-08-14T14:10:37+09:00,-400
M0068,2053,2026-08-14,2026-08-14T14:55:41+09:00,-700
M0068,2053,2026-08-14,2026-08-14T15:31:41+09:00,-200
M0068,2053,2026-08-14,2026-08-14T16:08:02+09:00,700
M0068,2053,2026-08-14,2026-08-14T16:41:57+09:00,1900
M0068,2053,2026-08-14,2026-08-14T17:30:37+09:00,2200
M0068,2053,2026-08-14,2026-08-14T18:07:43+09:00,2700
M0068,2053,2026-08-14,2026-08-14T18:43:04+09:00,2600
M0068,2053,2026-08-14,2026-08-14T20:09:17+09:00,1700
M0068,2053,2026-08-14,2026-08-14T20:55:41+09:00,1100
M0068,2053,2026-08-14,2026-08-14T21:33:02+09:00,600
M0068,2053,2026-08-14,2026-08-14T22:11:45+09:00,900
M0069,2054,2026-08-14,2026-08-14T10:54:41+09:00,0
M0069,2054,2026-08-14,2026-08-14T11:29:45+09:00,300
M0069,2054,2026-08-14,2026-08-14T12:04:15+09:00,100
M0069,2054,2026-08-14,2026-08-14T12:37:28+09:00,-300
M0069,2054,2026-08-14,2026-08-14T13:06:37+09:00,-800
M0069,2054,2026-08-14,2026-08-14T13:35:02+09:00,-1000
M0069,2054,2026-08-14,2026-08-14T14:10:37+09:00,-1300
M0069,2054,2026-08-14,2026-08-14T14:55:41+09:00,-1200
M0069,2054,2026-08-14,2026-08-14T15:31:41+09:00,-900
M0069,2054,2026-08-14,2026-08-14T16:08:02+09:00,-600
M0069,2054,2026-08-14,2026-08-14T16:41:57+09:00,-1100
M0069,2054,2026-08-14,2026-08-14T17:30:37+09:00,-700
M0069,2054,2026-08-14,2026-08-14T18:07:43+09:00,-900
M0069,2054,2026-08-14,2026-08-14T18:43:04+09:00,-1700
M0069,2054,2026-08-14,2026-08-14T19:31:33+09:00,-2300
M0069,2054,2026-08-14,2026-08-14T20:09:17+09:00,-2200
M0069,2054,2026-08-14,2026-08-14T20:55:41+09:00,-2000
M0070,2055,2026-08-14,2026-08-14T10:54:41+09:00,-100
M0070,2055,2026-08-14,2026-08-14T11:29:45+09:00,-200
M0070,2055,2026-08-14,2026-08-14T12:37:28+09:00,-100
M0070,2055,2026-08-14,2026-08-14T13:06:37+09:00,-500
M0070,2055,2026-08-14,2026-08-14T13:35:02+09:00,-900
M0070,2055,2026-08-14,2026-08-14T14:10:37+09:00,700
M0070,2055,2026-08-14,2026-08-14T14:55:41+09:00,1800
M0070,2055,2026-08-14,2026-08-14T15:31:41+09:00,2500
M0070,2055,2026-08-14,2026-08-14T16:08:02+09:00,3100
M0070,2055,2026-08-14,2026-08-14T16:41:57+09:00,2500
M0070,2055,2026-08-14,2026-08-14T17:30:37+09:00,2000
M0070,2055,2026-08-14,2026-08-14T18:07:43+09:00,1800
M0070,2055,2026-08-14,2026-08-14T18:43:04+09:00,1300
M0070,2055,2026-08-14,2026-08-14T19:31:33+09:00,900
M0070,2055,2026-08-14,2026-08-14T20:09:17+09:00,0
M0070,2055,2026-08-14,2026-08-14T20:55:41+09:00,1000
M0070,2055,2026-08-14,2026-08-14T21:33:02+09:00,1900
M0070,2055,2026-08-14,2026-08-14T22:11:45+09:00,1800
M0071,2056,2026-08-14,2026-08-14T10:54:41+09:00,-100
M0071,2056,2026-08-14,2026-08-14T11:29:45+09:00,-300
M0071,2056,2026-08-14,2026-08-14T12:04:15+09:00,0
M0071,2056,2026-08-14,2026-08-14T12:37:28+09:00,-300
M0071,2056,2026-08-14,2026-08-14T13:06:37+09:00,200
M0071,2056,2026-08-14,2026-08-14T13:35:02+09:00,-300
M0071,2056,2026-08-14,2026-08-14T14:10:37+09:00,-200
M0071,2056,2026-08-14,2026-08-14T15:31:41+09:00,-100
M0071,2056,2026-08-14,2026-08-14T16:08:02+09:00,-200
M0071,2056,2026-08-14,2026-08-14T16:41:57+09:00,-400
M0071,2056,2026-08-14,2026-08-14T17:30:37+09:00,-700
M0071,2056,2026-08-14,2026-08-14T18:07:43+09:00,-600
M0071,2056,2026-08-14,2026-08-14T18:43:04+09:00,-1200
M0071,2056,2026-08-14,2026-08-14T19:31:33+09:00,-1600
M0071,2056,2026-08-14,2026-08-14T20:09:17+09:00,-2300
M0071,2056,2026-08-14,2026-08-14T20:55:41+09:00,-1900
M0071,2056,2026-08-14,2026-08-14T21:33:02+09:00,-1700
M0072,2057,2026-08-14,2026-08-14T10:54:41+09:00,-100
M0072,2057,2026-08-14,2026-08-14T11:29:45+09:00,-700
M0072,2057,2026-08-14,2026-08-14T12:04:15+09:00,-800
M0072,2057,2026-08-14,2026-08-14T13:06:37+09:00,-1300
M0072,2057,2026-08-14,2026-08-14T13:35:02+09:00,-1800
M0072,2057,2026-08-14,2026-08-14T14:10:37+09:00,-1900
M0072,2057,2026-08-14,2026-08-14T14:55:41+09:00,-2000
M0072,2057,2026-08-14,2026-08-14T15:31:41+09:00,-2300
M0072,2057,2026-08-14,2026-08-14T16:08:02+09:00,-2100
M0072,2057,2026-08-14,2026-08-14T16:41:57+09:00,-1500
M0072,2057,2026-08-14,2026-08-14T17:30:37+09:00,-1900
M0072,2057,2026-08-14,2026-08-14T18:07:43+09:00,-2000
M0072,2057,2026-08-14,2026-08-14T18:43:04+09:00,-2500
M0073,2058,2026-08-14,2026-08-14T10:54:41+09:00,100
M0073,2058,2026-08-14,2026-08-14T11:29:45+09:00,-200
M0073,2058,2026-08-14,2026-08-14T12:04:15+09:00,-400
M0073,2058,2026-08-14,2026-08-14T12:37:28+09:00,-900
M0073,2058,2026-08-14,2026-08-14T13:06:37+09:00,-1400
M0073,2058,2026-08-14,2026-08-14T13:35:02+09:00,-1900
M0073,2058,2026-08-14,2026-08-14T14:10:37+09:00,-400
M0073,2058,2026-08-14,2026-08-14T14:55:41+09:00,-600
M0073,2058,2026-08-14,2026-08-14T16:08:02+09:00,-1000
M0073,2058,2026-08-14,2026-08-14T16:41:57+09:00,-1100
M0073,2058,2026-08-14,2026-08-14T17:30:37+09:00,-1000
M0073,2058,2026-08-14,2026-08-14T18:07:43+09:00,-1300
M0073,2058,2026-08-14,2026-08-14T18:43:04+09:00,-2100
M0073,2058,2026-08-14,2026-08-14T19:31:33+09:00,-2700
M0073,2058,2026-08-14,2026-08-14T20:09:17+09:00,-3800
M0073,2058,2026-08-14,2026-08-14T20:55:41+09:00,-3200
M0073,2058,2026-08-14,2026-08-14T21:33:02+09:00,-3100
M0074,2059,2026-08-14,2026-08-14T10:54:41+09:00,0
M0074,2059,2026-08-14,2026-08-14T11:29:45+09:00,-700
M0074,2059,2026-08-14,2026-08-14T12:04:15+09:00,-300
M0074,2059,2026-08-14,2026-08-14T12:37:28+09:00,-600
M0074,2059,2026-08-14,2026-08-14T13:06:37+09:00,-400
M0074,2059,2026-08-14,2026-08-14T13:35:02+09:00,0
M0074,2059,2026-08-14,2026-08-14T14:10:37+09:00,-1100
M0074,2059,2026-08-14,2026-08-14T14:55:41+09:00,-1300
M0074,2059,2026-08-14,2026-08-14T15:31:41+09:00,-1100
M0074,2059,2026-08-14,2026-08-14T16:08:02+09:00,-1000
M0074,2059,2026-08-14,2026-08-14T16:41:57+09:00,-900
M0074,2059,2026-08-14,2026-08-14T17:30:37+09:00,-1400
M0074,2059,2026-08-14,2026-08-14T18:07:43+09:00,-1300
M0074,2059,2026-08-14,2026-08-14T18:43:04+09:00,-1000
M0074,2059,2026-08-14,2026-08-14T19:31:33+09:00,-1300
M0075,2124,2026-08-14,2026-08-14T10:54:41+09:00,0
M0075,2124,2026-08-14,2026-08-14T12:04:15+09:00,-500
M0075,2124,2026-08-14,2026-08-14T12:37:28+09:00,200
M0075,2124,2026-08-14,2026-08-14T13:06:37+09:00,1100
M0075,2124,2026-08-14,2026-08-14T13:35:02+09:00,600
M0075,2124,2026-08-14,2026-08-14T14:10:37+09:00,400
M0075,2124,2026-08-14,2026-08-14T14:55:41+09:00,300
M0075,2124,2026-08-14,2026-08-14T15:31:41+09:00,-300
M0075,2124,2026-08-14,2026-08-14T16:08:02+09:00,600
M0075,2124,2026-08-14,2026-08-14T16:41:57+09:00,1000
M0075,2124,2026-08-14,2026-08-14T17:30:37+09:00,1200
M0075,2124,2026-08-14,2026-08-14T18:07:43+09:00,1800
M0075,2124,2026-08-14,2026-08-14T18:43:04+09:00,1900
M0075,2124,2026-08-14,2026-08-14T19:31:33+09:00,1500
M0075,2124,2026-08-14,2026-08-14T20:09:17+09:00,1100
M0075,2124,2026-08-14,2026-08-14T20:55:41+09:00,600
M0075,2124,2026-08-14,2026-08-14T21:33:02+09:00,1100
M0075,2124,2026-08-14,2026-08-14T22:11:45+09:00,1300
M0075,2124,2026-08-14,2026-08-14T23:00:09+09:00,1700
M0076,2125,2026-08-14,2026-08-14T10:54:41+09:00,-300
M0076,2125,2026-08-14,2026-08-14T11:29:45+09:00,-200
M0076,2125,2026-08-14,2026-08-14T12:04:15+09:00,600
M0076,2125,2026-08-14,2026-08-14T12:37:28+09:00,1300
M0076,2125,2026-08-14,2026-08-14T13:06:37+09:00,1000
M0076,2125,2026-08-14,2026-08-14T13:35:02+09:00,800
M0076,2125,2026-08-14,2026-08-14T14:10:37+09:00,200
M0076,2125,2026-08-14,2026-08-14T14:55:41+09:00,100
M0076,2125,2026-08-14,2026-08-14T15:31:41+09:00,-100
M0076,2125,2026-08-14,2026-08-14T16:08:02+09:00,-500
M0076,2125,2026-08-14,2026-08-14T16:41:57+09:00,700
M0076,2125,2026-08-14,2026-08-14T17:30:37+09:00,200
M0076,2125,2026-08-14,2026-08-14T18:07:43+09:00,-200
M0076,2125,2026-08-14,2026-08-14T18:43:04+09:00,100
M0076,2125,2026-08-14,2026-08-14T19:31:33+09:00,-100
M0076,2125,2026-08-14,2026-08-14T20:09:17+09:00,900
M0077,2126,2026-08-14,2026-08-14T10:54:41+09:00,-200
M0077,2126,2026-08-14,2026-08-14T11:29:45+09:00,-500
M0077,2126,2026-08-14,2026-08-14T12:04:15+09:00,-1000
M0077,2126,2026-08-14,2026-08-14T12:37:28+09:00,-1600
M0077,2126,2026-08-14,2026-08-14T13:06:37+09:00,-2100
M0077,2126,2026-08-14,2026-08-14T13:35:02+09:00,-1500
M0077,2126,2026-08-14,2026-08-14T14:10:37+09:00,-700
M0077,2126,2026-08-14,2026-08-14T14:55:41+09:00,-1300
M0077,2126,2026-08-14,2026-08-14T16:08:02+09:00,-600
M0077,2126,2026-08-14,2026-08-14T16:41:57+09:00,-1600
M0077,2126,2026-08-14,2026-08-14T20:09:17+09:00,-1300
M0077,2126,2026-08-14,2026-08-14T20:55:41+09:00,-1400
M0078,2127,2026-08-14,2026-08-14T10:54:41+09:00,-200
M0078,2127,2026-08-14,2026-08-14T11:29:45+09:00,200
M0078,2127,2026-08-14,2026-08-14T12:04:15+09:00,-500
M0078,2127,2026-08-14,2026-08-14T12:37:28+09:00,-900
M0078,2127,2026-08-14,2026-08-14T13:06:37+09:00,-1000
M0078,2127,2026-08-14,2026-08-14T13:35:02+09:00,-100
M0078,2127,2026-08-14,2026-08-14T14:10:37+09:00,-400
M0078,2127,2026-08-14,2026-08-14T14:55:41+09:00,-900
M0078,2127,2026-08-14,2026-08-14T15:31:41+09:00,-200
M0078,2127,2026-08-14,2026-08-14T16:08:02+09:00,-600
M0078,2127,2026-08-14,2026-08-14T16:41:57+09:00,0
M0078,2127,2026-08-14,2026-08-14T17:30:37+09:00,-700
M0078,2127,2026-08-14,2026-08-14T18:43:04+09:00,-300
M0078,2127,2026-08-14,2026-08-14T19:31:33+09:00,-700
M0078,2127,2026-08-14,2026-08-14T20:09:17+09:00,-800
M0079,2128,2026-08-14,2026-08-14T10:54:41+09:00,-200
M0079,2128,2026-08-14,2026-08-14T11:29:45+09:00,-100
M0079,2128,2026-08-14,2026-08-14T12:04:15+09:00,400
M0079,2128,2026-08-14,2026-08-14T12:37:28+09:00,-200
M0079,2128,2026-08-14,2026-08-14T13:06:37+09:00,-800
M0079,2128,2026-08-14,2026-08-14T13:35:02+09:00,-1200
M0079,2128,2026-08-14,2026-08-14T14:10:37+09:00,-1000
M0079,2128,2026-08-14,2026-08-14T16:41:57+09:00,-1800
M0079,2128,2026-08-14,2026-08-14T17:30:37+09:00,-1900
M0079,2128,2026-08-14,2026-08-14T18:07:43+09:00,-900
M0079,2128,2026-08-14,2026-08-14T18:43:04+09:00,-600
M0079,2128,2026-08-14,2026-08-14T19:31:33+09:00,-700
M0079,2128,2026-08-14,2026-08-14T20:09:17+09:00,-1000
M0080,2129,2026-08-14,2026-08-14T10:54:41+09:00,100
M0080,2129,2026-08-14,2026-08-14T11:29:45+09:00,1000
M0080,2129,2026-08-14,2026-08-14T12:04:15+09:00,900
M0080,2129,2026-08-14,2026-08-14T12:37:28+09:00,1500
M0080,2129,2026-08-14,2026-08-14T13:06:37+09:00,1300
M0080,2129,2026-08-14,2026-08-14T13:35:02+09:00,1800
M0080,2129,2026-08-14,2026-08-14T14:10:37+09:00,2900
M0080,2129,2026-08-14,2026-08-14T14:55:41+09:00,3000
M0080,2129,2026-08-14,2026-08-14T15:31:41+09:00,2600
M0080,2129,2026-08-14,2026-08-14T16:08:02+09:00,2200
M0080,2129,2026-08-14,2026-08-14T16:41:57+09:00,1400
M0080,2129,2026-08-14,2026-08-14T17:30:37+09:00,800
M0080,2129,2026-08-14,2026-08-14T18:07:43+09:00,1500
M0080,2129,2026-08-14,2026-08-14T18:43:04+09:00,1300
M0080,2129,2026-08-14,2026-08-14T20:55:41+09:00,1100
M0080,2129,2026-08-14,2026-08-14T22:11:45+09:00,1200
M0080,2129,2026-08-14,2026-08-14T23:00:09+09:00,1700
M0031,2016,2026-08-15,2026-08-15T10:54:13+09:00,0
M0031,2016,2026-08-15,2026-08-15T11:29:09+09:00,-400
M0031,2016,2026-08-15,2026-08-15T12:03:27+09:00,-1000
M0031,2016,2026-08-15,2026-08-15T12:36:37+09:00,-900
M0031,2016,2026-08-15,2026-08-15T13:08:49+09:00,-700
M0031,2016,2026-08-15,2026-08-15T14:01:55+09:00,-1300
M0031,2016,2026-08-15,2026-08-15T14:36:09+09:00,-1900
M0031,2016,2026-08-15,2026-08-15T15:11:53+09:00,-1800
M0031,2016,2026-08-15,2026-08-15T16:34:01+09:00,-2000
M0031,2016,2026-08-15,2026-08-15T17:11:17+09:00,-2700
M0031,2016,2026-08-15,2026-08-15T17:58:39+09:00,-3100
M0031,2016,2026-08-15,2026-08-15T18:35:13+09:00,-2700
M0031,2016,2026-08-15,2026-08-15T19:12:53+09:00,-3700
M0031,2016,2026-08-15,2026-08-15T20:01:19+09:00,-3100
M0031,2016,2026-08-15,2026-08-15T20:38:25+09:00,-2100
M0031,2016,2026-08-15,2026-08-15T22:04:23+09:00,-2200
M0032,2017,2026-08-15,2026-08-15T10:54:13+09:00,-100
M0032,2017,2026-08-15,2026-08-15T11:29:09+09:00,800
M0032,2017,2026-08-15,2026-08-15T12:03:27+09:00,500
M0032,2017,2026-08-15,2026-08-15T12:36:37+09:00,800
M0032,2017,2026-08-15,2026-08-15T13:08:49+09:00,0
M0032,2017,2026-08-15,2026-08-15T14:01:55+09:00,-300
M0032,2017,2026-08-15,2026-08-15T14:36:09+09:00,700
M0032,2017,2026-08-15,2026-08-15T15:58:43+09:00,600
M0032,2017,2026-08-15,2026-08-15T16:34:01+09:00,100
M0032,2017,2026-08-15,2026-08-15T17:11:17+09:00,-800
M0032,2017,2026-08-15,2026-08-15T17:58:39+09:00,100
M0032,2017,2026-08-15,2026-08-15T18:35:13+09:00,1100
M0032,2017,2026-08-15,2026-08-15T19:12:53+09:00,1300
M0032,2017,2026-08-15,2026-08-15T20:01:19+09:00,1000
M0032,2017,2026-08-15,2026-08-15T20:38:25+09:00,900
M0033,2018,2026-08-15,2026-08-15T10:54:13+09:00,-100
M0033,2018,2026-08-15,2026-08-15T11:29:09+09:00,-600
M0033,2018,2026-08-15,2026-08-15T12:03:27+09:00,-1000
M0033,2018,2026-08-15,2026-08-15T12:36:37+09:00,-1700
M0033,2018,2026-08-15,2026-08-15T13:08:49+09:00,-2300
M0033,2018,2026-08-15,2026-08-15T14:01:55+09:00,-2900
M0033,2018,2026-08-15,2026-08-15T14:36:09+09:00,-2700
M0033,2018,2026-08-15,2026-08-15T15:11:53+09:00,-1900
M0033,2018,2026-08-15,2026-08-15T15:58:43+09:00,-1000
M0033,2018,2026-08-15,2026-08-15T16:34:01+09:00,-1700
M0033,2018,2026-08-15,2026-08-15T17:11:17+09:00,-1800
M0033,2018,2026-08-15,2026-08-15T17:58:39+09:00,-2000
M0033,2018,2026-08-15,2026-08-15T18:35:13+09:00,-1000
M0033,2018,2026-08-15,2026-08-15T19:12:53+09:00,-900
M0033,2018,2026-08-15,2026-08-15T20:01:19+09:00,-1500
M0034,2019,2026-08-15,2026-08-15T10:54:13+09:00,-200
M0034,2019,2026-08-15,2026-08-15T11:29:09+09:00,-700
M0034,2019,2026-08-15,2026-08-15T12:03:27+09:00,-1000
M0034,2019,2026-08-15,2026-08-15T12:36:37+09:00,-1300
M0034,2019,2026-08-15,2026-08-15T13:08:49+09:00,-1900
M0034,2019,2026-08-15,2026-08-15T14:01:55+09:00,-1500
M0034,2019,2026-08-15,2026-08-15T14:36:09+09:00,-2000
M0034,2019,2026-08-15,2026-08-15T15:11:53+09:00,-2100
M0034,2019,2026-08-15,2026-08-15T15:58:43+09:00,-2500
M0034,2019,2026-08-15,2026-08-15T17:11:17+09:00,-3100
M0034,2019,2026-08-15,2026-08-15T17:58:39+09:00,-3400
M0034,2019,2026-08-15,2026-08-15T18:35:13+09:00,-3500
M0034,2019,2026-08-15,2026-08-15T19:12:53+09:00,-4500
M0034,2019,2026-08-15,2026-08-15T20:01:19+09:00,-4300
M0035,2020,2026-08-15,2026-08-15T10:54:13+09:00,-200
M0035,2020,2026-08-15,2026-08-15T11:29:09+09:00,-500
M0035,2020,2026-08-15,2026-08-15T12:03:27+09:00,-900
M0035,2020,2026-08-15,2026-08-15T12:36:37+09:00,-700
M0035,2020,2026-08-15,2026-08-15T13:08:49+09:00,-200
M0035,2020,2026-08-15,2026-08-15T14:01:55+09:00,-700
M0035,2020,2026-08-15,2026-08-15T14:36:09+09:00,-900
M0035,2020,2026-08-15,2026-08-15T15:11:53+09:00,-1700
M0035,2020,2026-08-15,2026-08-15T15:58:43+09:00,-1200
M0035,2020,2026-08-15,2026-08-15T16:34:01+09:00,-1600
M0036,2021,2026-08-15,2026-08-15T10:54:13+09:00,-100
M0036,2021,2026-08-15,2026-08-15T11:29:09+09:00,-600
M0036,2021,2026-08-15,2026-08-15T12:03:27+09:00,-500
M0036,2021,2026-08-15,2026-08-15T12:36:37+09:00,-900
M0036,2021,2026-08-15,2026-08-15T13:08:49+09:00,-300
M0036,2021,2026-08-15,2026-08-15T14:01:55+09:00,-800
M0036,2021,2026-08-15,2026-08-15T14:36:09+09:00,-200
M0036,2021,2026-08-15,2026-08-15T15:11:53+09:00,100
M0036,2021,2026-08-15,2026-08-15T15:58:43+09:00,-200
M0036,2021,2026-08-15,2026-08-15T16:34:01+09:00,-600
M0036,2021,2026-08-15,2026-08-15T17:11:17+09:00,-1300
M0036,2021,2026-08-15,2026-08-15T17:58:39+09:00,-1500
M0036,2021,2026-08-15,2026-08-15T18:35:13+09:00,-1900
M0036,2021,2026-08-15,2026-08-15T19:12:53+09:00,-500
M0036,2021,2026-08-15,2026-08-15T20:01:19+09:00,400
M0036,2021,2026-08-15,2026-08-15T20:38:25+09:00,1600
M0036,2021,2026-08-15,2026-08-15T21:25:49+09:00,2400
M0036,2021,2026-08-15,2026-08-15T22:04:23+09:00,3300
M0037,2022,2026-08-15,2026-08-15T10:54:13+09:00,-100
M0037,2022,2026-08-15,2026-08-15T11:29:09+09:00,-700
M0037,2022,2026-08-15,2026-08-15T12:03:27+09:00,-100
M0037,2022,2026-08-15,2026-08-15T12:36:37+09:00,-300
M0037,2022,2026-08-15,2026-08-15T13:08:49+09:00,-100
M0037,2022,2026-08-15,2026-08-15T14:01:55+09:00,-500
M0037,2022,2026-08-15,2026-08-15T14:36:09+09:00,-1100
M0037,2022,2026-08-15,2026-08-15T15:11:53+09:00,-2100
M0037,2022,2026-08-15,2026-08-15T15:58:43+09:00,-2500
M0037,2022,2026-08-15,2026-08-15T16:34:01+09:00,-3000
M0037,2022,2026-08-15,2026-08-15T17:11:17+09:00,-2100
M0037,2022,2026-08-15,2026-08-15T18:35:13+09:00,-2200
M0037,2022,2026-08-15,2026-08-15T19:12:53+09:00,-1400
M0037,2022,2026-08-15,2026-08-15T20:01:19+09:00,-1600
M0038,2023,2026-08-15,2026-08-15T10:54:13+09:00,0
M0038,2023,2026-08-15,2026-08-15T11:29:09+09:00,-400
M0038,2023,2026-08-15,2026-08-15T12:03:27+09:00,-1000
M0038,2023,2026-08-15,2026-08-15T12:36:37+09:00,-600
M0038,2023,2026-08-15,2026-08-15T13:08:49+09:00,0
M0038,2023,2026-08-15,2026-08-15T14:01:55+09:00,-300
M0038,2023,2026-08-15,2026-08-15T14:36:09+09:00,-100
M0038,2023,2026-08-15,2026-08-15T15:11:53+09:00,-800
M0038,2023,2026-08-15,2026-08-15T15:58:43+09:00,-1400
M0038,2023,2026-08-15,2026-08-15T16:34:01+09:00,-1500
M0038,2023,2026-08-15,2026-08-15T17:11:17+09:00,-2200
M0038,2023,2026-08-15,2026-08-15T17:58:39+09:00,-2700
M0038,2023,2026-08-15,2026-08-15T18:35:13+09:00,-2200
M0038,2023,2026-08-15,2026-08-15T19:12:53+09:00,-200
M0038,2023,2026-08-15,2026-08-15T20:01:19+09:00,600
M0038,2023,2026-08-15,2026-08-15T20:38:25+09:00,2500
M0038,2023,2026-08-15,2026-08-15T21:25:49+09:00,3300
M0038,2023,2026-08-15,2026-08-15T22:04:23+09:00,4300
M0038,2023,2026-08-15,2026-08-15T22:41:53+09:00,4500
M0039,2024,2026-08-15,2026-08-15T10:54:13+09:00,-100
M0039,2024,2026-08-15,2026-08-15T11:29:09+09:00,-500
M0039,2024,2026-08-15,2026-08-15T12:03:27+09:00,-1100
M0039,2024,2026-08-15,2026-08-15T12:36:37+09:00,-800
M0039,2024,2026-08-15,2026-08-15T13:08:49+09:00,-1300
M0039,2024,2026-08-15,2026-08-15T14:01:55+09:00,-500
M0039,2024,2026-08-15,2026-08-15T14:36:09+09:00,-100
M0039,2024,2026-08-15,2026-08-15T15:11:53+09:00,-600
M0039,2024,2026-08-15,2026-08-15T15:58:43+09:00,-400
M0039,2024,2026-08-15,2026-08-15T16:34:01+09:00,-600
M0039,2024,2026-08-15,2026-08-15T17:11:17+09:00,200
M0039,2024,2026-08-15,2026-08-15T17:58:39+09:00,-200
M0039,2024,2026-08-15,2026-08-15T18:35:13+09:00,-600
M0039,2024,2026-08-15,2026-08-15T19:12:53+09:00,-1200
M0039,2024,2026-08-15,2026-08-15T20:01:19+09:00,-700
M0040,2025,2026-08-15,2026-08-15T10:54:13+09:00,0
M0040,2025,2026-08-15,2026-08-15T11:29:09+09:00,-600
M0040,2025,2026-08-15,2026-08-15T12:03:27+09:00,-200
M0040,2025,2026-08-15,2026-08-15T12:36:37+09:00,-600
M0040,2025,2026-08-15,2026-08-15T13:08:49+09:00,-700
M0040,2025,2026-08-15,2026-08-15T14:01:55+09:00,-600
M0040,2025,2026-08-15,2026-08-15T14:36:09+09:00,-1000
M0040,2025,2026-08-15,2026-08-15T15:11:53+09:00,600
M0040,2025,2026-08-15,2026-08-15T15:58:43+09:00,1500
M0040,2025,2026-08-15,2026-08-15T16:34:01+09:00,2400
M0040,2025,2026-08-15,2026-08-15T17:11:17+09:00,1700
M0040,2025,2026-08-15,2026-08-15T17:58:39+09:00,1500
M0040,2025,2026-08-15,2026-08-15T18:35:13+09:00,2200
M0040,2025,2026-08-15,2026-08-15T19:12:53+09:00,2300
M0040,2025,2026-08-15,2026-08-15T20:01:19+09:00,1800
M0040,2025,2026-08-15,2026-08-15T20:38:25+09:00,1400
M0041,2026,2026-08-15,2026-08-15T10:54:13+09:00,-100
M0041,2026,2026-08-15,2026-08-15T11:29:09+09:00,100
M0041,2026,2026-08-15,2026-08-15T12:03:27+09:00,300
M0041,2026,2026-08-15,2026-08-15T12:36:37+09:00,200
M0041,2026,2026-08-15,2026-08-15T13:08:49+09:00,1200
M0041,2026,2026-08-15,2026-08-15T14:01:55+09:00,900
M0041,2026,2026-08-15,2026-08-15T14:36:09+09:00,700
M0041,2026,2026-08-15,2026-08-15T15:11:53+09:00,900
M0041,2026,2026-08-15,2026-08-15T15:58:43+09:00,800
M0041,2026,2026-08-15,2026-08-15T16:34:01+09:00,600
M0041,2026,2026-08-15,2026-08-15T17:58:39+09:00,300
M0041,2026,2026-08-15,2026-08-15T18:35:13+09:00,0
M0041,2026,2026-08-15,2026-08-15T19:12:53+09:00,-200
M0041,2026,2026-08-15,2026-08-15T20:01:19+09:00,-900
M0041,2026,2026-08-15,2026-08-15T20:38:25+09:00,-1500
M0041,2026,2026-08-15,2026-08-15T21:25:49+09:00,-1700
M0041,2026,2026-08-15,2026-08-15T22:04:23+09:00,-1500
M0042,2027,2026-08-15,2026-08-15T10:54:13+09:00,-100
M0042,2027,2026-08-15,2026-08-15T11:29:09+09:00,-400
M0042,2027,2026-08-15,2026-08-15T12:03:27+09:00,400
M0042,2027,2026-08-15,2026-08-15T12:36:37+09:00,500
M0042,2027,2026-08-15,2026-08-15T13:08:49+09:00,-200
M0042,2027,2026-08-15,2026-08-15T14:01:55+09:00,400
M0042,2027,2026-08-15,2026-08-15T14:36:09+09:00,-200
M0042,2027,2026-08-15,2026-08-15T15:11:53+09:00,-1100
M0042,2027,2026-08-15,2026-08-15T15:58:43+09:00,-1600
M0042,2027,2026-08-15,2026-08-15T16:34:01+09:00,-1500
M0042,2027,2026-08-15,2026-08-15T17:11:17+09:00,-1900
M0042,2027,2026-08-15,2026-08-15T18:35:13+09:00,-2600
M0042,2027,2026-08-15,2026-08-15T19:12:53+09:00,-2800
M0042,2027,2026-08-15,2026-08-15T20:01:19+09:00,-3100
M0042,2027,2026-08-15,2026-08-15T20:38:25+09:00,-2800
M0042,2027,2026-08-15,2026-08-15T22:04:23+09:00,-2900
M0042,2027,2026-08-15,2026-08-15T22:41:53+09:00,-2700
M0043,2028,2026-08-15,2026-08-15T10:54:13+09:00,0
M0043,2028,2026-08-15,2026-08-15T11:29:09+09:00,800
M0043,2028,2026-08-15,2026-08-15T12:03:27+09:00,600
M0043,2028,2026-08-15,2026-08-15T12:36:37+09:00,200
M0043,2028,2026-08-15,2026-08-15T13:08:49+09:00,-300
M0043,2028,2026-08-15,2026-08-15T14:01:55+09:00,100
M0043,2028,2026-08-15,2026-08-15T14:36:09+09:00,-100
M0043,2028,2026-08-15,2026-08-15T15:11:53+09:00,500
M0043,2028,2026-08-15,2026-08-15T15:58:43+09:00,1100
M0043,2028,2026-08-15,2026-08-15T16:34:01+09:00,1400
M0043,2028,2026-08-15,2026-08-15T17:11:17+09:00,2600
M0043,2028,2026-08-15,2026-08-15T17:58:39+09:00,2800
M0043,2028,2026-08-15,2026-08-15T19:12:53+09:00,4800
M0043,2028,2026-08-15,2026-08-15T20:01:19+09:00,5500
M0043,2028,2026-08-15,2026-08-15T20:38:25+09:00,5200
M0044,2029,2026-08-15,2026-08-15T10:54:13+09:00,-100
M0044,2029,2026-08-15,2026-08-15T11:29:09+09:00,-500
M0044,2029,2026-08-15,2026-08-15T12:03:27+09:00,-1100
M0044,2029,2026-08-15,2026-08-15T12:36:37+09:00,-700
M0044,2029,2026-08-15,2026-08-15T13:08:49+09:00,-1800
M0044,2029,2026-08-15,2026-08-15T14:01:55+09:00,-1200
M0044,2029,2026-08-15,2026-08-15T14:36:09+09:00,-200
M0044,2029,2026-08-15,2026-08-15T15:11:53+09:00,500
M0044,2029,2026-08-15,2026-08-15T17:11:17+09:00,200
M0044,2029,2026-08-15,2026-08-15T17:58:39+09:00,-200
M0044,2029,2026-08-15,2026-08-15T19:12:53+09:00,500
M0044,2029,2026-08-15,2026-08-15T20:01:19+09:00,1000
M0044,2029,2026-08-15,2026-08-15T20:38:25+09:00,100
M0044,2029,2026-08-15,2026-08-15T21:25:49+09:00,-600
M0044,2029,2026-08-15,2026-08-15T22:04:23+09:00,-400
M0044,2029,2026-08-15,2026-08-15T22:41:53+09:00,-700
M0045,2030,2026-08-15,2026-08-15T10:54:13+09:00,-100
M0045,2030,2026-08-15,2026-08-15T11:29:09+09:00,-300
M0045,2030,2026-08-15,2026-08-15T12:03:27+09:00,-800
M0045,2030,2026-08-15,2026-08-15T12:36:37+09:00,-500
M0045,2030,2026-08-15,2026-08-15T13:08:49+09:00,-1600
M0045,2030,2026-08-15,2026-08-15T14:01:55+09:00,-1300
M0045,2030,2026-08-15,2026-08-15T14:36:09+09:00,-600
M0045,2030,2026-08-15,2026-08-15T15:11:53+09:00,-1100
M0045,2030,2026-08-15,2026-08-15T15:58:43+09:00,-700
M0045,2030,2026-08-15,2026-08-15T16:34:01+09:00,-1000
M0045,2030,2026-08-15,2026-08-15T17:11:17+09:00,-1400
M0045,2030,2026-08-15,2026-08-15T17:58:39+09:00,-1800
M0045,2030,2026-08-15,2026-08-15T18:35:13+09:00,-2400
M0045,2030,2026-08-15,2026-08-15T19:12:53+09:00,-3000
M0045,2030,2026-08-15,2026-08-15T20:01:19+09:00,-3600
M0045,2030,2026-08-15,2026-08-15T20:38:25+09:00,-4400
M0045,2030,2026-08-15,2026-08-15T21:25:49+09:00,-4200
M0045,2030,2026-08-15,2026-08-15T22:41:53+09:00,-3700
M0046,2031,2026-08-15,2026-08-15T10:54:13+09:00,-100
M0046,2031,2026-08-15,2026-08-15T11:29:09+09:00,-600
M0046,2031,2026-08-15,2026-08-15T12:03:27+09:00,-1100
M0046,2031,2026-08-15,2026-08-15T12:36:37+09:00,-1300
M0046,2031,2026-08-15,2026-08-15T13:08:49+09:00,-500
M0046,2031,2026-08-15,2026-08-15T14:01:55+09:00,-300
M0046,2031,2026-08-15,2026-08-15T14:36:09+09:00,300
M0046,2031,2026-08-15,2026-08-15T15:11:53+09:00,1000
M0046,2031,2026-08-15,2026-08-15T15:58:43+09:00,900
M0046,2031,2026-08-15,2026-08-15T16:34:01+09:00,1100
M0046,2031,2026-08-15,2026-08-15T17:11:17+09:00,300
M0046,2031,2026-08-15,2026-08-15T17:58:39+09:00,0
M0046,2031,2026-08-15,2026-08-15T18:35:13+09:00,100
M0046,2031,2026-08-15,2026-08-15T19:12:53+09:00,0
M0047,2032,2026-08-15,2026-08-15T10:54:13+09:00,-100
M0047,2032,2026-08-15,2026-08-15T11:29:09+09:00,-500
M0047,2032,2026-08-15,2026-08-15T12:03:27+09:00,-900
M0047,2032,2026-08-15,2026-08-15T12:36:37+09:00,-1400
M0047,2032,2026-08-15,2026-08-15T13:08:49+09:00,-2100
M0047,2032,2026-08-15,2026-08-15T14:01:55+09:00,-2500
M0047,2032,2026-08-15,2026-08-15T14:36:09+09:00,-3000
M0047,2032,2026-08-15,2026-08-15T15:11:53+09:00,-3500
M0047,2032,2026-08-15,2026-08-15T16:34:01+09:00,-3700
M0047,2032,2026-08-15,2026-08-15T17:11:17+09:00,-4000
M0047,2032,2026-08-15,2026-08-15T17:58:39+09:00,-3300
M0047,2032,2026-08-15,2026-08-15T18:35:13+09:00,-2800
M0047,2032,2026-08-15,2026-08-15T19:12:53+09:00,-3100
M0047,2032,2026-08-15,2026-08-15T20:01:19+09:00,-3400
M0047,2032,2026-08-15,2026-08-15T20:38:25+09:00,-2900
M0047,2032,2026-08-15,2026-08-15T21:25:49+09:00,-3200
M0047,2032,2026-08-15,2026-08-15T22:41:53+09:00,-3600
M0048,2033,2026-08-15,2026-08-15T10:54:13+09:00,200
M0048,2033,2026-08-15,2026-08-15T11:29:09+09:00,900
M0048,2033,2026-08-15,2026-08-15T12:03:27+09:00,2000
M0048,2033,2026-08-15,2026-08-15T12:36:37+09:00,2900
M0048,2033,2026-08-15,2026-08-15T13:08:49+09:00,4800
M0048,2033,2026-08-15,2026-08-15T14:01:55+09:00,5900
M0048,2033,2026-08-15,2026-08-15T14:36:09+09:00,6900
M0048,2033,2026-08-15,2026-08-15T15:11:53+09:00,8500
M0048,2033,2026-08-15,2026-08-15T15:58:43+09:00,9500
M0048,2033,2026-08-15,2026-08-15T16:34:01+09:00,10000
M0048,2033,2026-08-15,2026-08-15T17:11:17+09:00,9800
M0048,2033,2026-08-15,2026-08-15T17:58:39+09:00,9200
M0048,2033,2026-08-15,2026-08-15T18:35:13+09:00,8800
M0048,2033,2026-08-15,2026-08-15T19:12:53+09:00,9300
M0048,2033,2026-08-15,2026-08-15T20:38:25+09:00,9100
M0048,2033,2026-08-15,2026-08-15T21:25:49+09:00,8900
M0048,2033,2026-08-15,2026-08-15T22:04:23+09:00,9700
M0048,2033,2026-08-15,2026-08-15T22:41:53+09:00,10000
M0049,2034,2026-08-15,2026-08-15T10:54:13+09:00,0
M0049,2034,2026-08-15,2026-08-15T11:29:09+09:00,-600
M0049,2034,2026-08-15,2026-08-15T12:03:27+09:00,-900
M0049,2034,2026-08-15,2026-08-15T12:36:37+09:00,-800
M0049,2034,2026-08-15,2026-08-15T13:08:49+09:00,-200
M0049,2034,2026-08-15,2026-08-15T14:36:09+09:00,-900
M0049,2034,2026-08-15,2026-08-15T15:11:53+09:00,-1400
M0049,2034,2026-08-15,2026-08-15T16:34:01+09:00,-1000
M0049,2034,2026-08-15,2026-08-15T17:11:17+09:00,-1600
M0049,2034,2026-08-15,2026-08-15T17:58:39+09:00,-2200
M0049,2034,2026-08-15,2026-08-15T18:35:13+09:00,-1800
M0049,2034,2026-08-15,2026-08-15T19:12:53+09:00,-2000
M0049,2034,2026-08-15,2026-08-15T20:01:19+09:00,-2600
M0049,2034,2026-08-15,2026-08-15T20:38:25+09:00,-2100
M0049,2034,2026-08-15,2026-08-15T21:25:49+09:00,-1100
M0049,2034,2026-08-15,2026-08-15T22:04:23+09:00,-1000
M0050,2035,2026-08-15,2026-08-15T10:54:13+09:00,-100
M0050,2035,2026-08-15,2026-08-15T11:29:09+09:00,-500
M0050,2035,2026-08-15,2026-08-15T12:03:27+09:00,-800
M0050,2035,2026-08-15,2026-08-15T12:36:37+09:00,-700
M0050,2035,2026-08-15,2026-08-15T14:01:55+09:00,-1000
M0050,2035,2026-08-15,2026-08-15T14:36:09+09:00,-300
M0050,2035,2026-08-15,2026-08-15T15:11:53+09:00,-200
M0050,2035,2026-08-15,2026-08-15T15:58:43+09:00,-500
M0050,2035,2026-08-15,2026-08-15T16:34:01+09:00,-400
M0050,2035,2026-08-15,2026-08-15T17:11:17+09:00,900
M0050,2035,2026-08-15,2026-08-15T18:35:13+09:00,1300
M0050,2035,2026-08-15,2026-08-15T19:12:53+09:00,1100
M0050,2035,2026-08-15,2026-08-15T20:01:19+09:00,800
M0050,2035,2026-08-15,2026-08-15T20:38:25+09:00,1300
M0050,2035,2026-08-15,2026-08-15T21:25:49+09:00,1500
M0050,2035,2026-08-15,2026-08-15T22:04:23+09:00,1100
M0050,2035,2026-08-15,2026-08-15T22:41:53+09:00,500
M0051,2036,2026-08-15,2026-08-15T10:54:13+09:00,-100
M0051,2036,2026-08-15,2026-08-15T11:29:09+09:00,-700
M0051,2036,2026-08-15,2026-08-15T12:03:27+09:00,-900
M0051,2036,2026-08-15,2026-08-15T12:36:37+09:00,-200
M0051,2036,2026-08-15,2026-08-15T13:08:49+09:00,-1100
M0051,2036,2026-08-15,2026-08-15T14:01:55+09:00,-1600
M0051,2036,2026-08-15,2026-08-15T14:36:09+09:00,-2200
M0051,2036,2026-08-15,2026-08-15T15:11:53+09:00,-2600
M0051,2036,2026-08-15,2026-08-15T15:58:43+09:00,-2100
M0051,2036,2026-08-15,2026-08-15T16:34:01+09:00,-2200
M0052,2037,2026-08-15,2026-08-15T10:54:13+09:00,-200
M0052,2037,2026-08-15,2026-08-15T11:29:09+09:00,-600
M0052,2037,2026-08-15,2026-08-15T12:03:27+09:00,-800
M0052,2037,2026-08-15,2026-08-15T12:36:37+09:00,-500
M0052,2037,2026-08-15,2026-08-15T13:08:49+09:00,200
M0052,2037,2026-08-15,2026-08-15T14:01:55+09:00,-100
M0052,2037,2026-08-15,2026-08-15T15:11:53+09:00,-600
M0052,2037,2026-08-15,2026-08-15T15:58:43+09:00,-100
M0052,2037,2026-08-15,2026-08-15T16:34:01+09:00,-300
M0052,2037,2026-08-15,2026-08-15T17:11:17+09:00,-700
M0052,2037,2026-08-15,2026-08-15T17:58:39+09:00,200
M0052,2037,2026-08-15,2026-08-15T18:35:13+09:00,400
M0052,2037,2026-08-15,2026-08-15T19:12:53+09:00,-100
M0052,2037,2026-08-15,2026-08-15T20:01:19+09:00,-300
M0052,2037,2026-08-15,2026-08-15T20:38:25+09:00,-400
M0053,2038,2026-08-15,2026-08-15T10:54:13+09:00,-100
M0053,2038,2026-08-15,2026-08-15T11:29:09+09:00,-800
M0053,2038,2026-08-15,2026-08-15T12:03:27+09:00,0
M0053,2038,2026-08-15,2026-08-15T12:36:37+09:00,-100
M0053,2038,2026-08-15,2026-08-15T13:08:49+09:00,-900
M0053,2038,2026-08-15,2026-08-15T14:01:55+09:00,-300
M0053,2038,2026-08-15,2026-08-15T14:36:09+09:00,300
M0053,2038,2026-08-15,2026-08-15T15:11:53+09:00,0
M0053,2038,2026-08-15,2026-08-15T16:34:01+09:00,-400
M0053,2038,2026-08-15,2026-08-15T17:11:17+09:00,-900
M0053,2038,2026-08-15,2026-08-15T17:58:39+09:00,-1500
M0053,2038,2026-08-15,2026-08-15T18:35:13+09:00,-1800
M0053,2038,2026-08-15,2026-08-15T19:12:53+09:00,-1600
M0053,2038,2026-08-15,2026-08-15T20:01:19+09:00,-600
M0053,2038,2026-08-15,2026-08-15T20:38:25+09:00,-500
M0054,2039,2026-08-15,2026-08-15T10:54:13+09:00,-100
M0054,2039,2026-08-15,2026-08-15T11:29:09+09:00,300
M0054,2039,2026-08-15,2026-08-15T12:03:27+09:00,200
M0054,2039,2026-08-15,2026-08-15T12:36:37+09:00,600
M0054,2039,2026-08-15,2026-08-15T13:08:49+09:00,400
M0054,2039,2026-08-15,2026-08-15T14:01:55+09:00,0
M0054,2039,2026-08-15,2026-08-15T14:36:09+09:00,-400
M0054,2039,2026-08-15,2026-08-15T15:11:53+09:00,-200
M0054,2039,2026-08-15,2026-08-15T15:58:43+09:00,-700
M0054,2039,2026-08-15,2026-08-15T16:34:01+09:00,-1100
M0054,2039,2026-08-15,2026-08-15T17:11:17+09:00,-900
M0054,2039,2026-08-15,2026-08-15T17:58:39+09:00,-1500
M0054,2039,2026-08-15,2026-08-15T19:12:53+09:00,0
M0054,2039,2026-08-15,2026-08-15T20:01:19+09:00,200
M0054,2039,2026-08-15,2026-08-15T20:38:25+09:00,-100
M0054,2039,2026-08-15,2026-08-15T22:04:23+09:00,-500
M0054,2039,2026-08-15,2026-08-15T22:41:53+09:00,-1400
M0055,2040,2026-08-15,2026-08-15T10:54:13+09:00,-100
M0055,2040,2026-08-15,2026-08-15T11:29:09+09:00,-600
M0055,2040,2026-08-15,2026-08-15T12:03:27+09:00,-1300
M0055,2040,2026-08-15,2026-08-15T12:36:37+09:00,-1800
M0055,2040,2026-08-15,2026-08-15T13:08:49+09:00,-2900
M0055,2040,2026-08-15,2026-08-15T14:36:09+09:00,-3100
M0055,2040,2026-08-15,2026-08-15T17:58:39+09:00,-3400
M0055,2040,2026-08-15,2026-08-15T18:35:13+09:00,-2700
M0055,2040,2026-08-15,2026-08-15T19:12:53+09:00,-2200
M0055,2040,2026-08-15,2026-08-15T20:01:19+09:00,-2700
M0055,2040,2026-08-15,2026-08-15T20:38:25+09:00,-2800
M0056,2041,2026-08-15,2026-08-15T10:54:13+09:00,-100
M0056,2041,2026-08-15,2026-08-15T11:29:09+09:00,0
M0056,2041,2026-08-15,2026-08-15T12:03:27+09:00,600
M0056,2041,2026-08-15,2026-08-15T12:36:37+09:00,200
M0056,2041,2026-08-15,2026-08-15T13:08:49+09:00,-300
M0056,2041,2026-08-15,2026-08-15T14:01:55+09:00,0
M0056,2041,2026-08-15,2026-08-15T14:36:09+09:00,-600
M0056,2041,2026-08-15,2026-08-15T15:11:53+09:00,-1400
M0056,2041,2026-08-15,2026-08-15T15:58:43+09:00,-2100
M0056,2041,2026-08-15,2026-08-15T16:34:01+09:00,-2400
M0056,2041,2026-08-15,2026-08-15T17:11:17+09:00,-3000
M0056,2041,2026-08-15,2026-08-15T17:58:39+09:00,-2600
M0056,2041,2026-08-15,2026-08-15T18:35:13+09:00,-2800
M0056,2041,2026-08-15,2026-08-15T20:01:19+09:00,-3200
M0056,2041,2026-08-15,2026-08-15T20:38:25+09:00,-4100
M0056,2041,2026-08-15,2026-08-15T21:25:49+09:00,-4400
M0056,2041,2026-08-15,2026-08-15T22:04:23+09:00,-4900
M0056,2041,2026-08-15,2026-08-15T22:41:53+09:00,-4700
M0057,2042,2026-08-15,2026-08-15T10:54:13+09:00,-100
M0057,2042,2026-08-15,2026-08-15T11:29:09+09:00,-700
M0057,2042,2026-08-15,2026-08-15T12:03:27+09:00,-1200
M0057,2042,2026-08-15,2026-08-15T12:36:37+09:00,-1800
M0057,2042,2026-08-15,2026-08-15T13:08:49+09:00,-1900
M0057,2042,2026-08-15,2026-08-15T14:01:55+09:00,-1600
M0057,2042,2026-08-15,2026-08-15T14:36:09+09:00,-600
M0057,2042,2026-08-15,2026-08-15T15:11:53+09:00,1100
M0057,2042,2026-08-15,2026-08-15T15:58:43+09:00,2100
M0057,2042,2026-08-15,2026-08-15T16:34:01+09:00,2900
M0057,2042,2026-08-15,2026-08-15T17:58:39+09:00,2400
M0057,2042,2026-08-15,2026-08-15T18:35:13+09:00,3000
M0057,2042,2026-08-15,2026-08-15T19:12:53+09:00,4800
M0057,2042,2026-08-15,2026-08-15T20:01:19+09:00,5600
M0057,2042,2026-08-15,2026-08-15T20:38:25+09:00,5800
M0057,2042,2026-08-15,2026-08-15T21:25:49+09:00,6200
M0057,2042,2026-08-15,2026-08-15T22:04:23+09:00,6700
M0057,2042,2026-08-15,2026-08-15T22:41:53+09:00,8000
M0058,2043,2026-08-15,2026-08-15T10:54:13+09:00,-200
M0058,2043,2026-08-15,2026-08-15T11:29:09+09:00,-600
M0058,2043,2026-08-15,2026-08-15T12:03:27+09:00,-200
M0058,2043,2026-08-15,2026-08-15T12:36:37+09:00,700
M0058,2043,2026-08-15,2026-08-15T13:08:49+09:00,2700
M0058,2043,2026-08-15,2026-08-15T14:01:55+09:00,3100
M0058,2043,2026-08-15,2026-08-15T14:36:09+09:00,3500
M0058,2043,2026-08-15,2026-08-15T15:11:53+09:00,2400
M0058,2043,2026-08-15,2026-08-15T15:58:43+09:00,2000
M0058,2043,2026-08-15,2026-08-15T17:11:17+09:00,1600
M0058,2043,2026-08-15,2026-08-15T17:58:39+09:00,1300
M0058,2043,2026-08-15,2026-08-15T18:35:13+09:00,1800
M0058,2043,2026-08-15,2026-08-15T19:12:53+09:00,3400
M0058,2043,2026-08-15,2026-08-15T20:01:19+09:00,4400
M0058,2043,2026-08-15,2026-08-15T20:38:25+09:00,4600
M0058,2043,2026-08-15,2026-08-15T21:25:49+09:00,5000
M0059,2044,2026-08-15,2026-08-15T10:54:13+09:00,0
M0059,2044,2026-08-15,2026-08-15T11:29:09+09:00,100
M0059,2044,2026-08-15,2026-08-15T12:03:27+09:00,0
M0059,2044,2026-08-15,2026-08-15T12:36:37+09:00,-700
M0059,2044,2026-08-15,2026-08-15T13:08:49+09:00,-600
M0059,2044,2026-08-15,2026-08-15T14:01:55+09:00,-1000
M0059,2044,2026-08-15,2026-08-15T14:36:09+09:00,0
M0059,2044,2026-08-15,2026-08-15T15:11:53+09:00,-300
M0059,2044,2026-08-15,2026-08-15T16:34:01+09:00,-200
M0059,2044,2026-08-15,2026-08-15T17:11:17+09:00,400
M0059,2044,2026-08-15,2026-08-15T17:58:39+09:00,500
M0059,2044,2026-08-15,2026-08-15T18:35:13+09:00,200
M0059,2044,2026-08-15,2026-08-15T20:01:19+09:00,-300
M0060,2045,2026-08-15,2026-08-15T10:54:13+09:00,-200
M0060,2045,2026-08-15,2026-08-15T11:29:09+09:00,-800
M0060,2045,2026-08-15,2026-08-15T12:03:27+09:00,-1000
M0060,2045,2026-08-15,2026-08-15T12:36:37+09:00,-1500
M0060,2045,2026-08-15,2026-08-15T13:08:49+09:00,-2200
M0060,2045,2026-08-15,2026-08-15T14:01:55+09:00,-2600
M0060,2045,2026-08-15,2026-08-15T14:36:09+09:00,-3200
M0060,2045,2026-08-15,2026-08-15T15:11:53+09:00,-3100
M0060,2045,2026-08-15,2026-08-15T18:35:13+09:00,-3200
M0060,2045,2026-08-15,2026-08-15T19:12:53+09:00,-2200
M0060,2045,2026-08-15,2026-08-15T20:01:19+09:00,-1700
M0060,2045,2026-08-15,2026-08-15T21:25:49+09:00,-1900
M0061,2046,2026-08-15,2026-08-15T10:54:13+09:00,-200
M0061,2046,2026-08-15,2026-08-15T11:29:09+09:00,-500
M0061,2046,2026-08-15,2026-08-15T12:03:27+09:00,-800
M0061,2046,2026-08-15,2026-08-15T12:36:37+09:00,-300
M0061,2046,2026-08-15,2026-08-15T13:08:49+09:00,-600
M0061,2046,2026-08-15,2026-08-15T14:01:55+09:00,-1100
M0061,2046,2026-08-15,2026-08-15T14:36:09+09:00,-1300
M0061,2046,2026-08-15,2026-08-15T15:11:53+09:00,-2200
M0061,2046,2026-08-15,2026-08-15T15:58:43+09:00,-2400
M0061,2046,2026-08-15,2026-08-15T16:34:01+09:00,-2300
M0061,2046,2026-08-15,2026-08-15T17:11:17+09:00,-1900
M0061,2046,2026-08-15,2026-08-15T17:58:39+09:00,-2200
M0061,2046,2026-08-15,2026-08-15T18:35:13+09:00,-2600
M0061,2046,2026-08-15,2026-08-15T19:12:53+09:00,-2700
M0061,2046,2026-08-15,2026-08-15T20:01:19+09:00,-2600
M0062,2047,2026-08-15,2026-08-15T10:54:13+09:00,-200
M0062,2047,2026-08-15,2026-08-15T11:29:09+09:00,-500
M0062,2047,2026-08-15,2026-08-15T12:03:27+09:00,-1000
M0062,2047,2026-08-15,2026-08-15T12:36:37+09:00,-1200
M0062,2047,2026-08-15,2026-08-15T13:08:49+09:00,-1300
M0062,2047,2026-08-15,2026-08-15T14:01:55+09:00,-900
M0062,2047,2026-08-15,2026-08-15T14:36:09+09:00,-1100
M0062,2047,2026-08-15,2026-08-15T15:11:53+09:00,-1500
M0062,2047,2026-08-15,2026-08-15T17:11:17+09:00,-1300
M0062,2047,2026-08-15,2026-08-15T17:58:39+09:00,-800
M0062,2047,2026-08-15,2026-08-15T18:35:13+09:00,-1200
M0062,2047,2026-08-15,2026-08-15T19:12:53+09:00,-2000
M0062,2047,2026-08-15,2026-08-15T20:01:19+09:00,-2400
M0062,2047,2026-08-15,2026-08-15T20:38:25+09:00,-3100
M0062,2047,2026-08-15,2026-08-15T21:25:49+09:00,-2700
M0063,2048,2026-08-15,2026-08-15T10:54:13+09:00,100
M0063,2048,2026-08-15,2026-08-15T11:29:09+09:00,600
M0063,2048,2026-08-15,2026-08-15T12:36:37+09:00,700
M0063,2048,2026-08-15,2026-08-15T13:08:49+09:00,600
M0063,2048,2026-08-15,2026-08-15T14:01:55+09:00,500
M0063,2048,2026-08-15,2026-08-15T14:36:09+09:00,700
M0063,2048,2026-08-15,2026-08-15T15:11:53+09:00,500
M0063,2048,2026-08-15,2026-08-15T15:58:43+09:00,1100
M0063,2048,2026-08-15,2026-08-15T16:34:01+09:00,500
M0063,2048,2026-08-15,2026-08-15T17:11:17+09:00,800
M0063,2048,2026-08-15,2026-08-15T17:58:39+09:00,1100
M0063,2048,2026-08-15,2026-08-15T18:35:13+09:00,900
M0063,2048,2026-08-15,2026-08-15T19:12:53+09:00,500
M0063,2048,2026-08-15,2026-08-15T20:38:25+09:00,-200
M0063,2048,2026-08-15,2026-08-15T21:25:49+09:00,800
M0063,2048,2026-08-15,2026-08-15T22:04:23+09:00,200
M0063,2048,2026-08-15,2026-08-15T22:41:53+09:00,700
M0064,2049,2026-08-15,2026-08-15T10:54:13+09:00,-200
M0064,2049,2026-08-15,2026-08-15T11:29:09+09:00,-100
M0064,2049,2026-08-15,2026-08-15T12:03:27+09:00,-600
M0064,2049,2026-08-15,2026-08-15T12:36:37+09:00,-1000
M0064,2049,2026-08-15,2026-08-15T13:08:49+09:00,-2200
M0064,2049,2026-08-15,2026-08-15T14:36:09+09:00,-2400
M0064,2049,2026-08-15,2026-08-15T15:11:53+09:00,-3500
M0064,2049,2026-08-15,2026-08-15T15:58:43+09:00,-3200
M0064,2049,2026-08-15,2026-08-15T17:11:17+09:00,-2400
M0064,2049,2026-08-15,2026-08-15T17:58:39+09:00,-2200
M0064,2049,2026-08-15,2026-08-15T18:35:13+09:00,-2600
M0064,2049,2026-08-15,2026-08-15T19:12:53+09:00,-3700
M0064,2049,2026-08-15,2026-08-15T20:01:19+09:00,-2700
M0064,2049,2026-08-15,2026-08-15T20:38:25+09:00,-2600
M0065,2050,2026-08-15,2026-08-15T10:54:13+09:00,-100
M0065,2050,2026-08-15,2026-08-15T11:29:09+09:00,0
M0065,2050,2026-08-15,2026-08-15T12:03:27+09:00,400
M0065,2050,2026-08-15,2026-08-15T12:36:37+09:00,100
M0065,2050,2026-08-15,2026-08-15T13:08:49+09:00,-900
M0065,2050,2026-08-15,2026-08-15T14:01:55+09:00,-1000
M0065,2050,2026-08-15,2026-08-15T14:36:09+09:00,-1100
M0065,2050,2026-08-15,2026-08-15T15:11:53+09:00,-1600
M0065,2050,2026-08-15,2026-08-15T15:58:43+09:00,-900
M0065,2050,2026-08-15,2026-08-15T16:34:01+09:00,-600
M0065,2050,2026-08-15,2026-08-15T18:35:13+09:00,-500
M0065,2050,2026-08-15,2026-08-15T19:12:53+09:00,100
M0065,2050,2026-08-15,2026-08-15T20:01:19+09:00,400
M0066,2051,2026-08-15,2026-08-15T10:54:13+09:00,-100
M0066,2051,2026-08-15,2026-08-15T11:29:09+09:00,-400
M0066,2051,2026-08-15,2026-08-15T12:03:27+09:00,-300
M0066,2051,2026-08-15,2026-08-15T12:36:37+09:00,-600
M0066,2051,2026-08-15,2026-08-15T13:08:49+09:00,300
M0066,2051,2026-08-15,2026-08-15T14:01:55+09:00,200
M0066,2051,2026-08-15,2026-08-15T14:36:09+09:00,0
M0066,2051,2026-08-15,2026-08-15T15:11:53+09:00,-700
M0066,2051,2026-08-15,2026-08-15T15:58:43+09:00,-1100
M0066,2051,2026-08-15,2026-08-15T16:34:01+09:00,-1700
M0066,2051,2026-08-15,2026-08-15T17:11:17+09:00,-1100
M0066,2051,2026-08-15,2026-08-15T17:58:39+09:00,-500
M0066,2051,2026-08-15,2026-08-15T18:35:13+09:00,-200
M0066,2051,2026-08-15,2026-08-15T19:12:53+09:00,-800
M0066,2051,2026-08-15,2026-08-15T20:01:19+09:00,-1200
M0066,2051,2026-08-15,2026-08-15T20:38:25+09:00,-800
M0067,2052,2026-08-15,2026-08-15T10:54:13+09:00,-100
M0067,2052,2026-08-15,2026-08-15T11:29:09+09:00,0
M0067,2052,2026-08-15,2026-08-15T12:03:27+09:00,900
M0067,2052,2026-08-15,2026-08-15T12:36:37+09:00,1300
M0067,2052,2026-08-15,2026-08-15T13:08:49+09:00,400
M0067,2052,2026-08-15,2026-08-15T14:01:55+09:00,-100
M0067,2052,2026-08-15,2026-08-15T15:11:53+09:00,200
M0067,2052,2026-08-15,2026-08-15T15:58:43+09:00,1300
M0067,2052,2026-08-15,2026-08-15T16:34:01+09:00,1100
M0067,2052,2026-08-15,2026-08-15T17:11:17+09:00,1000
M0067,2052,2026-08-15,2026-08-15T17:58:39+09:00,1300
M0067,2052,2026-08-15,2026-08-15T18:35:13+09:00,1000
M0067,2052,2026-08-15,2026-08-15T19:12:53+09:00,400
M0067,2052,2026-08-15,2026-08-15T20:01:19+09:00,-100
M0067,2052,2026-08-15,2026-08-15T20:38:25+09:00,200
M0067,2052,2026-08-15,2026-08-15T21:25:49+09:00,400
M0068,2053,2026-08-15,2026-08-15T10:54:13+09:00,-200
M0068,2053,2026-08-15,2026-08-15T11:29:09+09:00,-700
M0068,2053,2026-08-15,2026-08-15T12:03:27+09:00,-400
M0068,2053,2026-08-15,2026-08-15T12:36:37+09:00,-600
M0068,2053,2026-08-15,2026-08-15T13:08:49+09:00,-900
M0068,2053,2026-08-15,2026-08-15T14:01:55+09:00,100
M0068,2053,2026-08-15,2026-08-15T14:36:09+09:00,-100
M0068,2053,2026-08-15,2026-08-15T15:11:53+09:00,-400
M0068,2053,2026-08-15,2026-08-15T17:11:17+09:00,-600
M0068,2053,2026-08-15,2026-08-15T17:58:39+09:00,-1200
M0068,2053,2026-08-15,2026-08-15T18:35:13+09:00,-1300
M0068,2053,2026-08-15,2026-08-15T19:12:53+09:00,-200
M0068,2053,2026-08-15,2026-08-15T20:01:19+09:00,-400
M0068,2053,2026-08-15,2026-08-15T20:38:25+09:00,-900
M0069,2054,2026-08-15,2026-08-15T10:54:13+09:00,-100
M0069,2054,2026-08-15,2026-08-15T11:29:09+09:00,400
M0069,2054,2026-08-15,2026-08-15T12:03:27+09:00,-300
M0069,2054,2026-08-15,2026-08-15T12:36:37+09:00,-400
M0069,2054,2026-08-15,2026-08-15T13:08:49+09:00,500
M0069,2054,2026-08-15,2026-08-15T14:01:55+09:00,1500
M0069,2054,2026-08-15,2026-08-15T14:36:09+09:00,2300
M0069,2054,2026-08-15,2026-08-15T15:58:43+09:00,2600
M0069,2054,2026-08-15,2026-08-15T16:34:01+09:00,2000
M0069,2054,2026-08-15,2026-08-15T17:11:17+09:00,1600
M0069,2054,2026-08-15,2026-08-15T17:58:39+09:00,2300
M0069,2054,2026-08-15,2026-08-15T18:35:13+09:00,2800
M0069,2054,2026-08-15,2026-08-15T19:12:53+09:00,2500
M0069,2054,2026-08-15,2026-08-15T20:01:19+09:00,2800
M0069,2054,2026-08-15,2026-08-15T20:38:25+09:00,2200
M0069,2054,2026-08-15,2026-08-15T21:25:49+09:00,2000
M0070,2055,2026-08-15,2026-08-15T10:54:13+09:00,-300
M0070,2055,2026-08-15,2026-08-15T11:29:09+09:00,-400
M0070,2055,2026-08-15,2026-08-15T12:03:27+09:00,-1100
M0070,2055,2026-08-15,2026-08-15T13:08:49+09:00,-1900
M0070,2055,2026-08-15,2026-08-15T14:01:55+09:00,-2100
M0070,2055,2026-08-15,2026-08-15T14:36:09+09:00,-2300
M0070,2055,2026-08-15,2026-08-15T15:11:53+09:00,-3000
M0070,2055,2026-08-15,2026-08-15T15:58:43+09:00,-3500
M0070,2055,2026-08-15,2026-08-15T16:34:01+09:00,-4000
M0070,2055,2026-08-15,2026-08-15T17:11:17+09:00,-2600
M0070,2055,2026-08-15,2026-08-15T17:58:39+09:00,-2700
M0070,2055,2026-08-15,2026-08-15T18:35:13+09:00,-1900
M0070,2055,2026-08-15,2026-08-15T19:12:53+09:00,-100
M0070,2055,2026-08-15,2026-08-15T20:01:19+09:00,900
M0070,2055,2026-08-15,2026-08-15T20:38:25+09:00,2800
M0070,2055,2026-08-15,2026-08-15T21:25:49+09:00,3100
M0070,2055,2026-08-15,2026-08-15T22:04:23+09:00,3200
M0071,2056,2026-08-15,2026-08-15T10:54:13+09:00,-200
M0071,2056,2026-08-15,2026-08-15T11:29:09+09:00,-400
M0071,2056,2026-08-15,2026-08-15T12:03:27+09:00,-700
M0071,2056,2026-08-15,2026-08-15T12:36:37+09:00,100
M0071,2056,2026-08-15,2026-08-15T13:08:49+09:00,0
M0071,2056,2026-08-15,2026-08-15T14:01:55+09:00,-400
M0071,2056,2026-08-15,2026-08-15T14:36:09+09:00,-500
M0071,2056,2026-08-15,2026-08-15T15:11:53+09:00,-400
M0071,2056,2026-08-15,2026-08-15T15:58:43+09:00,-700
M0071,2056,2026-08-15,2026-08-15T16:34:01+09:00,200
M0071,2056,2026-08-15,2026-08-15T17:11:17+09:00,2200
M0071,2056,2026-08-15,2026-08-15T17:58:39+09:00,3000
M0071,2056,2026-08-15,2026-08-15T18:35:13+09:00,3200
M0071,2056,2026-08-15,2026-08-15T19:12:53+09:00,2400
M0071,2056,2026-08-15,2026-08-15T20:01:19+09:00,1800
M0071,2056,2026-08-15,2026-08-15T20:38:25+09:00,1900
M0072,2057,2026-08-15,2026-08-15T10:54:13+09:00,-100
M0072,2057,2026-08-15,2026-08-15T11:29:09+09:00,-300
M0072,2057,2026-08-15,2026-08-15T12:03:27+09:00,400
M0072,2057,2026-08-15,2026-08-15T12:36:37+09:00,500
M0072,2057,2026-08-15,2026-08-15T13:08:49+09:00,-100
M0072,2057,2026-08-15,2026-08-15T14:01:55+09:00,100
M0072,2057,2026-08-15,2026-08-15T15:11:53+09:00,600
M0072,2057,2026-08-15,2026-08-15T15:58:43+09:00,300
M0072,2057,2026-08-15,2026-08-15T16:34:01+09:00,-200
M0072,2057,2026-08-15,2026-08-15T17:11:17+09:00,-500
M0072,2057,2026-08-15,2026-08-15T17:58:39+09:00,-1100
M0072,2057,2026-08-15,2026-08-15T18:35:13+09:00,-1500
M0072,2057,2026-08-15,2026-08-15T19:12:53+09:00,-1800
M0072,2057,2026-08-15,2026-08-15T20:01:19+09:00,-2300
M0072,2057,2026-08-15,2026-08-15T20:38:25+09:00,-3000
M0073,2058,2026-08-15,2026-08-15T10:54:13+09:00,-200
M0073,2058,2026-08-15,2026-08-15T11:29:09+09:00,-600
M0073,2058,2026-08-15,2026-08-15T12:03:27+09:00,100
M0073,2058,2026-08-15,2026-08-15T12:36:37+09:00,300
M0073,2058,2026-08-15,2026-08-15T13:08:49+09:00,600
M0073,2058,2026-08-15,2026-08-15T14:01:55+09:00,1000
M0073,2058,2026-08-15,2026-08-15T14:36:09+09:00,1300
M0073,2058,2026-08-15,2026-08-15T15:11:53+09:00,2900
M0073,2058,2026-08-15,2026-08-15T15:58:43+09:00,3200
M0073,2058,2026-08-15,2026-08-15T16:34:01+09:00,2800
M0073,2058,2026-08-15,2026-08-15T17:11:17+09:00,3600
M0073,2058,2026-08-15,2026-08-15T17:58:39+09:00,3800
M0073,2058,2026-08-15,2026-08-15T18:35:13+09:00,4400
M0073,2058,2026-08-15,2026-08-15T19:12:53+09:00,5600
M0073,2058,2026-08-15,2026-08-15T20:01:19+09:00,6100
M0073,2058,2026-08-15,2026-08-15T20:38:25+09:00,5700
M0073,2058,2026-08-15,2026-08-15T21:25:49+09:00,5500
M0073,2058,2026-08-15,2026-08-15T22:04:23+09:00,6300
M0074,2059,2026-08-15,2026-08-15T10:54:13+09:00,-100
M0074,2059,2026-08-15,2026-08-15T11:29:09+09:00,-500
M0074,2059,2026-08-15,2026-08-15T12:03:27+09:00,-700
M0074,2059,2026-08-15,2026-08-15T12:36:37+09:00,-1100
M0074,2059,2026-08-15,2026-08-15T13:08:49+09:00,-700
M0074,2059,2026-08-15,2026-08-15T14:01:55+09:00,0
M0074,2059,2026-08-15,2026-08-15T14:36:09+09:00,800
M0074,2059,2026-08-15,2026-08-15T15:11:53+09:00,2200
M0074,2059,2026-08-15,2026-08-15T15:58:43+09:00,1900
M0074,2059,2026-08-15,2026-08-15T16:34:01+09:00,2000
M0074,2059,2026-08-15,2026-08-15T17:11:17+09:00,1700
M0074,2059,2026-08-15,2026-08-15T17:58:39+09:00,2000
M0074,2059,2026-08-15,2026-08-15T18:35:13+09:00,1600
M0074,2059,2026-08-15,2026-08-15T19:12:53+09:00,2300
M0074,2059,2026-08-15,2026-08-15T20:01:19+09:00,2100
M0074,2059,2026-08-15,2026-08-15T20:38:25+09:00,2600
M0074,2059,2026-08-15,2026-08-15T21:25:49+09:00,2300
M0074,2059,2026-08-15,2026-08-15T22:04:23+09:00,2800
M0074,2059,2026-08-15,2026-08-15T22:41:53+09:00,3700
M0074,2059,2026-08-15,2026-08-15T23:30:39+09:00,4300
M0075,2124,2026-08-15,2026-08-15T10:54:13+09:00,0
M0075,2124,2026-08-15,2026-08-15T12:03:27+09:00,-600
M0075,2124,2026-08-15,2026-08-15T12:36:37+09:00,-400
M0075,2124,2026-08-15,2026-08-15T14:01:55+09:00,0
M0075,2124,2026-08-15,2026-08-15T14:36:09+09:00,-200
M0075,2124,2026-08-15,2026-08-15T15:11:53+09:00,-400
M0075,2124,2026-08-15,2026-08-15T15:58:43+09:00,-700
M0075,2124,2026-08-15,2026-08-15T16:34:01+09:00,-100
M0075,2124,2026-08-15,2026-08-15T17:11:17+09:00,-1100
M0075,2124,2026-08-15,2026-08-15T17:58:39+09:00,-600
M0075,2124,2026-08-15,2026-08-15T18:35:13+09:00,-500
M0075,2124,2026-08-15,2026-08-15T19:12:53+09:00,-300
M0075,2124,2026-08-15,2026-08-15T20:01:19+09:00,-200
M0075,2124,2026-08-15,2026-08-15T20:38:25+09:00,-1200
M0075,2124,2026-08-15,2026-08-15T21:25:49+09:00,-1600
M0076,2125,2026-08-15,2026-08-15T10:54:13+09:00,-100
M0076,2125,2026-08-15,2026-08-15T11:29:09+09:00,600
M0076,2125,2026-08-15,2026-08-15T12:03:27+09:00,500
M0076,2125,2026-08-15,2026-08-15T12:36:37+09:00,700
M0076,2125,2026-08-15,2026-08-15T13:08:49+09:00,-200
M0076,2125,2026-08-15,2026-08-15T14:01:55+09:00,-700
M0076,2125,2026-08-15,2026-08-15T14:36:09+09:00,-400
M0076,2125,2026-08-15,2026-08-15T15:11:53+09:00,-300
M0076,2125,2026-08-15,2026-08-15T16:34:01+09:00,-1000
M0076,2125,2026-08-15,2026-08-15T17:11:17+09:00,-1700
M0076,2125,2026-08-15,2026-08-15T18:35:13+09:00,-700
M0076,2125,2026-08-15,2026-08-15T19:12:53+09:00,-800
M0076,2125,2026-08-15,2026-08-15T20:01:19+09:00,-1300
M0076,2125,2026-08-15,2026-08-15T20:38:25+09:00,-2000
M0076,2125,2026-08-15,2026-08-15T21:25:49+09:00,-2300
M0076,2125,2026-08-15,2026-08-15T22:04:23+09:00,-2700
M0077,2126,2026-08-15,2026-08-15T10:54:13+09:00,-100
M0077,2126,2026-08-15,2026-08-15T11:29:09+09:00,300
M0077,2126,2026-08-15,2026-08-15T12:36:37+09:00,600
M0077,2126,2026-08-15,2026-08-15T13:08:49+09:00,500
M0077,2126,2026-08-15,2026-08-15T14:36:09+09:00,700
M0077,2126,2026-08-15,2026-08-15T15:11:53+09:00,1400
M0077,2126,2026-08-15,2026-08-15T15:58:43+09:00,800
M0077,2126,2026-08-15,2026-08-15T16:34:01+09:00,200
M0077,2126,2026-08-15,2026-08-15T17:58:39+09:00,-100
M0077,2126,2026-08-15,2026-08-15T18:35:13+09:00,-300
M0077,2126,2026-08-15,2026-08-15T19:12:53+09:00,100
M0077,2126,2026-08-15,2026-08-15T20:01:19+09:00,-100
M0078,2127,2026-08-15,2026-08-15T10:54:13+09:00,100
M0078,2127,2026-08-15,2026-08-15T11:29:09+09:00,200
M0078,2127,2026-08-15,2026-08-15T12:03:27+09:00,-500
M0078,2127,2026-08-15,2026-08-15T12:36:37+09:00,-900
M0078,2127,2026-08-15,2026-08-15T13:08:49+09:00,900
M0078,2127,2026-08-15,2026-08-15T14:01:55+09:00,600
M0078,2127,2026-08-15,2026-08-15T15:11:53+09:00,300
M0078,2127,2026-08-15,2026-08-15T15:58:43+09:00,-100
M0078,2127,2026-08-15,2026-08-15T16:34:01+09:00,-200
M0078,2127,2026-08-15,2026-08-15T17:11:17+09:00,900
M0078,2127,2026-08-15,2026-08-15T17:58:39+09:00,1400
M0078,2127,2026-08-15,2026-08-15T18:35:13+09:00,1100
M0078,2127,2026-08-15,2026-08-15T20:01:19+09:00,1000
M0078,2127,2026-08-15,2026-08-15T20:38:25+09:00,1100
M0078,2127,2026-08-15,2026-08-15T21:25:49+09:00,1000
M0079,2128,2026-08-15,2026-08-15T10:54:13+09:00,-100
M0079,2128,2026-08-15,2026-08-15T11:29:09+09:00,900
M0079,2128,2026-08-15,2026-08-15T12:03:27+09:00,400
M0079,2128,2026-08-15,2026-08-15T12:36:37+09:00,-200
M0079,2128,2026-08-15,2026-08-15T13:08:49+09:00,900
M0079,2128,2026-08-15,2026-08-15T14:01:55+09:00,300
M0079,2128,2026-08-15,2026-08-15T14:36:09+09:00,200
M0079,2128,2026-08-15,2026-08-15T15:11:53+09:00,100
M0079,2128,2026-08-15,2026-08-15T16:34:01+09:00,-400
M0079,2128,2026-08-15,2026-08-15T17:11:17+09:00,-900
M0079,2128,2026-08-15,2026-08-15T17:58:39+09:00,0
M0079,2128,2026-08-15,2026-08-15T18:35:13+09:00,-100
M0079,2128,2026-08-15,2026-08-15T19:12:53+09:00,-400
M0079,2128,2026-08-15,2026-08-15T20:01:19+09:00,-1000
M0079,2128,2026-08-15,2026-08-15T20:38:25+09:00,-900
M0080,2129,2026-08-15,2026-08-15T10:54:13+09:00,-100
M0080,2129,2026-08-15,2026-08-15T11:29:09+09:00,0
M0080,2129,2026-08-15,2026-08-15T12:03:27+09:00,-500
M0080,2129,2026-08-15,2026-08-15T12:36:37+09:00,0
M0080,2129,2026-08-15,2026-08-15T13:08:49+09:00,200
M0080,2129,2026-08-15,2026-08-15T14:01:55+09:00,400
M0080,2129,2026-08-15,2026-08-15T15:11:53+09:00,-400
M0080,2129,2026-08-15,2026-08-15T15:58:43+09:00,-500
M0080,2129,2026-08-15,2026-08-15T17:11:17+09:00,-900
M0080,2129,2026-08-15,2026-08-15T17:58:39+09:00,-800
M0080,2129,2026-08-15,2026-08-15T18:35:13+09:00,-1300
M0080,2129,2026-08-15,2026-08-15T19:12:53+09:00,-1500
M0080,2129,2026-08-15,2026-08-15T20:01:19+09:00,-1600
M0080,2129,2026-08-15,2026-08-15T20:38:25+09:00,-800
M0080,2129,2026-08-15,2026-08-15T21:25:49+09:00,-900
M0080,2129,2026-08-15,2026-08-15T22:04:23+09:00,-1400
M0031,2016,2026-08-16,2026-08-16T10:53:41+09:00,0
M0031,2016,2026-08-16,2026-08-16T11:28:27+09:00,-500
M0031,2016,2026-08-16,2026-08-16T12:02:27+09:00,-200
M0031,2016,2026-08-16,2026-08-16T12:35:49+09:00,-600
M0031,2016,2026-08-16,2026-08-16T13:06:49+09:00,-1400
M0031,2016,2026-08-16,2026-08-16T13:36:19+09:00,-1200
M0031,2016,2026-08-16,2026-08-16T14:09:21+09:00,-900
M0031,2016,2026-08-16,2026-08-16T14:51:21+09:00,-1200
M0031,2016,2026-08-16,2026-08-16T15:29:10+09:00,-400
M0031,2016,2026-08-16,2026-08-16T16:05:23+09:00,-500
M0031,2016,2026-08-16,2026-08-16T16:39:55+09:00,-100
M0031,2016,2026-08-16,2026-08-16T17:30:17+09:00,700
M0031,2016,2026-08-16,2026-08-16T18:07:35+09:00,1700
M0031,2016,2026-08-16,2026-08-16T18:38:25+09:00,3300
M0031,2016,2026-08-16,2026-08-16T19:40:19+09:00,4100
M0031,2016,2026-08-16,2026-08-16T20:25:39+09:00,3600
M0031,2016,2026-08-16,2026-08-16T21:04:51+09:00,3500
M0031,2016,2026-08-16,2026-08-16T21:42:13+09:00,3400
M0032,2017,2026-08-16,2026-08-16T10:53:41+09:00,-100
M0032,2017,2026-08-16,2026-08-16T11:28:27+09:00,-600
M0032,2017,2026-08-16,2026-08-16T12:02:27+09:00,-1100
M0032,2017,2026-08-16,2026-08-16T12:35:49+09:00,-200
M0032,2017,2026-08-16,2026-08-16T13:06:49+09:00,-500
M0032,2017,2026-08-16,2026-08-16T13:36:19+09:00,-1000
M0032,2017,2026-08-16,2026-08-16T14:09:21+09:00,-1300
M0032,2017,2026-08-16,2026-08-16T14:51:21+09:00,-800
M0032,2017,2026-08-16,2026-08-16T15:29:10+09:00,-600
M0032,2017,2026-08-16,2026-08-16T16:05:23+09:00,-1100
M0032,2017,2026-08-16,2026-08-16T16:39:55+09:00,-2300
M0032,2017,2026-08-16,2026-08-16T17:30:17+09:00,-1900
M0032,2017,2026-08-16,2026-08-16T18:07:35+09:00,-2100
M0033,2018,2026-08-16,2026-08-16T10:53:41+09:00,-100
M0033,2018,2026-08-16,2026-08-16T11:28:27+09:00,-500
M0033,2018,2026-08-16,2026-08-16T12:02:27+09:00,-600
M0033,2018,2026-08-16,2026-08-16T12:35:49+09:00,-100
M0033,2018,2026-08-16,2026-08-16T13:06:49+09:00,-600
M0033,2018,2026-08-16,2026-08-16T13:36:19+09:00,-1000
M0033,2018,2026-08-16,2026-08-16T14:51:21+09:00,-1300
M0033,2018,2026-08-16,2026-08-16T15:29:10+09:00,-1500
M0033,2018,2026-08-16,2026-08-16T16:05:23+09:00,-2100
M0033,2018,2026-08-16,2026-08-16T16:39:55+09:00,-1300
M0033,2018,2026-08-16,2026-08-16T17:30:17+09:00,-900
M0033,2018,2026-08-16,2026-08-16T18:07:35+09:00,-1600
M0033,2018,2026-08-16,2026-08-16T18:38:25+09:00,-600
M0033,2018,2026-08-16,2026-08-16T19:40:19+09:00,100
M0034,2019,2026-08-16,2026-08-16T10:53:41+09:00,-100
M0034,2019,2026-08-16,2026-08-16T11:28:27+09:00,-700
M0034,2019,2026-08-16,2026-08-16T12:02:27+09:00,-1200
M0034,2019,2026-08-16,2026-08-16T12:35:49+09:00,-1400
M0034,2019,2026-08-16,2026-08-16T13:06:49+09:00,-1500
M0034,2019,2026-08-16,2026-08-16T13:36:19+09:00,-1400
M0034,2019,2026-08-16,2026-08-16T14:09:21+09:00,-2300
M0034,2019,2026-08-16,2026-08-16T14:51:21+09:00,-1500
M0034,2019,2026-08-16,2026-08-16T15:29:10+09:00,-1000
M0034,2019,2026-08-16,2026-08-16T16:05:23+09:00,-700
M0034,2019,2026-08-16,2026-08-16T16:39:55+09:00,-1000
M0034,2019,2026-08-16,2026-08-16T17:30:17+09:00,-200
M0034,2019,2026-08-16,2026-08-16T18:07:35+09:00,1000
M0034,2019,2026-08-16,2026-08-16T18:38:25+09:00,2700
M0034,2019,2026-08-16,2026-08-16T19:40:19+09:00,2800
M0035,2020,2026-08-16,2026-08-16T10:53:41+09:00,-200
M0035,2020,2026-08-16,2026-08-16T11:28:27+09:00,400
M0035,2020,2026-08-16,2026-08-16T12:02:27+09:00,900
M0035,2020,2026-08-16,2026-08-16T13:06:49+09:00,500
M0035,2020,2026-08-16,2026-08-16T13:36:19+09:00,100
M0035,2020,2026-08-16,2026-08-16T14:09:21+09:00,1200
M0035,2020,2026-08-16,2026-08-16T14:51:21+09:00,1000
M0035,2020,2026-08-16,2026-08-16T15:29:10+09:00,1600
M0035,2020,2026-08-16,2026-08-16T16:05:23+09:00,1000
M0035,2020,2026-08-16,2026-08-16T16:39:55+09:00,200
M0035,2020,2026-08-16,2026-08-16T17:30:17+09:00,1100
M0035,2020,2026-08-16,2026-08-16T18:07:35+09:00,600
M0036,2021,2026-08-16,2026-08-16T10:53:41+09:00,0
M0036,2021,2026-08-16,2026-08-16T11:28:27+09:00,900
M0036,2021,2026-08-16,2026-08-16T12:02:27+09:00,1200
M0036,2021,2026-08-16,2026-08-16T12:35:49+09:00,1900
M0036,2021,2026-08-16,2026-08-16T13:06:49+09:00,1500
M0036,2021,2026-08-16,2026-08-16T13:36:19+09:00,1000
M0036,2021,2026-08-16,2026-08-16T14:09:21+09:00,2400
M0036,2021,2026-08-16,2026-08-16T14:51:21+09:00,3200
M0036,2021,2026-08-16,2026-08-16T15:29:10+09:00,3700
M0036,2021,2026-08-16,2026-08-16T16:05:23+09:00,3400
M0036,2021,2026-08-16,2026-08-16T16:39:55+09:00,3900
M0036,2021,2026-08-16,2026-08-16T17:30:17+09:00,4800
M0036,2021,2026-08-16,2026-08-16T18:38:25+09:00,5200
M0036,2021,2026-08-16,2026-08-16T19:40:19+09:00,4900
M0036,2021,2026-08-16,2026-08-16T20:25:39+09:00,5800
M0036,2021,2026-08-16,2026-08-16T21:04:51+09:00,5900
M0037,2022,2026-08-16,2026-08-16T10:53:41+09:00,-100
M0037,2022,2026-08-16,2026-08-16T11:28:27+09:00,-700
M0037,2022,2026-08-16,2026-08-16T12:02:27+09:00,-1000
M0037,2022,2026-08-16,2026-08-16T12:35:49+09:00,-1100
M0037,2022,2026-08-16,2026-08-16T13:06:49+09:00,-1700
M0037,2022,2026-08-16,2026-08-16T13:36:19+09:00,-2100
M0037,2022,2026-08-16,2026-08-16T14:09:21+09:00,-1900
M0037,2022,2026-08-16,2026-08-16T15:29:10+09:00,-900
M0037,2022,2026-08-16,2026-08-16T16:05:23+09:00,-1000
M0037,2022,2026-08-16,2026-08-16T16:39:55+09:00,-1400
M0037,2022,2026-08-16,2026-08-16T17:30:17+09:00,-1300
M0037,2022,2026-08-16,2026-08-16T18:07:35+09:00,-400
M0037,2022,2026-08-16,2026-08-16T18:38:25+09:00,-300
M0037,2022,2026-08-16,2026-08-16T19:40:19+09:00,-400
M0037,2022,2026-08-16,2026-08-16T20:25:39+09:00,-300
M0038,2023,2026-08-16,2026-08-16T10:53:41+09:00,-100
M0038,2023,2026-08-16,2026-08-16T11:28:27+09:00,500
M0038,2023,2026-08-16,2026-08-16T12:02:27+09:00,1500
M0038,2023,2026-08-16,2026-08-16T12:35:49+09:00,2300
M0038,2023,2026-08-16,2026-08-16T13:06:49+09:00,3200
M0038,2023,2026-08-16,2026-08-16T13:36:19+09:00,4000
M0038,2023,2026-08-16,2026-08-16T14:09:21+09:00,4800
M0038,2023,2026-08-16,2026-08-16T14:51:21+09:00,5600
M0038,2023,2026-08-16,2026-08-16T15:29:10+09:00,5700
M0038,2023,2026-08-16,2026-08-16T16:05:23+09:00,5900
M0038,2023,2026-08-16,2026-08-16T16:39:55+09:00,5800
M0038,2023,2026-08-16,2026-08-16T17:30:17+09:00,5900
M0038,2023,2026-08-16,2026-08-16T18:07:35+09:00,6200
M0038,2023,2026-08-16,2026-08-16T18:38:25+09:00,5200
M0038,2023,2026-08-16,2026-08-16T19:40:19+09:00,4400
M0038,2023,2026-08-16,2026-08-16T20:25:39+09:00,4100
M0038,2023,2026-08-16,2026-08-16T21:04:51+09:00,5000
M0039,2024,2026-08-16,2026-08-16T10:53:41+09:00,-200
M0039,2024,2026-08-16,2026-08-16T11:28:27+09:00,400
M0039,2024,2026-08-16,2026-08-16T12:02:27+09:00,-100
M0039,2024,2026-08-16,2026-08-16T12:35:49+09:00,-500
M0039,2024,2026-08-16,2026-08-16T13:06:49+09:00,-600
M0039,2024,2026-08-16,2026-08-16T13:36:19+09:00,-500
M0039,2024,2026-08-16,2026-08-16T14:09:21+09:00,1300
M0039,2024,2026-08-16,2026-08-16T14:51:21+09:00,2200
M0039,2024,2026-08-16,2026-08-16T15:29:10+09:00,2600
M0039,2024,2026-08-16,2026-08-16T16:05:23+09:00,3700
M0039,2024,2026-08-16,2026-08-16T16:39:55+09:00,5300
M0039,2024,2026-08-16,2026-08-16T17:30:17+09:00,5200
M0039,2024,2026-08-16,2026-08-16T18:07:35+09:00,4800
M0039,2024,2026-08-16,2026-08-16T18:38:25+09:00,4400
M0039,2024,2026-08-16,2026-08-16T19:40:19+09:00,5800
M0039,2024,2026-08-16,2026-08-16T20:25:39+09:00,5700
M0040,2025,2026-08-16,2026-08-16T10:53:41+09:00,-100
M0040,2025,2026-08-16,2026-08-16T11:28:27+09:00,-700
M0040,2025,2026-08-16,2026-08-16T12:02:27+09:00,-1100
M0040,2025,2026-08-16,2026-08-16T12:35:49+09:00,-1000
M0040,2025,2026-08-16,2026-08-16T13:06:49+09:00,-500
M0040,2025,2026-08-16,2026-08-16T13:36:19+09:00,-700
M0040,2025,2026-08-16,2026-08-16T14:09:21+09:00,0
M0040,2025,2026-08-16,2026-08-16T14:51:21+09:00,500
M0040,2025,2026-08-16,2026-08-16T15:29:10+09:00,1000
M0040,2025,2026-08-16,2026-08-16T16:05:23+09:00,1700
M0040,2025,2026-08-16,2026-08-16T16:39:55+09:00,600
M0040,2025,2026-08-16,2026-08-16T17:30:17+09:00,1200
M0040,2025,2026-08-16,2026-08-16T18:07:35+09:00,1600
M0040,2025,2026-08-16,2026-08-16T18:38:25+09:00,700
M0040,2025,2026-08-16,2026-08-16T19:40:19+09:00,1700
M0040,2025,2026-08-16,2026-08-16T21:42:13+09:00,1600
M0041,2026,2026-08-16,2026-08-16T10:53:41+09:00,-200
M0041,2026,2026-08-16,2026-08-16T11:28:27+09:00,200
M0041,2026,2026-08-16,2026-08-16T12:02:27+09:00,0
M0041,2026,2026-08-16,2026-08-16T12:35:49+09:00,-700
M0041,2026,2026-08-16,2026-08-16T13:06:49+09:00,-900
M0041,2026,2026-08-16,2026-08-16T13:36:19+09:00,-1100
M0041,2026,2026-08-16,2026-08-16T14:09:21+09:00,-2100
M0041,2026,2026-08-16,2026-08-16T14:51:21+09:00,-2200
M0041,2026,2026-08-16,2026-08-16T15:29:10+09:00,-2000
M0041,2026,2026-08-16,2026-08-16T16:05:23+09:00,-2300
M0041,2026,2026-08-16,2026-08-16T16:39:55+09:00,-3400
M0041,2026,2026-08-16,2026-08-16T17:30:17+09:00,-3500
M0041,2026,2026-08-16,2026-08-16T18:07:35+09:00,-3200
M0041,2026,2026-08-16,2026-08-16T18:38:25+09:00,-3800
M0041,2026,2026-08-16,2026-08-16T19:40:19+09:00,-2700
M0041,2026,2026-08-16,2026-08-16T20:25:39+09:00,-2400
M0041,2026,2026-08-16,2026-08-16T21:04:51+09:00,-2900
M0041,2026,2026-08-16,2026-08-16T21:42:13+09:00,-2700
M0042,2027,2026-08-16,2026-08-16T10:53:41+09:00,-100
M0042,2027,2026-08-16,2026-08-16T11:28:27+09:00,-400
M0042,2027,2026-08-16,2026-08-16T12:02:27+09:00,-900
M0042,2027,2026-08-16,2026-08-16T12:35:49+09:00,-1400
M0042,2027,2026-08-16,2026-08-16T13:06:49+09:00,-1600
M0042,2027,2026-08-16,2026-08-16T14:09:21+09:00,-900
M0042,2027,2026-08-16,2026-08-16T14:51:21+09:00,-1300
M0042,2027,2026-08-16,2026-08-16T15:29:10+09:00,-1400
M0042,2027,2026-08-16,2026-08-16T16:39:55+09:00,-1600
M0042,2027,2026-08-16,2026-08-16T17:30:17+09:00,-2100
M0042,2027,2026-08-16,2026-08-16T18:38:25+09:00,-2700
M0042,2027,2026-08-16,2026-08-16T19:40:19+09:00,-3700
M0042,2027,2026-08-16,2026-08-16T20:25:39+09:00,-3500
M0042,2027,2026-08-16,2026-08-16T21:04:51+09:00,-3300
M0043,2028,2026-08-16,2026-08-16T10:53:41+09:00,100
M0043,2028,2026-08-16,2026-08-16T11:28:27+09:00,500
M0043,2028,2026-08-16,2026-08-16T12:02:27+09:00,400
M0043,2028,2026-08-16,2026-08-16T12:35:49+09:00,200
M0043,2028,2026-08-16,2026-08-16T13:06:49+09:00,100
M0043,2028,2026-08-16,2026-08-16T13:36:19+09:00,400
M0043,2028,2026-08-16,2026-08-16T14:09:21+09:00,-300
M0043,2028,2026-08-16,2026-08-16T14:51:21+09:00,-700
M0043,2028,2026-08-16,2026-08-16T15:29:10+09:00,-500
M0043,2028,2026-08-16,2026-08-16T16:05:23+09:00,-400
M0043,2028,2026-08-16,2026-08-16T16:39:55+09:00,-600
M0043,2028,2026-08-16,2026-08-16T17:30:17+09:00,-1100
M0043,2028,2026-08-16,2026-08-16T18:07:35+09:00,-1200
M0043,2028,2026-08-16,2026-08-16T18:38:25+09:00,-1500
M0043,2028,2026-08-16,2026-08-16T19:40:19+09:00,-2100
M0043,2028,2026-08-16,2026-08-16T20:25:39+09:00,-1900
M0044,2029,2026-08-16,2026-08-16T10:53:41+09:00,-100
M0044,2029,2026-08-16,2026-08-16T11:28:27+09:00,200
M0044,2029,2026-08-16,2026-08-16T12:02:27+09:00,-300
M0044,2029,2026-08-16,2026-08-16T12:35:49+09:00,0
M0044,2029,2026-08-16,2026-08-16T13:06:49+09:00,-300
M0044,2029,2026-08-16,2026-08-16T13:36:19+09:00,100
M0044,2029,2026-08-16,2026-08-16T14:09:21+09:00,-700
M0044,2029,2026-08-16,2026-08-16T15:29:10+09:00,0
M0044,2029,2026-08-16,2026-08-16T16:05:23+09:00,-200
M0044,2029,2026-08-16,2026-08-16T16:39:55+09:00,500
M0044,2029,2026-08-16,2026-08-16T17:30:17+09:00,1200
M0044,2029,2026-08-16,2026-08-16T18:07:35+09:00,2000
M0044,2029,2026-08-16,2026-08-16T18:38:25+09:00,3500
M0044,2029,2026-08-16,2026-08-16T19:40:19+09:00,5200
M0044,2029,2026-08-16,2026-08-16T20:25:39+09:00,6100
M0044,2029,2026-08-16,2026-08-16T21:04:51+09:00,6300
M0045,2030,2026-08-16,2026-08-16T10:53:41+09:00,0
M0045,2030,2026-08-16,2026-08-16T11:28:27+09:00,-600
M0045,2030,2026-08-16,2026-08-16T12:02:27+09:00,-1100
M0045,2030,2026-08-16,2026-08-16T12:35:49+09:00,-1600
M0045,2030,2026-08-16,2026-08-16T13:36:19+09:00,-1300
M0045,2030,2026-08-16,2026-08-16T14:09:21+09:00,-1900
M0045,2030,2026-08-16,2026-08-16T14:51:21+09:00,-1700
M0045,2030,2026-08-16,2026-08-16T15:29:10+09:00,-2200
M0045,2030,2026-08-16,2026-08-16T16:05:23+09:00,-2300
M0045,2030,2026-08-16,2026-08-16T16:39:55+09:00,-3500
M0045,2030,2026-08-16,2026-08-16T17:30:17+09:00,-3700
M0045,2030,2026-08-16,2026-08-16T18:07:35+09:00,-3300
M0045,2030,2026-08-16,2026-08-16T18:38:25+09:00,-1800
M0046,2031,2026-08-16,2026-08-16T10:53:41+09:00,-200
M0046,2031,2026-08-16,2026-08-16T11:28:27+09:00,-300
M0046,2031,2026-08-16,2026-08-16T12:02:27+09:00,-900
M0046,2031,2026-08-16,2026-08-16T12:35:49+09:00,-1100
M0046,2031,2026-08-16,2026-08-16T13:06:49+09:00,-1600
M0046,2031,2026-08-16,2026-08-16T13:36:19+09:00,-1300
M0046,2031,2026-08-16,2026-08-16T14:09:21+09:00,-1600
M0046,2031,2026-08-16,2026-08-16T14:51:21+09:00,-1700
M0046,2031,2026-08-16,2026-08-16T15:29:10+09:00,-900
M0046,2031,2026-08-16,2026-08-16T16:05:23+09:00,100
M0046,2031,2026-08-16,2026-08-16T16:39:55+09:00,-700
M0046,2031,2026-08-16,2026-08-16T17:30:17+09:00,-1100
M0046,2031,2026-08-16,2026-08-16T18:07:35+09:00,-1600
M0046,2031,2026-08-16,2026-08-16T18:38:25+09:00,-1400
M0046,2031,2026-08-16,2026-08-16T19:40:19+09:00,-1500
M0046,2031,2026-08-16,2026-08-16T20:25:39+09:00,-1100
M0046,2031,2026-08-16,2026-08-16T21:04:51+09:00,-1300
M0046,2031,2026-08-16,2026-08-16T21:42:13+09:00,-2100
M0046,2031,2026-08-16,2026-08-16T22:32:01+09:00,-2300
M0047,2032,2026-08-16,2026-08-16T10:53:41+09:00,0
M0047,2032,2026-08-16,2026-08-16T11:28:27+09:00,-400
M0047,2032,2026-08-16,2026-08-16T12:02:27+09:00,-300
M0047,2032,2026-08-16,2026-08-16T12:35:49+09:00,-200
M0047,2032,2026-08-16,2026-08-16T13:06:49+09:00,-800
M0047,2032,2026-08-16,2026-08-16T13:36:19+09:00,-500
M0047,2032,2026-08-16,2026-08-16T14:09:21+09:00,100
M0047,2032,2026-08-16,2026-08-16T14:51:21+09:00,500
M0047,2032,2026-08-16,2026-08-16T15:29:10+09:00,300
M0047,2032,2026-08-16,2026-08-16T16:05:23+09:00,-100
M0047,2032,2026-08-16,2026-08-16T16:39:55+09:00,-700
M0047,2032,2026-08-16,2026-08-16T17:30:17+09:00,-1200
M0047,2032,2026-08-16,2026-08-16T18:07:35+09:00,-800
M0047,2032,2026-08-16,2026-08-16T18:38:25+09:00,-500
M0048,2033,2026-08-16,2026-08-16T10:53:41+09:00,-100
M0048,2033,2026-08-16,2026-08-16T11:28:27+09:00,-600
M0048,2033,2026-08-16,2026-08-16T12:02:27+09:00,-1200
M0048,2033,2026-08-16,2026-08-16T12:35:49+09:00,-1600
M0048,2033,2026-08-16,2026-08-16T13:06:49+09:00,-1700
M0048,2033,2026-08-16,2026-08-16T13:36:19+09:00,-1800
M0048,2033,2026-08-16,2026-08-16T14:09:21+09:00,-500
M0048,2033,2026-08-16,2026-08-16T14:51:21+09:00,-700
M0048,2033,2026-08-16,2026-08-16T15:29:10+09:00,-800
M0048,2033,2026-08-16,2026-08-16T16:05:23+09:00,-900
M0048,2033,2026-08-16,2026-08-16T16:39:55+09:00,-800
M0048,2033,2026-08-16,2026-08-16T17:30:17+09:00,-900
M0048,2033,2026-08-16,2026-08-16T18:07:35+09:00,-1300
M0048,2033,2026-08-16,2026-08-16T18:38:25+09:00,-2400
M0048,2033,2026-08-16,2026-08-16T19:40:19+09:00,-900
M0048,2033,2026-08-16,2026-08-16T20:25:39+09:00,-800
M0048,2033,2026-08-16,2026-08-16T21:04:51+09:00,-1500
M0048,2033,2026-08-16,2026-08-16T21:42:13+09:00,-1600
M0049,2034,2026-08-16,2026-08-16T10:53:41+09:00,0
M0049,2034,2026-08-16,2026-08-16T11:28:27+09:00,-200
M0049,2034,2026-08-16,2026-08-16T12:02:27+09:00,500
M0049,2034,2026-08-16,2026-08-16T12:35:49+09:00,600
M0049,2034,2026-08-16,2026-08-16T13:06:49+09:00,200
M0049,2034,2026-08-16,2026-08-16T13:36:19+09:00,-400
M0049,2034,2026-08-16,2026-08-16T14:09:21+09:00,-1500
M0049,2034,2026-08-16,2026-08-16T14:51:21+09:00,-1600
M0049,2034,2026-08-16,2026-08-16T15:29:10+09:00,-1100
M0049,2034,2026-08-16,2026-08-16T16:05:23+09:00,-800
M0049,2034,2026-08-16,2026-08-16T16:39:55+09:00,-1500
M0049,2034,2026-08-16,2026-08-16T18:38:25+09:00,-1400
M0049,2034,2026-08-16,2026-08-16T19:40:19+09:00,-900
M0050,2035,2026-08-16,2026-08-16T10:53:41+09:00,-200
M0050,2035,2026-08-16,2026-08-16T11:28:27+09:00,-300
M0050,2035,2026-08-16,2026-08-16T12:02:27+09:00,-900
M0050,2035,2026-08-16,2026-08-16T12:35:49+09:00,-1100
M0050,2035,2026-08-16,2026-08-16T13:06:49+09:00,-1200
M0050,2035,2026-08-16,2026-08-16T13:36:19+09:00,-1400
M0050,2035,2026-08-16,2026-08-16T14:09:21+09:00,-700
M0050,2035,2026-08-16,2026-08-16T14:51:21+09:00,-200
M0050,2035,2026-08-16,2026-08-16T15:29:10+09:00,-700
M0050,2035,2026-08-16,2026-08-16T16:05:23+09:00,-1100
M0050,2035,2026-08-16,2026-08-16T16:39:55+09:00,-1500
M0050,2035,2026-08-16,2026-08-16T17:30:17+09:00,-1700
M0050,2035,2026-08-16,2026-08-16T18:07:35+09:00,-1300
M0050,2035,2026-08-16,2026-08-16T18:38:25+09:00,300
M0050,2035,2026-08-16,2026-08-16T19:40:19+09:00,100
M0050,2035,2026-08-16,2026-08-16T20:25:39+09:00,-400
M0050,2035,2026-08-16,2026-08-16T21:04:51+09:00,-900
M0050,2035,2026-08-16,2026-08-16T21:42:13+09:00,-800
M0051,2036,2026-08-16,2026-08-16T10:53:41+09:00,-100
M0051,2036,2026-08-16,2026-08-16T11:28:27+09:00,0
M0051,2036,2026-08-16,2026-08-16T12:02:27+09:00,800
M0051,2036,2026-08-16,2026-08-16T12:35:49+09:00,100
M0051,2036,2026-08-16,2026-08-16T13:06:49+09:00,-400
M0051,2036,2026-08-16,2026-08-16T13:36:19+09:00,-700
M0051,2036,2026-08-16,2026-08-16T14:09:21+09:00,-1400
M0051,2036,2026-08-16,2026-08-16T14:51:21+09:00,-1800
M0051,2036,2026-08-16,2026-08-16T15:29:10+09:00,-2100
M0051,2036,2026-08-16,2026-08-16T16:05:23+09:00,-2700
M0051,2036,2026-08-16,2026-08-16T16:39:55+09:00,-2500
M0051,2036,2026-08-16,2026-08-16T17:30:17+09:00,-3200
M0051,2036,2026-08-16,2026-08-16T18:38:25+09:00,-3500
M0052,2037,2026-08-16,2026-08-16T10:53:41+09:00,100
M0052,2037,2026-08-16,2026-08-16T11:28:27+09:00,-300
M0052,2037,2026-08-16,2026-08-16T12:02:27+09:00,700
M0052,2037,2026-08-16,2026-08-16T12:35:49+09:00,400
M0052,2037,2026-08-16,2026-08-16T13:36:19+09:00,300
M0052,2037,2026-08-16,2026-08-16T14:09:21+09:00,600
M0052,2037,2026-08-16,2026-08-16T14:51:21+09:00,100
M0052,2037,2026-08-16,2026-08-16T15:29:10+09:00,-400
M0052,2037,2026-08-16,2026-08-16T16:05:23+09:00,-1100
M0052,2037,2026-08-16,2026-08-16T16:39:55+09:00,-1500
M0052,2037,2026-08-16,2026-08-16T17:30:17+09:00,-1900
M0052,2037,2026-08-16,2026-08-16T18:07:35+09:00,-1800
M0052,2037,2026-08-16,2026-08-16T18:38:25+09:00,-1500
M0053,2038,2026-08-16,2026-08-16T10:53:41+09:00,-200
M0053,2038,2026-08-16,2026-08-16T11:28:27+09:00,200
M0053,2038,2026-08-16,2026-08-16T12:02:27+09:00,1000
M0053,2038,2026-08-16,2026-08-16T12:35:49+09:00,1300
M0053,2038,2026-08-16,2026-08-16T13:06:49+09:00,1700
M0053,2038,2026-08-16,2026-08-16T13:36:19+09:00,1400
M0053,2038,2026-08-16,2026-08-16T14:09:21+09:00,900
M0053,2038,2026-08-16,2026-08-16T14:51:21+09:00,700
M0053,2038,2026-08-16,2026-08-16T15:29:10+09:00,1200
M0053,2038,2026-08-16,2026-08-16T16:05:23+09:00,1900
M0053,2038,2026-08-16,2026-08-16T16:39:55+09:00,1300
M0053,2038,2026-08-16,2026-08-16T17:30:17+09:00,900
M0053,2038,2026-08-16,2026-08-16T18:07:35+09:00,600
M0053,2038,2026-08-16,2026-08-16T18:38:25+09:00,1100
M0053,2038,2026-08-16,2026-08-16T19:40:19+09:00,800
M0053,2038,2026-08-16,2026-08-16T20:25:39+09:00,300
M0053,2038,2026-08-16,2026-08-16T21:42:13+09:00,1000
M0054,2039,2026-08-16,2026-08-16T10:53:41+09:00,-100
M0054,2039,2026-08-16,2026-08-16T11:28:27+09:00,-700
M0054,2039,2026-08-16,2026-08-16T12:02:27+09:00,-1300
M0054,2039,2026-08-16,2026-08-16T12:35:49+09:00,-1700
M0054,2039,2026-08-16,2026-08-16T13:06:49+09:00,-1900
M0054,2039,2026-08-16,2026-08-16T13:36:19+09:00,-2400
M0054,2039,2026-08-16,2026-08-16T15:29:10+09:00,-1700
M0054,2039,2026-08-16,2026-08-16T16:05:23+09:00,-2100
M0054,2039,2026-08-16,2026-08-16T16:39:55+09:00,-1000
M0054,2039,2026-08-16,2026-08-16T17:30:17+09:00,-200
M0054,2039,2026-08-16,2026-08-16T18:07:35+09:00,900
M0054,2039,2026-08-16,2026-08-16T18:38:25+09:00,300
M0055,2040,2026-08-16,2026-08-16T10:53:41+09:00,-100
M0055,2040,2026-08-16,2026-08-16T11:28:27+09:00,-600
M0055,2040,2026-08-16,2026-08-16T12:02:27+09:00,-1200
M0055,2040,2026-08-16,2026-08-16T12:35:49+09:00,-1700
M0055,2040,2026-08-16,2026-08-16T13:36:19+09:00,-1600
M0055,2040,2026-08-16,2026-08-16T14:09:21+09:00,-2400
M0055,2040,2026-08-16,2026-08-16T14:51:21+09:00,-2500
M0055,2040,2026-08-16,2026-08-16T16:05:23+09:00,-2600
M0055,2040,2026-08-16,2026-08-16T16:39:55+09:00,-2500
M0055,2040,2026-08-16,2026-08-16T17:30:17+09:00,-3000
M0055,2040,2026-08-16,2026-08-16T18:07:35+09:00,-3400
M0056,2041,2026-08-16,2026-08-16T10:53:41+09:00,-200
M0056,2041,2026-08-16,2026-08-16T11:28:27+09:00,-900
M0056,2041,2026-08-16,2026-08-16T12:02:27+09:00,-1300
M0056,2041,2026-08-16,2026-08-16T12:35:49+09:00,-1200
M0056,2041,2026-08-16,2026-08-16T13:06:49+09:00,-1700
M0056,2041,2026-08-16,2026-08-16T13:36:19+09:00,-800
M0056,2041,2026-08-16,2026-08-16T14:09:21+09:00,-1300
M0056,2041,2026-08-16,2026-08-16T14:51:21+09:00,-1800
M0056,2041,2026-08-16,2026-08-16T15:29:10+09:00,-2200
M0056,2041,2026-08-16,2026-08-16T16:05:23+09:00,-1100
M0056,2041,2026-08-16,2026-08-16T16:39:55+09:00,-400
M0056,2041,2026-08-16,2026-08-16T17:30:17+09:00,-500
M0057,2042,2026-08-16,2026-08-16T10:53:41+09:00,0
M0057,2042,2026-08-16,2026-08-16T11:28:27+09:00,-400
M0057,2042,2026-08-16,2026-08-16T12:02:27+09:00,-800
M0057,2042,2026-08-16,2026-08-16T12:35:49+09:00,-1300
M0057,2042,2026-08-16,2026-08-16T13:06:49+09:00,-1900
M0057,2042,2026-08-16,2026-08-16T13:36:19+09:00,-2400
M0057,2042,2026-08-16,2026-08-16T14:09:21+09:00,-1900
M0057,2042,2026-08-16,2026-08-16T14:51:21+09:00,-2200
M0057,2042,2026-08-16,2026-08-16T15:29:10+09:00,-2700
M0057,2042,2026-08-16,2026-08-16T16:05:23+09:00,-3300
M0057,2042,2026-08-16,2026-08-16T17:30:17+09:00,-3900
M0057,2042,2026-08-16,2026-08-16T18:07:35+09:00,-4100
M0057,2042,2026-08-16,2026-08-16T19:40:19+09:00,-4900
M0057,2042,2026-08-16,2026-08-16T20:25:39+09:00,-5400
M0057,2042,2026-08-16,2026-08-16T21:04:51+09:00,-5600
M0057,2042,2026-08-16,2026-08-16T21:42:13+09:00,-4900
M0058,2043,2026-08-16,2026-08-16T10:53:41+09:00,-100
M0058,2043,2026-08-16,2026-08-16T11:28:27+09:00,-300
M0058,2043,2026-08-16,2026-08-16T12:02:27+09:00,500
M0058,2043,2026-08-16,2026-08-16T13:06:49+09:00,400
M0058,2043,2026-08-16,2026-08-16T13:36:19+09:00,1100
M0058,2043,2026-08-16,2026-08-16T14:09:21+09:00,2700
M0058,2043,2026-08-16,2026-08-16T14:51:21+09:00,3500
M0058,2043,2026-08-16,2026-08-16T15:29:10+09:00,4400
M0058,2043,2026-08-16,2026-08-16T16:05:23+09:00,5300
M0058,2043,2026-08-16,2026-08-16T16:39:55+09:00,5900
M0058,2043,2026-08-16,2026-08-16T17:30:17+09:00,6300
M0058,2043,2026-08-16,2026-08-16T18:07:35+09:00,5700
M0058,2043,2026-08-16,2026-08-16T18:38:25+09:00,6300
M0058,2043,2026-08-16,2026-08-16T19:40:19+09:00,5900
M0058,2043,2026-08-16,2026-08-16T20:25:39+09:00,5400
M0058,2043,2026-08-16,2026-08-16T21:04:51+09:00,4900
M0058,2043,2026-08-16,2026-08-16T21:42:13+09:00,5100
M0058,2043,2026-08-16,2026-08-16T22:32:01+09:00,5000
M0058,2043,2026-08-16,2026-08-16T23:11:15+09:00,4700
M0059,2044,2026-08-16,2026-08-16T10:53:41+09:00,-200
M0059,2044,2026-08-16,2026-08-16T11:28:27+09:00,-300
M0059,2044,2026-08-16,2026-08-16T12:02:27+09:00,-100
M0059,2044,2026-08-16,2026-08-16T12:35:49+09:00,-400
M0059,2044,2026-08-16,2026-08-16T13:06:49+09:00,-300
M0059,2044,2026-08-16,2026-08-16T13:36:19+09:00,-800
M0059,2044,2026-08-16,2026-08-16T14:09:21+09:00,-1000
M0059,2044,2026-08-16,2026-08-16T14:51:21+09:00,0
M0059,2044,2026-08-16,2026-08-16T15:29:10+09:00,-100
M0059,2044,2026-08-16,2026-08-16T16:05:23+09:00,-600
M0059,2044,2026-08-16,2026-08-16T16:39:55+09:00,-1400
M0059,2044,2026-08-16,2026-08-16T17:30:17+09:00,-1700
M0059,2044,2026-08-16,2026-08-16T18:07:35+09:00,-2300
M0059,2044,2026-08-16,2026-08-16T18:38:25+09:00,-2600
M0060,2045,2026-08-16,2026-08-16T10:53:41+09:00,200
M0060,2045,2026-08-16,2026-08-16T11:28:27+09:00,500
M0060,2045,2026-08-16,2026-08-16T12:02:27+09:00,300
M0060,2045,2026-08-16,2026-08-16T12:35:49+09:00,200
M0060,2045,2026-08-16,2026-08-16T13:06:49+09:00,300
M0060,2045,2026-08-16,2026-08-16T13:36:19+09:00,200
M0060,2045,2026-08-16,2026-08-16T14:09:21+09:00,-500
M0060,2045,2026-08-16,2026-08-16T14:51:21+09:00,-100
M0060,2045,2026-08-16,2026-08-16T15:29:10+09:00,100
M0060,2045,2026-08-16,2026-08-16T16:05:23+09:00,-400
M0060,2045,2026-08-16,2026-08-16T16:39:55+09:00,-900
M0060,2045,2026-08-16,2026-08-16T17:30:17+09:00,-800
M0060,2045,2026-08-16,2026-08-16T18:38:25+09:00,-1300
M0060,2045,2026-08-16,2026-08-16T19:40:19+09:00,-1900
M0060,2045,2026-08-16,2026-08-16T20:25:39+09:00,-1600
M0060,2045,2026-08-16,2026-08-16T21:04:51+09:00,-1700
M0060,2045,2026-08-16,2026-08-16T21:42:13+09:00,-1800
M0061,2046,2026-08-16,2026-08-16T10:53:41+09:00,-100
M0061,2046,2026-08-16,2026-08-16T11:28:27+09:00,-600
M0061,2046,2026-08-16,2026-08-16T12:02:27+09:00,-500
M0061,2046,2026-08-16,2026-08-16T12:35:49+09:00,100
M0061,2046,2026-08-16,2026-08-16T13:06:49+09:00,-100
M0061,2046,2026-08-16,2026-08-16T13:36:19+09:00,-300
M0061,2046,2026-08-16,2026-08-16T14:09:21+09:00,-1000
M0061,2046,2026-08-16,2026-08-16T14:51:21+09:00,-1100
M0061,2046,2026-08-16,2026-08-16T15:29:10+09:00,-1200
M0061,2046,2026-08-16,2026-08-16T16:05:23+09:00,-200
M0061,2046,2026-08-16,2026-08-16T16:39:55+09:00,200
M0061,2046,2026-08-16,2026-08-16T17:30:17+09:00,-300
M0061,2046,2026-08-16,2026-08-16T18:07:35+09:00,-200
M0061,2046,2026-08-16,2026-08-16T18:38:25+09:00,100
M0061,2046,2026-08-16,2026-08-16T19:40:19+09:00,-400
M0061,2046,2026-08-16,2026-08-16T20:25:39+09:00,-700
M0061,2046,2026-08-16,2026-08-16T21:04:51+09:00,-100
M0061,2046,2026-08-16,2026-08-16T21:42:13+09:00,-1300
M0061,2046,2026-08-16,2026-08-16T22:32:01+09:00,-1200
M0062,2047,2026-08-16,2026-08-16T10:53:41+09:00,-200
M0062,2047,2026-08-16,2026-08-16T11:28:27+09:00,-700
M0062,2047,2026-08-16,2026-08-16T12:02:27+09:00,-1200
M0062,2047,2026-08-16,2026-08-16T12:35:49+09:00,-1400
M0062,2047,2026-08-16,2026-08-16T13:06:49+09:00,-1600
M0062,2047,2026-08-16,2026-08-16T13:36:19+09:00,-2100
M0062,2047,2026-08-16,2026-08-16T14:09:21+09:00,-2500
M0062,2047,2026-08-16,2026-08-16T14:51:21+09:00,-2800
M0062,2047,2026-08-16,2026-08-16T15:29:10+09:00,-2600
M0062,2047,2026-08-16,2026-08-16T16:05:23+09:00,-3000
M0062,2047,2026-08-16,2026-08-16T16:39:55+09:00,-2600
M0062,2047,2026-08-16,2026-08-16T17:30:17+09:00,-2300
M0062,2047,2026-08-16,2026-08-16T18:07:35+09:00,-2100
M0062,2047,2026-08-16,2026-08-16T18:38:25+09:00,-2500
M0063,2048,2026-08-16,2026-08-16T10:53:41+09:00,-100
M0063,2048,2026-08-16,2026-08-16T11:28:27+09:00,-600
M0063,2048,2026-08-16,2026-08-16T12:02:27+09:00,-700
M0063,2048,2026-08-16,2026-08-16T12:35:49+09:00,-200
M0063,2048,2026-08-16,2026-08-16T13:06:49+09:00,-600
M0063,2048,2026-08-16,2026-08-16T13:36:19+09:00,-900
M0063,2048,2026-08-16,2026-08-16T14:09:21+09:00,-300
M0063,2048,2026-08-16,2026-08-16T14:51:21+09:00,0
M0063,2048,2026-08-16,2026-08-16T15:29:10+09:00,100
M0063,2048,2026-08-16,2026-08-16T16:05:23+09:00,500
M0063,2048,2026-08-16,2026-08-16T16:39:55+09:00,600
M0063,2048,2026-08-16,2026-08-16T17:30:17+09:00,100
M0063,2048,2026-08-16,2026-08-16T18:07:35+09:00,-100
M0063,2048,2026-08-16,2026-08-16T18:38:25+09:00,-900
M0063,2048,2026-08-16,2026-08-16T19:40:19+09:00,-1400
M0063,2048,2026-08-16,2026-08-16T20:25:39+09:00,-2000
M0063,2048,2026-08-16,2026-08-16T21:04:51+09:00,-1900
M0063,2048,2026-08-16,2026-08-16T21:42:13+09:00,-2000
M0064,2049,2026-08-16,2026-08-16T10:53:41+09:00,-200
M0064,2049,2026-08-16,2026-08-16T11:28:27+09:00,-600
M0064,2049,2026-08-16,2026-08-16T12:02:27+09:00,-900
M0064,2049,2026-08-16,2026-08-16T12:35:49+09:00,-300
M0064,2049,2026-08-16,2026-08-16T13:06:49+09:00,-600
M0064,2049,2026-08-16,2026-08-16T14:09:21+09:00,-400
M0064,2049,2026-08-16,2026-08-16T14:51:21+09:00,100
M0064,2049,2026-08-16,2026-08-16T15:29:10+09:00,-300
M0064,2049,2026-08-16,2026-08-16T16:05:23+09:00,-800
M0064,2049,2026-08-16,2026-08-16T16:39:55+09:00,-1000
M0064,2049,2026-08-16,2026-08-16T17:30:17+09:00,-1200
M0064,2049,2026-08-16,2026-08-16T18:07:35+09:00,-1300
M0064,2049,2026-08-16,2026-08-16T18:38:25+09:00,-300
M0064,2049,2026-08-16,2026-08-16T19:40:19+09:00,0
M0065,2050,2026-08-16,2026-08-16T10:53:41+09:00,-100
M0065,2050,2026-08-16,2026-08-16T11:28:27+09:00,0
M0065,2050,2026-08-16,2026-08-16T12:02:27+09:00,-500
M0065,2050,2026-08-16,2026-08-16T12:35:49+09:00,-100
M0065,2050,2026-08-16,2026-08-16T13:06:49+09:00,500
M0065,2050,2026-08-16,2026-08-16T13:36:19+09:00,700
M0065,2050,2026-08-16,2026-08-16T14:09:21+09:00,0
M0065,2050,2026-08-16,2026-08-16T14:51:21+09:00,-200
M0065,2050,2026-08-16,2026-08-16T15:29:10+09:00,-500
M0065,2050,2026-08-16,2026-08-16T16:39:55+09:00,-1400
M0065,2050,2026-08-16,2026-08-16T17:30:17+09:00,-1100
M0065,2050,2026-08-16,2026-08-16T18:07:35+09:00,-1800
M0065,2050,2026-08-16,2026-08-16T19:40:19+09:00,-2300
M0065,2050,2026-08-16,2026-08-16T20:25:39+09:00,-1900
M0065,2050,2026-08-16,2026-08-16T21:04:51+09:00,-1500
M0065,2050,2026-08-16,2026-08-16T21:42:13+09:00,-1300
M0066,2051,2026-08-16,2026-08-16T10:53:41+09:00,100
M0066,2051,2026-08-16,2026-08-16T11:28:27+09:00,-300
M0066,2051,2026-08-16,2026-08-16T12:02:27+09:00,-500
M0066,2051,2026-08-16,2026-08-16T12:35:49+09:00,-700
M0066,2051,2026-08-16,2026-08-16T13:06:49+09:00,-1200
M0066,2051,2026-08-16,2026-08-16T13:36:19+09:00,-1500
M0066,2051,2026-08-16,2026-08-16T14:09:21+09:00,-2300
M0066,2051,2026-08-16,2026-08-16T14:51:21+09:00,-1900
M0066,2051,2026-08-16,2026-08-16T15:29:10+09:00,-1800
M0066,2051,2026-08-16,2026-08-16T16:05:23+09:00,-2200
M0066,2051,2026-08-16,2026-08-16T16:39:55+09:00,-2800
M0066,2051,2026-08-16,2026-08-16T18:07:35+09:00,-3300
M0067,2052,2026-08-16,2026-08-16T10:53:41+09:00,-100
M0067,2052,2026-08-16,2026-08-16T11:28:27+09:00,500
M0067,2052,2026-08-16,2026-08-16T12:35:49+09:00,700
M0067,2052,2026-08-16,2026-08-16T13:06:49+09:00,200
M0067,2052,2026-08-16,2026-08-16T13:36:19+09:00,1000
M0067,2052,2026-08-16,2026-08-16T14:09:21+09:00,800
M0067,2052,2026-08-16,2026-08-16T14:51:21+09:00,1700
M0067,2052,2026-08-16,2026-08-16T15:29:10+09:00,2600
M0067,2052,2026-08-16,2026-08-16T16:05:23+09:00,3300
M0067,2052,2026-08-16,2026-08-16T16:39:55+09:00,2500
M0067,2052,2026-08-16,2026-08-16T17:30:17+09:00,2300
M0067,2052,2026-08-16,2026-08-16T18:07:35+09:00,2400
M0067,2052,2026-08-16,2026-08-16T18:38:25+09:00,3600
M0067,2052,2026-08-16,2026-08-16T19:40:19+09:00,4200
M0067,2052,2026-08-16,2026-08-16T20:25:39+09:00,5000
M0067,2052,2026-08-16,2026-08-16T21:42:13+09:00,4800
M0067,2052,2026-08-16,2026-08-16T22:32:01+09:00,4300
M0067,2052,2026-08-16,2026-08-16T23:11:15+09:00,4200
M0068,2053,2026-08-16,2026-08-16T10:53:41+09:00,100
M0068,2053,2026-08-16,2026-08-16T11:28:27+09:00,0
M0068,2053,2026-08-16,2026-08-16T12:02:27+09:00,-600
M0068,2053,2026-08-16,2026-08-16T12:35:49+09:00,-1100
M0068,2053,2026-08-16,2026-08-16T13:36:19+09:00,-800
M0068,2053,2026-08-16,2026-08-16T14:09:21+09:00,-700
M0068,2053,2026-08-16,2026-08-16T14:51:21+09:00,-1000
M0068,2053,2026-08-16,2026-08-16T15:29:10+09:00,0
M0068,2053,2026-08-16,2026-08-16T16:05:23+09:00,-100
M0068,2053,2026-08-16,2026-08-16T16:39:55+09:00,-400
M0068,2053,2026-08-16,2026-08-16T17:30:17+09:00,-600
M0068,2053,2026-08-16,2026-08-16T18:07:35+09:00,200
M0068,2053,2026-08-16,2026-08-16T18:38:25+09:00,2100
M0068,2053,2026-08-16,2026-08-16T19:40:19+09:00,3300
M0068,2053,2026-08-16,2026-08-16T20:25:39+09:00,4000
M0068,2053,2026-08-16,2026-08-16T21:04:51+09:00,4600
M0068,2053,2026-08-16,2026-08-16T21:42:13+09:00,6300
M0068,2053,2026-08-16,2026-08-16T22:32:01+09:00,7300
M0068,2053,2026-08-16,2026-08-16T23:11:15+09:00,8200
M0069,2054,2026-08-16,2026-08-16T10:53:41+09:00,-200
M0069,2054,2026-08-16,2026-08-16T12:02:27+09:00,800
M0069,2054,2026-08-16,2026-08-16T12:35:49+09:00,1400
M0069,2054,2026-08-16,2026-08-16T13:06:49+09:00,900
M0069,2054,2026-08-16,2026-08-16T13:36:19+09:00,700
M0069,2054,2026-08-16,2026-08-16T14:09:21+09:00,500
M0069,2054,2026-08-16,2026-08-16T14:51:21+09:00,1100
M0069,2054,2026-08-16,2026-08-16T15:29:10+09:00,800
M0069,2054,2026-08-16,2026-08-16T16:39:55+09:00,600
M0069,2054,2026-08-16,2026-08-16T17:30:17+09:00,0
M0069,2054,2026-08-16,2026-08-16T18:07:35+09:00,900
M0069,2054,2026-08-16,2026-08-16T18:38:25+09:00,2000
M0069,2054,2026-08-16,2026-08-16T19:40:19+09:00,2900
M0070,2055,2026-08-16,2026-08-16T10:53:41+09:00,0
M0070,2055,2026-08-16,2026-08-16T12:02:27+09:00,300
M0070,2055,2026-08-16,2026-08-16T12:35:49+09:00,1100
M0070,2055,2026-08-16,2026-08-16T13:06:49+09:00,1000
M0070,2055,2026-08-16,2026-08-16T13:36:19+09:00,600
M0070,2055,2026-08-16,2026-08-16T14:09:21+09:00,-200
M0070,2055,2026-08-16,2026-08-16T15:29:10+09:00,100
M0070,2055,2026-08-16,2026-08-16T16:05:23+09:00,-600
M0070,2055,2026-08-16,2026-08-16T16:39:55+09:00,-400
M0070,2055,2026-08-16,2026-08-16T18:07:35+09:00,-500
M0070,2055,2026-08-16,2026-08-16T18:38:25+09:00,200
M0070,2055,2026-08-16,2026-08-16T19:40:19+09:00,600
M0070,2055,2026-08-16,2026-08-16T20:25:39+09:00,0
M0070,2055,2026-08-16,2026-08-16T21:04:51+09:00,-500
M0071,2056,2026-08-16,2026-08-16T10:53:41+09:00,300
M0071,2056,2026-08-16,2026-08-16T11:28:27+09:00,1100
M0071,2056,2026-08-16,2026-08-16T12:35:49+09:00,1800
M0071,2056,2026-08-16,2026-08-16T13:06:49+09:00,1200
M0071,2056,2026-08-16,2026-08-16T14:09:21+09:00,600
M0071,2056,2026-08-16,2026-08-16T14:51:21+09:00,100
M0071,2056,2026-08-16,2026-08-16T15:29:10+09:00,300
M0071,2056,2026-08-16,2026-08-16T16:05:23+09:00,800
M0071,2056,2026-08-16,2026-08-16T16:39:55+09:00,1500
M0071,2056,2026-08-16,2026-08-16T17:30:17+09:00,1200
M0071,2056,2026-08-16,2026-08-16T18:07:35+09:00,1300
M0071,2056,2026-08-16,2026-08-16T18:38:25+09:00,500
M0071,2056,2026-08-16,2026-08-16T19:40:19+09:00,1900
M0071,2056,2026-08-16,2026-08-16T20:25:39+09:00,2000
M0071,2056,2026-08-16,2026-08-16T21:04:51+09:00,1900
M0072,2057,2026-08-16,2026-08-16T10:53:41+09:00,-200
M0072,2057,2026-08-16,2026-08-16T12:02:27+09:00,-600
M0072,2057,2026-08-16,2026-08-16T12:35:49+09:00,-1100
M0072,2057,2026-08-16,2026-08-16T13:06:49+09:00,-1400
M0072,2057,2026-08-16,2026-08-16T13:36:19+09:00,-500
M0072,2057,2026-08-16,2026-08-16T14:09:21+09:00,-1500
M0072,2057,2026-08-16,2026-08-16T14:51:21+09:00,-1600
M0072,2057,2026-08-16,2026-08-16T15:29:10+09:00,-2300
M0072,2057,2026-08-16,2026-08-16T16:05:23+09:00,-1800
M0072,2057,2026-08-16,2026-08-16T16:39:55+09:00,-1700
M0072,2057,2026-08-16,2026-08-16T17:30:17+09:00,-2200
M0072,2057,2026-08-16,2026-08-16T18:07:35+09:00,-1600
M0072,2057,2026-08-16,2026-08-16T18:38:25+09:00,-600
M0072,2057,2026-08-16,2026-08-16T19:40:19+09:00,1500
M0072,2057,2026-08-16,2026-08-16T20:25:39+09:00,2400
M0072,2057,2026-08-16,2026-08-16T21:04:51+09:00,3400
M0072,2057,2026-08-16,2026-08-16T21:42:13+09:00,3000
M0073,2058,2026-08-16,2026-08-16T10:53:41+09:00,-100
M0073,2058,2026-08-16,2026-08-16T11:28:27+09:00,-300
M0073,2058,2026-08-16,2026-08-16T12:02:27+09:00,-200
M0073,2058,2026-08-16,2026-08-16T12:35:49+09:00,-800
M0073,2058,2026-08-16,2026-08-16T14:09:21+09:00,-700
M0073,2058,2026-08-16,2026-08-16T14:51:21+09:00,-900
M0073,2058,2026-08-16,2026-08-16T15:29:10+09:00,-1000
M0073,2058,2026-08-16,2026-08-16T16:05:23+09:00,-1300
M0073,2058,2026-08-16,2026-08-16T16:39:55+09:00,-2300
M0073,2058,2026-08-16,2026-08-16T17:30:17+09:00,-2800
M0073,2058,2026-08-16,2026-08-16T18:07:35+09:00,-3300
M0073,2058,2026-08-16,2026-08-16T18:38:25+09:00,-2100
M0073,2058,2026-08-16,2026-08-16T19:40:19+09:00,-2000
M0074,2059,2026-08-16,2026-08-16T10:53:41+09:00,-200
M0074,2059,2026-08-16,2026-08-16T11:28:27+09:00,-700
M0074,2059,2026-08-16,2026-08-16T12:02:27+09:00,-1200
M0074,2059,2026-08-16,2026-08-16T12:35:49+09:00,-1800
M0074,2059,2026-08-16,2026-08-16T13:06:49+09:00,-2300
M0074,2059,2026-08-16,2026-08-16T13:36:19+09:00,-2800
M0074,2059,2026-08-16,2026-08-16T14:09:21+09:00,-2100
M0074,2059,2026-08-16,2026-08-16T14:51:21+09:00,-2800
M0074,2059,2026-08-16,2026-08-16T15:29:10+09:00,-3100
M0074,2059,2026-08-16,2026-08-16T16:05:23+09:00,-3400
M0074,2059,2026-08-16,2026-08-16T16:39:55+09:00,-3500
M0074,2059,2026-08-16,2026-08-16T17:30:17+09:00,-3600
M0074,2059,2026-08-16,2026-08-16T18:38:25+09:00,-3800
M0074,2059,2026-08-16,2026-08-16T19:40:19+09:00,-3000
M0075,2124,2026-08-16,2026-08-16T10:53:41+09:00,-300
M0075,2124,2026-08-16,2026-08-16T11:28:27+09:00,500
M0075,2124,2026-08-16,2026-08-16T12:02:27+09:00,1100
M0075,2124,2026-08-16,2026-08-16T12:35:49+09:00,600
M0075,2124,2026-08-16,2026-08-16T13:06:49+09:00,400
M0075,2124,2026-08-16,2026-08-16T13:36:19+09:00,300
M0075,2124,2026-08-16,2026-08-16T14:09:21+09:00,-200
M0075,2124,2026-08-16,2026-08-16T14:51:21+09:00,0
M0075,2124,2026-08-16,2026-08-16T16:05:23+09:00,200
M0075,2124,2026-08-16,2026-08-16T16:39:55+09:00,-300
M0075,2124,2026-08-16,2026-08-16T17:30:17+09:00,-600
M0075,2124,2026-08-16,2026-08-16T18:07:35+09:00,-1100
M0075,2124,2026-08-16,2026-08-16T18:38:25+09:00,-1000
M0075,2124,2026-08-16,2026-08-16T19:40:19+09:00,-2100
M0075,2124,2026-08-16,2026-08-16T20:25:39+09:00,-1100
M0075,2124,2026-08-16,2026-08-16T21:04:51+09:00,-200
M0076,2125,2026-08-16,2026-08-16T10:53:41+09:00,-300
M0076,2125,2026-08-16,2026-08-16T11:28:27+09:00,-800
M0076,2125,2026-08-16,2026-08-16T12:02:27+09:00,-1400
M0076,2125,2026-08-16,2026-08-16T12:35:49+09:00,-1700
M0076,2125,2026-08-16,2026-08-16T13:06:49+09:00,-2100
M0076,2125,2026-08-16,2026-08-16T13:36:19+09:00,-2000
M0076,2125,2026-08-16,2026-08-16T14:09:21+09:00,-1600
M0076,2125,2026-08-16,2026-08-16T14:51:21+09:00,-1500
M0076,2125,2026-08-16,2026-08-16T15:29:10+09:00,-700
M0076,2125,2026-08-16,2026-08-16T16:05:23+09:00,-400
M0076,2125,2026-08-16,2026-08-16T16:39:55+09:00,-200
M0076,2125,2026-08-16,2026-08-16T17:30:17+09:00,700
M0076,2125,2026-08-16,2026-08-16T18:07:35+09:00,1500
M0076,2125,2026-08-16,2026-08-16T18:38:25+09:00,2700
M0076,2125,2026-08-16,2026-08-16T19:40:19+09:00,2500
M0077,2126,2026-08-16,2026-08-16T10:53:41+09:00,-100
M0077,2126,2026-08-16,2026-08-16T11:28:27+09:00,0
M0077,2126,2026-08-16,2026-08-16T12:02:27+09:00,-100
M0077,2126,2026-08-16,2026-08-16T12:35:49+09:00,100
M0077,2126,2026-08-16,2026-08-16T13:06:49+09:00,300
M0077,2126,2026-08-16,2026-08-16T13:36:19+09:00,-100
M0077,2126,2026-08-16,2026-08-16T14:09:21+09:00,0
M0077,2126,2026-08-16,2026-08-16T14:51:21+09:00,-600
M0077,2126,2026-08-16,2026-08-16T16:05:23+09:00,-700
M0077,2126,2026-08-16,2026-08-16T16:39:55+09:00,-1300
M0077,2126,2026-08-16,2026-08-16T17:30:17+09:00,-1600
M0077,2126,2026-08-16,2026-08-16T18:07:35+09:00,-1900
M0077,2126,2026-08-16,2026-08-16T18:38:25+09:00,-2300
M0077,2126,2026-08-16,2026-08-16T19:40:19+09:00,-1000
M0078,2127,2026-08-16,2026-08-16T10:53:41+09:00,0
M0078,2127,2026-08-16,2026-08-16T11:28:27+09:00,100
M0078,2127,2026-08-16,2026-08-16T12:02:27+09:00,-400
M0078,2127,2026-08-16,2026-08-16T12:35:49+09:00,-800
M0078,2127,2026-08-16,2026-08-16T13:06:49+09:00,-1200
M0078,2127,2026-08-16,2026-08-16T13:36:19+09:00,-500
M0078,2127,2026-08-16,2026-08-16T14:09:21+09:00,-800
M0078,2127,2026-08-16,2026-08-16T14:51:21+09:00,-900
M0078,2127,2026-08-16,2026-08-16T15:29:10+09:00,-500
M0078,2127,2026-08-16,2026-08-16T16:05:23+09:00,-1000
M0078,2127,2026-08-16,2026-08-16T16:39:55+09:00,-1800
M0078,2127,2026-08-16,2026-08-16T17:30:17+09:00,-1900
M0079,2128,2026-08-16,2026-08-16T10:53:41+09:00,-200
M0079,2128,2026-08-16,2026-08-16T11:28:27+09:00,-800
M0079,2128,2026-08-16,2026-08-16T12:02:27+09:00,-1000
M0079,2128,2026-08-16,2026-08-16T12:35:49+09:00,-1100
M0079,2128,2026-08-16,2026-08-16T13:06:49+09:00,-1600
M0079,2128,2026-08-16,2026-08-16T13:36:19+09:00,-1700
M0079,2128,2026-08-16,2026-08-16T14:09:21+09:00,-1800
M0079,2128,2026-08-16,2026-08-16T14:51:21+09:00,-1900
M0079,2128,2026-08-16,2026-08-16T15:29:10+09:00,-2000
M0079,2128,2026-08-16,2026-08-16T16:05:23+09:00,-1100
M0079,2128,2026-08-16,2026-08-16T16:39:55+09:00,-1500
M0079,2128,2026-08-16,2026-08-16T17:30:17+09:00,-1600
M0079,2128,2026-08-16,2026-08-16T18:07:35+09:00,-1800
M0079,2128,2026-08-16,2026-08-16T18:38:25+09:00,-1200
M0079,2128,2026-08-16,2026-08-16T19:40:19+09:00,-1500
M0079,2128,2026-08-16,2026-08-16T20:25:39+09:00,-500
M0079,2128,2026-08-16,2026-08-16T21:04:51+09:00,500
M0079,2128,2026-08-16,2026-08-16T21:42:13+09:00,2400
M0079,2128,2026-08-16,2026-08-16T22:32:01+09:00,3500
M0079,2128,2026-08-16,2026-08-16T23:11:15+09:00,3900
M0080,2129,2026-08-16,2026-08-16T10:53:41+09:00,-200
M0080,2129,2026-08-16,2026-08-16T11:28:27+09:00,-500
M0080,2129,2026-08-16,2026-08-16T12:02:27+09:00,-1100
M0080,2129,2026-08-16,2026-08-16T13:36:19+09:00,-1600
M0080,2129,2026-08-16,2026-08-16T14:09:21+09:00,-1500
M0080,2129,2026-08-16,2026-08-16T14:51:21+09:00,-1200
M0080,2129,2026-08-16,2026-08-16T15:29:10+09:00,-700
M0080,2129,2026-08-16,2026-08-16T16:05:23+09:00,400
M0080,2129,2026-08-16,2026-08-16T16:39:55+09:00,2400
M0080,2129,2026-08-16,2026-08-16T17:30:17+09:00,3300
M0080,2129,2026-08-16,2026-08-16T18:07:35+09:00,3200
M0031,2016,2026-08-17,2026-08-17T10:52:31+09:00,0
M0031,2016,2026-08-17,2026-08-17T14:36:43+09:00,-300
M0031,2016,2026-08-17,2026-08-17T15:11:21+09:00,-600
M0031,2016,2026-08-17,2026-08-17T20:35:21+09:00,-800
M0031,2016,2026-08-17,2026-08-17T21:13:05+09:00,-900
M0032,2017,2026-08-17,2026-08-17T10:52:31+09:00,0
M0032,2017,2026-08-17,2026-08-17T13:35:21+09:00,-300
M0032,2017,2026-08-17,2026-08-17T14:03:11+09:00,-800
M0032,2017,2026-08-17,2026-08-17T14:36:43+09:00,-900
M0032,2017,2026-08-17,2026-08-17T15:11:21+09:00,-700
M0032,2017,2026-08-17,2026-08-17T15:59:33+09:00,-1200
M0032,2017,2026-08-17,2026-08-17T16:33:27+09:00,-700
M0032,2017,2026-08-17,2026-08-17T17:09:07+09:00,-1400
M0032,2017,2026-08-17,2026-08-17T17:58:27+09:00,-1700
M0032,2017,2026-08-17,2026-08-17T18:33:03+09:00,-2200
M0032,2017,2026-08-17,2026-08-17T19:09:23+09:00,-3300
M0032,2017,2026-08-17,2026-08-17T19:59:55+09:00,-2300
M0032,2017,2026-08-17,2026-08-17T20:35:21+09:00,-2400
M0032,2017,2026-08-17,2026-08-17T21:13:05+09:00,-2600
M0033,2018,2026-08-17,2026-08-17T10:52:31+09:00,-100
M0033,2018,2026-08-17,2026-08-17T12:02:23+09:00,900
M0033,2018,2026-08-17,2026-08-17T12:34:35+09:00,1600
M0033,2018,2026-08-17,2026-08-17T13:07:15+09:00,2500
M0033,2018,2026-08-17,2026-08-17T14:03:11+09:00,3500
M0033,2018,2026-08-17,2026-08-17T14:36:43+09:00,4000
M0033,2018,2026-08-17,2026-08-17T15:11:21+09:00,3500
M0033,2018,2026-08-17,2026-08-17T15:59:33+09:00,3200
M0033,2018,2026-08-17,2026-08-17T19:09:23+09:00,4500
M0033,2018,2026-08-17,2026-08-17T19:59:55+09:00,5400
M0033,2018,2026-08-17,2026-08-17T20:35:21+09:00,6300
M0033,2018,2026-08-17,2026-08-17T21:13:05+09:00,5400
M0033,2018,2026-08-17,2026-08-17T22:34:49+09:00,5200
M0034,2019,2026-08-17,2026-08-17T10:52:31+09:00,0
M0034,2019,2026-08-17,2026-08-17T12:34:35+09:00,-300
M0034,2019,2026-08-17,2026-08-17T13:07:15+09:00,200
M0034,2019,2026-08-17,2026-08-17T13:35:21+09:00,-300
M0034,2019,2026-08-17,2026-08-17T14:03:11+09:00,-200
M0034,2019,2026-08-17,2026-08-17T15:11:21+09:00,-1200
M0034,2019,2026-08-17,2026-08-17T15:59:33+09:00,-500
M0034,2019,2026-08-17,2026-08-17T16:33:27+09:00,500
M0034,2019,2026-08-17,2026-08-17T17:09:07+09:00,1000
M0034,2019,2026-08-17,2026-08-17T18:33:03+09:00,800
M0034,2019,2026-08-17,2026-08-17T19:59:55+09:00,700
M0034,2019,2026-08-17,2026-08-17T20:35:21+09:00,1500
M0034,2019,2026-08-17,2026-08-17T21:13:05+09:00,1700
M0035,2020,2026-08-17,2026-08-17T10:52:31+09:00,-100
M0035,2020,2026-08-17,2026-08-17T11:28:29+09:00,-800
M0035,2020,2026-08-17,2026-08-17T12:02:23+09:00,100
M0035,2020,2026-08-17,2026-08-17T13:07:15+09:00,200
M0035,2020,2026-08-17,2026-08-17T14:03:11+09:00,-500
M0035,2020,2026-08-17,2026-08-17T14:36:43+09:00,-900
M0035,2020,2026-08-17,2026-08-17T15:11:21+09:00,-1500
M0035,2020,2026-08-17,2026-08-17T15:59:33+09:00,-900
M0035,2020,2026-08-17,2026-08-17T16:33:27+09:00,0
M0035,2020,2026-08-17,2026-08-17T17:09:07+09:00,-200
M0035,2020,2026-08-17,2026-08-17T17:58:27+09:00,300
M0035,2020,2026-08-17,2026-08-17T18:33:03+09:00,200
M0035,2020,2026-08-17,2026-08-17T19:09:23+09:00,-900
M0035,2020,2026-08-17,2026-08-17T19:59:55+09:00,-1300
M0035,2020,2026-08-17,2026-08-17T20:35:21+09:00,-1000
M0035,2020,2026-08-17,2026-08-17T21:13:05+09:00,-900
M0036,2021,2026-08-17,2026-08-17T10:52:31+09:00,0
M0036,2021,2026-08-17,2026-08-17T13:07:15+09:00,800
M0036,2021,2026-08-17,2026-08-17T13:35:21+09:00,1100
M0036,2021,2026-08-17,2026-08-17T14:36:43+09:00,600
M0036,2021,2026-08-17,2026-08-17T15:11:21+09:00,-400
M0036,2021,2026-08-17,2026-08-17T15:59:33+09:00,-900
M0036,2021,2026-08-17,2026-08-17T16:33:27+09:00,100
M0036,2021,2026-08-17,2026-08-17T17:09:07+09:00,-700
M0036,2021,2026-08-17,2026-08-17T18:33:03+09:00,-800
M0036,2021,2026-08-17,2026-08-17T19:09:23+09:00,-700
M0036,2021,2026-08-17,2026-08-17T19:59:55+09:00,-900
M0036,2021,2026-08-17,2026-08-17T21:13:05+09:00,-1300
M0036,2021,2026-08-17,2026-08-17T23:11:50+09:00,-1400
M0037,2022,2026-08-17,2026-08-17T10:52:31+09:00,-200
M0037,2022,2026-08-17,2026-08-17T11:28:29+09:00,-600
M0037,2022,2026-08-17,2026-08-17T12:02:23+09:00,-1200
M0037,2022,2026-08-17,2026-08-17T12:34:35+09:00,-1300
M0037,2022,2026-08-17,2026-08-17T13:35:21+09:00,-1200
M0037,2022,2026-08-17,2026-08-17T19:59:55+09:00,-1300
M0037,2022,2026-08-17,2026-08-17T20:35:21+09:00,-1400
M0038,2023,2026-08-17,2026-08-17T10:52:31+09:00,0
M0038,2023,2026-08-17,2026-08-17T13:35:21+09:00,-100
M0038,2023,2026-08-17,2026-08-17T14:03:11+09:00,-700
M0038,2023,2026-08-17,2026-08-17T14:36:43+09:00,-600
M0038,2023,2026-08-17,2026-08-17T15:11:21+09:00,-200
M0038,2023,2026-08-17,2026-08-17T15:59:33+09:00,600
M0038,2023,2026-08-17,2026-08-17T16:33:27+09:00,1000
M0038,2023,2026-08-17,2026-08-17T17:09:07+09:00,400
M0038,2023,2026-08-17,2026-08-17T17:58:27+09:00,1100
M0038,2023,2026-08-17,2026-08-17T18:33:03+09:00,1200
M0038,2023,2026-08-17,2026-08-17T19:09:23+09:00,2400
M0038,2023,2026-08-17,2026-08-17T19:59:55+09:00,3000
M0039,2024,2026-08-17,2026-08-17T10:52:31+09:00,0
M0039,2024,2026-08-17,2026-08-17T13:07:15+09:00,-400
M0039,2024,2026-08-17,2026-08-17T13:35:21+09:00,300
M0039,2024,2026-08-17,2026-08-17T14:03:11+09:00,-300
M0039,2024,2026-08-17,2026-08-17T14:36:43+09:00,-700
M0039,2024,2026-08-17,2026-08-17T15:11:21+09:00,800
M0039,2024,2026-08-17,2026-08-17T15:59:33+09:00,200
M0039,2024,2026-08-17,2026-08-17T16:33:27+09:00,-400
M0039,2024,2026-08-17,2026-08-17T17:09:07+09:00,-500
M0039,2024,2026-08-17,2026-08-17T19:59:55+09:00,-700
M0040,2025,2026-08-17,2026-08-17T10:52:31+09:00,-100
M0040,2025,2026-08-17,2026-08-17T11:28:29+09:00,-300
M0040,2025,2026-08-17,2026-08-17T12:02:23+09:00,-100
M0040,2025,2026-08-17,2026-08-17T12:34:35+09:00,200
M0040,2025,2026-08-17,2026-08-17T13:07:15+09:00,-100
M0040,2025,2026-08-17,2026-08-17T14:03:11+09:00,500
M0040,2025,2026-08-17,2026-08-17T14:36:43+09:00,400
M0040,2025,2026-08-17,2026-08-17T15:59:33+09:00,200
M0040,2025,2026-08-17,2026-08-17T16:33:27+09:00,-200
M0040,2025,2026-08-17,2026-08-17T17:09:07+09:00,-1300
M0040,2025,2026-08-17,2026-08-17T17:58:27+09:00,-1600
M0040,2025,2026-08-17,2026-08-17T18:33:03+09:00,-500
M0040,2025,2026-08-17,2026-08-17T19:09:23+09:00,300
M0041,2026,2026-08-17,2026-08-17T10:52:31+09:00,0
M0041,2026,2026-08-17,2026-08-17T11:28:29+09:00,-100
M0041,2026,2026-08-17,2026-08-17T12:02:23+09:00,0
M0041,2026,2026-08-17,2026-08-17T12:34:35+09:00,-500
M0041,2026,2026-08-17,2026-08-17T13:35:21+09:00,200
M0041,2026,2026-08-17,2026-08-17T20:35:21+09:00,0
M0041,2026,2026-08-17,2026-08-17T21:13:05+09:00,-500
M0041,2026,2026-08-17,2026-08-17T21:59:13+09:00,200
M0041,2026,2026-08-17,2026-08-17T22:34:49+09:00,400
M0042,2027,2026-08-17,2026-08-17T10:52:31+09:00,0
M0042,2027,2026-08-17,2026-08-17T11:28:29+09:00,-300
M0042,2027,2026-08-17,2026-08-17T12:02:23+09:00,-400
M0042,2027,2026-08-17,2026-08-17T12:34:35+09:00,100
M0042,2027,2026-08-17,2026-08-17T13:07:15+09:00,1100
M0042,2027,2026-08-17,2026-08-17T13:35:21+09:00,1900
M0042,2027,2026-08-17,2026-08-17T14:03:11+09:00,2700
M0042,2027,2026-08-17,2026-08-17T14:36:43+09:00,2600
M0042,2027,2026-08-17,2026-08-17T15:59:33+09:00,2900
M0042,2027,2026-08-17,2026-08-17T17:09:07+09:00,1900
M0042,2027,2026-08-17,2026-08-17T17:58:27+09:00,2700
M0042,2027,2026-08-17,2026-08-17T18:33:03+09:00,3200
M0042,2027,2026-08-17,2026-08-17T19:09:23+09:00,2800
M0042,2027,2026-08-17,2026-08-17T19:59:55+09:00,2300
M0042,2027,2026-08-17,2026-08-17T20:35:21+09:00,2500
M0042,2027,2026-08-17,2026-08-17T21:13:05+09:00,4100
M0042,2027,2026-08-17,2026-08-17T21:59:13+09:00,5200
M0042,2027,2026-08-17,2026-08-17T22:34:49+09:00,5100
M0043,2028,2026-08-17,2026-08-17T10:52:31+09:00,-100
M0043,2028,2026-08-17,2026-08-17T11:28:29+09:00,700
M0043,2028,2026-08-17,2026-08-17T12:02:23+09:00,400
M0043,2028,2026-08-17,2026-08-17T12:34:35+09:00,0
M0043,2028,2026-08-17,2026-08-17T13:07:15+09:00,-500
M0043,2028,2026-08-17,2026-08-17T14:03:11+09:00,-1000
M0043,2028,2026-08-17,2026-08-17T14:36:43+09:00,-100
M0043,2028,2026-08-17,2026-08-17T15:11:21+09:00,200
M0043,2028,2026-08-17,2026-08-17T15:59:33+09:00,-300
M0043,2028,2026-08-17,2026-08-17T16:33:27+09:00,-200
M0043,2028,2026-08-17,2026-08-17T17:09:07+09:00,-100
M0043,2028,2026-08-17,2026-08-17T17:58:27+09:00,0
M0043,2028,2026-08-17,2026-08-17T18:33:03+09:00,100
M0043,2028,2026-08-17,2026-08-17T19:09:23+09:00,-700
M0043,2028,2026-08-17,2026-08-17T19:59:55+09:00,-1300
M0043,2028,2026-08-17,2026-08-17T21:13:05+09:00,-300
M0043,2028,2026-08-17,2026-08-17T21:59:13+09:00,-400
M0044,2029,2026-08-17,2026-08-17T10:52:31+09:00,0
M0044,2029,2026-08-17,2026-08-17T11:28:29+09:00,-100
M0044,2029,2026-08-17,2026-08-17T12:02:23+09:00,500
M0044,2029,2026-08-17,2026-08-17T12:34:35+09:00,800
M0044,2029,2026-08-17,2026-08-17T13:07:15+09:00,600
M0044,2029,2026-08-17,2026-08-17T15:59:33+09:00,200
M0044,2029,2026-08-17,2026-08-17T16:33:27+09:00,-300
M0044,2029,2026-08-17,2026-08-17T17:09:07+09:00,-800
M0044,2029,2026-08-17,2026-08-17T19:09:23+09:00,0
M0044,2029,2026-08-17,2026-08-17T19:59:55+09:00,-700
M0044,2029,2026-08-17,2026-08-17T20:35:21+09:00,-300
M0044,2029,2026-08-17,2026-08-17T21:13:05+09:00,-500
M0044,2029,2026-08-17,2026-08-17T22:34:49+09:00,-700
M0045,2030,2026-08-17,2026-08-17T10:52:31+09:00,0
M0045,2030,2026-08-17,2026-08-17T11:28:29+09:00,-300
M0045,2030,2026-08-17,2026-08-17T12:02:23+09:00,-600
M0045,2030,2026-08-17,2026-08-17T12:34:35+09:00,-800
M0045,2030,2026-08-17,2026-08-17T14:03:11+09:00,-1200
M0045,2030,2026-08-17,2026-08-17T14:36:43+09:00,-1400
M0045,2030,2026-08-17,2026-08-17T15:11:21+09:00,-2200
M0045,2030,2026-08-17,2026-08-17T15:59:33+09:00,-2300
M0045,2030,2026-08-17,2026-08-17T22:34:49+09:00,-2500
M0046,2031,2026-08-17,2026-08-17T10:52:31+09:00,-100
M0046,2031,2026-08-17,2026-08-17T11:28:29+09:00,100
M0046,2031,2026-08-17,2026-08-17T12:02:23+09:00,-300
M0046,2031,2026-08-17,2026-08-17T12:34:35+09:00,-600
M0046,2031,2026-08-17,2026-08-17T13:07:15+09:00,-900
M0046,2031,2026-08-17,2026-08-17T13:35:21+09:00,-800
M0046,2031,2026-08-17,2026-08-17T14:03:11+09:00,-1300
M0046,2031,2026-08-17,2026-08-17T15:59:33+09:00,-1800
M0046,2031,2026-08-17,2026-08-17T16:33:27+09:00,-2300
M0046,2031,2026-08-17,2026-08-17T17:09:07+09:00,-2200
M0046,2031,2026-08-17,2026-08-17T19:09:23+09:00,-2300
M0047,2032,2026-08-17,2026-08-17T10:52:31+09:00,-200
M0047,2032,2026-08-17,2026-08-17T11:28:29+09:00,-600
M0047,2032,2026-08-17,2026-08-17T12:02:23+09:00,-1000
M0047,2032,2026-08-17,2026-08-17T12:34:35+09:00,-1600
M0047,2032,2026-08-17,2026-08-17T13:07:15+09:00,-2000
M0047,2032,2026-08-17,2026-08-17T13:35:21+09:00,-2400
M0047,2032,2026-08-17,2026-08-17T14:03:11+09:00,-2500
M0047,2032,2026-08-17,2026-08-17T14:36:43+09:00,-1900
M0047,2032,2026-08-17,2026-08-17T15:11:21+09:00,-1600
M0047,2032,2026-08-17,2026-08-17T15:59:33+09:00,-1500
M0047,2032,2026-08-17,2026-08-17T16:33:27+09:00,-1000
M0047,2032,2026-08-17,2026-08-17T17:09:07+09:00,-1500
M0047,2032,2026-08-17,2026-08-17T17:58:27+09:00,-1800
M0047,2032,2026-08-17,2026-08-17T18:33:03+09:00,-2500
M0047,2032,2026-08-17,2026-08-17T19:09:23+09:00,-3500
M0047,2032,2026-08-17,2026-08-17T19:59:55+09:00,-4000
M0047,2032,2026-08-17,2026-08-17T20:35:21+09:00,-3900
M0047,2032,2026-08-17,2026-08-17T21:13:05+09:00,-3500
M0048,2033,2026-08-17,2026-08-17T10:52:31+09:00,-200
M0048,2033,2026-08-17,2026-08-17T11:28:29+09:00,200
M0048,2033,2026-08-17,2026-08-17T12:02:23+09:00,700
M0048,2033,2026-08-17,2026-08-17T12:34:35+09:00,300
M0048,2033,2026-08-17,2026-08-17T13:07:15+09:00,100
M0048,2033,2026-08-17,2026-08-17T13:35:21+09:00,-300
M0048,2033,2026-08-17,2026-08-17T14:03:11+09:00,200
M0048,2033,2026-08-17,2026-08-17T14:36:43+09:00,-300
M0048,2033,2026-08-17,2026-08-17T15:11:21+09:00,700
M0048,2033,2026-08-17,2026-08-17T19:09:23+09:00,200
M0048,2033,2026-08-17,2026-08-17T19:59:55+09:00,-100
M0049,2034,2026-08-17,2026-08-17T10:52:31+09:00,0
M0049,2034,2026-08-17,2026-08-17T11:28:29+09:00,-200
M0049,2034,2026-08-17,2026-08-17T12:02:23+09:00,-400
M0049,2034,2026-08-17,2026-08-17T12:34:35+09:00,-700
M0049,2034,2026-08-17,2026-08-17T13:35:21+09:00,-1200
M0049,2034,2026-08-17,2026-08-17T14:03:11+09:00,-1100
M0049,2034,2026-08-17,2026-08-17T15:11:21+09:00,-1400
M0049,2034,2026-08-17,2026-08-17T15:59:33+09:00,-1800
M0049,2034,2026-08-17,2026-08-17T16:33:27+09:00,-2200
M0049,2034,2026-08-17,2026-08-17T17:58:27+09:00,-2000
M0049,2034,2026-08-17,2026-08-17T18:33:03+09:00,-1700
M0049,2034,2026-08-17,2026-08-17T20:35:21+09:00,-2000
M0049,2034,2026-08-17,2026-08-17T21:13:05+09:00,-2200
M0049,2034,2026-08-17,2026-08-17T21:59:13+09:00,-1900
M0049,2034,2026-08-17,2026-08-17T22:34:49+09:00,-1700
M0050,2035,2026-08-17,2026-08-17T10:52:31+09:00,200
M0050,2035,2026-08-17,2026-08-17T11:28:29+09:00,1100
M0050,2035,2026-08-17,2026-08-17T12:02:23+09:00,900
M0050,2035,2026-08-17,2026-08-17T13:35:21+09:00,400
M0050,2035,2026-08-17,2026-08-17T14:03:11+09:00,1000
M0050,2035,2026-08-17,2026-08-17T14:36:43+09:00,400
M0050,2035,2026-08-17,2026-08-17T17:09:07+09:00,700
M0050,2035,2026-08-17,2026-08-17T21:13:05+09:00,500
M0051,2036,2026-08-17,2026-08-17T10:52:31+09:00,0
M0051,2036,2026-08-17,2026-08-17T12:02:23+09:00,100
M0051,2036,2026-08-17,2026-08-17T12:34:35+09:00,-600
M0051,2036,2026-08-17,2026-08-17T13:07:15+09:00,-1100
M0051,2036,2026-08-17,2026-08-17T13:35:21+09:00,-900
M0051,2036,2026-08-17,2026-08-17T14:03:11+09:00,-1300
M0051,2036,2026-08-17,2026-08-17T14:36:43+09:00,-1900
M0051,2036,2026-08-17,2026-08-17T15:11:21+09:00,-800
M0051,2036,2026-08-17,2026-08-17T15:59:33+09:00,-1000
M0052,2037,2026-08-17,2026-08-17T10:52:31+09:00,-200
M0052,2037,2026-08-17,2026-08-17T11:28:29+09:00,-400
M0052,2037,2026-08-17,2026-08-17T12:02:23+09:00,-900
M0052,2037,2026-08-17,2026-08-17T12:34:35+09:00,-1200
M0052,2037,2026-08-17,2026-08-17T13:07:15+09:00,-1700
M0052,2037,2026-08-17,2026-08-17T13:35:21+09:00,-2200
M0052,2037,2026-08-17,2026-08-17T14:03:11+09:00,-2800
M0052,2037,2026-08-17,2026-08-17T14:36:43+09:00,-2500
M0052,2037,2026-08-17,2026-08-17T15:11:21+09:00,-1700
M0052,2037,2026-08-17,2026-08-17T15:59:33+09:00,-1300
M0052,2037,2026-08-17,2026-08-17T16:33:27+09:00,-1800
M0052,2037,2026-08-17,2026-08-17T17:09:07+09:00,-1200
M0052,2037,2026-08-17,2026-08-17T17:58:27+09:00,-300
M0052,2037,2026-08-17,2026-08-17T18:33:03+09:00,-400
M0053,2038,2026-08-17,2026-08-17T10:52:31+09:00,0
M0053,2038,2026-08-17,2026-08-17T13:07:15+09:00,-300
M0053,2038,2026-08-17,2026-08-17T13:35:21+09:00,-100
M0053,2038,2026-08-17,2026-08-17T14:03:11+09:00,400
M0053,2038,2026-08-17,2026-08-17T14:36:43+09:00,200
M0053,2038,2026-08-17,2026-08-17T15:11:21+09:00,-800
M0053,2038,2026-08-17,2026-08-17T15:59:33+09:00,-300
M0053,2038,2026-08-17,2026-08-17T16:33:27+09:00,500
M0053,2038,2026-08-17,2026-08-17T17:09:07+09:00,800
M0053,2038,2026-08-17,2026-08-17T17:58:27+09:00,300
M0053,2038,2026-08-17,2026-08-17T18:33:03+09:00,0
M0053,2038,2026-08-17,2026-08-17T19:09:23+09:00,300
M0053,2038,2026-08-17,2026-08-17T20:35:21+09:00,100
M0054,2039,2026-08-17,2026-08-17T10:52:31+09:00,0
M0054,2039,2026-08-17,2026-08-17T12:34:35+09:00,-500
M0054,2039,2026-08-17,2026-08-17T13:07:15+09:00,-1200
M0054,2039,2026-08-17,2026-08-17T13:35:21+09:00,-1100
M0054,2039,2026-08-17,2026-08-17T14:36:43+09:00,-1200
M0054,2039,2026-08-17,2026-08-17T15:11:21+09:00,500
M0054,2039,2026-08-17,2026-08-17T15:59:33+09:00,1300
M0054,2039,2026-08-17,2026-08-17T16:33:27+09:00,2300
M0054,2039,2026-08-17,2026-08-17T17:09:07+09:00,3100
M0055,2040,2026-08-17,2026-08-17T10:52:31+09:00,-200
M0055,2040,2026-08-17,2026-08-17T11:28:29+09:00,-500
M0055,2040,2026-08-17,2026-08-17T12:02:23+09:00,-1000
M0055,2040,2026-08-17,2026-08-17T12:34:35+09:00,-1300
M0055,2040,2026-08-17,2026-08-17T13:35:21+09:00,-1700
M0055,2040,2026-08-17,2026-08-17T14:03:11+09:00,-2200
M0055,2040,2026-08-17,2026-08-17T15:11:21+09:00,-600
M0055,2040,2026-08-17,2026-08-17T15:59:33+09:00,300
M0055,2040,2026-08-17,2026-08-17T16:33:27+09:00,1100
M0055,2040,2026-08-17,2026-08-17T17:09:07+09:00,1000
M0055,2040,2026-08-17,2026-08-17T17:58:27+09:00,900
M0055,2040,2026-08-17,2026-08-17T19:09:23+09:00,800
M0055,2040,2026-08-17,2026-08-17T19:59:55+09:00,900
M0055,2040,2026-08-17,2026-08-17T21:13:05+09:00,800
M0055,2040,2026-08-17,2026-08-17T21:59:13+09:00,600
M0056,2041,2026-08-17,2026-08-17T10:52:31+09:00,0
M0056,2041,2026-08-17,2026-08-17T11:28:29+09:00,-600
M0056,2041,2026-08-17,2026-08-17T12:02:23+09:00,-1000
M0056,2041,2026-08-17,2026-08-17T12:34:35+09:00,-500
M0056,2041,2026-08-17,2026-08-17T13:07:15+09:00,-800
M0056,2041,2026-08-17,2026-08-17T13:35:21+09:00,-1100
M0056,2041,2026-08-17,2026-08-17T14:03:11+09:00,-1400
M0056,2041,2026-08-17,2026-08-17T14:36:43+09:00,-800
M0056,2041,2026-08-17,2026-08-17T15:11:21+09:00,-100
M0056,2041,2026-08-17,2026-08-17T15:59:33+09:00,-200
M0056,2041,2026-08-17,2026-08-17T16:33:27+09:00,-100
M0056,2041,2026-08-17,2026-08-17T17:09:07+09:00,-1200
M0056,2041,2026-08-17,2026-08-17T17:58:27+09:00,-1400
M0056,2041,2026-08-17,2026-08-17T18:33:03+09:00,-1200
M0056,2041,2026-08-17,2026-08-17T19:09:23+09:00,-1400
M0057,2042,2026-08-17,2026-08-17T10:52:31+09:00,-100
M0057,2042,2026-08-17,2026-08-17T11:28:29+09:00,600
M0057,2042,2026-08-17,2026-08-17T12:02:23+09:00,400
M0057,2042,2026-08-17,2026-08-17T12:34:35+09:00,0
M0057,2042,2026-08-17,2026-08-17T13:07:15+09:00,600
M0057,2042,2026-08-17,2026-08-17T13:35:21+09:00,300
M0057,2042,2026-08-17,2026-08-17T14:03:11+09:00,-100
M0057,2042,2026-08-17,2026-08-17T14:36:43+09:00,600
M0057,2042,2026-08-17,2026-08-17T15:11:21+09:00,1600
M0057,2042,2026-08-17,2026-08-17T16:33:27+09:00,1100
M0057,2042,2026-08-17,2026-08-17T17:09:07+09:00,700
M0057,2042,2026-08-17,2026-08-17T17:58:27+09:00,500
M0057,2042,2026-08-17,2026-08-17T19:59:55+09:00,100
M0057,2042,2026-08-17,2026-08-17T20:35:21+09:00,-100
M0057,2042,2026-08-17,2026-08-17T21:13:05+09:00,-400
M0058,2043,2026-08-17,2026-08-17T10:52:31+09:00,0
M0058,2043,2026-08-17,2026-08-17T14:36:43+09:00,-300
M0058,2043,2026-08-17,2026-08-17T15:11:21+09:00,-800
M0058,2043,2026-08-17,2026-08-17T15:59:33+09:00,-400
M0058,2043,2026-08-17,2026-08-17T16:33:27+09:00,400
M0058,2043,2026-08-17,2026-08-17T17:58:27+09:00,200
M0058,2043,2026-08-17,2026-08-17T18:33:03+09:00,100
M0058,2043,2026-08-17,2026-08-17T19:59:55+09:00,-300
M0058,2043,2026-08-17,2026-08-17T20:35:21+09:00,-500
M0059,2044,2026-08-17,2026-08-17T10:52:31+09:00,0
M0059,2044,2026-08-17,2026-08-17T11:28:29+09:00,200
M0059,2044,2026-08-17,2026-08-17T12:02:23+09:00,400
M0059,2044,2026-08-17,2026-08-17T12:34:35+09:00,500
M0059,2044,2026-08-17,2026-08-17T13:07:15+09:00,400
M0059,2044,2026-08-17,2026-08-17T13:35:21+09:00,1000
M0059,2044,2026-08-17,2026-08-17T14:03:11+09:00,1300
M0059,2044,2026-08-17,2026-08-17T15:11:21+09:00,1200
M0059,2044,2026-08-17,2026-08-17T15:59:33+09:00,700
M0059,2044,2026-08-17,2026-08-17T16:33:27+09:00,200
M0059,2044,2026-08-17,2026-08-17T17:09:07+09:00,-300
M0059,2044,2026-08-17,2026-08-17T17:58:27+09:00,-500
M0059,2044,2026-08-17,2026-08-17T18:33:03+09:00,-200
M0059,2044,2026-08-17,2026-08-17T19:09:23+09:00,-100
M0059,2044,2026-08-17,2026-08-17T20:35:21+09:00,-300
M0059,2044,2026-08-17,2026-08-17T21:13:05+09:00,-1100
M0059,2044,2026-08-17,2026-08-17T22:34:49+09:00,0
M0059,2044,2026-08-17,2026-08-17T23:11:50+09:00,200
M0060,2045,2026-08-17,2026-08-17T10:52:31+09:00,0
M0060,2045,2026-08-17,2026-08-17T11:28:29+09:00,-300
M0060,2045,2026-08-17,2026-08-17T12:02:23+09:00,-900
M0060,2045,2026-08-17,2026-08-17T12:34:35+09:00,-1200
M0060,2045,2026-08-17,2026-08-17T13:07:15+09:00,-1500
M0060,2045,2026-08-17,2026-08-17T13:35:21+09:00,-2000
M0060,2045,2026-08-17,2026-08-17T14:03:11+09:00,-1900
M0061,2046,2026-08-17,2026-08-17T10:52:31+09:00,0
M0061,2046,2026-08-17,2026-08-17T14:03:11+09:00,-500
M0061,2046,2026-08-17,2026-08-17T14:36:43+09:00,200
M0061,2046,2026-08-17,2026-08-17T15:11:21+09:00,-700
M0061,2046,2026-08-17,2026-08-17T16:33:27+09:00,-800
M0061,2046,2026-08-17,2026-08-17T17:09:07+09:00,-600
M0061,2046,2026-08-17,2026-08-17T17:58:27+09:00,-100
M0061,2046,2026-08-17,2026-08-17T18:33:03+09:00,800
M0061,2046,2026-08-17,2026-08-17T19:09:23+09:00,2400
M0061,2046,2026-08-17,2026-08-17T19:59:55+09:00,2700
M0061,2046,2026-08-17,2026-08-17T21:13:05+09:00,2600
M0062,2047,2026-08-17,2026-08-17T10:52:31+09:00,-100
M0062,2047,2026-08-17,2026-08-17T11:28:29+09:00,-200
M0062,2047,2026-08-17,2026-08-17T12:02:23+09:00,-700
M0062,2047,2026-08-17,2026-08-17T12:34:35+09:00,-1300
M0062,2047,2026-08-17,2026-08-17T13:07:15+09:00,-1800
M0062,2047,2026-08-17,2026-08-17T13:35:21+09:00,-1500
M0062,2047,2026-08-17,2026-08-17T14:03:11+09:00,-2000
M0062,2047,2026-08-17,2026-08-17T14:36:43+09:00,-2400
M0062,2047,2026-08-17,2026-08-17T15:11:21+09:00,-2900
M0062,2047,2026-08-17,2026-08-17T16:33:27+09:00,-3000
M0062,2047,2026-08-17,2026-08-17T17:09:07+09:00,-4000
M0062,2047,2026-08-17,2026-08-17T17:58:27+09:00,-4500
M0062,2047,2026-08-17,2026-08-17T18:33:03+09:00,-4700
M0062,2047,2026-08-17,2026-08-17T19:09:23+09:00,-4600
M0062,2047,2026-08-17,2026-08-17T19:59:55+09:00,-3900
M0062,2047,2026-08-17,2026-08-17T20:35:21+09:00,-4200
M0063,2048,2026-08-17,2026-08-17T10:52:31+09:00,0
M0063,2048,2026-08-17,2026-08-17T14:03:11+09:00,600
M0063,2048,2026-08-17,2026-08-17T14:36:43+09:00,-100
M0063,2048,2026-08-17,2026-08-17T15:11:21+09:00,-900
M0063,2048,2026-08-17,2026-08-17T16:33:27+09:00,-700
M0064,2049,2026-08-17,2026-08-17T10:52:31+09:00,0
M0064,2049,2026-08-17,2026-08-17T11:28:29+09:00,800
M0064,2049,2026-08-17,2026-08-17T12:02:23+09:00,200
M0064,2049,2026-08-17,2026-08-17T12:34:35+09:00,600
M0064,2049,2026-08-17,2026-08-17T13:07:15+09:00,800
M0064,2049,2026-08-17,2026-08-17T13:35:21+09:00,300
M0064,2049,2026-08-17,2026-08-17T16:33:27+09:00,-200
M0064,2049,2026-08-17,2026-08-17T17:09:07+09:00,-1200
M0064,2049,2026-08-17,2026-08-17T17:58:27+09:00,-1500
M0064,2049,2026-08-17,2026-08-17T18:33:03+09:00,-2000
M0064,2049,2026-08-17,2026-08-17T19:09:23+09:00,-1600
M0064,2049,2026-08-17,2026-08-17T19:59:55+09:00,-2300
M0064,2049,2026-08-17,2026-08-17T20:35:21+09:00,-2400
M0064,2049,2026-08-17,2026-08-17T21:13:05+09:00,-1900
M0064,2049,2026-08-17,2026-08-17T21:59:13+09:00,-1000
M0064,2049,2026-08-17,2026-08-17T22:34:49+09:00,-1600
M0065,2050,2026-08-17,2026-08-17T10:52:31+09:00,0
M0065,2050,2026-08-17,2026-08-17T11:28:29+09:00,200
M0065,2050,2026-08-17,2026-08-17T12:02:23+09:00,-400
M0065,2050,2026-08-17,2026-08-17T12:34:35+09:00,-900
M0065,2050,2026-08-17,2026-08-17T13:07:15+09:00,-300
M0065,2050,2026-08-17,2026-08-17T13:35:21+09:00,400
M0065,2050,2026-08-17,2026-08-17T14:03:11+09:00,300
M0065,2050,2026-08-17,2026-08-17T14:36:43+09:00,-100
M0066,2051,2026-08-17,2026-08-17T10:52:31+09:00,-100
M0066,2051,2026-08-17,2026-08-17T11:28:29+09:00,-600
M0066,2051,2026-08-17,2026-08-17T12:02:23+09:00,-100
M0066,2051,2026-08-17,2026-08-17T12:34:35+09:00,-500
M0066,2051,2026-08-17,2026-08-17T13:07:15+09:00,-1100
M0066,2051,2026-08-17,2026-08-17T13:35:21+09:00,-300
M0066,2051,2026-08-17,2026-08-17T14:03:11+09:00,-400
M0066,2051,2026-08-17,2026-08-17T14:36:43+09:00,-300
M0066,2051,2026-08-17,2026-08-17T15:11:21+09:00,-1200
M0066,2051,2026-08-17,2026-08-17T15:59:33+09:00,-1500
M0066,2051,2026-08-17,2026-08-17T16:33:27+09:00,-2000
M0066,2051,2026-08-17,2026-08-17T17:09:07+09:00,-3000
M0066,2051,2026-08-17,2026-08-17T17:58:27+09:00,-2300
M0066,2051,2026-08-17,2026-08-17T18:33:03+09:00,-2400
M0066,2051,2026-08-17,2026-08-17T19:09:23+09:00,-2900
M0066,2051,2026-08-17,2026-08-17T21:59:13+09:00,-3300
M0067,2052,2026-08-17,2026-08-17T10:52:31+09:00,-200
M0067,2052,2026-08-17,2026-08-17T11:28:29+09:00,-700
M0067,2052,2026-08-17,2026-08-17T12:02:23+09:00,-100
M0067,2052,2026-08-17,2026-08-17T12:34:35+09:00,800
M0067,2052,2026-08-17,2026-08-17T13:07:15+09:00,1500
M0067,2052,2026-08-17,2026-08-17T13:35:21+09:00,2500
M0067,2052,2026-08-17,2026-08-17T14:03:11+09:00,2700
M0067,2052,2026-08-17,2026-08-17T14:36:43+09:00,2300
M0067,2052,2026-08-17,2026-08-17T15:11:21+09:00,1500
M0067,2052,2026-08-17,2026-08-17T15:59:33+09:00,1200
M0067,2052,2026-08-17,2026-08-17T16:33:27+09:00,900
M0067,2052,2026-08-17,2026-08-17T17:09:07+09:00,1300
M0067,2052,2026-08-17,2026-08-17T17:58:27+09:00,900
M0067,2052,2026-08-17,2026-08-17T19:09:23+09:00,1500
M0068,2053,2026-08-17,2026-08-17T10:52:31+09:00,0
M0068,2053,2026-08-17,2026-08-17T12:02:23+09:00,-100
M0068,2053,2026-08-17,2026-08-17T14:36:43+09:00,-200
M0068,2053,2026-08-17,2026-08-17T15:11:21+09:00,1100
M0068,2053,2026-08-17,2026-08-17T15:59:33+09:00,1600
M0068,2053,2026-08-17,2026-08-17T16:33:27+09:00,1100
M0068,2053,2026-08-17,2026-08-17T17:09:07+09:00,200
M0068,2053,2026-08-17,2026-08-17T17:58:27+09:00,-100
M0068,2053,2026-08-17,2026-08-17T18:33:03+09:00,-600
M0068,2053,2026-08-17,2026-08-17T19:09:23+09:00,900
M0068,2053,2026-08-17,2026-08-17T19:59:55+09:00,800
M0069,2054,2026-08-17,2026-08-17T10:52:31+09:00,0
M0069,2054,2026-08-17,2026-08-17T11:28:29+09:00,-200
M0069,2054,2026-08-17,2026-08-17T12:02:23+09:00,-700
M0069,2054,2026-08-17,2026-08-17T12:34:35+09:00,-500
M0069,2054,2026-08-17,2026-08-17T13:07:15+09:00,-1000
M0069,2054,2026-08-17,2026-08-17T13:35:21+09:00,-1500
M0069,2054,2026-08-17,2026-08-17T14:03:11+09:00,-1700
M0069,2054,2026-08-17,2026-08-17T18:33:03+09:00,-1800
M0069,2054,2026-08-17,2026-08-17T19:09:23+09:00,-3000
M0069,2054,2026-08-17,2026-08-17T19:59:55+09:00,-3400
M0069,2054,2026-08-17,2026-08-17T20:35:21+09:00,-2700
M0069,2054,2026-08-17,2026-08-17T21:13:05+09:00,-1600
M0069,2054,2026-08-17,2026-08-17T21:59:13+09:00,-1500
M0069,2054,2026-08-17,2026-08-17T22:34:49+09:00,-1300
M0069,2054,2026-08-17,2026-08-17T23:11:50+09:00,-1200
M0070,2055,2026-08-17,2026-08-17T10:52:31+09:00,-100
M0070,2055,2026-08-17,2026-08-17T11:28:29+09:00,-500
M0070,2055,2026-08-17,2026-08-17T12:02:23+09:00,200
M0070,2055,2026-08-17,2026-08-17T12:34:35+09:00,1000
M0070,2055,2026-08-17,2026-08-17T13:07:15+09:00,2000
M0070,2055,2026-08-17,2026-08-17T13:35:21+09:00,2600
M0070,2055,2026-08-17,2026-08-17T14:03:11+09:00,3200
M0070,2055,2026-08-17,2026-08-17T14:36:43+09:00,3300
M0070,2055,2026-08-17,2026-08-17T15:11:21+09:00,2400
M0070,2055,2026-08-17,2026-08-17T15:59:33+09:00,2000
M0070,2055,2026-08-17,2026-08-17T16:33:27+09:00,2300
M0070,2055,2026-08-17,2026-08-17T17:09:07+09:00,2100
M0070,2055,2026-08-17,2026-08-17T17:58:27+09:00,1800
M0070,2055,2026-08-17,2026-08-17T19:09:23+09:00,3500
M0070,2055,2026-08-17,2026-08-17T19:59:55+09:00,4500
M0070,2055,2026-08-17,2026-08-17T20:35:21+09:00,5400
M0071,2056,2026-08-17,2026-08-17T10:52:31+09:00,0
M0071,2056,2026-08-17,2026-08-17T12:02:23+09:00,-100
M0071,2056,2026-08-17,2026-08-17T12:34:35+09:00,600
M0071,2056,2026-08-17,2026-08-17T13:07:15+09:00,800
M0071,2056,2026-08-17,2026-08-17T13:35:21+09:00,1100
M0071,2056,2026-08-17,2026-08-17T14:36:43+09:00,1300
M0071,2056,2026-08-17,2026-08-17T15:59:33+09:00,900
M0071,2056,2026-08-17,2026-08-17T16:33:27+09:00,400
M0071,2056,2026-08-17,2026-08-17T17:09:07+09:00,2300
M0071,2056,2026-08-17,2026-08-17T17:58:27+09:00,2900
M0071,2056,2026-08-17,2026-08-17T18:33:03+09:00,3700
M0071,2056,2026-08-17,2026-08-17T19:09:23+09:00,4100
M0071,2056,2026-08-17,2026-08-17T19:59:55+09:00,5100
M0071,2056,2026-08-17,2026-08-17T20:35:21+09:00,6100
M0071,2056,2026-08-17,2026-08-17T21:13:05+09:00,5700
M0071,2056,2026-08-17,2026-08-17T21:59:13+09:00,5500
M0071,2056,2026-08-17,2026-08-17T22:34:49+09:00,5400
M0072,2057,2026-08-17,2026-08-17T10:52:31+09:00,0
M0072,2057,2026-08-17,2026-08-17T14:03:11+09:00,-600
M0072,2057,2026-08-17,2026-08-17T14:36:43+09:00,-500
M0072,2057,2026-08-17,2026-08-17T15:11:21+09:00,-900
M0072,2057,2026-08-17,2026-08-17T16:33:27+09:00,-1300
M0072,2057,2026-08-17,2026-08-17T17:09:07+09:00,-1900
M0072,2057,2026-08-17,2026-08-17T17:58:27+09:00,-2100
M0073,2058,2026-08-17,2026-08-17T10:52:31+09:00,-100
M0073,2058,2026-08-17,2026-08-17T11:28:29+09:00,100
M0073,2058,2026-08-17,2026-08-17T12:02:23+09:00,-300
M0073,2058,2026-08-17,2026-08-17T12:34:35+09:00,-800
M0073,2058,2026-08-17,2026-08-17T13:07:15+09:00,-1200
M0073,2058,2026-08-17,2026-08-17T13:35:21+09:00,-1600
M0073,2058,2026-08-17,2026-08-17T14:03:11+09:00,-2000
M0073,2058,2026-08-17,2026-08-17T14:36:43+09:00,-1300
M0073,2058,2026-08-17,2026-08-17T15:11:21+09:00,-1200
M0074,2059,2026-08-17,2026-08-17T10:52:31+09:00,-100
M0074,2059,2026-08-17,2026-08-17T12:02:23+09:00,-400
M0074,2059,2026-08-17,2026-08-17T12:34:35+09:00,-600
M0074,2059,2026-08-17,2026-08-17T13:07:15+09:00,-200
M0074,2059,2026-08-17,2026-08-17T13:35:21+09:00,-600
M0074,2059,2026-08-17,2026-08-17T14:36:43+09:00,-100
M0074,2059,2026-08-17,2026-08-17T15:11:21+09:00,100
M0074,2059,2026-08-17,2026-08-17T15:59:33+09:00,-400
M0074,2059,2026-08-17,2026-08-17T16:33:27+09:00,-900
M0074,2059,2026-08-17,2026-08-17T17:09:07+09:00,-300
M0074,2059,2026-08-17,2026-08-17T17:58:27+09:00,0
M0074,2059,2026-08-17,2026-08-17T18:33:03+09:00,700
M0074,2059,2026-08-17,2026-08-17T19:09:23+09:00,500
M0074,2059,2026-08-17,2026-08-17T19:59:55+09:00,0
M0074,2059,2026-08-17,2026-08-17T20:35:21+09:00,-300
M0074,2059,2026-08-17,2026-08-17T21:13:05+09:00,-1200
M0074,2059,2026-08-17,2026-08-17T21:59:13+09:00,-1300
M0074,2059,2026-08-17,2026-08-17T22:34:49+09:00,-600
M0074,2059,2026-08-17,2026-08-17T23:11:50+09:00,-800
M0075,2124,2026-08-17,2026-08-17T10:52:31+09:00,-100
M0075,2124,2026-08-17,2026-08-17T11:28:29+09:00,200
M0075,2124,2026-08-17,2026-08-17T12:02:23+09:00,-100
M0075,2124,2026-08-17,2026-08-17T12:34:35+09:00,100
M0075,2124,2026-08-17,2026-08-17T13:07:15+09:00,-200
M0075,2124,2026-08-17,2026-08-17T13:35:21+09:00,600
M0075,2124,2026-08-17,2026-08-17T14:03:11+09:00,800
M0075,2124,2026-08-17,2026-08-17T14:36:43+09:00,600
M0075,2124,2026-08-17,2026-08-17T15:11:21+09:00,1000
M0075,2124,2026-08-17,2026-08-17T15:59:33+09:00,1200
M0075,2124,2026-08-17,2026-08-17T16:33:27+09:00,900
M0075,2124,2026-08-17,2026-08-17T17:09:07+09:00,200
M0075,2124,2026-08-17,2026-08-17T17:58:27+09:00,400
M0075,2124,2026-08-17,2026-08-17T18:33:03+09:00,-200
M0075,2124,2026-08-17,2026-08-17T19:09:23+09:00,700
M0075,2124,2026-08-17,2026-08-17T19:59:55+09:00,0
M0075,2124,2026-08-17,2026-08-17T20:35:21+09:00,-100
M0075,2124,2026-08-17,2026-08-17T21:13:05+09:00,-600
M0075,2124,2026-08-17,2026-08-17T21:59:13+09:00,600
M0075,2124,2026-08-17,2026-08-17T22:34:49+09:00,1000
M0076,2125,2026-08-17,2026-08-17T10:52:31+09:00,-100
M0076,2125,2026-08-17,2026-08-17T11:28:29+09:00,-400
M0076,2125,2026-08-17,2026-08-17T12:02:23+09:00,600
M0076,2125,2026-08-17,2026-08-17T12:34:35+09:00,0
M0076,2125,2026-08-17,2026-08-17T13:07:15+09:00,-100
M0076,2125,2026-08-17,2026-08-17T13:35:21+09:00,-400
M0076,2125,2026-08-17,2026-08-17T15:11:21+09:00,-1000
M0076,2125,2026-08-17,2026-08-17T15:59:33+09:00,-1200
M0076,2125,2026-08-17,2026-08-17T16:33:27+09:00,-1400
M0076,2125,2026-08-17,2026-08-17T18:33:03+09:00,-1800
M0076,2125,2026-08-17,2026-08-17T19:09:23+09:00,-2000
M0077,2126,2026-08-17,2026-08-17T10:52:31+09:00,-200
M0077,2126,2026-08-17,2026-08-17T11:28:29+09:00,-700
M0077,2126,2026-08-17,2026-08-17T12:02:23+09:00,-600
M0077,2126,2026-08-17,2026-08-17T12:34:35+09:00,-1000
M0077,2126,2026-08-17,2026-08-17T13:07:15+09:00,-1300
M0077,2126,2026-08-17,2026-08-17T13:35:21+09:00,-500
M0077,2126,2026-08-17,2026-08-17T14:03:11+09:00,400
M0077,2126,2026-08-17,2026-08-17T14:36:43+09:00,1000
M0077,2126,2026-08-17,2026-08-17T15:11:21+09:00,2300
M0077,2126,2026-08-17,2026-08-17T15:59:33+09:00,3200
M0077,2126,2026-08-17,2026-08-17T16:33:27+09:00,3700
M0077,2126,2026-08-17,2026-08-17T17:09:07+09:00,2800
M0077,2126,2026-08-17,2026-08-17T17:58:27+09:00,2900
M0077,2126,2026-08-17,2026-08-17T18:33:03+09:00,3800
M0077,2126,2026-08-17,2026-08-17T19:09:23+09:00,3500
M0077,2126,2026-08-17,2026-08-17T19:59:55+09:00,2900
M0077,2126,2026-08-17,2026-08-17T20:35:21+09:00,2500
M0077,2126,2026-08-17,2026-08-17T21:13:05+09:00,2400
M0077,2126,2026-08-17,2026-08-17T21:59:13+09:00,2500
M0078,2127,2026-08-17,2026-08-17T10:52:31+09:00,200
M0078,2127,2026-08-17,2026-08-17T11:28:29+09:00,-200
M0078,2127,2026-08-17,2026-08-17T12:02:23+09:00,-100
M0078,2127,2026-08-17,2026-08-17T12:34:35+09:00,800
M0078,2127,2026-08-17,2026-08-17T13:07:15+09:00,1900
M0078,2127,2026-08-17,2026-08-17T13:35:21+09:00,2700
M0078,2127,2026-08-17,2026-08-17T14:03:11+09:00,3500
M0078,2127,2026-08-17,2026-08-17T15:11:21+09:00,3600
M0078,2127,2026-08-17,2026-08-17T15:59:33+09:00,3200
M0078,2127,2026-08-17,2026-08-17T17:09:07+09:00,3800
M0078,2127,2026-08-17,2026-08-17T17:58:27+09:00,3900
M0078,2127,2026-08-17,2026-08-17T18:33:03+09:00,4400
M0078,2127,2026-08-17,2026-08-17T19:09:23+09:00,5700
M0078,2127,2026-08-17,2026-08-17T19:59:55+09:00,6600
M0078,2127,2026-08-17,2026-08-17T20:35:21+09:00,6100
M0078,2127,2026-08-17,2026-08-17T21:13:05+09:00,6300
M0079,2128,2026-08-17,2026-08-17T10:52:31+09:00,-100
M0079,2128,2026-08-17,2026-08-17T11:28:29+09:00,-500
M0079,2128,2026-08-17,2026-08-17T12:34:35+09:00,-100
M0079,2128,2026-08-17,2026-08-17T13:07:15+09:00,600
M0079,2128,2026-08-17,2026-08-17T13:35:21+09:00,800
M0079,2128,2026-08-17,2026-08-17T14:03:11+09:00,700
M0079,2128,2026-08-17,2026-08-17T14:36:43+09:00,400
M0079,2128,2026-08-17,2026-08-17T15:11:21+09:00,0
M0079,2128,2026-08-17,2026-08-17T15:59:33+09:00,600
M0079,2128,2026-08-17,2026-08-17T16:33:27+09:00,500
M0079,2128,2026-08-17,2026-08-17T17:09:07+09:00,300
M0079,2128,2026-08-17,2026-08-17T17:58:27+09:00,-100
M0079,2128,2026-08-17,2026-08-17T18:33:03+09:00,600
M0079,2128,2026-08-17,2026-08-17T19:09:23+09:00,2200
M0079,2128,2026-08-17,2026-08-17T19:59:55+09:00,2400
M0079,2128,2026-08-17,2026-08-17T20:35:21+09:00,2000
M0079,2128,2026-08-17,2026-08-17T21:13:05+09:00,1700
M0080,2129,2026-08-17,2026-08-17T10:52:31+09:00,-200
M0080,2129,2026-08-17,2026-08-17T12:02:23+09:00,-700
M0080,2129,2026-08-17,2026-08-17T12:34:35+09:00,-900
M0080,2129,2026-08-17,2026-08-17T13:07:15+09:00,-1400
M0080,2129,2026-08-17,2026-08-17T13:35:21+09:00,-1100
M0080,2129,2026-08-17,2026-08-17T14:03:11+09:00,0
M0080,2129,2026-08-17,2026-08-17T14:36:43+09:00,800
M0080,2129,2026-08-17,2026-08-17T15:11:21+09:00,2600
M0080,2129,2026-08-17,2026-08-17T15:59:33+09:00,2500
M0080,2129,2026-08-17,2026-08-17T17:09:07+09:00,1500
M0080,2129,2026-08-17,2026-08-17T17:58:27+09:00,1900
M0080,2129,2026-08-17,2026-08-17T18:33:03+09:00,1600
M0080,2129,2026-08-17,2026-08-17T19:09:23+09:00,1100
M0080,2129,2026-08-17,2026-08-17T19:59:55+09:00,1300
M0080,2129,2026-08-17,2026-08-17T20:35:21+09:00,2000
M0031,2016,2026-08-18,2026-08-18T10:52:51+09:00,0
M0031,2016,2026-08-18,2026-08-18T12:35:21+09:00,-500
M0031,2016,2026-08-18,2026-08-18T13:07:37+09:00,-300
M0031,2016,2026-08-18,2026-08-18T13:35:43+09:00,-900
M0031,2016,2026-08-18,2026-08-18T14:04:28+09:00,-1200
M0031,2016,2026-08-18,2026-08-18T14:37:28+09:00,-300
M0031,2016,2026-08-18,2026-08-18T15:11:53+09:00,200
M0031,2016,2026-08-18,2026-08-18T20:35:25+09:00,100
M0032,2017,2026-08-18,2026-08-18T10:52:51+09:00,0
M0032,2017,2026-08-18,2026-08-18T11:28:45+09:00,-500
M0032,2017,2026-08-18,2026-08-18T13:07:37+09:00,-700
M0032,2017,2026-08-18,2026-08-18T13:35:43+09:00,100
M0032,2017,2026-08-18,2026-08-18T14:37:28+09:00,-300
M0032,2017,2026-08-18,2026-08-18T15:11:53+09:00,0
M0032,2017,2026-08-18,2026-08-18T15:59:35+09:00,-300
M0032,2017,2026-08-18,2026-08-18T16:33:08+09:00,-900
M0032,2017,2026-08-18,2026-08-18T17:08:27+09:00,-400
M0032,2017,2026-08-18,2026-08-18T19:09:25+09:00,-700
M0032,2017,2026-08-18,2026-08-18T19:59:53+09:00,-1100
M0032,2017,2026-08-18,2026-08-18T20:35:25+09:00,-1300
M0032,2017,2026-08-18,2026-08-18T21:11:41+09:00,-1200
M0033,2018,2026-08-18,2026-08-18T10:52:51+09:00,-100
M0033,2018,2026-08-18,2026-08-18T11:28:45+09:00,-500
M0033,2018,2026-08-18,2026-08-18T12:02:47+09:00,300
M0033,2018,2026-08-18,2026-08-18T12:35:21+09:00,1200
M0033,2018,2026-08-18,2026-08-18T13:07:37+09:00,1300
M0033,2018,2026-08-18,2026-08-18T13:35:43+09:00,2200
M0033,2018,2026-08-18,2026-08-18T14:04:28+09:00,3000
M0033,2018,2026-08-18,2026-08-18T14:37:28+09:00,2700
M0033,2018,2026-08-18,2026-08-18T15:11:53+09:00,1900
M0033,2018,2026-08-18,2026-08-18T15:59:35+09:00,1400
M0033,2018,2026-08-18,2026-08-18T17:59:01+09:00,1200
M0033,2018,2026-08-18,2026-08-18T18:33:31+09:00,1900
M0033,2018,2026-08-18,2026-08-18T19:09:25+09:00,2500
M0033,2018,2026-08-18,2026-08-18T20:35:25+09:00,2200
M0033,2018,2026-08-18,2026-08-18T21:11:41+09:00,2100
M0033,2018,2026-08-18,2026-08-18T21:57:39+09:00,2000
M0034,2019,2026-08-18,2026-08-18T10:52:51+09:00,-100
M0034,2019,2026-08-18,2026-08-18T11:28:45+09:00,-200
M0034,2019,2026-08-18,2026-08-18T12:02:47+09:00,400
M0034,2019,2026-08-18,2026-08-18T12:35:21+09:00,300
M0034,2019,2026-08-18,2026-08-18T13:07:37+09:00,-200
M0034,2019,2026-08-18,2026-08-18T13:35:43+09:00,-300
M0034,2019,2026-08-18,2026-08-18T14:04:28+09:00,300
M0034,2019,2026-08-18,2026-08-18T14:37:28+09:00,-100
M0034,2019,2026-08-18,2026-08-18T15:11:53+09:00,-400
M0034,2019,2026-08-18,2026-08-18T15:59:35+09:00,-600
M0034,2019,2026-08-18,2026-08-18T16:33:08+09:00,200
M0034,2019,2026-08-18,2026-08-18T17:08:27+09:00,100
M0034,2019,2026-08-18,2026-08-18T17:59:01+09:00,500
M0034,2019,2026-08-18,2026-08-18T18:33:31+09:00,-100
M0034,2019,2026-08-18,2026-08-18T19:09:25+09:00,-700
M0034,2019,2026-08-18,2026-08-18T19:59:53+09:00,-800
M0034,2019,2026-08-18,2026-08-18T20:35:25+09:00,-1100
M0034,2019,2026-08-18,2026-08-18T21:11:41+09:00,-1400
M0035,2020,2026-08-18,2026-08-18T10:52:51+09:00,-200
M0035,2020,2026-08-18,2026-08-18T11:28:45+09:00,0
M0035,2020,2026-08-18,2026-08-18T12:02:47+09:00,900
M0035,2020,2026-08-18,2026-08-18T12:35:21+09:00,800
M0035,2020,2026-08-18,2026-08-18T13:07:37+09:00,1000
M0035,2020,2026-08-18,2026-08-18T13:35:43+09:00,500
M0035,2020,2026-08-18,2026-08-18T14:04:28+09:00,-100
M0035,2020,2026-08-18,2026-08-18T14:37:28+09:00,0
M0035,2020,2026-08-18,2026-08-18T15:11:53+09:00,1000
M0035,2020,2026-08-18,2026-08-18T15:59:35+09:00,300
M0035,2020,2026-08-18,2026-08-18T16:33:08+09:00,700
M0035,2020,2026-08-18,2026-08-18T17:08:27+09:00,500
M0035,2020,2026-08-18,2026-08-18T17:59:01+09:00,100
M0035,2020,2026-08-18,2026-08-18T18:33:31+09:00,400
M0035,2020,2026-08-18,2026-08-18T19:09:25+09:00,100
M0035,2020,2026-08-18,2026-08-18T19:59:53+09:00,-500
M0035,2020,2026-08-18,2026-08-18T20:35:25+09:00,-200
M0035,2020,2026-08-18,2026-08-18T21:11:41+09:00,0
M0035,2020,2026-08-18,2026-08-18T21:57:39+09:00,-300
M0035,2020,2026-08-18,2026-08-18T22:33:27+09:00,-600
M0036,2021,2026-08-18,2026-08-18T10:52:51+09:00,-100
M0036,2021,2026-08-18,2026-08-18T11:28:45+09:00,-200
M0036,2021,2026-08-18,2026-08-18T12:02:47+09:00,-400
M0036,2021,2026-08-18,2026-08-18T12:35:21+09:00,-500
M0036,2021,2026-08-18,2026-08-18T13:07:37+09:00,0
M0036,2021,2026-08-18,2026-08-18T13:35:43+09:00,-200
M0036,2021,2026-08-18,2026-08-18T14:04:28+09:00,400
M0036,2021,2026-08-18,2026-08-18T14:37:28+09:00,300
M0036,2021,2026-08-18,2026-08-18T15:11:53+09:00,-500
M0036,2021,2026-08-18,2026-08-18T15:59:35+09:00,-700
M0036,2021,2026-08-18,2026-08-18T18:33:31+09:00,-300
M0036,2021,2026-08-18,2026-08-18T19:09:25+09:00,0
M0036,2021,2026-08-18,2026-08-18T19:59:53+09:00,-300
M0036,2021,2026-08-18,2026-08-18T20:35:25+09:00,-800
M0036,2021,2026-08-18,2026-08-18T21:11:41+09:00,-100
M0036,2021,2026-08-18,2026-08-18T21:57:39+09:00,-400
M0036,2021,2026-08-18,2026-08-18T22:33:27+09:00,100
M0037,2022,2026-08-18,2026-08-18T10:52:51+09:00,0
M0037,2022,2026-08-18,2026-08-18T12:02:47+09:00,900
M0037,2022,2026-08-18,2026-08-18T12:35:21+09:00,800
M0037,2022,2026-08-18,2026-08-18T13:07:37+09:00,1200
M0037,2022,2026-08-18,2026-08-18T13:35:43+09:00,600
M0037,2022,2026-08-18,2026-08-18T14:04:28+09:00,100
M0037,2022,2026-08-18,2026-08-18T14:37:28+09:00,-400
M0037,2022,2026-08-18,2026-08-18T15:11:53+09:00,-900
M0037,2022,2026-08-18,2026-08-18T15:59:35+09:00,-200
M0037,2022,2026-08-18,2026-08-18T16:33:08+09:00,-500
M0037,2022,2026-08-18,2026-08-18T17:59:01+09:00,-900
M0037,2022,2026-08-18,2026-08-18T19:09:25+09:00,-1000
M0037,2022,2026-08-18,2026-08-18T19:59:53+09:00,-1300
M0037,2022,2026-08-18,2026-08-18T20:35:25+09:00,-1600
M0037,2022,2026-08-18,2026-08-18T21:11:41+09:00,-1000
M0037,2022,2026-08-18,2026-08-18T21:57:39+09:00,-900
M0038,2023,2026-08-18,2026-08-18T10:52:51+09:00,-200
M0038,2023,2026-08-18,2026-08-18T12:02:47+09:00,-400
M0038,2023,2026-08-18,2026-08-18T12:35:21+09:00,-600
M0038,2023,2026-08-18,2026-08-18T13:07:37+09:00,-500
M0038,2023,2026-08-18,2026-08-18T13:35:43+09:00,-900
M0038,2023,2026-08-18,2026-08-18T14:04:28+09:00,-1200
M0038,2023,2026-08-18,2026-08-18T15:11:53+09:00,-1600
M0038,2023,2026-08-18,2026-08-18T15:59:35+09:00,-1400
M0038,2023,2026-08-18,2026-08-18T16:33:08+09:00,-1600
M0038,2023,2026-08-18,2026-08-18T17:08:27+09:00,-2000
M0038,2023,2026-08-18,2026-08-18T17:59:01+09:00,-2600
M0038,2023,2026-08-18,2026-08-18T18:33:31+09:00,-2200
M0038,2023,2026-08-18,2026-08-18T19:09:25+09:00,-3200
M0038,2023,2026-08-18,2026-08-18T19:59:53+09:00,-3000
M0038,2023,2026-08-18,2026-08-18T20:35:25+09:00,-3100
M0038,2023,2026-08-18,2026-08-18T21:11:41+09:00,-3000
M0038,2023,2026-08-18,2026-08-18T21:57:39+09:00,-2900
M0039,2024,2026-08-18,2026-08-18T10:52:51+09:00,0
M0039,2024,2026-08-18,2026-08-18T12:35:21+09:00,-300
M0039,2024,2026-08-18,2026-08-18T13:07:37+09:00,-200
M0039,2024,2026-08-18,2026-08-18T13:35:43+09:00,-800
M0039,2024,2026-08-18,2026-08-18T14:04:28+09:00,-900
M0039,2024,2026-08-18,2026-08-18T14:37:28+09:00,400
M0039,2024,2026-08-18,2026-08-18T15:11:53+09:00,300
M0040,2025,2026-08-18,2026-08-18T10:52:51+09:00,-200
M0040,2025,2026-08-18,2026-08-18T11:28:45+09:00,-600
M0040,2025,2026-08-18,2026-08-18T12:02:47+09:00,-1000
M0040,2025,2026-08-18,2026-08-18T12:35:21+09:00,-1300
M0040,2025,2026-08-18,2026-08-18T13:07:37+09:00,-500
M0040,2025,2026-08-18,2026-08-18T15:11:53+09:00,-600
M0040,2025,2026-08-18,2026-08-18T15:59:35+09:00,-800
M0040,2025,2026-08-18,2026-08-18T16:33:08+09:00,-900
M0040,2025,2026-08-18,2026-08-18T17:08:27+09:00,-1000
M0040,2025,2026-08-18,2026-08-18T19:09:25+09:00,-1100
M0040,2025,2026-08-18,2026-08-18T19:59:53+09:00,200
M0041,2026,2026-08-18,2026-08-18T10:52:51+09:00,-100
M0041,2026,2026-08-18,2026-08-18T11:28:45+09:00,-700
M0041,2026,2026-08-18,2026-08-18T12:02:47+09:00,-1200
M0041,2026,2026-08-18,2026-08-18T12:35:21+09:00,-1600
M0041,2026,2026-08-18,2026-08-18T13:07:37+09:00,-1300
M0042,2027,2026-08-18,2026-08-18T10:52:51+09:00,-100
M0042,2027,2026-08-18,2026-08-18T11:28:45+09:00,0
M0042,2027,2026-08-18,2026-08-18T12:02:47+09:00,-500
M0042,2027,2026-08-18,2026-08-18T14:04:28+09:00,-200
M0042,2027,2026-08-18,2026-08-18T14:37:28+09:00,200
M0042,2027,2026-08-18,2026-08-18T15:11:53+09:00,400
M0042,2027,2026-08-18,2026-08-18T15:59:35+09:00,500
M0042,2027,2026-08-18,2026-08-18T16:33:08+09:00,1200
M0042,2027,2026-08-18,2026-08-18T17:08:27+09:00,1000
M0042,2027,2026-08-18,2026-08-18T17:59:01+09:00,500
M0042,2027,2026-08-18,2026-08-18T18:33:31+09:00,100
M0042,2027,2026-08-18,2026-08-18T19:09:25+09:00,0
M0042,2027,2026-08-18,2026-08-18T19:59:53+09:00,-400
M0042,2027,2026-08-18,2026-08-18T20:35:25+09:00,-700
M0042,2027,2026-08-18,2026-08-18T21:11:41+09:00,700
M0042,2027,2026-08-18,2026-08-18T21:57:39+09:00,1400
M0043,2028,2026-08-18,2026-08-18T10:52:51+09:00,-200
M0043,2028,2026-08-18,2026-08-18T11:28:45+09:00,-100
M0043,2028,2026-08-18,2026-08-18T12:02:47+09:00,-200
M0043,2028,2026-08-18,2026-08-18T13:07:37+09:00,600
M0043,2028,2026-08-18,2026-08-18T14:04:28+09:00,700
M0043,2028,2026-08-18,2026-08-18T15:11:53+09:00,300
M0043,2028,2026-08-18,2026-08-18T15:59:35+09:00,-200
M0043,2028,2026-08-18,2026-08-18T16:33:08+09:00,500
M0043,2028,2026-08-18,2026-08-18T17:08:27+09:00,600
M0043,2028,2026-08-18,2026-08-18T18:33:31+09:00,400
M0043,2028,2026-08-18,2026-08-18T19:09:25+09:00,-100
M0043,2028,2026-08-18,2026-08-18T20:35:25+09:00,-400
M0043,2028,2026-08-18,2026-08-18T21:57:39+09:00,-1000
M0043,2028,2026-08-18,2026-08-18T23:10:31+09:00,-1100
M0044,2029,2026-08-18,2026-08-18T10:52:51+09:00,-200
M0044,2029,2026-08-18,2026-08-18T11:28:45+09:00,-300
M0044,2029,2026-08-18,2026-08-18T12:02:47+09:00,-100
M0044,2029,2026-08-18,2026-08-18T12:35:21+09:00,500
M0044,2029,2026-08-18,2026-08-18T13:07:37+09:00,1500
M0044,2029,2026-08-18,2026-08-18T13:35:43+09:00,2400
M0044,2029,2026-08-18,2026-08-18T14:04:28+09:00,2900
M0044,2029,2026-08-18,2026-08-18T14:37:28+09:00,2600
M0044,2029,2026-08-18,2026-08-18T15:11:53+09:00,2900
M0044,2029,2026-08-18,2026-08-18T15:59:35+09:00,2800
M0044,2029,2026-08-18,2026-08-18T16:33:08+09:00,3000
M0044,2029,2026-08-18,2026-08-18T17:08:27+09:00,3700
M0044,2029,2026-08-18,2026-08-18T17:59:01+09:00,4500
M0044,2029,2026-08-18,2026-08-18T18:33:31+09:00,5200
M0044,2029,2026-08-18,2026-08-18T19:59:53+09:00,4800
M0044,2029,2026-08-18,2026-08-18T20:35:25+09:00,5000
M0044,2029,2026-08-18,2026-08-18T21:11:41+09:00,4300
M0045,2030,2026-08-18,2026-08-18T10:52:51+09:00,0
M0045,2030,2026-08-18,2026-08-18T11:28:45+09:00,-400
M0045,2030,2026-08-18,2026-08-18T12:02:47+09:00,100
M0045,2030,2026-08-18,2026-08-18T12:35:21+09:00,0
M0045,2030,2026-08-18,2026-08-18T19:59:53+09:00,-100
M0045,2030,2026-08-18,2026-08-18T20:35:25+09:00,-400
M0045,2030,2026-08-18,2026-08-18T21:11:41+09:00,300
M0046,2031,2026-08-18,2026-08-18T10:52:51+09:00,-100
M0046,2031,2026-08-18,2026-08-18T11:28:45+09:00,200
M0046,2031,2026-08-18,2026-08-18T12:02:47+09:00,-100
M0046,2031,2026-08-18,2026-08-18T12:35:21+09:00,-600
M0046,2031,2026-08-18,2026-08-18T13:07:37+09:00,-1200
M0046,2031,2026-08-18,2026-08-18T13:35:43+09:00,-1500
M0046,2031,2026-08-18,2026-08-18T14:04:28+09:00,-1900
M0046,2031,2026-08-18,2026-08-18T14:37:28+09:00,-1400
M0046,2031,2026-08-18,2026-08-18T15:11:53+09:00,-800
M0046,2031,2026-08-18,2026-08-18T15:59:35+09:00,-1300
M0046,2031,2026-08-18,2026-08-18T16:33:08+09:00,-400
M0046,2031,2026-08-18,2026-08-18T19:59:53+09:00,-200
M0046,2031,2026-08-18,2026-08-18T20:35:25+09:00,-400
M0046,2031,2026-08-18,2026-08-18T21:11:41+09:00,0
M0047,2032,2026-08-18,2026-08-18T10:52:51+09:00,-100
M0047,2032,2026-08-18,2026-08-18T11:28:45+09:00,500
M0047,2032,2026-08-18,2026-08-18T12:02:47+09:00,900
M0047,2032,2026-08-18,2026-08-18T12:35:21+09:00,1100
M0047,2032,2026-08-18,2026-08-18T13:07:37+09:00,800
M0047,2032,2026-08-18,2026-08-18T13:35:43+09:00,400
M0047,2032,2026-08-18,2026-08-18T14:04:28+09:00,500
M0047,2032,2026-08-18,2026-08-18T14:37:28+09:00,1200
M0047,2032,2026-08-18,2026-08-18T15:11:53+09:00,3200
M0047,2032,2026-08-18,2026-08-18T15:59:35+09:00,4300
M0047,2032,2026-08-18,2026-08-18T16:33:08+09:00,5200
M0047,2032,2026-08-18,2026-08-18T17:08:27+09:00,7200
M0047,2032,2026-08-18,2026-08-18T17:59:01+09:00,8400
M0047,2032,2026-08-18,2026-08-18T18:33:31+09:00,8800
M0047,2032,2026-08-18,2026-08-18T19:09:25+09:00,8900
M0047,2032,2026-08-18,2026-08-18T19:59:53+09:00,9300
M0047,2032,2026-08-18,2026-08-18T20:35:25+09:00,9700
M0047,2032,2026-08-18,2026-08-18T21:11:41+09:00,11100
M0047,2032,2026-08-18,2026-08-18T21:57:39+09:00,10800
M0048,2033,2026-08-18,2026-08-18T10:52:51+09:00,0
M0048,2033,2026-08-18,2026-08-18T11:28:45+09:00,-600
M0048,2033,2026-08-18,2026-08-18T12:02:47+09:00,-1100
M0048,2033,2026-08-18,2026-08-18T12:35:21+09:00,-500
M0048,2033,2026-08-18,2026-08-18T13:07:37+09:00,-600
M0048,2033,2026-08-18,2026-08-18T13:35:43+09:00,-700
M0049,2034,2026-08-18,2026-08-18T10:52:51+09:00,-100
M0049,2034,2026-08-18,2026-08-18T11:28:45+09:00,-500
M0049,2034,2026-08-18,2026-08-18T12:02:47+09:00,-1200
M0049,2034,2026-08-18,2026-08-18T12:35:21+09:00,-1000
M0049,2034,2026-08-18,2026-08-18T13:07:37+09:00,-800
M0049,2034,2026-08-18,2026-08-18T15:11:53+09:00,-1200
M0049,2034,2026-08-18,2026-08-18T15:59:35+09:00,-1400
M0049,2034,2026-08-18,2026-08-18T16:33:08+09:00,-1500
M0049,2034,2026-08-18,2026-08-18T17:08:27+09:00,-1900
M0049,2034,2026-08-18,2026-08-18T17:59:01+09:00,-2000
M0049,2034,2026-08-18,2026-08-18T18:33:31+09:00,-1900
M0049,2034,2026-08-18,2026-08-18T19:09:25+09:00,-2900
M0049,2034,2026-08-18,2026-08-18T19:59:53+09:00,-3600
M0049,2034,2026-08-18,2026-08-18T20:35:25+09:00,-3500
M0049,2034,2026-08-18,2026-08-18T21:11:41+09:00,-3000
M0050,2035,2026-08-18,2026-08-18T10:52:51+09:00,0
M0050,2035,2026-08-18,2026-08-18T11:28:45+09:00,-500
M0050,2035,2026-08-18,2026-08-18T12:35:21+09:00,-1100
M0050,2035,2026-08-18,2026-08-18T13:07:37+09:00,-1300
M0050,2035,2026-08-18,2026-08-18T21:11:41+09:00,-1400
M0051,2036,2026-08-18,2026-08-18T10:52:51+09:00,-200
M0051,2036,2026-08-18,2026-08-18T11:28:45+09:00,-800
M0051,2036,2026-08-18,2026-08-18T12:02:47+09:00,-1100
M0051,2036,2026-08-18,2026-08-18T12:35:21+09:00,-1500
M0051,2036,2026-08-18,2026-08-18T13:07:37+09:00,-1400
M0051,2036,2026-08-18,2026-08-18T14:37:28+09:00,-1800
M0051,2036,2026-08-18,2026-08-18T15:59:35+09:00,-1200
M0051,2036,2026-08-18,2026-08-18T16:33:08+09:00,-1000
M0051,2036,2026-08-18,2026-08-18T17:08:27+09:00,-300
M0051,2036,2026-08-18,2026-08-18T17:59:01+09:00,-600
M0051,2036,2026-08-18,2026-08-18T19:09:25+09:00,-800
M0051,2036,2026-08-18,2026-08-18T19:59:53+09:00,500
M0051,2036,2026-08-18,2026-08-18T20:35:25+09:00,1100
M0051,2036,2026-08-18,2026-08-18T21:11:41+09:00,300
M0052,2037,2026-08-18,2026-08-18T10:52:51+09:00,0
M0052,2037,2026-08-18,2026-08-18T11:28:45+09:00,900
M0052,2037,2026-08-18,2026-08-18T12:35:21+09:00,1500
M0052,2037,2026-08-18,2026-08-18T13:07:37+09:00,1100
M0052,2037,2026-08-18,2026-08-18T13:35:43+09:00,1200
M0052,2037,2026-08-18,2026-08-18T14:04:28+09:00,1100
M0052,2037,2026-08-18,2026-08-18T14:37:28+09:00,700
M0052,2037,2026-08-18,2026-08-18T15:11:53+09:00,300
M0052,2037,2026-08-18,2026-08-18T15:59:35+09:00,1100
M0052,2037,2026-08-18,2026-08-18T16:33:08+09:00,400
M0052,2037,2026-08-18,2026-08-18T17:08:27+09:00,1200
M0052,2037,2026-08-18,2026-08-18T17:59:01+09:00,800
M0052,2037,2026-08-18,2026-08-18T18:33:31+09:00,1400
M0052,2037,2026-08-18,2026-08-18T19:09:25+09:00,600
M0052,2037,2026-08-18,2026-08-18T19:59:53+09:00,1100
M0052,2037,2026-08-18,2026-08-18T20:35:25+09:00,1600
M0052,2037,2026-08-18,2026-08-18T21:11:41+09:00,3400
M0052,2037,2026-08-18,2026-08-18T21:57:39+09:00,4500
M0052,2037,2026-08-18,2026-08-18T22:33:27+09:00,5500
M0053,2038,2026-08-18,2026-08-18T10:52:51+09:00,-300
M0053,2038,2026-08-18,2026-08-18T11:28:45+09:00,-500
M0053,2038,2026-08-18,2026-08-18T13:35:43+09:00,-800
M0053,2038,2026-08-18,2026-08-18T14:04:28+09:00,-600
M0053,2038,2026-08-18,2026-08-18T14:37:28+09:00,-1000
M0053,2038,2026-08-18,2026-08-18T15:11:53+09:00,-1900
M0053,2038,2026-08-18,2026-08-18T15:59:35+09:00,-2300
M0053,2038,2026-08-18,2026-08-18T17:08:27+09:00,-2200
M0054,2039,2026-08-18,2026-08-18T10:52:51+09:00,-100
M0054,2039,2026-08-18,2026-08-18T11:28:45+09:00,-400
M0054,2039,2026-08-18,2026-08-18T12:02:47+09:00,-200
M0054,2039,2026-08-18,2026-08-18T12:35:21+09:00,600
M0054,2039,2026-08-18,2026-08-18T13:07:37+09:00,400
M0054,2039,2026-08-18,2026-08-18T13:35:43+09:00,200
M0054,2039,2026-08-18,2026-08-18T14:04:28+09:00,700
M0054,2039,2026-08-18,2026-08-18T15:11:53+09:00,-400
M0054,2039,2026-08-18,2026-08-18T15:59:35+09:00,200
M0054,2039,2026-08-18,2026-08-18T16:33:08+09:00,1100
M0054,2039,2026-08-18,2026-08-18T17:08:27+09:00,600
M0054,2039,2026-08-18,2026-08-18T17:59:01+09:00,100
M0054,2039,2026-08-18,2026-08-18T18:33:31+09:00,-400
M0054,2039,2026-08-18,2026-08-18T19:09:25+09:00,-600
M0054,2039,2026-08-18,2026-08-18T19:59:53+09:00,0
M0054,2039,2026-08-18,2026-08-18T20:35:25+09:00,-100
M0054,2039,2026-08-18,2026-08-18T21:11:41+09:00,100
M0055,2040,2026-08-18,2026-08-18T10:52:51+09:00,-200
M0055,2040,2026-08-18,2026-08-18T11:28:45+09:00,-500
M0055,2040,2026-08-18,2026-08-18T12:02:47+09:00,400
M0055,2040,2026-08-18,2026-08-18T12:35:21+09:00,500
M0055,2040,2026-08-18,2026-08-18T13:07:37+09:00,400
M0055,2040,2026-08-18,2026-08-18T13:35:43+09:00,-100
M0055,2040,2026-08-18,2026-08-18T14:04:28+09:00,100
M0055,2040,2026-08-18,2026-08-18T15:11:53+09:00,-900
M0055,2040,2026-08-18,2026-08-18T20:35:25+09:00,-1100
M0055,2040,2026-08-18,2026-08-18T21:11:41+09:00,-1500
M0056,2041,2026-08-18,2026-08-18T10:52:51+09:00,-100
M0056,2041,2026-08-18,2026-08-18T11:28:45+09:00,-400
M0056,2041,2026-08-18,2026-08-18T12:02:47+09:00,-500
M0056,2041,2026-08-18,2026-08-18T12:35:21+09:00,-700
M0056,2041,2026-08-18,2026-08-18T13:07:37+09:00,-1200
M0056,2041,2026-08-18,2026-08-18T13:35:43+09:00,-1300
M0056,2041,2026-08-18,2026-08-18T14:04:28+09:00,-1900
M0056,2041,2026-08-18,2026-08-18T14:37:28+09:00,-2300
M0056,2041,2026-08-18,2026-08-18T15:11:53+09:00,-700
M0056,2041,2026-08-18,2026-08-18T15:59:35+09:00,-400
M0056,2041,2026-08-18,2026-08-18T16:33:08+09:00,100
M0056,2041,2026-08-18,2026-08-18T17:08:27+09:00,1400
M0056,2041,2026-08-18,2026-08-18T17:59:01+09:00,800
M0056,2041,2026-08-18,2026-08-18T18:33:31+09:00,700
M0056,2041,2026-08-18,2026-08-18T19:09:25+09:00,300
M0056,2041,2026-08-18,2026-08-18T19:59:53+09:00,0
M0056,2041,2026-08-18,2026-08-18T20:35:25+09:00,-200
M0056,2041,2026-08-18,2026-08-18T21:11:41+09:00,1300
M0056,2041,2026-08-18,2026-08-18T21:57:39+09:00,1000
M0056,2041,2026-08-18,2026-08-18T22:33:27+09:00,400
M0057,2042,2026-08-18,2026-08-18T10:52:51+09:00,-200
M0057,2042,2026-08-18,2026-08-18T11:28:45+09:00,-800
M0057,2042,2026-08-18,2026-08-18T12:02:47+09:00,-1000
M0057,2042,2026-08-18,2026-08-18T12:35:21+09:00,-200
M0057,2042,2026-08-18,2026-08-18T13:07:37+09:00,-500
M0057,2042,2026-08-18,2026-08-18T13:35:43+09:00,-1000
M0057,2042,2026-08-18,2026-08-18T14:04:28+09:00,-800
M0058,2043,2026-08-18,2026-08-18T10:52:51+09:00,0
M0058,2043,2026-08-18,2026-08-18T11:28:45+09:00,-300
M0058,2043,2026-08-18,2026-08-18T12:02:47+09:00,-700
M0058,2043,2026-08-18,2026-08-18T12:35:21+09:00,-100
M0058,2043,2026-08-18,2026-08-18T13:35:43+09:00,-300
M0058,2043,2026-08-18,2026-08-18T14:04:28+09:00,-600
M0058,2043,2026-08-18,2026-08-18T14:37:28+09:00,-1000
M0058,2043,2026-08-18,2026-08-18T15:11:53+09:00,-1200
M0058,2043,2026-08-18,2026-08-18T15:59:35+09:00,-400
M0058,2043,2026-08-18,2026-08-18T16:33:08+09:00,100
M0058,2043,2026-08-18,2026-08-18T17:08:27+09:00,900
M0058,2043,2026-08-18,2026-08-18T17:59:01+09:00,600
M0058,2043,2026-08-18,2026-08-18T18:33:31+09:00,900
M0058,2043,2026-08-18,2026-08-18T19:09:25+09:00,1600
M0058,2043,2026-08-18,2026-08-18T19:59:53+09:00,800
M0058,2043,2026-08-18,2026-08-18T20:35:25+09:00,500
M0058,2043,2026-08-18,2026-08-18T21:11:41+09:00,100
M0058,2043,2026-08-18,2026-08-18T21:57:39+09:00,300
M0059,2044,2026-08-18,2026-08-18T10:52:51+09:00,-100
M0059,2044,2026-08-18,2026-08-18T11:28:45+09:00,-600
M0059,2044,2026-08-18,2026-08-18T13:35:43+09:00,-800
M0059,2044,2026-08-18,2026-08-18T14:04:28+09:00,0
M0059,2044,2026-08-18,2026-08-18T14:37:28+09:00,-100
M0060,2045,2026-08-18,2026-08-18T10:52:51+09:00,-100
M0060,2045,2026-08-18,2026-08-18T12:02:47+09:00,500
M0060,2045,2026-08-18,2026-08-18T12:35:21+09:00,700
M0060,2045,2026-08-18,2026-08-18T13:35:43+09:00,100
M0060,2045,2026-08-18,2026-08-18T14:04:28+09:00,-400
M0060,2045,2026-08-18,2026-08-18T15:11:53+09:00,-600
M0060,2045,2026-08-18,2026-08-18T15:59:35+09:00,200
M0060,2045,2026-08-18,2026-08-18T16:33:08+09:00,700
M0060,2045,2026-08-18,2026-08-18T17:08:27+09:00,2200
M0060,2045,2026-08-18,2026-08-18T18:33:31+09:00,1800
M0060,2045,2026-08-18,2026-08-18T19:09:25+09:00,1000
M0060,2045,2026-08-18,2026-08-18T19:59:53+09:00,500
M0060,2045,2026-08-18,2026-08-18T20:35:25+09:00,300
M0060,2045,2026-08-18,2026-08-18T21:11:41+09:00,-400
M0060,2045,2026-08-18,2026-08-18T21:57:39+09:00,-900
M0060,2045,2026-08-18,2026-08-18T22:33:27+09:00,-1000
M0060,2045,2026-08-18,2026-08-18T23:10:31+09:00,-1100
M0061,2046,2026-08-18,2026-08-18T10:52:51+09:00,0
M0061,2046,2026-08-18,2026-08-18T12:02:47+09:00,-600
M0061,2046,2026-08-18,2026-08-18T12:35:21+09:00,-1100
M0061,2046,2026-08-18,2026-08-18T14:37:28+09:00,-1200
M0061,2046,2026-08-18,2026-08-18T15:11:53+09:00,-1000
M0061,2046,2026-08-18,2026-08-18T15:59:35+09:00,-700
M0062,2047,2026-08-18,2026-08-18T10:52:51+09:00,200
M0062,2047,2026-08-18,2026-08-18T11:28:45+09:00,900
M0062,2047,2026-08-18,2026-08-18T12:02:47+09:00,700
M0062,2047,2026-08-18,2026-08-18T12:35:21+09:00,600
M0062,2047,2026-08-18,2026-08-18T13:07:37+09:00,200
M0062,2047,2026-08-18,2026-08-18T13:35:43+09:00,0
M0062,2047,2026-08-18,2026-08-18T14:04:28+09:00,-500
M0062,2047,2026-08-18,2026-08-18T14:37:28+09:00,-900
M0062,2047,2026-08-18,2026-08-18T15:11:53+09:00,-1000
M0062,2047,2026-08-18,2026-08-18T18:33:31+09:00,-1100
M0063,2048,2026-08-18,2026-08-18T10:52:51+09:00,100
M0063,2048,2026-08-18,2026-08-18T11:28:45+09:00,900
M0063,2048,2026-08-18,2026-08-18T12:02:47+09:00,700
M0063,2048,2026-08-18,2026-08-18T12:35:21+09:00,600
M0063,2048,2026-08-18,2026-08-18T13:07:37+09:00,200
M0063,2048,2026-08-18,2026-08-18T13:35:43+09:00,-200
M0063,2048,2026-08-18,2026-08-18T14:04:28+09:00,200
M0063,2048,2026-08-18,2026-08-18T14:37:28+09:00,-200
M0063,2048,2026-08-18,2026-08-18T15:11:53+09:00,-600
M0063,2048,2026-08-18,2026-08-18T16:33:08+09:00,-1100
M0063,2048,2026-08-18,2026-08-18T17:08:27+09:00,-700
M0063,2048,2026-08-18,2026-08-18T17:59:01+09:00,-400
M0063,2048,2026-08-18,2026-08-18T18:33:31+09:00,-1000
M0063,2048,2026-08-18,2026-08-18T19:09:25+09:00,-1600
M0063,2048,2026-08-18,2026-08-18T19:59:53+09:00,-1300
M0063,2048,2026-08-18,2026-08-18T20:35:25+09:00,-600
M0063,2048,2026-08-18,2026-08-18T21:11:41+09:00,600
M0064,2049,2026-08-18,2026-08-18T10:52:51+09:00,0
M0064,2049,2026-08-18,2026-08-18T12:35:21+09:00,200
M0064,2049,2026-08-18,2026-08-18T13:07:37+09:00,500
M0064,2049,2026-08-18,2026-08-18T13:35:43+09:00,1400
M0064,2049,2026-08-18,2026-08-18T14:04:28+09:00,800
M0064,2049,2026-08-18,2026-08-18T14:37:28+09:00,200
M0064,2049,2026-08-18,2026-08-18T17:08:27+09:00,100
M0064,2049,2026-08-18,2026-08-18T21:57:39+09:00,-300
M0064,2049,2026-08-18,2026-08-18T22:33:27+09:00,0
M0064,2049,2026-08-18,2026-08-18T23:10:31+09:00,1400
M0065,2050,2026-08-18,2026-08-18T10:52:51+09:00,-100
M0065,2050,2026-08-18,2026-08-18T11:28:45+09:00,400
M0065,2050,2026-08-18,2026-08-18T12:02:47+09:00,1000
M0065,2050,2026-08-18,2026-08-18T12:35:21+09:00,600
M0065,2050,2026-08-18,2026-08-18T13:07:37+09:00,200
M0065,2050,2026-08-18,2026-08-18T13:35:43+09:00,700
M0065,2050,2026-08-18,2026-08-18T14:04:28+09:00,0
M0065,2050,2026-08-18,2026-08-18T14:37:28+09:00,500
M0065,2050,2026-08-18,2026-08-18T15:11:53+09:00,-400
M0065,2050,2026-08-18,2026-08-18T15:59:35+09:00,-900
M0065,2050,2026-08-18,2026-08-18T16:33:08+09:00,-1500
M0065,2050,2026-08-18,2026-08-18T17:08:27+09:00,-600
M0065,2050,2026-08-18,2026-08-18T17:59:01+09:00,-1100
M0065,2050,2026-08-18,2026-08-18T18:33:31+09:00,-800
M0065,2050,2026-08-18,2026-08-18T19:09:25+09:00,-1400
M0065,2050,2026-08-18,2026-08-18T19:59:53+09:00,-600
M0065,2050,2026-08-18,2026-08-18T20:35:25+09:00,-400
M0065,2050,2026-08-18,2026-08-18T21:11:41+09:00,700
M0065,2050,2026-08-18,2026-08-18T21:57:39+09:00,1000
M0066,2051,2026-08-18,2026-08-18T10:52:51+09:00,0
M0066,2051,2026-08-18,2026-08-18T11:28:45+09:00,-200
M0066,2051,2026-08-18,2026-08-18T12:02:47+09:00,-700
M0066,2051,2026-08-18,2026-08-18T12:35:21+09:00,-400
M0066,2051,2026-08-18,2026-08-18T13:07:37+09:00,-800
M0066,2051,2026-08-18,2026-08-18T14:04:28+09:00,-1000
M0066,2051,2026-08-18,2026-08-18T15:11:53+09:00,-1300
M0067,2052,2026-08-18,2026-08-18T10:52:51+09:00,-200
M0067,2052,2026-08-18,2026-08-18T11:28:45+09:00,0
M0067,2052,2026-08-18,2026-08-18T12:02:47+09:00,300
M0067,2052,2026-08-18,2026-08-18T12:35:21+09:00,1300
M0067,2052,2026-08-18,2026-08-18T13:07:37+09:00,2300
M0067,2052,2026-08-18,2026-08-18T13:35:43+09:00,3100
M0067,2052,2026-08-18,2026-08-18T14:04:28+09:00,4100
M0067,2052,2026-08-18,2026-08-18T14:37:28+09:00,3700
M0067,2052,2026-08-18,2026-08-18T15:11:53+09:00,3300
M0067,2052,2026-08-18,2026-08-18T15:59:35+09:00,3100
M0067,2052,2026-08-18,2026-08-18T16:33:08+09:00,2700
M0067,2052,2026-08-18,2026-08-18T17:08:27+09:00,2800
M0067,2052,2026-08-18,2026-08-18T19:09:25+09:00,2600
M0067,2052,2026-08-18,2026-08-18T19:59:53+09:00,1800
M0067,2052,2026-08-18,2026-08-18T20:35:25+09:00,1700
M0067,2052,2026-08-18,2026-08-18T21:11:41+09:00,1200
M0067,2052,2026-08-18,2026-08-18T21:57:39+09:00,1800
M0067,2052,2026-08-18,2026-08-18T22:33:27+09:00,2800
M0067,2052,2026-08-18,2026-08-18T23:10:31+09:00,3500
M0068,2053,2026-08-18,2026-08-18T10:52:51+09:00,-300
M0068,2053,2026-08-18,2026-08-18T11:28:45+09:00,-600
M0068,2053,2026-08-18,2026-08-18T12:02:47+09:00,-1100
M0068,2053,2026-08-18,2026-08-18T12:35:21+09:00,-300
M0068,2053,2026-08-18,2026-08-18T13:07:37+09:00,-100
M0068,2053,2026-08-18,2026-08-18T15:11:53+09:00,-700
M0068,2053,2026-08-18,2026-08-18T15:59:35+09:00,-100
M0068,2053,2026-08-18,2026-08-18T16:33:08+09:00,-300
M0068,2053,2026-08-18,2026-08-18T17:08:27+09:00,-1000
M0068,2053,2026-08-18,2026-08-18T17:59:01+09:00,-1700
M0068,2053,2026-08-18,2026-08-18T18:33:31+09:00,-2200
M0068,2053,2026-08-18,2026-08-18T19:09:25+09:00,-1100
M0069,2054,2026-08-18,2026-08-18T10:52:51+09:00,-200
M0069,2054,2026-08-18,2026-08-18T11:28:45+09:00,-700
M0069,2054,2026-08-18,2026-08-18T12:02:47+09:00,-1100
M0069,2054,2026-08-18,2026-08-18T14:04:28+09:00,-1500
M0069,2054,2026-08-18,2026-08-18T14:37:28+09:00,-1600
M0069,2054,2026-08-18,2026-08-18T15:11:53+09:00,-2100
M0069,2054,2026-08-18,2026-08-18T15:59:35+09:00,-1900
M0069,2054,2026-08-18,2026-08-18T16:33:08+09:00,-2100
M0069,2054,2026-08-18,2026-08-18T17:08:27+09:00,-1600
M0069,2054,2026-08-18,2026-08-18T17:59:01+09:00,-1900
M0069,2054,2026-08-18,2026-08-18T18:33:31+09:00,-2100
M0069,2054,2026-08-18,2026-08-18T19:09:25+09:00,-1400
M0069,2054,2026-08-18,2026-08-18T20:35:25+09:00,-900
M0069,2054,2026-08-18,2026-08-18T21:11:41+09:00,1100
M0069,2054,2026-08-18,2026-08-18T21:57:39+09:00,700
M0069,2054,2026-08-18,2026-08-18T22:33:27+09:00,600
M0070,2055,2026-08-18,2026-08-18T10:52:51+09:00,-200
M0070,2055,2026-08-18,2026-08-18T11:28:45+09:00,-500
M0070,2055,2026-08-18,2026-08-18T12:02:47+09:00,-900
M0070,2055,2026-08-18,2026-08-18T12:35:21+09:00,-700
M0070,2055,2026-08-18,2026-08-18T13:07:37+09:00,-300
M0070,2055,2026-08-18,2026-08-18T13:35:43+09:00,-500
M0070,2055,2026-08-18,2026-08-18T14:04:28+09:00,-400
M0070,2055,2026-08-18,2026-08-18T14:37:28+09:00,-100
M0070,2055,2026-08-18,2026-08-18T15:11:53+09:00,-300
M0070,2055,2026-08-18,2026-08-18T15:59:35+09:00,-100
M0070,2055,2026-08-18,2026-08-18T16:33:08+09:00,-500
M0070,2055,2026-08-18,2026-08-18T17:08:27+09:00,-1100
M0070,2055,2026-08-18,2026-08-18T17:59:01+09:00,-900
M0070,2055,2026-08-18,2026-08-18T18:33:31+09:00,200
M0070,2055,2026-08-18,2026-08-18T19:09:25+09:00,100
M0070,2055,2026-08-18,2026-08-18T19:59:53+09:00,-700
M0070,2055,2026-08-18,2026-08-18T20:35:25+09:00,-500
M0070,2055,2026-08-18,2026-08-18T21:11:41+09:00,500
M0070,2055,2026-08-18,2026-08-18T21:57:39+09:00,0
M0071,2056,2026-08-18,2026-08-18T10:52:51+09:00,-100
M0071,2056,2026-08-18,2026-08-18T11:28:45+09:00,-400
M0071,2056,2026-08-18,2026-08-18T12:02:47+09:00,-500
M0071,2056,2026-08-18,2026-08-18T12:35:21+09:00,-600
M0071,2056,2026-08-18,2026-08-18T13:07:37+09:00,-1100
M0071,2056,2026-08-18,2026-08-18T13:35:43+09:00,-600
M0071,2056,2026-08-18,2026-08-18T14:04:28+09:00,-800
M0071,2056,2026-08-18,2026-08-18T14:37:28+09:00,-600
M0071,2056,2026-08-18,2026-08-18T15:11:53+09:00,-1700
M0071,2056,2026-08-18,2026-08-18T15:59:35+09:00,-2300
M0071,2056,2026-08-18,2026-08-18T16:33:08+09:00,-2700
M0071,2056,2026-08-18,2026-08-18T17:08:27+09:00,-1900
M0071,2056,2026-08-18,2026-08-18T17:59:01+09:00,-2200
M0071,2056,2026-08-18,2026-08-18T23:10:31+09:00,-1600
M0072,2057,2026-08-18,2026-08-18T10:52:51+09:00,-100
M0072,2057,2026-08-18,2026-08-18T11:28:45+09:00,900
M0072,2057,2026-08-18,2026-08-18T12:02:47+09:00,1300
M0072,2057,2026-08-18,2026-08-18T12:35:21+09:00,1000
M0072,2057,2026-08-18,2026-08-18T13:07:37+09:00,700
M0072,2057,2026-08-18,2026-08-18T13:35:43+09:00,1200
M0072,2057,2026-08-18,2026-08-18T14:04:28+09:00,1600
M0072,2057,2026-08-18,2026-08-18T14:37:28+09:00,1400
M0072,2057,2026-08-18,2026-08-18T15:11:53+09:00,500
M0072,2057,2026-08-18,2026-08-18T15:59:35+09:00,0
M0072,2057,2026-08-18,2026-08-18T16:33:08+09:00,700
M0072,2057,2026-08-18,2026-08-18T17:08:27+09:00,1600
M0072,2057,2026-08-18,2026-08-18T17:59:01+09:00,1500
M0072,2057,2026-08-18,2026-08-18T19:09:25+09:00,1100
M0072,2057,2026-08-18,2026-08-18T19:59:53+09:00,700
M0072,2057,2026-08-18,2026-08-18T20:35:25+09:00,1000
M0072,2057,2026-08-18,2026-08-18T21:11:41+09:00,1100
M0072,2057,2026-08-18,2026-08-18T21:57:39+09:00,700
M0072,2057,2026-08-18,2026-08-18T22:33:27+09:00,900
M0073,2058,2026-08-18,2026-08-18T10:52:51+09:00,0
M0073,2058,2026-08-18,2026-08-18T11:28:45+09:00,100
M0073,2058,2026-08-18,2026-08-18T12:02:47+09:00,600
M0073,2058,2026-08-18,2026-08-18T12:35:21+09:00,1500
M0073,2058,2026-08-18,2026-08-18T13:07:37+09:00,1200
M0073,2058,2026-08-18,2026-08-18T13:35:43+09:00,700
M0073,2058,2026-08-18,2026-08-18T14:04:28+09:00,300
M0073,2058,2026-08-18,2026-08-18T14:37:28+09:00,0
M0073,2058,2026-08-18,2026-08-18T15:11:53+09:00,1700
M0073,2058,2026-08-18,2026-08-18T19:09:25+09:00,1200
M0073,2058,2026-08-18,2026-08-18T20:35:25+09:00,1300
M0073,2058,2026-08-18,2026-08-18T21:11:41+09:00,500
M0073,2058,2026-08-18,2026-08-18T21:57:39+09:00,0
M0073,2058,2026-08-18,2026-08-18T22:33:27+09:00,-600
M0073,2058,2026-08-18,2026-08-18T23:10:31+09:00,-1300
M0074,2059,2026-08-18,2026-08-18T10:52:51+09:00,0
M0074,2059,2026-08-18,2026-08-18T11:28:45+09:00,-500
M0074,2059,2026-08-18,2026-08-18T12:02:47+09:00,-600
M0074,2059,2026-08-18,2026-08-18T13:07:37+09:00,-400
M0074,2059,2026-08-18,2026-08-18T13:35:43+09:00,700
M0074,2059,2026-08-18,2026-08-18T14:04:28+09:00,1800
M0074,2059,2026-08-18,2026-08-18T14:37:28+09:00,2600
M0074,2059,2026-08-18,2026-08-18T15:11:53+09:00,3200
M0074,2059,2026-08-18,2026-08-18T15:59:35+09:00,3000
M0074,2059,2026-08-18,2026-08-18T16:33:08+09:00,2600
M0074,2059,2026-08-18,2026-08-18T17:08:27+09:00,2000
M0074,2059,2026-08-18,2026-08-18T17:59:01+09:00,2800
M0074,2059,2026-08-18,2026-08-18T18:33:31+09:00,3400
M0074,2059,2026-08-18,2026-08-18T19:09:25+09:00,2500
M0074,2059,2026-08-18,2026-08-18T19:59:53+09:00,2000
M0074,2059,2026-08-18,2026-08-18T20:35:25+09:00,1700
M0074,2059,2026-08-18,2026-08-18T21:11:41+09:00,1400
M0074,2059,2026-08-18,2026-08-18T21:57:39+09:00,1300
M0075,2124,2026-08-18,2026-08-18T10:52:51+09:00,-200
M0075,2124,2026-08-18,2026-08-18T11:28:45+09:00,-300
M0075,2124,2026-08-18,2026-08-18T12:02:47+09:00,600
M0075,2124,2026-08-18,2026-08-18T12:35:21+09:00,1500
M0075,2124,2026-08-18,2026-08-18T13:07:37+09:00,2500
M0075,2124,2026-08-18,2026-08-18T13:35:43+09:00,2700
M0075,2124,2026-08-18,2026-08-18T14:04:28+09:00,2300
M0075,2124,2026-08-18,2026-08-18T14:37:28+09:00,2600
M0075,2124,2026-08-18,2026-08-18T15:11:53+09:00,2100
M0075,2124,2026-08-18,2026-08-18T15:59:35+09:00,2000
M0075,2124,2026-08-18,2026-08-18T16:33:08+09:00,1900
M0075,2124,2026-08-18,2026-08-18T17:08:27+09:00,2800
M0075,2124,2026-08-18,2026-08-18T18:33:31+09:00,2400
M0075,2124,2026-08-18,2026-08-18T19:09:25+09:00,1700
M0075,2124,2026-08-18,2026-08-18T19:59:53+09:00,1300
M0075,2124,2026-08-18,2026-08-18T20:35:25+09:00,1800
M0075,2124,2026-08-18,2026-08-18T21:11:41+09:00,1700
M0076,2125,2026-08-18,2026-08-18T10:52:51+09:00,-200
M0076,2125,2026-08-18,2026-08-18T11:28:45+09:00,300
M0076,2125,2026-08-18,2026-08-18T12:02:47+09:00,-100
M0076,2125,2026-08-18,2026-08-18T12:35:21+09:00,-200
M0076,2125,2026-08-18,2026-08-18T17:59:01+09:00,-600
M0076,2125,2026-08-18,2026-08-18T19:09:25+09:00,-700
M0076,2125,2026-08-18,2026-08-18T20:35:25+09:00,-900
M0076,2125,2026-08-18,2026-08-18T21:11:41+09:00,-400
M0076,2125,2026-08-18,2026-08-18T21:57:39+09:00,-700
M0076,2125,2026-08-18,2026-08-18T22:33:27+09:00,300
M0076,2125,2026-08-18,2026-08-18T23:10:31+09:00,200
M0077,2126,2026-08-18,2026-08-18T10:52:51+09:00,-200
M0077,2126,2026-08-18,2026-08-18T11:28:45+09:00,-700
M0077,2126,2026-08-18,2026-08-18T12:02:47+09:00,-1300
M0077,2126,2026-08-18,2026-08-18T12:35:21+09:00,-1200
M0077,2126,2026-08-18,2026-08-18T13:07:37+09:00,-1300
M0077,2126,2026-08-18,2026-08-18T13:35:43+09:00,-1400
M0077,2126,2026-08-18,2026-08-18T14:37:28+09:00,-1700
M0077,2126,2026-08-18,2026-08-18T15:11:53+09:00,-1900
M0077,2126,2026-08-18,2026-08-18T15:59:35+09:00,-2400
M0077,2126,2026-08-18,2026-08-18T17:59:01+09:00,-2500
M0078,2127,2026-08-18,2026-08-18T10:52:51+09:00,0
M0078,2127,2026-08-18,2026-08-18T12:02:47+09:00,-700
M0078,2127,2026-08-18,2026-08-18T12:35:21+09:00,-900
M0078,2127,2026-08-18,2026-08-18T17:08:27+09:00,-1500
M0078,2127,2026-08-18,2026-08-18T18:33:31+09:00,-1900
M0078,2127,2026-08-18,2026-08-18T19:09:25+09:00,-2500
M0078,2127,2026-08-18,2026-08-18T19:59:53+09:00,-1400
M0078,2127,2026-08-18,2026-08-18T20:35:25+09:00,-800
M0078,2127,2026-08-18,2026-08-18T21:11:41+09:00,1100
M0078,2127,2026-08-18,2026-08-18T21:57:39+09:00,900
M0078,2127,2026-08-18,2026-08-18T22:33:27+09:00,700
M0079,2128,2026-08-18,2026-08-18T10:52:51+09:00,0
M0079,2128,2026-08-18,2026-08-18T11:28:45+09:00,600
M0079,2128,2026-08-18,2026-08-18T12:02:47+09:00,1500
M0079,2128,2026-08-18,2026-08-18T12:35:21+09:00,2400
M0079,2128,2026-08-18,2026-08-18T13:07:37+09:00,3400
M0079,2128,2026-08-18,2026-08-18T13:35:43+09:00,3300
M0079,2128,2026-08-18,2026-08-18T14:04:28+09:00,4000
M0079,2128,2026-08-18,2026-08-18T14:37:28+09:00,5000
M0079,2128,2026-08-18,2026-08-18T15:11:53+09:00,6700
M0079,2128,2026-08-18,2026-08-18T15:59:35+09:00,7200
M0079,2128,2026-08-18,2026-08-18T16:33:08+09:00,7500
M0079,2128,2026-08-18,2026-08-18T17:08:27+09:00,8100
M0079,2128,2026-08-18,2026-08-18T17:59:01+09:00,7500
M0079,2128,2026-08-18,2026-08-18T18:33:31+09:00,7000
M0079,2128,2026-08-18,2026-08-18T19:09:25+09:00,6400
M0079,2128,2026-08-18,2026-08-18T19:59:53+09:00,7400
M0079,2128,2026-08-18,2026-08-18T20:35:25+09:00,7900
M0079,2128,2026-08-18,2026-08-18T21:11:41+09:00,7800
M0079,2128,2026-08-18,2026-08-18T21:57:39+09:00,8500
M0079,2128,2026-08-18,2026-08-18T22:33:27+09:00,9100
M0080,2129,2026-08-18,2026-08-18T10:52:51+09:00,-100
M0080,2129,2026-08-18,2026-08-18T11:28:45+09:00,-600
M0080,2129,2026-08-18,2026-08-18T12:02:47+09:00,-100
M0080,2129,2026-08-18,2026-08-18T13:07:37+09:00,700
M0080,2129,2026-08-18,2026-08-18T13:35:43+09:00,1400
M0080,2129,2026-08-18,2026-08-18T14:04:28+09:00,2500
M0080,2129,2026-08-18,2026-08-18T14:37:28+09:00,3100
M0080,2129,2026-08-18,2026-08-18T15:11:53+09:00,2800
M0080,2129,2026-08-18,2026-08-18T15:59:35+09:00,2600
M0080,2129,2026-08-18,2026-08-18T19:09:25+09:00,2300
M0080,2129,2026-08-18,2026-08-18T19:59:53+09:00,2500
M0080,2129,2026-08-18,2026-08-18T20:35:25+09:00,2600
M0080,2129,2026-08-18,2026-08-18T21:11:41+09:00,2900
M0031,2016,2026-08-19,2026-08-19T10:53:31+09:00,0
M0031,2016,2026-08-19,2026-08-19T13:06:21+09:00,300
M0031,2016,2026-08-19,2026-08-19T13:35:01+09:00,0
M0031,2016,2026-08-19,2026-08-19T14:09:06+09:00,100
M0031,2016,2026-08-19,2026-08-19T18:08:43+09:00,-100
M0031,2016,2026-08-19,2026-08-19T18:50:27+09:00,-600
M0031,2016,2026-08-19,2026-08-19T19:28:55+09:00,-900
M0031,2016,2026-08-19,2026-08-19T20:05:19+09:00,-800
M0031,2016,2026-08-19,2026-08-19T20:39:17+09:00,700
M0031,2016,2026-08-19,2026-08-19T21:30:39+09:00,800
M0032,2017,2026-08-19,2026-08-19T10:53:31+09:00,0
M0032,2017,2026-08-19,2026-08-19T11:28:23+09:00,-100
M0032,2017,2026-08-19,2026-08-19T12:02:25+09:00,-200
M0032,2017,2026-08-19,2026-08-19T12:35:06+09:00,700
M0032,2017,2026-08-19,2026-08-19T13:06:21+09:00,1200
M0032,2017,2026-08-19,2026-08-19T13:35:01+09:00,800
M0032,2017,2026-08-19,2026-08-19T14:09:06+09:00,400
M0033,2018,2026-08-19,2026-08-19T10:53:31+09:00,0
M0033,2018,2026-08-19,2026-08-19T13:06:21+09:00,100
M0033,2018,2026-08-19,2026-08-19T13:35:01+09:00,400
M0033,2018,2026-08-19,2026-08-19T14:09:06+09:00,-300
M0033,2018,2026-08-19,2026-08-19T14:49:47+09:00,-900
M0033,2018,2026-08-19,2026-08-19T15:26:59+09:00,-1100
M0033,2018,2026-08-19,2026-08-19T16:36:50+09:00,-1500
M0033,2018,2026-08-19,2026-08-19T17:32:35+09:00,-1400
M0034,2019,2026-08-19,2026-08-19T10:53:31+09:00,-300
M0034,2019,2026-08-19,2026-08-19T11:28:23+09:00,-500
M0034,2019,2026-08-19,2026-08-19T12:02:25+09:00,-1100
M0034,2019,2026-08-19,2026-08-19T12:35:06+09:00,-1200
M0034,2019,2026-08-19,2026-08-19T13:06:21+09:00,-300
M0034,2019,2026-08-19,2026-08-19T13:35:01+09:00,0
M0034,2019,2026-08-19,2026-08-19T14:09:06+09:00,-900
M0034,2019,2026-08-19,2026-08-19T14:49:47+09:00,-800
M0034,2019,2026-08-19,2026-08-19T15:26:59+09:00,100
M0034,2019,2026-08-19,2026-08-19T16:02:55+09:00,700
M0035,2020,2026-08-19,2026-08-19T10:53:31+09:00,0
M0035,2020,2026-08-19,2026-08-19T11:28:23+09:00,500
M0035,2020,2026-08-19,2026-08-19T12:35:06+09:00,1100
M0035,2020,2026-08-19,2026-08-19T13:06:21+09:00,2200
M0035,2020,2026-08-19,2026-08-19T13:35:01+09:00,2900
M0035,2020,2026-08-19,2026-08-19T14:09:06+09:00,2400
M0035,2020,2026-08-19,2026-08-19T14:49:47+09:00,2500
M0035,2020,2026-08-19,2026-08-19T15:26:59+09:00,3200
M0035,2020,2026-08-19,2026-08-19T16:02:55+09:00,3100
M0035,2020,2026-08-19,2026-08-19T16:36:50+09:00,3000
M0035,2020,2026-08-19,2026-08-19T17:06:11+09:00,2900
M0035,2020,2026-08-19,2026-08-19T17:32:35+09:00,2400
M0035,2020,2026-08-19,2026-08-19T18:08:43+09:00,1500
M0035,2020,2026-08-19,2026-08-19T18:50:27+09:00,1100
M0035,2020,2026-08-19,2026-08-19T19:28:55+09:00,700
M0035,2020,2026-08-19,2026-08-19T20:05:19+09:00,0
M0035,2020,2026-08-19,2026-08-19T20:39:17+09:00,-400
M0035,2020,2026-08-19,2026-08-19T21:30:39+09:00,-900
M0035,2020,2026-08-19,2026-08-19T22:07:17+09:00,-700
M0036,2021,2026-08-19,2026-08-19T10:53:31+09:00,0
M0036,2021,2026-08-19,2026-08-19T13:06:21+09:00,-300
M0036,2021,2026-08-19,2026-08-19T13:35:01+09:00,-700
M0036,2021,2026-08-19,2026-08-19T14:09:06+09:00,-100
M0036,2021,2026-08-19,2026-08-19T16:36:50+09:00,-200
M0037,2022,2026-08-19,2026-08-19T10:53:31+09:00,0
M0037,2022,2026-08-19,2026-08-19T11:28:23+09:00,-200
M0037,2022,2026-08-19,2026-08-19T13:35:01+09:00,-100
M0037,2022,2026-08-19,2026-08-19T14:09:06+09:00,800
M0037,2022,2026-08-19,2026-08-19T14:49:47+09:00,700
M0037,2022,2026-08-19,2026-08-19T15:26:59+09:00,100
M0037,2022,2026-08-19,2026-08-19T16:02:55+09:00,1000
M0037,2022,2026-08-19,2026-08-19T16:36:50+09:00,1900
M0037,2022,2026-08-19,2026-08-19T17:06:11+09:00,2700
M0037,2022,2026-08-19,2026-08-19T17:32:35+09:00,3700
M0037,2022,2026-08-19,2026-08-19T18:08:43+09:00,3300
M0037,2022,2026-08-19,2026-08-19T20:39:17+09:00,3200
M0037,2022,2026-08-19,2026-08-19T21:30:39+09:00,2600
M0037,2022,2026-08-19,2026-08-19T22:07:17+09:00,2400
M0037,2022,2026-08-19,2026-08-19T22:43:08+09:00,3500
M0037,2022,2026-08-19,2026-08-19T23:29:49+09:00,4000
M0038,2023,2026-08-19,2026-08-19T10:53:31+09:00,-200
M0038,2023,2026-08-19,2026-08-19T11:28:23+09:00,-300
M0038,2023,2026-08-19,2026-08-19T12:02:25+09:00,600
M0038,2023,2026-08-19,2026-08-19T12:35:06+09:00,1600
M0038,2023,2026-08-19,2026-08-19T13:06:21+09:00,1900
M0038,2023,2026-08-19,2026-08-19T13:35:01+09:00,2000
M0038,2023,2026-08-19,2026-08-19T14:09:06+09:00,2900
M0038,2023,2026-08-19,2026-08-19T14:49:47+09:00,2300
M0038,2023,2026-08-19,2026-08-19T15:26:59+09:00,2400
M0038,2023,2026-08-19,2026-08-19T16:36:50+09:00,2000
M0038,2023,2026-08-19,2026-08-19T17:06:11+09:00,1900
M0038,2023,2026-08-19,2026-08-19T17:32:35+09:00,1700
M0038,2023,2026-08-19,2026-08-19T18:08:43+09:00,1200
M0038,2023,2026-08-19,2026-08-19T18:50:27+09:00,700
M0038,2023,2026-08-19,2026-08-19T19:28:55+09:00,1200
M0038,2023,2026-08-19,2026-08-19T20:05:19+09:00,1600
M0038,2023,2026-08-19,2026-08-19T20:39:17+09:00,1400
M0039,2024,2026-08-19,2026-08-19T10:53:31+09:00,0
M0039,2024,2026-08-19,2026-08-19T12:02:25+09:00,-200
M0039,2024,2026-08-19,2026-08-19T12:35:06+09:00,800
M0039,2024,2026-08-19,2026-08-19T13:06:21+09:00,1200
M0039,2024,2026-08-19,2026-08-19T13:35:01+09:00,800
M0039,2024,2026-08-19,2026-08-19T14:09:06+09:00,-400
M0039,2024,2026-08-19,2026-08-19T14:49:47+09:00,-100
M0039,2024,2026-08-19,2026-08-19T15:26:59+09:00,-300
M0039,2024,2026-08-19,2026-08-19T20:05:19+09:00,-400
M0040,2025,2026-08-19,2026-08-19T10:53:31+09:00,100
M0040,2025,2026-08-19,2026-08-19T11:28:23+09:00,800
M0040,2025,2026-08-19,2026-08-19T12:02:25+09:00,1600
M0040,2025,2026-08-19,2026-08-19T12:35:06+09:00,1000
M0040,2025,2026-08-19,2026-08-19T13:06:21+09:00,800
M0040,2025,2026-08-19,2026-08-19T13:35:01+09:00,300
M0040,2025,2026-08-19,2026-08-19T14:09:06+09:00,1500
M0040,2025,2026-08-19,2026-08-19T14:49:47+09:00,2500
M0040,2025,2026-08-19,2026-08-19T15:26:59+09:00,3500
M0040,2025,2026-08-19,2026-08-19T16:02:55+09:00,4300
M0040,2025,2026-08-19,2026-08-19T16:36:50+09:00,4000
M0040,2025,2026-08-19,2026-08-19T17:06:11+09:00,4800
M0040,2025,2026-08-19,2026-08-19T17:32:35+09:00,5600
M0040,2025,2026-08-19,2026-08-19T18:08:43+09:00,4800
M0040,2025,2026-08-19,2026-08-19T18:50:27+09:00,5800
M0040,2025,2026-08-19,2026-08-19T19:28:55+09:00,6100
M0040,2025,2026-08-19,2026-08-19T20:05:19+09:00,6600
M0040,2025,2026-08-19,2026-08-19T20:39:17+09:00,6500
M0040,2025,2026-08-19,2026-08-19T21:30:39+09:00,6000
M0040,2025,2026-08-19,2026-08-19T22:07:17+09:00,6300
M0041,2026,2026-08-19,2026-08-19T10:53:31+09:00,-100
M0041,2026,2026-08-19,2026-08-19T11:28:23+09:00,-300
M0041,2026,2026-08-19,2026-08-19T12:02:25+09:00,-600
M0041,2026,2026-08-19,2026-08-19T14:49:47+09:00,-1200
M0041,2026,2026-08-19,2026-08-19T15:26:59+09:00,-1500
M0041,2026,2026-08-19,2026-08-19T16:02:55+09:00,-1600
M0041,2026,2026-08-19,2026-08-19T16:36:50+09:00,-1200
M0041,2026,2026-08-19,2026-08-19T17:06:11+09:00,-1400
M0042,2027,2026-08-19,2026-08-19T10:53:31+09:00,0
M0042,2027,2026-08-19,2026-08-19T12:35:06+09:00,-200
M0042,2027,2026-08-19,2026-08-19T13:06:21+09:00,-400
M0042,2027,2026-08-19,2026-08-19T13:35:01+09:00,-600
M0042,2027,2026-08-19,2026-08-19T14:49:47+09:00,-1200
M0042,2027,2026-08-19,2026-08-19T15:26:59+09:00,-1300
M0042,2027,2026-08-19,2026-08-19T18:50:27+09:00,-1600
M0042,2027,2026-08-19,2026-08-19T19:28:55+09:00,-600
M0042,2027,2026-08-19,2026-08-19T20:05:19+09:00,-900
M0042,2027,2026-08-19,2026-08-19T20:39:17+09:00,-1100
M0042,2027,2026-08-19,2026-08-19T21:30:39+09:00,-1000
M0042,2027,2026-08-19,2026-08-19T22:43:08+09:00,-1200
M0043,2028,2026-08-19,2026-08-19T10:53:31+09:00,-100
M0043,2028,2026-08-19,2026-08-19T11:28:23+09:00,-400
M0043,2028,2026-08-19,2026-08-19T12:02:25+09:00,-300
M0043,2028,2026-08-19,2026-08-19T14:49:47+09:00,-400
M0043,2028,2026-08-19,2026-08-19T15:26:59+09:00,-1100
M0043,2028,2026-08-19,2026-08-19T16:02:55+09:00,-600
M0043,2028,2026-08-19,2026-08-19T16:36:50+09:00,-700
M0043,2028,2026-08-19,2026-08-19T17:06:11+09:00,-1200
M0043,2028,2026-08-19,2026-08-19T17:32:35+09:00,-1500
M0043,2028,2026-08-19,2026-08-19T18:08:43+09:00,-1900
M0043,2028,2026-08-19,2026-08-19T18:50:27+09:00,-1000
M0043,2028,2026-08-19,2026-08-19T19:28:55+09:00,-100
M0043,2028,2026-08-19,2026-08-19T20:05:19+09:00,500
M0043,2028,2026-08-19,2026-08-19T20:39:17+09:00,400
M0043,2028,2026-08-19,2026-08-19T21:30:39+09:00,700
M0044,2029,2026-08-19,2026-08-19T10:53:31+09:00,-100
M0044,2029,2026-08-19,2026-08-19T11:28:23+09:00,-700
M0044,2029,2026-08-19,2026-08-19T12:02:25+09:00,-1200
M0044,2029,2026-08-19,2026-08-19T13:35:01+09:00,-1300
M0044,2029,2026-08-19,2026-08-19T14:09:06+09:00,-1600
M0044,2029,2026-08-19,2026-08-19T20:39:17+09:00,-1900
M0045,2030,2026-08-19,2026-08-19T10:53:31+09:00,-100
M0045,2030,2026-08-19,2026-08-19T11:28:23+09:00,100
M0045,2030,2026-08-19,2026-08-19T12:02:25+09:00,-400
M0045,2030,2026-08-19,2026-08-19T12:35:06+09:00,-600
M0045,2030,2026-08-19,2026-08-19T13:06:21+09:00,-1200
M0045,2030,2026-08-19,2026-08-19T13:35:01+09:00,-1600
M0045,2030,2026-08-19,2026-08-19T14:49:47+09:00,-2000
M0045,2030,2026-08-19,2026-08-19T15:26:59+09:00,-2500
M0045,2030,2026-08-19,2026-08-19T16:02:55+09:00,-3000
M0045,2030,2026-08-19,2026-08-19T16:36:50+09:00,-2600
M0045,2030,2026-08-19,2026-08-19T17:06:11+09:00,-2800
M0045,2030,2026-08-19,2026-08-19T18:50:27+09:00,-2600
M0045,2030,2026-08-19,2026-08-19T19:28:55+09:00,-3000
M0045,2030,2026-08-19,2026-08-19T20:05:19+09:00,-2100
M0045,2030,2026-08-19,2026-08-19T20:39:17+09:00,-2300
M0045,2030,2026-08-19,2026-08-19T21:30:39+09:00,-2400
M0045,2030,2026-08-19,2026-08-19T22:43:08+09:00,-2500
M0045,2030,2026-08-19,2026-08-19T23:29:49+09:00,-1800
M0046,2031,2026-08-19,2026-08-19T10:53:31+09:00,0
M0046,2031,2026-08-19,2026-08-19T13:35:01+09:00,100
M0046,2031,2026-08-19,2026-08-19T14:09:06+09:00,-1100
M0046,2031,2026-08-19,2026-08-19T14:49:47+09:00,-1400
M0046,2031,2026-08-19,2026-08-19T15:26:59+09:00,-800
M0046,2031,2026-08-19,2026-08-19T16:02:55+09:00,-1000
M0047,2032,2026-08-19,2026-08-19T10:53:31+09:00,0
M0047,2032,2026-08-19,2026-08-19T13:06:21+09:00,100
M0047,2032,2026-08-19,2026-08-19T13:35:01+09:00,-300
M0047,2032,2026-08-19,2026-08-19T14:09:06+09:00,-700
M0047,2032,2026-08-19,2026-08-19T14:49:47+09:00,-600
M0047,2032,2026-08-19,2026-08-19T15:26:59+09:00,-800
M0047,2032,2026-08-19,2026-08-19T16:02:55+09:00,-1300
M0047,2032,2026-08-19,2026-08-19T16:36:50+09:00,-1200
M0047,2032,2026-08-19,2026-08-19T17:06:11+09:00,-1700
M0047,2032,2026-08-19,2026-08-19T17:32:35+09:00,-1800
M0047,2032,2026-08-19,2026-08-19T18:08:43+09:00,-2000
M0047,2032,2026-08-19,2026-08-19T19:28:55+09:00,-2200
M0047,2032,2026-08-19,2026-08-19T20:05:19+09:00,-2000
M0047,2032,2026-08-19,2026-08-19T21:30:39+09:00,-2100
M0048,2033,2026-08-19,2026-08-19T10:53:31+09:00,-100
M0048,2033,2026-08-19,2026-08-19T12:02:25+09:00,-600
M0048,2033,2026-08-19,2026-08-19T12:35:06+09:00,-1100
M0048,2033,2026-08-19,2026-08-19T13:06:21+09:00,-1600
M0048,2033,2026-08-19,2026-08-19T13:35:01+09:00,-1800
M0048,2033,2026-08-19,2026-08-19T14:09:06+09:00,-800
M0049,2034,2026-08-19,2026-08-19T10:53:31+09:00,-200
M0049,2034,2026-08-19,2026-08-19T11:28:23+09:00,-100
M0049,2034,2026-08-19,2026-08-19T12:02:25+09:00,-800
M0049,2034,2026-08-19,2026-08-19T12:35:06+09:00,-1200
M0049,2034,2026-08-19,2026-08-19T13:06:21+09:00,-1400
M0049,2034,2026-08-19,2026-08-19T13:35:01+09:00,-1800
M0049,2034,2026-08-19,2026-08-19T14:09:06+09:00,-500
M0049,2034,2026-08-19,2026-08-19T14:49:47+09:00,-600
M0049,2034,2026-08-19,2026-08-19T17:06:11+09:00,-1200
M0049,2034,2026-08-19,2026-08-19T17:32:35+09:00,-700
M0049,2034,2026-08-19,2026-08-19T18:08:43+09:00,-900
M0049,2034,2026-08-19,2026-08-19T18:50:27+09:00,200
M0049,2034,2026-08-19,2026-08-19T19:28:55+09:00,1100
M0049,2034,2026-08-19,2026-08-19T20:05:19+09:00,1000
M0049,2034,2026-08-19,2026-08-19T20:39:17+09:00,1200
M0049,2034,2026-08-19,2026-08-19T21:30:39+09:00,700
M0049,2034,2026-08-19,2026-08-19T22:07:17+09:00,600
M0050,2035,2026-08-19,2026-08-19T10:53:31+09:00,-100
M0050,2035,2026-08-19,2026-08-19T11:28:23+09:00,-600
M0050,2035,2026-08-19,2026-08-19T12:02:25+09:00,-400
M0050,2035,2026-08-19,2026-08-19T22:43:08+09:00,-100
M0051,2036,2026-08-19,2026-08-19T10:53:31+09:00,-100
M0051,2036,2026-08-19,2026-08-19T12:02:25+09:00,600
M0051,2036,2026-08-19,2026-08-19T12:35:06+09:00,200
M0051,2036,2026-08-19,2026-08-19T13:06:21+09:00,1100
M0051,2036,2026-08-19,2026-08-19T13:35:01+09:00,500
M0051,2036,2026-08-19,2026-08-19T14:09:06+09:00,-200
M0051,2036,2026-08-19,2026-08-19T14:49:47+09:00,-700
M0051,2036,2026-08-19,2026-08-19T15:26:59+09:00,-500
M0051,2036,2026-08-19,2026-08-19T16:02:55+09:00,-800
M0051,2036,2026-08-19,2026-08-19T16:36:50+09:00,-1400
M0051,2036,2026-08-19,2026-08-19T17:06:11+09:00,-1700
M0051,2036,2026-08-19,2026-08-19T17:32:35+09:00,-2200
M0051,2036,2026-08-19,2026-08-19T18:08:43+09:00,-1500
M0052,2037,2026-08-19,2026-08-19T10:53:31+09:00,0
M0052,2037,2026-08-19,2026-08-19T12:35:06+09:00,-100
M0052,2037,2026-08-19,2026-08-19T13:06:21+09:00,500
M0052,2037,2026-08-19,2026-08-19T13:35:01+09:00,100
M0052,2037,2026-08-19,2026-08-19T14:09:06+09:00,0
M0052,2037,2026-08-19,2026-08-19T14:49:47+09:00,-200
M0052,2037,2026-08-19,2026-08-19T15:26:59+09:00,400
M0052,2037,2026-08-19,2026-08-19T16:02:55+09:00,100
M0052,2037,2026-08-19,2026-08-19T16:36:50+09:00,0
M0052,2037,2026-08-19,2026-08-19T17:06:11+09:00,-400
M0052,2037,2026-08-19,2026-08-19T17:32:35+09:00,0
M0052,2037,2026-08-19,2026-08-19T18:08:43+09:00,200
M0052,2037,2026-08-19,2026-08-19T18:50:27+09:00,0
M0052,2037,2026-08-19,2026-08-19T19:28:55+09:00,800
M0052,2037,2026-08-19,2026-08-19T20:05:19+09:00,1900
M0052,2037,2026-08-19,2026-08-19T20:39:17+09:00,3400
M0052,2037,2026-08-19,2026-08-19T21:30:39+09:00,4100
M0052,2037,2026-08-19,2026-08-19T22:07:17+09:00,4000
M0053,2038,2026-08-19,2026-08-19T10:53:31+09:00,-100
M0053,2038,2026-08-19,2026-08-19T11:28:23+09:00,300
M0053,2038,2026-08-19,2026-08-19T12:02:25+09:00,1300
M0053,2038,2026-08-19,2026-08-19T12:35:06+09:00,1500
M0053,2038,2026-08-19,2026-08-19T13:06:21+09:00,1000
M0053,2038,2026-08-19,2026-08-19T13:35:01+09:00,800
M0053,2038,2026-08-19,2026-08-19T14:09:06+09:00,1000
M0053,2038,2026-08-19,2026-08-19T17:32:35+09:00,1800
M0053,2038,2026-08-19,2026-08-19T18:08:43+09:00,1100
M0053,2038,2026-08-19,2026-08-19T18:50:27+09:00,900
M0053,2038,2026-08-19,2026-08-19T19:28:55+09:00,400
M0053,2038,2026-08-19,2026-08-19T20:05:19+09:00,300
M0053,2038,2026-08-19,2026-08-19T20:39:17+09:00,-400
M0053,2038,2026-08-19,2026-08-19T21:30:39+09:00,-600
M0053,2038,2026-08-19,2026-08-19T22:07:17+09:00,-700
M0054,2039,2026-08-19,2026-08-19T10:53:31+09:00,-100
M0054,2039,2026-08-19,2026-08-19T11:28:23+09:00,-300
M0054,2039,2026-08-19,2026-08-19T12:02:25+09:00,-500
M0054,2039,2026-08-19,2026-08-19T14:09:06+09:00,700
M0054,2039,2026-08-19,2026-08-19T14:49:47+09:00,500
M0054,2039,2026-08-19,2026-08-19T15:26:59+09:00,200
M0054,2039,2026-08-19,2026-08-19T16:02:55+09:00,-200
M0054,2039,2026-08-19,2026-08-19T16:36:50+09:00,600
M0054,2039,2026-08-19,2026-08-19T17:32:35+09:00,700
M0054,2039,2026-08-19,2026-08-19T18:08:43+09:00,600
M0054,2039,2026-08-19,2026-08-19T18:50:27+09:00,900
M0054,2039,2026-08-19,2026-08-19T19:28:55+09:00,300
M0054,2039,2026-08-19,2026-08-19T20:05:19+09:00,-400
M0054,2039,2026-08-19,2026-08-19T20:39:17+09:00,700
M0054,2039,2026-08-19,2026-08-19T21:30:39+09:00,200
M0054,2039,2026-08-19,2026-08-19T22:07:17+09:00,0
M0054,2039,2026-08-19,2026-08-19T22:43:08+09:00,-300
M0055,2040,2026-08-19,2026-08-19T10:53:31+09:00,-200
M0055,2040,2026-08-19,2026-08-19T11:28:23+09:00,-600
M0055,2040,2026-08-19,2026-08-19T12:02:25+09:00,-1200
M0055,2040,2026-08-19,2026-08-19T12:35:06+09:00,-400
M0055,2040,2026-08-19,2026-08-19T13:35:01+09:00,-800
M0055,2040,2026-08-19,2026-08-19T14:09:06+09:00,-600
M0055,2040,2026-08-19,2026-08-19T14:49:47+09:00,-1200
M0055,2040,2026-08-19,2026-08-19T15:26:59+09:00,-1300
M0055,2040,2026-08-19,2026-08-19T16:02:55+09:00,-1400
M0055,2040,2026-08-19,2026-08-19T16:36:50+09:00,-1500
M0055,2040,2026-08-19,2026-08-19T17:06:11+09:00,-1700
M0055,2040,2026-08-19,2026-08-19T17:32:35+09:00,-1900
M0055,2040,2026-08-19,2026-08-19T19:28:55+09:00,-2500
M0055,2040,2026-08-19,2026-08-19T20:05:19+09:00,-2900
M0055,2040,2026-08-19,2026-08-19T20:39:17+09:00,-2700
M0056,2041,2026-08-19,2026-08-19T10:53:31+09:00,0
M0056,2041,2026-08-19,2026-08-19T11:28:23+09:00,-100
M0056,2041,2026-08-19,2026-08-19T12:02:25+09:00,-200
M0056,2041,2026-08-19,2026-08-19T16:02:55+09:00,-700
M0056,2041,2026-08-19,2026-08-19T17:06:11+09:00,-900
M0056,2041,2026-08-19,2026-08-19T20:39:17+09:00,-1300
M0056,2041,2026-08-19,2026-08-19T21:30:39+09:00,-1000
M0057,2042,2026-08-19,2026-08-19T10:53:31+09:00,0
M0057,2042,2026-08-19,2026-08-19T12:35:06+09:00,-500
M0057,2042,2026-08-19,2026-08-19T13:06:21+09:00,-900
M0057,2042,2026-08-19,2026-08-19T13:35:01+09:00,-1400
M0057,2042,2026-08-19,2026-08-19T14:09:06+09:00,-800
M0057,2042,2026-08-19,2026-08-19T14:49:47+09:00,-300
M0057,2042,2026-08-19,2026-08-19T15:26:59+09:00,600
M0057,2042,2026-08-19,2026-08-19T16:02:55+09:00,500
M0058,2043,2026-08-19,2026-08-19T10:53:31+09:00,0
M0058,2043,2026-08-19,2026-08-19T11:28:23+09:00,-200
M0058,2043,2026-08-19,2026-08-19T12:02:25+09:00,-600
M0058,2043,2026-08-19,2026-08-19T16:36:50+09:00,-500
M0058,2043,2026-08-19,2026-08-19T17:06:11+09:00,500
M0058,2043,2026-08-19,2026-08-19T17:32:35+09:00,400
M0058,2043,2026-08-19,2026-08-19T18:08:43+09:00,-200
M0058,2043,2026-08-19,2026-08-19T18:50:27+09:00,-500
M0058,2043,2026-08-19,2026-08-19T19:28:55+09:00,0
M0058,2043,2026-08-19,2026-08-19T20:05:19+09:00,-700
M0058,2043,2026-08-19,2026-08-19T20:39:17+09:00,200
M0059,2044,2026-08-19,2026-08-19T10:53:31+09:00,0
M0059,2044,2026-08-19,2026-08-19T12:35:06+09:00,-400
M0059,2044,2026-08-19,2026-08-19T13:06:21+09:00,-800
M0059,2044,2026-08-19,2026-08-19T13:35:01+09:00,-1300
M0059,2044,2026-08-19,2026-08-19T14:09:06+09:00,-2100
M0059,2044,2026-08-19,2026-08-19T14:49:47+09:00,-1600
M0059,2044,2026-08-19,2026-08-19T15:26:59+09:00,-1400
M0060,2045,2026-08-19,2026-08-19T10:53:31+09:00,0
M0060,2045,2026-08-19,2026-08-19T11:28:23+09:00,500
M0060,2045,2026-08-19,2026-08-19T12:02:25+09:00,100
M0060,2045,2026-08-19,2026-08-19T12:35:06+09:00,0
M0060,2045,2026-08-19,2026-08-19T13:06:21+09:00,-200
M0060,2045,2026-08-19,2026-08-19T13:35:01+09:00,-600
M0060,2045,2026-08-19,2026-08-19T14:09:06+09:00,-1600
M0060,2045,2026-08-19,2026-08-19T14:49:47+09:00,-2100
M0060,2045,2026-08-19,2026-08-19T15:26:59+09:00,-1800
M0060,2045,2026-08-19,2026-08-19T16:02:55+09:00,-800
M0060,2045,2026-08-19,2026-08-19T16:36:50+09:00,-200
M0061,2046,2026-08-19,2026-08-19T10:53:31+09:00,-100
M0061,2046,2026-08-19,2026-08-19T11:28:23+09:00,100
M0061,2046,2026-08-19,2026-08-19T13:06:21+09:00,700
M0061,2046,2026-08-19,2026-08-19T14:09:06+09:00,900
M0061,2046,2026-08-19,2026-08-19T14:49:47+09:00,1000
M0061,2046,2026-08-19,2026-08-19T15:26:59+09:00,700
M0061,2046,2026-08-19,2026-08-19T16:02:55+09:00,500
M0061,2046,2026-08-19,2026-08-19T17:06:11+09:00,400
M0061,2046,2026-08-19,2026-08-19T17:32:35+09:00,-200
M0061,2046,2026-08-19,2026-08-19T18:08:43+09:00,-1100
M0061,2046,2026-08-19,2026-08-19T18:50:27+09:00,-900
M0061,2046,2026-08-19,2026-08-19T19:28:55+09:00,200
M0061,2046,2026-08-19,2026-08-19T20:05:19+09:00,600
M0061,2046,2026-08-19,2026-08-19T20:39:17+09:00,500
M0061,2046,2026-08-19,2026-08-19T21:30:39+09:00,300
M0062,2047,2026-08-19,2026-08-19T10:53:31+09:00,-100
M0062,2047,2026-08-19,2026-08-19T11:28:23+09:00,-700
M0062,2047,2026-08-19,2026-08-19T12:02:25+09:00,-900
M0062,2047,2026-08-19,2026-08-19T12:35:06+09:00,-700
M0062,2047,2026-08-19,2026-08-19T13:06:21+09:00,300
M0062,2047,2026-08-19,2026-08-19T13:35:01+09:00,1000
M0062,2047,2026-08-19,2026-08-19T14:09:06+09:00,1600
M0062,2047,2026-08-19,2026-08-19T14:49:47+09:00,1100
M0062,2047,2026-08-19,2026-08-19T15:26:59+09:00,300
M0063,2048,2026-08-19,2026-08-19T10:53:31+09:00,0
M0063,2048,2026-08-19,2026-08-19T12:35:06+09:00,-300
M0063,2048,2026-08-19,2026-08-19T13:06:21+09:00,-500
M0063,2048,2026-08-19,2026-08-19T13:35:01+09:00,-200
M0063,2048,2026-08-19,2026-08-19T14:09:06+09:00,-700
M0064,2049,2026-08-19,2026-08-19T10:53:31+09:00,-100
M0064,2049,2026-08-19,2026-08-19T11:28:23+09:00,-700
M0064,2049,2026-08-19,2026-08-19T12:02:25+09:00,-1100
M0064,2049,2026-08-19,2026-08-19T12:35:06+09:00,-1400
M0064,2049,2026-08-19,2026-08-19T13:06:21+09:00,-400
M0064,2049,2026-08-19,2026-08-19T13:35:01+09:00,-1000
M0064,2049,2026-08-19,2026-08-19T14:09:06+09:00,-900
M0064,2049,2026-08-19,2026-08-19T14:49:47+09:00,-800
M0064,2049,2026-08-19,2026-08-19T15:26:59+09:00,100
M0064,2049,2026-08-19,2026-08-19T16:02:55+09:00,700
M0064,2049,2026-08-19,2026-08-19T16:36:50+09:00,800
M0064,2049,2026-08-19,2026-08-19T18:50:27+09:00,500
M0064,2049,2026-08-19,2026-08-19T19:28:55+09:00,900
M0064,2049,2026-08-19,2026-08-19T20:05:19+09:00,2000
M0064,2049,2026-08-19,2026-08-19T20:39:17+09:00,1200
M0065,2050,2026-08-19,2026-08-19T10:53:31+09:00,-100
M0065,2050,2026-08-19,2026-08-19T11:28:23+09:00,-400
M0065,2050,2026-08-19,2026-08-19T12:02:25+09:00,-600
M0065,2050,2026-08-19,2026-08-19T12:35:06+09:00,-900
M0065,2050,2026-08-19,2026-08-19T13:06:21+09:00,-1400
M0065,2050,2026-08-19,2026-08-19T13:35:01+09:00,-1800
M0065,2050,2026-08-19,2026-08-19T14:09:06+09:00,-1700
M0065,2050,2026-08-19,2026-08-19T21:30:39+09:00,-1900
M0066,2051,2026-08-19,2026-08-19T10:53:31+09:00,0
M0066,2051,2026-08-19,2026-08-19T11:28:23+09:00,-300
M0066,2051,2026-08-19,2026-08-19T12:02:25+09:00,600
M0066,2051,2026-08-19,2026-08-19T12:35:06+09:00,1600
M0066,2051,2026-08-19,2026-08-19T13:06:21+09:00,2500
M0066,2051,2026-08-19,2026-08-19T13:35:01+09:00,2400
M0066,2051,2026-08-19,2026-08-19T14:09:06+09:00,2000
M0067,2052,2026-08-19,2026-08-19T10:53:31+09:00,-200
M0067,2052,2026-08-19,2026-08-19T11:28:23+09:00,600
M0067,2052,2026-08-19,2026-08-19T12:02:25+09:00,700
M0067,2052,2026-08-19,2026-08-19T12:35:06+09:00,300
M0067,2052,2026-08-19,2026-08-19T13:06:21+09:00,100
M0067,2052,2026-08-19,2026-08-19T13:35:01+09:00,-400
M0067,2052,2026-08-19,2026-08-19T14:09:06+09:00,200
M0067,2052,2026-08-19,2026-08-19T14:49:47+09:00,1300
M0067,2052,2026-08-19,2026-08-19T15:26:59+09:00,1200
M0067,2052,2026-08-19,2026-08-19T16:02:55+09:00,1000
M0067,2052,2026-08-19,2026-08-19T16:36:50+09:00,600
M0067,2052,2026-08-19,2026-08-19T17:06:11+09:00,100
M0067,2052,2026-08-19,2026-08-19T17:32:35+09:00,-400
M0067,2052,2026-08-19,2026-08-19T18:08:43+09:00,1000
M0067,2052,2026-08-19,2026-08-19T18:50:27+09:00,1200
M0067,2052,2026-08-19,2026-08-19T19:28:55+09:00,700
M0067,2052,2026-08-19,2026-08-19T20:05:19+09:00,500
M0067,2052,2026-08-19,2026-08-19T20:39:17+09:00,600
M0067,2052,2026-08-19,2026-08-19T21:30:39+09:00,1200
M0068,2053,2026-08-19,2026-08-19T10:53:31+09:00,-200
M0068,2053,2026-08-19,2026-08-19T11:28:23+09:00,-400
M0068,2053,2026-08-19,2026-08-19T12:02:25+09:00,500
M0068,2053,2026-08-19,2026-08-19T13:06:21+09:00,1200
M0068,2053,2026-08-19,2026-08-19T13:35:01+09:00,500
M0068,2053,2026-08-19,2026-08-19T14:09:06+09:00,1100
M0068,2053,2026-08-19,2026-08-19T14:49:47+09:00,1700
M0068,2053,2026-08-19,2026-08-19T15:26:59+09:00,1300
M0068,2053,2026-08-19,2026-08-19T16:02:55+09:00,800
M0068,2053,2026-08-19,2026-08-19T16:36:50+09:00,1300
M0068,2053,2026-08-19,2026-08-19T17:06:11+09:00,2200
M0068,2053,2026-08-19,2026-08-19T17:32:35+09:00,3100
M0068,2053,2026-08-19,2026-08-19T18:08:43+09:00,3300
M0068,2053,2026-08-19,2026-08-19T18:50:27+09:00,3200
M0068,2053,2026-08-19,2026-08-19T19:28:55+09:00,2700
M0068,2053,2026-08-19,2026-08-19T20:05:19+09:00,3500
M0068,2053,2026-08-19,2026-08-19T20:39:17+09:00,3400
M0068,2053,2026-08-19,2026-08-19T21:30:39+09:00,3500
M0069,2054,2026-08-19,2026-08-19T10:53:31+09:00,0
M0069,2054,2026-08-19,2026-08-19T12:02:25+09:00,-300
M0069,2054,2026-08-19,2026-08-19T12:35:06+09:00,-400
M0069,2054,2026-08-19,2026-08-19T14:09:06+09:00,-1000
M0069,2054,2026-08-19,2026-08-19T14:49:47+09:00,-1600
M0069,2054,2026-08-19,2026-08-19T15:26:59+09:00,-1900
M0069,2054,2026-08-19,2026-08-19T16:02:55+09:00,-2200
M0069,2054,2026-08-19,2026-08-19T16:36:50+09:00,-1600
M0069,2054,2026-08-19,2026-08-19T17:06:11+09:00,-1800
M0070,2055,2026-08-19,2026-08-19T10:53:31+09:00,-200
M0070,2055,2026-08-19,2026-08-19T11:28:23+09:00,-700
M0070,2055,2026-08-19,2026-08-19T12:02:25+09:00,-100
M0070,2055,2026-08-19,2026-08-19T13:06:21+09:00,500
M0070,2055,2026-08-19,2026-08-19T13:35:01+09:00,0
M0070,2055,2026-08-19,2026-08-19T14:09:06+09:00,300
M0070,2055,2026-08-19,2026-08-19T14:49:47+09:00,500
M0070,2055,2026-08-19,2026-08-19T15:26:59+09:00,200
M0070,2055,2026-08-19,2026-08-19T16:02:55+09:00,-400
M0070,2055,2026-08-19,2026-08-19T16:36:50+09:00,-300
M0070,2055,2026-08-19,2026-08-19T17:06:11+09:00,-500
M0070,2055,2026-08-19,2026-08-19T17:32:35+09:00,200
M0070,2055,2026-08-19,2026-08-19T18:08:43+09:00,600
M0070,2055,2026-08-19,2026-08-19T18:50:27+09:00,1300
M0070,2055,2026-08-19,2026-08-19T19:28:55+09:00,1900
M0070,2055,2026-08-19,2026-08-19T20:05:19+09:00,3000
M0070,2055,2026-08-19,2026-08-19T20:39:17+09:00,2700
M0070,2055,2026-08-19,2026-08-19T21:30:39+09:00,3700
M0070,2055,2026-08-19,2026-08-19T22:07:17+09:00,2900
M0070,2055,2026-08-19,2026-08-19T22:43:08+09:00,3000
M0071,2056,2026-08-19,2026-08-19T10:53:31+09:00,0
M0071,2056,2026-08-19,2026-08-19T12:35:06+09:00,-300
M0071,2056,2026-08-19,2026-08-19T13:06:21+09:00,200
M0071,2056,2026-08-19,2026-08-19T13:35:01+09:00,700
M0071,2056,2026-08-19,2026-08-19T14:09:06+09:00,1500
M0071,2056,2026-08-19,2026-08-19T14:49:47+09:00,1700
M0071,2056,2026-08-19,2026-08-19T15:26:59+09:00,1400
M0071,2056,2026-08-19,2026-08-19T16:02:55+09:00,1000
M0071,2056,2026-08-19,2026-08-19T16:36:50+09:00,700
M0071,2056,2026-08-19,2026-08-19T17:06:11+09:00,400
M0071,2056,2026-08-19,2026-08-19T17:32:35+09:00,0
M0071,2056,2026-08-19,2026-08-19T18:08:43+09:00,1300
M0071,2056,2026-08-19,2026-08-19T18:50:27+09:00,1200
M0071,2056,2026-08-19,2026-08-19T19:28:55+09:00,700
M0071,2056,2026-08-19,2026-08-19T20:05:19+09:00,800
M0072,2057,2026-08-19,2026-08-19T10:53:31+09:00,0
M0072,2057,2026-08-19,2026-08-19T13:35:01+09:00,-400
M0072,2057,2026-08-19,2026-08-19T14:09:06+09:00,-1300
M0072,2057,2026-08-19,2026-08-19T14:49:47+09:00,-1100
M0072,2057,2026-08-19,2026-08-19T15:26:59+09:00,-1400
M0073,2058,2026-08-19,2026-08-19T10:53:31+09:00,-300
M0073,2058,2026-08-19,2026-08-19T11:28:23+09:00,-600
M0073,2058,2026-08-19,2026-08-19T12:02:25+09:00,-700
M0073,2058,2026-08-19,2026-08-19T12:35:06+09:00,300
M0073,2058,2026-08-19,2026-08-19T13:06:21+09:00,-300
M0073,2058,2026-08-19,2026-08-19T13:35:01+09:00,0
M0073,2058,2026-08-19,2026-08-19T14:09:06+09:00,-400
M0073,2058,2026-08-19,2026-08-19T14:49:47+09:00,-700
M0073,2058,2026-08-19,2026-08-19T19:28:55+09:00,-500
M0073,2058,2026-08-19,2026-08-19T20:05:19+09:00,-400
M0073,2058,2026-08-19,2026-08-19T20:39:17+09:00,-100
M0073,2058,2026-08-19,2026-08-19T21:30:39+09:00,800
M0073,2058,2026-08-19,2026-08-19T22:07:17+09:00,1800
M0073,2058,2026-08-19,2026-08-19T22:43:08+09:00,3800
M0073,2058,2026-08-19,2026-08-19T23:29:49+09:00,4500
M0074,2059,2026-08-19,2026-08-19T10:53:31+09:00,0
M0074,2059,2026-08-19,2026-08-19T13:06:21+09:00,-700
M0074,2059,2026-08-19,2026-08-19T13:35:01+09:00,-1200
M0074,2059,2026-08-19,2026-08-19T14:09:06+09:00,-700
M0074,2059,2026-08-19,2026-08-19T14:49:47+09:00,-1300
M0074,2059,2026-08-19,2026-08-19T16:02:55+09:00,-1600
M0074,2059,2026-08-19,2026-08-19T16:36:50+09:00,-1700
M0075,2124,2026-08-19,2026-08-19T10:53:31+09:00,-200
M0075,2124,2026-08-19,2026-08-19T11:28:23+09:00,800
M0075,2124,2026-08-19,2026-08-19T12:02:25+09:00,100
M0075,2124,2026-08-19,2026-08-19T12:35:06+09:00,0
M0076,2125,2026-08-19,2026-08-19T10:53:31+09:00,-200
M0076,2125,2026-08-19,2026-08-19T11:28:23+09:00,-700
M0076,2125,2026-08-19,2026-08-19T12:02:25+09:00,-500
M0076,2125,2026-08-19,2026-08-19T13:06:21+09:00,-900
M0076,2125,2026-08-19,2026-08-19T13:35:01+09:00,-1400
M0076,2125,2026-08-19,2026-08-19T14:09:06+09:00,-2400
M0076,2125,2026-08-19,2026-08-19T14:49:47+09:00,-1400
M0076,2125,2026-08-19,2026-08-19T16:02:55+09:00,-1500
M0076,2125,2026-08-19,2026-08-19T16:36:50+09:00,-1400
M0076,2125,2026-08-19,2026-08-19T17:06:11+09:00,-1300
M0077,2126,2026-08-19,2026-08-19T10:53:31+09:00,-200
M0077,2126,2026-08-19,2026-08-19T11:28:23+09:00,0
M0077,2126,2026-08-19,2026-08-19T18:08:43+09:00,-200
M0078,2127,2026-08-19,2026-08-19T10:53:31+09:00,-200
M0078,2127,2026-08-19,2026-08-19T11:28:23+09:00,-100
M0078,2127,2026-08-19,2026-08-19T12:02:25+09:00,900
M0078,2127,2026-08-19,2026-08-19T12:35:06+09:00,2000
M0078,2127,2026-08-19,2026-08-19T13:06:21+09:00,3000
M0078,2127,2026-08-19,2026-08-19T13:35:01+09:00,3900
M0078,2127,2026-08-19,2026-08-19T14:09:06+09:00,5700
M0078,2127,2026-08-19,2026-08-19T14:49:47+09:00,6700
M0078,2127,2026-08-19,2026-08-19T15:26:59+09:00,7800
M0078,2127,2026-08-19,2026-08-19T16:02:55+09:00,7200
M0078,2127,2026-08-19,2026-08-19T16:36:50+09:00,6800
M0078,2127,2026-08-19,2026-08-19T17:06:11+09:00,7300
M0078,2127,2026-08-19,2026-08-19T17:32:35+09:00,7700
M0078,2127,2026-08-19,2026-08-19T18:08:43+09:00,7000
M0078,2127,2026-08-19,2026-08-19T21:30:39+09:00,6500
M0078,2127,2026-08-19,2026-08-19T22:07:17+09:00,6100
M0078,2127,2026-08-19,2026-08-19T22:43:08+09:00,7100
M0079,2128,2026-08-19,2026-08-19T10:53:31+09:00,-100
M0079,2128,2026-08-19,2026-08-19T11:28:23+09:00,200
M0079,2128,2026-08-19,2026-08-19T12:02:25+09:00,400
M0079,2128,2026-08-19,2026-08-19T12:35:06+09:00,1300
M0079,2128,2026-08-19,2026-08-19T13:06:21+09:00,1600
M0079,2128,2026-08-19,2026-08-19T13:35:01+09:00,1500
M0079,2128,2026-08-19,2026-08-19T14:09:06+09:00,1100
M0079,2128,2026-08-19,2026-08-19T14:49:47+09:00,900
M0079,2128,2026-08-19,2026-08-19T15:26:59+09:00,300
M0079,2128,2026-08-19,2026-08-19T16:02:55+09:00,200
M0079,2128,2026-08-19,2026-08-19T16:36:50+09:00,300
M0079,2128,2026-08-19,2026-08-19T17:06:11+09:00,-100
M0079,2128,2026-08-19,2026-08-19T18:08:43+09:00,-600
M0079,2128,2026-08-19,2026-08-19T18:50:27+09:00,-700
M0080,2129,2026-08-19,2026-08-19T10:53:31+09:00,0
M0080,2129,2026-08-19,2026-08-19T11:28:23+09:00,400
M0080,2129,2026-08-19,2026-08-19T12:02:25+09:00,1400
M0080,2129,2026-08-19,2026-08-19T12:35:06+09:00,2300
M0080,2129,2026-08-19,2026-08-19T13:06:21+09:00,2100
M0080,2129,2026-08-19,2026-08-19T13:35:01+09:00,1800
M0080,2129,2026-08-19,2026-08-19T14:09:06+09:00,1100
M0080,2129,2026-08-19,2026-08-19T18:08:43+09:00,500
M0080,2129,2026-08-19,2026-08-19T18:50:27+09:00,700
M0031,2016,2026-08-20,2026-08-20T10:52:57+09:00,0
M0031,2016,2026-08-20,2026-08-20T13:36:17+09:00,200
M0031,2016,2026-08-20,2026-08-20T14:02:59+09:00,500
M0031,2016,2026-08-20,2026-08-20T14:35:37+09:00,200
M0031,2016,2026-08-20,2026-08-20T15:09:59+09:00,-500
M0031,2016,2026-08-20,2026-08-20T15:59:19+09:00,100
M0031,2016,2026-08-20,2026-08-20T16:32:33+09:00,1200
M0031,2016,2026-08-20,2026-08-20T17:07:41+09:00,2100
M0031,2016,2026-08-20,2026-08-20T17:42:01+09:00,3000
M0031,2016,2026-08-20,2026-08-20T18:28:21+09:00,2700
M0031,2016,2026-08-20,2026-08-20T19:39:23+09:00,2600
M0031,2016,2026-08-20,2026-08-20T20:28:35+09:00,2100
M0031,2016,2026-08-20,2026-08-20T21:05:21+09:00,1800
M0031,2016,2026-08-20,2026-08-20T21:40:19+09:00,800
M0031,2016,2026-08-20,2026-08-20T22:30:04+09:00,400
M0031,2016,2026-08-20,2026-08-20T23:07:51+09:00,-200
M0031,2016,2026-08-20,2026-08-20T23:43:01+09:00,-500
M0032,2017,2026-08-20,2026-08-20T10:52:57+09:00,0
M0032,2017,2026-08-20,2026-08-20T12:35:01+09:00,-100
M0032,2017,2026-08-20,2026-08-20T15:09:59+09:00,-200
M0032,2017,2026-08-20,2026-08-20T15:59:19+09:00,400
M0032,2017,2026-08-20,2026-08-20T17:42:01+09:00,300
M0032,2017,2026-08-20,2026-08-20T18:28:21+09:00,600
M0032,2017,2026-08-20,2026-08-20T19:04:37+09:00,100
M0032,2017,2026-08-20,2026-08-20T19:39:23+09:00,0
M0032,2017,2026-08-20,2026-08-20T20:28:35+09:00,-400
M0032,2017,2026-08-20,2026-08-20T21:05:21+09:00,-800
M0033,2018,2026-08-20,2026-08-20T10:52:57+09:00,0
M0033,2018,2026-08-20,2026-08-20T15:09:59+09:00,-100
M0033,2018,2026-08-20,2026-08-20T15:59:19+09:00,-300
M0033,2018,2026-08-20,2026-08-20T17:07:41+09:00,100
M0033,2018,2026-08-20,2026-08-20T21:05:21+09:00,0
M0033,2018,2026-08-20,2026-08-20T21:40:19+09:00,-300
M0033,2018,2026-08-20,2026-08-20T22:30:04+09:00,500
M0033,2018,2026-08-20,2026-08-20T23:07:51+09:00,300
M0034,2019,2026-08-20,2026-08-20T10:52:57+09:00,-100
M0034,2019,2026-08-20,2026-08-20T11:28:53+09:00,0
M0034,2019,2026-08-20,2026-08-20T12:02:37+09:00,-400
M0034,2019,2026-08-20,2026-08-20T12:35:01+09:00,-600
M0034,2019,2026-08-20,2026-08-20T13:07:39+09:00,-500
M0034,2019,2026-08-20,2026-08-20T13:36:17+09:00,-800
M0034,2019,2026-08-20,2026-08-20T14:02:59+09:00,-100
M0034,2019,2026-08-20,2026-08-20T14:35:37+09:00,1000
M0034,2019,2026-08-20,2026-08-20T15:09:59+09:00,600
M0034,2019,2026-08-20,2026-08-20T15:59:19+09:00,1000
M0034,2019,2026-08-20,2026-08-20T17:07:41+09:00,900
M0034,2019,2026-08-20,2026-08-20T17:42:01+09:00,0
M0034,2019,2026-08-20,2026-08-20T18:28:21+09:00,-400
M0034,2019,2026-08-20,2026-08-20T19:04:37+09:00,-1000
M0034,2019,2026-08-20,2026-08-20T19:39:23+09:00,-1900
M0034,2019,2026-08-20,2026-08-20T20:28:35+09:00,-1800
M0034,2019,2026-08-20,2026-08-20T21:05:21+09:00,-1700
M0034,2019,2026-08-20,2026-08-20T21:40:19+09:00,-2100
M0035,2020,2026-08-20,2026-08-20T10:52:57+09:00,-200
M0035,2020,2026-08-20,2026-08-20T11:28:53+09:00,-500
M0035,2020,2026-08-20,2026-08-20T12:02:37+09:00,400
M0035,2020,2026-08-20,2026-08-20T12:35:01+09:00,200
M0035,2020,2026-08-20,2026-08-20T13:07:39+09:00,-300
M0035,2020,2026-08-20,2026-08-20T13:36:17+09:00,-700
M0035,2020,2026-08-20,2026-08-20T14:02:59+09:00,-900
M0035,2020,2026-08-20,2026-08-20T14:35:37+09:00,-1000
M0035,2020,2026-08-20,2026-08-20T15:09:59+09:00,0
M0035,2020,2026-08-20,2026-08-20T15:59:19+09:00,-500
M0035,2020,2026-08-20,2026-08-20T16:32:33+09:00,-900
M0035,2020,2026-08-20,2026-08-20T17:07:41+09:00,-1400
M0035,2020,2026-08-20,2026-08-20T17:42:01+09:00,-2200
M0035,2020,2026-08-20,2026-08-20T18:28:21+09:00,-2300
M0035,2020,2026-08-20,2026-08-20T19:04:37+09:00,-2200
M0036,2021,2026-08-20,2026-08-20T10:52:57+09:00,0
M0036,2021,2026-08-20,2026-08-20T14:02:59+09:00,-600
M0036,2021,2026-08-20,2026-08-20T14:35:37+09:00,-300
M0036,2021,2026-08-20,2026-08-20T15:09:59+09:00,900
M0036,2021,2026-08-20,2026-08-20T20:28:35+09:00,600
M0036,2021,2026-08-20,2026-08-20T21:05:21+09:00,200
M0036,2021,2026-08-20,2026-08-20T21:40:19+09:00,-600
M0036,2021,2026-08-20,2026-08-20T22:30:04+09:00,-1200
M0036,2021,2026-08-20,2026-08-20T23:07:51+09:00,-1800
M0037,2022,2026-08-20,2026-08-20T10:52:57+09:00,0
M0037,2022,2026-08-20,2026-08-20T12:02:37+09:00,200
M0037,2022,2026-08-20,2026-08-20T12:35:01+09:00,1000
M0037,2022,2026-08-20,2026-08-20T15:09:59+09:00,200
M0037,2022,2026-08-20,2026-08-20T16:32:33+09:00,100
M0037,2022,2026-08-20,2026-08-20T17:42:01+09:00,-300
M0037,2022,2026-08-20,2026-08-20T19:04:37+09:00,-100
M0038,2023,2026-08-20,2026-08-20T10:52:57+09:00,0
M0038,2023,2026-08-20,2026-08-20T16:32:33+09:00,-500
M0038,2023,2026-08-20,2026-08-20T19:39:23+09:00,-700
M0039,2024,2026-08-20,2026-08-20T10:52:57+09:00,-200
M0039,2024,2026-08-20,2026-08-20T11:28:53+09:00,100
M0039,2024,2026-08-20,2026-08-20T12:02:37+09:00,800
M0039,2024,2026-08-20,2026-08-20T12:35:01+09:00,500
M0039,2024,2026-08-20,2026-08-20T13:07:39+09:00,0
M0039,2024,2026-08-20,2026-08-20T13:36:17+09:00,-600
M0039,2024,2026-08-20,2026-08-20T14:02:59+09:00,-400
M0039,2024,2026-08-20,2026-08-20T14:35:37+09:00,0
M0039,2024,2026-08-20,2026-08-20T15:09:59+09:00,500
M0039,2024,2026-08-20,2026-08-20T15:59:19+09:00,-200
M0039,2024,2026-08-20,2026-08-20T17:07:41+09:00,500
M0039,2024,2026-08-20,2026-08-20T17:42:01+09:00,300
M0039,2024,2026-08-20,2026-08-20T18:28:21+09:00,200
M0039,2024,2026-08-20,2026-08-20T19:04:37+09:00,100
M0039,2024,2026-08-20,2026-08-20T19:39:23+09:00,-900
M0039,2024,2026-08-20,2026-08-20T20:28:35+09:00,-1400
M0039,2024,2026-08-20,2026-08-20T21:05:21+09:00,-1900
M0039,2024,2026-08-20,2026-08-20T21:40:19+09:00,-1200
M0039,2024,2026-08-20,2026-08-20T22:30:04+09:00,-900
M0040,2025,2026-08-20,2026-08-20T10:52:57+09:00,0
M0040,2025,2026-08-20,2026-08-20T21:05:21+09:00,-100
M0040,2025,2026-08-20,2026-08-20T21:40:19+09:00,1200
M0041,2026,2026-08-20,2026-08-20T10:52:57+09:00,-200
M0041,2026,2026-08-20,2026-08-20T12:02:37+09:00,300
M0041,2026,2026-08-20,2026-08-20T12:35:01+09:00,400
M0041,2026,2026-08-20,2026-08-20T13:07:39+09:00,900
M0041,2026,2026-08-20,2026-08-20T13:36:17+09:00,1000
M0041,2026,2026-08-20,2026-08-20T14:02:59+09:00,800
M0041,2026,2026-08-20,2026-08-20T15:09:59+09:00,1000
M0041,2026,2026-08-20,2026-08-20T15:59:19+09:00,700
M0041,2026,2026-08-20,2026-08-20T16:32:33+09:00,800
M0041,2026,2026-08-20,2026-08-20T17:07:41+09:00,500
M0041,2026,2026-08-20,2026-08-20T17:42:01+09:00,300
M0041,2026,2026-08-20,2026-08-20T19:04:37+09:00,-200
M0041,2026,2026-08-20,2026-08-20T19:39:23+09:00,-700
M0041,2026,2026-08-20,2026-08-20T20:28:35+09:00,0
M0041,2026,2026-08-20,2026-08-20T21:05:21+09:00,-100
M0041,2026,2026-08-20,2026-08-20T21:40:19+09:00,-600
M0041,2026,2026-08-20,2026-08-20T23:07:51+09:00,100
M0042,2027,2026-08-20,2026-08-20T10:52:57+09:00,0
M0042,2027,2026-08-20,2026-08-20T15:09:59+09:00,-100
M0042,2027,2026-08-20,2026-08-20T16:32:33+09:00,400
M0043,2028,2026-08-20,2026-08-20T10:52:57+09:00,0
M0043,2028,2026-08-20,2026-08-20T12:35:01+09:00,-200
M0043,2028,2026-08-20,2026-08-20T13:07:39+09:00,-800
M0043,2028,2026-08-20,2026-08-20T13:36:17+09:00,-1200
M0043,2028,2026-08-20,2026-08-20T14:02:59+09:00,-700
M0043,2028,2026-08-20,2026-08-20T14:35:37+09:00,-900
M0043,2028,2026-08-20,2026-08-20T15:09:59+09:00,-1900
M0043,2028,2026-08-20,2026-08-20T15:59:19+09:00,-2400
M0043,2028,2026-08-20,2026-08-20T16:32:33+09:00,-3000
M0043,2028,2026-08-20,2026-08-20T17:07:41+09:00,-3400
M0043,2028,2026-08-20,2026-08-20T17:42:01+09:00,-2800
M0043,2028,2026-08-20,2026-08-20T18:28:21+09:00,-1800
M0043,2028,2026-08-20,2026-08-20T19:39:23+09:00,-1900
M0043,2028,2026-08-20,2026-08-20T20:28:35+09:00,-1800
M0043,2028,2026-08-20,2026-08-20T21:05:21+09:00,-2400
M0043,2028,2026-08-20,2026-08-20T21:40:19+09:00,-1800
M0044,2029,2026-08-20,2026-08-20T10:52:57+09:00,0
M0044,2029,2026-08-20,2026-08-20T12:02:37+09:00,-400
M0044,2029,2026-08-20,2026-08-20T15:09:59+09:00,-600
M0044,2029,2026-08-20,2026-08-20T15:59:19+09:00,200
M0044,2029,2026-08-20,2026-08-20T16:32:33+09:00,1200
M0044,2029,2026-08-20,2026-08-20T17:07:41+09:00,1700
M0044,2029,2026-08-20,2026-08-20T17:42:01+09:00,1100
M0044,2029,2026-08-20,2026-08-20T18:28:21+09:00,1600
M0044,2029,2026-08-20,2026-08-20T19:39:23+09:00,1700
M0044,2029,2026-08-20,2026-08-20T20:28:35+09:00,1200
M0044,2029,2026-08-20,2026-08-20T21:05:21+09:00,1100
M0044,2029,2026-08-20,2026-08-20T21:40:19+09:00,0
M0044,2029,2026-08-20,2026-08-20T22:30:04+09:00,-200
M0044,2029,2026-08-20,2026-08-20T23:07:51+09:00,200
M0044,2029,2026-08-20,2026-08-20T23:43:01+09:00,1300
M0045,2030,2026-08-20,2026-08-20T10:52:57+09:00,-200
M0045,2030,2026-08-20,2026-08-20T11:28:53+09:00,-400
M0045,2030,2026-08-20,2026-08-20T12:02:37+09:00,-900
M0045,2030,2026-08-20,2026-08-20T12:35:01+09:00,-1400
M0045,2030,2026-08-20,2026-08-20T13:07:39+09:00,-2000
M0045,2030,2026-08-20,2026-08-20T13:36:17+09:00,-2300
M0045,2030,2026-08-20,2026-08-20T14:02:59+09:00,-2500
M0045,2030,2026-08-20,2026-08-20T14:35:37+09:00,-2100
M0045,2030,2026-08-20,2026-08-20T16:32:33+09:00,-2300
M0046,2031,2026-08-20,2026-08-20T10:52:57+09:00,0
M0046,2031,2026-08-20,2026-08-20T12:02:37+09:00,100
M0046,2031,2026-08-20,2026-08-20T15:09:59+09:00,-400
M0046,2031,2026-08-20,2026-08-20T15:59:19+09:00,-600
M0046,2031,2026-08-20,2026-08-20T17:07:41+09:00,0
M0046,2031,2026-08-20,2026-08-20T17:42:01+09:00,-800
M0046,2031,2026-08-20,2026-08-20T18:28:21+09:00,-1100
M0046,2031,2026-08-20,2026-08-20T19:04:37+09:00,-800
M0046,2031,2026-08-20,2026-08-20T19:39:23+09:00,-400
M0046,2031,2026-08-20,2026-08-20T20:28:35+09:00,-500
M0046,2031,2026-08-20,2026-08-20T21:05:21+09:00,-300
M0047,2032,2026-08-20,2026-08-20T10:52:57+09:00,0
M0047,2032,2026-08-20,2026-08-20T13:07:39+09:00,-200
M0047,2032,2026-08-20,2026-08-20T13:36:17+09:00,-600
M0047,2032,2026-08-20,2026-08-20T14:02:59+09:00,-800
M0047,2032,2026-08-20,2026-08-20T14:35:37+09:00,200
M0047,2032,2026-08-20,2026-08-20T15:09:59+09:00,-100
M0047,2032,2026-08-20,2026-08-20T15:59:19+09:00,-600
M0047,2032,2026-08-20,2026-08-20T16:32:33+09:00,-1300
M0047,2032,2026-08-20,2026-08-20T17:07:41+09:00,-1100
M0047,2032,2026-08-20,2026-08-20T17:42:01+09:00,-900
M0048,2033,2026-08-20,2026-08-20T10:52:57+09:00,100
M0048,2033,2026-08-20,2026-08-20T11:28:53+09:00,-100
M0048,2033,2026-08-20,2026-08-20T12:35:01+09:00,-500
M0048,2033,2026-08-20,2026-08-20T13:36:17+09:00,-400
M0048,2033,2026-08-20,2026-08-20T14:02:59+09:00,200
M0048,2033,2026-08-20,2026-08-20T14:35:37+09:00,400
M0048,2033,2026-08-20,2026-08-20T15:09:59+09:00,900
M0048,2033,2026-08-20,2026-08-20T16:32:33+09:00,600
M0048,2033,2026-08-20,2026-08-20T17:07:41+09:00,900
M0048,2033,2026-08-20,2026-08-20T17:42:01+09:00,-200
M0048,2033,2026-08-20,2026-08-20T18:28:21+09:00,-100
M0048,2033,2026-08-20,2026-08-20T19:04:37+09:00,200
M0048,2033,2026-08-20,2026-08-20T19:39:23+09:00,-1000
M0048,2033,2026-08-20,2026-08-20T20:28:35+09:00,-1200
M0048,2033,2026-08-20,2026-08-20T21:05:21+09:00,-1700
M0048,2033,2026-08-20,2026-08-20T21:40:19+09:00,-1900
M0048,2033,2026-08-20,2026-08-20T22:30:04+09:00,-1700
M0049,2034,2026-08-20,2026-08-20T10:52:57+09:00,-200
M0049,2034,2026-08-20,2026-08-20T11:28:53+09:00,-300
M0049,2034,2026-08-20,2026-08-20T12:02:37+09:00,-800
M0049,2034,2026-08-20,2026-08-20T12:35:01+09:00,-1200
M0049,2034,2026-08-20,2026-08-20T13:07:39+09:00,-1600
M0049,2034,2026-08-20,2026-08-20T13:36:17+09:00,-1900
M0049,2034,2026-08-20,2026-08-20T14:02:59+09:00,-2400
M0049,2034,2026-08-20,2026-08-20T15:09:59+09:00,-2800
M0049,2034,2026-08-20,2026-08-20T15:59:19+09:00,-2000
M0049,2034,2026-08-20,2026-08-20T16:32:33+09:00,-2400
M0049,2034,2026-08-20,2026-08-20T17:07:41+09:00,-2800
M0049,2034,2026-08-20,2026-08-20T17:42:01+09:00,-3900
M0049,2034,2026-08-20,2026-08-20T18:28:21+09:00,-3700
M0049,2034,2026-08-20,2026-08-20T19:04:37+09:00,-3800
M0049,2034,2026-08-20,2026-08-20T19:39:23+09:00,-3900
M0050,2035,2026-08-20,2026-08-20T10:52:57+09:00,-100
M0050,2035,2026-08-20,2026-08-20T11:28:53+09:00,-700
M0050,2035,2026-08-20,2026-08-20T12:02:37+09:00,-1100
M0050,2035,2026-08-20,2026-08-20T12:35:01+09:00,-800
M0050,2035,2026-08-20,2026-08-20T13:07:39+09:00,-1200
M0050,2035,2026-08-20,2026-08-20T13:36:17+09:00,-1100
M0050,2035,2026-08-20,2026-08-20T14:02:59+09:00,-1200
M0050,2035,2026-08-20,2026-08-20T14:35:37+09:00,-1400
M0050,2035,2026-08-20,2026-08-20T15:09:59+09:00,-900
M0050,2035,2026-08-20,2026-08-20T15:59:19+09:00,-300
M0050,2035,2026-08-20,2026-08-20T17:07:41+09:00,-100
M0050,2035,2026-08-20,2026-08-20T17:42:01+09:00,-400
M0050,2035,2026-08-20,2026-08-20T18:28:21+09:00,-100
M0050,2035,2026-08-20,2026-08-20T19:04:37+09:00,200
M0050,2035,2026-08-20,2026-08-20T19:39:23+09:00,-500
M0050,2035,2026-08-20,2026-08-20T20:28:35+09:00,-1200
M0050,2035,2026-08-20,2026-08-20T21:05:21+09:00,-600
M0050,2035,2026-08-20,2026-08-20T21:40:19+09:00,-400
M0050,2035,2026-08-20,2026-08-20T22:30:04+09:00,-800
M0050,2035,2026-08-20,2026-08-20T23:07:51+09:00,-700
M0050,2035,2026-08-20,2026-08-20T23:43:01+09:00,-600
M0051,2036,2026-08-20,2026-08-20T10:52:57+09:00,0
M0051,2036,2026-08-20,2026-08-20T15:09:59+09:00,-200
M0051,2036,2026-08-20,2026-08-20T20:28:35+09:00,-400
M0051,2036,2026-08-20,2026-08-20T21:05:21+09:00,-300
M0051,2036,2026-08-20,2026-08-20T21:40:19+09:00,1000
M0051,2036,2026-08-20,2026-08-20T22:30:04+09:00,2100
M0051,2036,2026-08-20,2026-08-20T23:07:51+09:00,3000
M0051,2036,2026-08-20,2026-08-20T23:43:01+09:00,3200
M0052,2037,2026-08-20,2026-08-20T10:52:57+09:00,0
M0052,2037,2026-08-20,2026-08-20T12:02:37+09:00,-200
M0052,2037,2026-08-20,2026-08-20T12:35:01+09:00,-700
M0052,2037,2026-08-20,2026-08-20T13:07:39+09:00,-1000
M0052,2037,2026-08-20,2026-08-20T13:36:17+09:00,-1300
M0052,2037,2026-08-20,2026-08-20T14:35:37+09:00,-900
M0052,2037,2026-08-20,2026-08-20T20:28:35+09:00,-1000
M0052,2037,2026-08-20,2026-08-20T21:05:21+09:00,-900
M0052,2037,2026-08-20,2026-08-20T21:40:19+09:00,-1100
M0053,2038,2026-08-20,2026-08-20T10:52:57+09:00,0
M0053,2038,2026-08-20,2026-08-20T15:09:59+09:00,-400
M0053,2038,2026-08-20,2026-08-20T15:59:19+09:00,-900
M0053,2038,2026-08-20,2026-08-20T16:32:33+09:00,-1100
M0054,2039,2026-08-20,2026-08-20T10:52:57+09:00,0
M0054,2039,2026-08-20,2026-08-20T14:02:59+09:00,-100
M0054,2039,2026-08-20,2026-08-20T14:35:37+09:00,-600
M0054,2039,2026-08-20,2026-08-20T15:09:59+09:00,-2000
M0054,2039,2026-08-20,2026-08-20T15:59:19+09:00,-1000
M0054,2039,2026-08-20,2026-08-20T16:32:33+09:00,-1400
M0054,2039,2026-08-20,2026-08-20T17:42:01+09:00,-1500
M0054,2039,2026-08-20,2026-08-20T18:28:21+09:00,-600
M0054,2039,2026-08-20,2026-08-20T19:04:37+09:00,500
M0054,2039,2026-08-20,2026-08-20T19:39:23+09:00,2300
M0054,2039,2026-08-20,2026-08-20T20:28:35+09:00,3100
M0054,2039,2026-08-20,2026-08-20T21:05:21+09:00,3200
M0054,2039,2026-08-20,2026-08-20T21:40:19+09:00,3100
M0055,2040,2026-08-20,2026-08-20T10:52:57+09:00,400
M0055,2040,2026-08-20,2026-08-20T11:28:53+09:00,300
M0055,2040,2026-08-20,2026-08-20T12:02:37+09:00,-100
M0055,2040,2026-08-20,2026-08-20T12:35:01+09:00,-600
M0055,2040,2026-08-20,2026-08-20T13:07:39+09:00,-1100
M0055,2040,2026-08-20,2026-08-20T13:36:17+09:00,-1300
M0055,2040,2026-08-20,2026-08-20T14:02:59+09:00,-1100
M0055,2040,2026-08-20,2026-08-20T14:35:37+09:00,-1500
M0055,2040,2026-08-20,2026-08-20T15:09:59+09:00,-1600
M0055,2040,2026-08-20,2026-08-20T15:59:19+09:00,-900
M0055,2040,2026-08-20,2026-08-20T16:32:33+09:00,100
M0055,2040,2026-08-20,2026-08-20T17:07:41+09:00,1000
M0055,2040,2026-08-20,2026-08-20T17:42:01+09:00,3000
M0055,2040,2026-08-20,2026-08-20T18:28:21+09:00,3900
M0055,2040,2026-08-20,2026-08-20T19:04:37+09:00,3700
M0055,2040,2026-08-20,2026-08-20T19:39:23+09:00,3400
M0055,2040,2026-08-20,2026-08-20T21:40:19+09:00,2900
M0055,2040,2026-08-20,2026-08-20T22:30:04+09:00,2800
M0056,2041,2026-08-20,2026-08-20T10:52:57+09:00,0
M0056,2041,2026-08-20,2026-08-20T19:39:23+09:00,200
M0057,2042,2026-08-20,2026-08-20T10:52:57+09:00,-100
M0057,2042,2026-08-20,2026-08-20T11:28:53+09:00,-500
M0057,2042,2026-08-20,2026-08-20T12:02:37+09:00,-300
M0057,2042,2026-08-20,2026-08-20T12:35:01+09:00,400
M0057,2042,2026-08-20,2026-08-20T13:07:39+09:00,1000
M0057,2042,2026-08-20,2026-08-20T13:36:17+09:00,1200
M0057,2042,2026-08-20,2026-08-20T14:02:59+09:00,1600
M0057,2042,2026-08-20,2026-08-20T14:35:37+09:00,1900
M0057,2042,2026-08-20,2026-08-20T15:09:59+09:00,1100
M0057,2042,2026-08-20,2026-08-20T15:59:19+09:00,1300
M0057,2042,2026-08-20,2026-08-20T16:32:33+09:00,1500
M0057,2042,2026-08-20,2026-08-20T17:07:41+09:00,1700
M0057,2042,2026-08-20,2026-08-20T17:42:01+09:00,2600
M0057,2042,2026-08-20,2026-08-20T18:28:21+09:00,3500
M0057,2042,2026-08-20,2026-08-20T19:04:37+09:00,4600
M0057,2042,2026-08-20,2026-08-20T19:39:23+09:00,5800
M0057,2042,2026-08-20,2026-08-20T20:28:35+09:00,5300
M0057,2042,2026-08-20,2026-08-20T21:05:21+09:00,5400
M0057,2042,2026-08-20,2026-08-20T21:40:19+09:00,5000
M0058,2043,2026-08-20,2026-08-20T10:52:57+09:00,0
M0058,2043,2026-08-20,2026-08-20T15:59:19+09:00,-200
M0058,2043,2026-08-20,2026-08-20T20:28:35+09:00,800
M0058,2043,2026-08-20,2026-08-20T21:05:21+09:00,1500
M0058,2043,2026-08-20,2026-08-20T21:40:19+09:00,3500
M0058,2043,2026-08-20,2026-08-20T22:30:04+09:00,4500
M0058,2043,2026-08-20,2026-08-20T23:07:51+09:00,5400
M0058,2043,2026-08-20,2026-08-20T23:43:01+09:00,6000
M0059,2044,2026-08-20,2026-08-20T10:52:57+09:00,-100
M0059,2044,2026-08-20,2026-08-20T11:28:53+09:00,200
M0059,2044,2026-08-20,2026-08-20T12:02:37+09:00,900
M0059,2044,2026-08-20,2026-08-20T12:35:01+09:00,200
M0059,2044,2026-08-20,2026-08-20T13:07:39+09:00,-300
M0059,2044,2026-08-20,2026-08-20T13:36:17+09:00,-100
M0059,2044,2026-08-20,2026-08-20T14:02:59+09:00,-900
M0059,2044,2026-08-20,2026-08-20T14:35:37+09:00,-1500
M0059,2044,2026-08-20,2026-08-20T15:09:59+09:00,-2100
M0059,2044,2026-08-20,2026-08-20T15:59:19+09:00,-1000
M0059,2044,2026-08-20,2026-08-20T16:32:33+09:00,0
M0059,2044,2026-08-20,2026-08-20T17:07:41+09:00,600
M0060,2045,2026-08-20,2026-08-20T10:52:57+09:00,0
M0060,2045,2026-08-20,2026-08-20T12:35:01+09:00,-400
M0060,2045,2026-08-20,2026-08-20T13:07:39+09:00,-200
M0060,2045,2026-08-20,2026-08-20T14:02:59+09:00,-400
M0060,2045,2026-08-20,2026-08-20T14:35:37+09:00,-700
M0060,2045,2026-08-20,2026-08-20T15:09:59+09:00,-800
M0060,2045,2026-08-20,2026-08-20T15:59:19+09:00,-1500
M0060,2045,2026-08-20,2026-08-20T16:32:33+09:00,-1700
M0060,2045,2026-08-20,2026-08-20T17:42:01+09:00,-800
M0060,2045,2026-08-20,2026-08-20T18:28:21+09:00,-900
M0060,2045,2026-08-20,2026-08-20T19:04:37+09:00,-1200
M0060,2045,2026-08-20,2026-08-20T19:39:23+09:00,-1700
M0060,2045,2026-08-20,2026-08-20T20:28:35+09:00,-2000
M0060,2045,2026-08-20,2026-08-20T21:05:21+09:00,-2200
M0060,2045,2026-08-20,2026-08-20T21:40:19+09:00,-1800
M0061,2046,2026-08-20,2026-08-20T10:52:57+09:00,0
M0061,2046,2026-08-20,2026-08-20T12:35:01+09:00,-300
M0061,2046,2026-08-20,2026-08-20T13:07:39+09:00,-500
M0061,2046,2026-08-20,2026-08-20T13:36:17+09:00,-800
M0061,2046,2026-08-20,2026-08-20T14:02:59+09:00,-900
M0061,2046,2026-08-20,2026-08-20T14:35:37+09:00,-1000
M0061,2046,2026-08-20,2026-08-20T15:09:59+09:00,300
M0061,2046,2026-08-20,2026-08-20T15:59:19+09:00,500
M0061,2046,2026-08-20,2026-08-20T16:32:33+09:00,-300
M0061,2046,2026-08-20,2026-08-20T17:07:41+09:00,-400
M0061,2046,2026-08-20,2026-08-20T17:42:01+09:00,-800
M0061,2046,2026-08-20,2026-08-20T18:28:21+09:00,-700
M0061,2046,2026-08-20,2026-08-20T19:39:23+09:00,200
M0062,2047,2026-08-20,2026-08-20T10:52:57+09:00,-200
M0062,2047,2026-08-20,2026-08-20T11:28:53+09:00,-600
M0062,2047,2026-08-20,2026-08-20T12:02:37+09:00,-400
M0062,2047,2026-08-20,2026-08-20T12:35:01+09:00,100
M0062,2047,2026-08-20,2026-08-20T13:07:39+09:00,-400
M0062,2047,2026-08-20,2026-08-20T15:09:59+09:00,-800
M0062,2047,2026-08-20,2026-08-20T21:40:19+09:00,-1200
M0063,2048,2026-08-20,2026-08-20T10:52:57+09:00,0
M0063,2048,2026-08-20,2026-08-20T14:02:59+09:00,500
M0063,2048,2026-08-20,2026-08-20T14:35:37+09:00,700
M0063,2048,2026-08-20,2026-08-20T15:09:59+09:00,1100
M0063,2048,2026-08-20,2026-08-20T15:59:19+09:00,700
M0063,2048,2026-08-20,2026-08-20T17:07:41+09:00,900
M0063,2048,2026-08-20,2026-08-20T17:42:01+09:00,600
M0063,2048,2026-08-20,2026-08-20T18:28:21+09:00,1000
M0063,2048,2026-08-20,2026-08-20T19:04:37+09:00,1300
M0063,2048,2026-08-20,2026-08-20T19:39:23+09:00,1200
M0063,2048,2026-08-20,2026-08-20T20:28:35+09:00,800
M0063,2048,2026-08-20,2026-08-20T21:05:21+09:00,400
M0063,2048,2026-08-20,2026-08-20T21:40:19+09:00,700
M0064,2049,2026-08-20,2026-08-20T10:52:57+09:00,0
M0064,2049,2026-08-20,2026-08-20T14:02:59+09:00,-500
M0064,2049,2026-08-20,2026-08-20T15:09:59+09:00,-700
M0064,2049,2026-08-20,2026-08-20T15:59:19+09:00,300
M0064,2049,2026-08-20,2026-08-20T19:39:23+09:00,-500
M0064,2049,2026-08-20,2026-08-20T20:28:35+09:00,-900
M0064,2049,2026-08-20,2026-08-20T21:05:21+09:00,-1000
M0064,2049,2026-08-20,2026-08-20T21:40:19+09:00,-1100
M0065,2050,2026-08-20,2026-08-20T10:52:57+09:00,-200
M0065,2050,2026-08-20,2026-08-20T11:28:53+09:00,400
M0065,2050,2026-08-20,2026-08-20T12:02:37+09:00,1400
M0065,2050,2026-08-20,2026-08-20T12:35:01+09:00,1900
M0065,2050,2026-08-20,2026-08-20T13:07:39+09:00,1500
M0065,2050,2026-08-20,2026-08-20T13:36:17+09:00,1700
M0065,2050,2026-08-20,2026-08-20T14:02:59+09:00,1500
M0065,2050,2026-08-20,2026-08-20T15:09:59+09:00,800
M0065,2050,2026-08-20,2026-08-20T15:59:19+09:00,300
M0065,2050,2026-08-20,2026-08-20T16:32:33+09:00,-300
M0065,2050,2026-08-20,2026-08-20T17:07:41+09:00,-800
M0065,2050,2026-08-20,2026-08-20T17:42:01+09:00,-300
M0066,2051,2026-08-20,2026-08-20T10:52:57+09:00,0
M0066,2051,2026-08-20,2026-08-20T13:36:17+09:00,-100
M0066,2051,2026-08-20,2026-08-20T14:02:59+09:00,300
M0066,2051,2026-08-20,2026-08-20T14:35:37+09:00,-300
M0066,2051,2026-08-20,2026-08-20T15:09:59+09:00,-100
M0066,2051,2026-08-20,2026-08-20T15:59:19+09:00,-600
M0066,2051,2026-08-20,2026-08-20T16:32:33+09:00,-800
M0066,2051,2026-08-20,2026-08-20T17:07:41+09:00,-1100
M0067,2052,2026-08-20,2026-08-20T10:52:57+09:00,0
M0067,2052,2026-08-20,2026-08-20T11:28:53+09:00,-300
M0067,2052,2026-08-20,2026-08-20T12:02:37+09:00,-200
M0067,2052,2026-08-20,2026-08-20T12:35:01+09:00,200
M0067,2052,2026-08-20,2026-08-20T13:07:39+09:00,-200
M0067,2052,2026-08-20,2026-08-20T14:35:37+09:00,-300
M0067,2052,2026-08-20,2026-08-20T15:09:59+09:00,-200
M0067,2052,2026-08-20,2026-08-20T15:59:19+09:00,600
M0067,2052,2026-08-20,2026-08-20T16:32:33+09:00,1200
M0067,2052,2026-08-20,2026-08-20T17:07:41+09:00,900
M0067,2052,2026-08-20,2026-08-20T17:42:01+09:00,1200
M0067,2052,2026-08-20,2026-08-20T18:28:21+09:00,1300
M0067,2052,2026-08-20,2026-08-20T19:04:37+09:00,2400
M0067,2052,2026-08-20,2026-08-20T19:39:23+09:00,2900
M0067,2052,2026-08-20,2026-08-20T20:28:35+09:00,2600
M0067,2052,2026-08-20,2026-08-20T21:05:21+09:00,2100
M0067,2052,2026-08-20,2026-08-20T21:40:19+09:00,1900
M0067,2052,2026-08-20,2026-08-20T22:30:04+09:00,1600
M0068,2053,2026-08-20,2026-08-20T10:52:57+09:00,0
M0068,2053,2026-08-20,2026-08-20T14:02:59+09:00,-300
M0068,2053,2026-08-20,2026-08-20T14:35:37+09:00,-700
M0068,2053,2026-08-20,2026-08-20T15:59:19+09:00,-800
M0068,2053,2026-08-20,2026-08-20T16:32:33+09:00,-100
M0068,2053,2026-08-20,2026-08-20T17:07:41+09:00,100
M0068,2053,2026-08-20,2026-08-20T17:42:01+09:00,-200
M0068,2053,2026-08-20,2026-08-20T19:39:23+09:00,-300
M0068,2053,2026-08-20,2026-08-20T21:05:21+09:00,-600
M0068,2053,2026-08-20,2026-08-20T21:40:19+09:00,-700
M0069,2054,2026-08-20,2026-08-20T10:52:57+09:00,0
M0069,2054,2026-08-20,2026-08-20T13:07:39+09:00,900
M0069,2054,2026-08-20,2026-08-20T13:36:17+09:00,1700
M0069,2054,2026-08-20,2026-08-20T14:02:59+09:00,1500
M0069,2054,2026-08-20,2026-08-20T17:07:41+09:00,1200
M0069,2054,2026-08-20,2026-08-20T17:42:01+09:00,1300
M0070,2055,2026-08-20,2026-08-20T10:52:57+09:00,0
M0070,2055,2026-08-20,2026-08-20T14:35:37+09:00,-200
M0070,2055,2026-08-20,2026-08-20T15:09:59+09:00,100
M0070,2055,2026-08-20,2026-08-20T15:59:19+09:00,-400
M0070,2055,2026-08-20,2026-08-20T16:32:33+09:00,200
M0070,2055,2026-08-20,2026-08-20T17:42:01+09:00,-800
M0070,2055,2026-08-20,2026-08-20T18:28:21+09:00,-1000
M0070,2055,2026-08-20,2026-08-20T19:39:23+09:00,-1400
M0070,2055,2026-08-20,2026-08-20T20:28:35+09:00,-2100
M0070,2055,2026-08-20,2026-08-20T21:40:19+09:00,-2200
M0071,2056,2026-08-20,2026-08-20T10:52:57+09:00,0
M0071,2056,2026-08-20,2026-08-20T11:28:53+09:00,-100
M0071,2056,2026-08-20,2026-08-20T12:02:37+09:00,-200
M0071,2056,2026-08-20,2026-08-20T14:35:37+09:00,-600
M0071,2056,2026-08-20,2026-08-20T15:09:59+09:00,-1000
M0071,2056,2026-08-20,2026-08-20T16:32:33+09:00,-1200
M0071,2056,2026-08-20,2026-08-20T17:07:41+09:00,-600
M0071,2056,2026-08-20,2026-08-20T17:42:01+09:00,-1100
M0071,2056,2026-08-20,2026-08-20T18:28:21+09:00,-1300
M0071,2056,2026-08-20,2026-08-20T19:04:37+09:00,-1700
M0071,2056,2026-08-20,2026-08-20T19:39:23+09:00,-2700
M0071,2056,2026-08-20,2026-08-20T20:28:35+09:00,-2800
M0071,2056,2026-08-20,2026-08-20T21:05:21+09:00,-2600
M0072,2057,2026-08-20,2026-08-20T10:52:57+09:00,0
M0072,2057,2026-08-20,2026-08-20T12:35:01+09:00,100
M0072,2057,2026-08-20,2026-08-20T13:07:39+09:00,0
M0072,2057,2026-08-20,2026-08-20T13:36:17+09:00,600
M0072,2057,2026-08-20,2026-08-20T15:09:59+09:00,200
M0072,2057,2026-08-20,2026-08-20T15:59:19+09:00,400
M0072,2057,2026-08-20,2026-08-20T16:32:33+09:00,600
M0072,2057,2026-08-20,2026-08-20T17:07:41+09:00,0
M0072,2057,2026-08-20,2026-08-20T17:42:01+09:00,-300
M0072,2057,2026-08-20,2026-08-20T18:28:21+09:00,-200
M0072,2057,2026-08-20,2026-08-20T19:04:37+09:00,-400
M0072,2057,2026-08-20,2026-08-20T19:39:23+09:00,300
M0072,2057,2026-08-20,2026-08-20T20:28:35+09:00,1400
M0072,2057,2026-08-20,2026-08-20T21:05:21+09:00,2400
M0072,2057,2026-08-20,2026-08-20T21:40:19+09:00,3100
M0073,2058,2026-08-20,2026-08-20T10:52:57+09:00,0
M0073,2058,2026-08-20,2026-08-20T15:59:19+09:00,-400
M0074,2059,2026-08-20,2026-08-20T10:52:57+09:00,0
M0074,2059,2026-08-20,2026-08-20T12:02:37+09:00,400
M0074,2059,2026-08-20,2026-08-20T12:35:01+09:00,900
M0074,2059,2026-08-20,2026-08-20T13:07:39+09:00,100
M0074,2059,2026-08-20,2026-08-20T13:36:17+09:00,-100
M0074,2059,2026-08-20,2026-08-20T14:02:59+09:00,-300
M0074,2059,2026-08-20,2026-08-20T14:35:37+09:00,-700
M0074,2059,2026-08-20,2026-08-20T15:09:59+09:00,-600
M0074,2059,2026-08-20,2026-08-20T15:59:19+09:00,0
M0075,2124,2026-08-20,2026-08-20T10:52:57+09:00,-100
M0075,2124,2026-08-20,2026-08-20T11:28:53+09:00,0
M0075,2124,2026-08-20,2026-08-20T12:02:37+09:00,700
M0075,2124,2026-08-20,2026-08-20T12:35:01+09:00,1100
M0075,2124,2026-08-20,2026-08-20T13:07:39+09:00,800
M0075,2124,2026-08-20,2026-08-20T13:36:17+09:00,200
M0075,2124,2026-08-20,2026-08-20T14:02:59+09:00,700
M0075,2124,2026-08-20,2026-08-20T14:35:37+09:00,1700
M0075,2124,2026-08-20,2026-08-20T15:09:59+09:00,800
M0075,2124,2026-08-20,2026-08-20T15:59:19+09:00,1500
M0075,2124,2026-08-20,2026-08-20T17:07:41+09:00,1200
M0075,2124,2026-08-20,2026-08-20T17:42:01+09:00,1800
M0075,2124,2026-08-20,2026-08-20T18:28:21+09:00,2600
M0075,2124,2026-08-20,2026-08-20T19:04:37+09:00,3000
M0075,2124,2026-08-20,2026-08-20T20:28:35+09:00,2600
M0075,2124,2026-08-20,2026-08-20T21:05:21+09:00,2400
M0076,2125,2026-08-20,2026-08-20T10:52:57+09:00,0
M0076,2125,2026-08-20,2026-08-20T11:28:53+09:00,-300
M0076,2125,2026-08-20,2026-08-20T12:02:37+09:00,-900
M0076,2125,2026-08-20,2026-08-20T12:35:01+09:00,-1400
M0076,2125,2026-08-20,2026-08-20T13:07:39+09:00,-1500
M0076,2125,2026-08-20,2026-08-20T13:36:17+09:00,-2100
M0076,2125,2026-08-20,2026-08-20T14:02:59+09:00,-2200
M0076,2125,2026-08-20,2026-08-20T14:35:37+09:00,-2300
M0077,2126,2026-08-20,2026-08-20T10:52:57+09:00,-200
M0077,2126,2026-08-20,2026-08-20T11:28:53+09:00,-500
M0077,2126,2026-08-20,2026-08-20T13:36:17+09:00,-1000
M0077,2126,2026-08-20,2026-08-20T14:02:59+09:00,-1200
M0077,2126,2026-08-20,2026-08-20T14:35:37+09:00,-1500
M0078,2127,2026-08-20,2026-08-20T10:52:57+09:00,-100
M0078,2127,2026-08-20,2026-08-20T11:28:53+09:00,400
M0078,2127,2026-08-20,2026-08-20T12:02:37+09:00,-200
M0078,2127,2026-08-20,2026-08-20T12:35:01+09:00,500
M0078,2127,2026-08-20,2026-08-20T13:07:39+09:00,900
M0078,2127,2026-08-20,2026-08-20T13:36:17+09:00,600
M0078,2127,2026-08-20,2026-08-20T15:09:59+09:00,-100
M0078,2127,2026-08-20,2026-08-20T15:59:19+09:00,900
M0078,2127,2026-08-20,2026-08-20T16:32:33+09:00,1500
M0078,2127,2026-08-20,2026-08-20T17:07:41+09:00,1300
M0078,2127,2026-08-20,2026-08-20T17:42:01+09:00,1200
M0078,2127,2026-08-20,2026-08-20T18:28:21+09:00,1100
M0078,2127,2026-08-20,2026-08-20T19:39:23+09:00,900
M0078,2127,2026-08-20,2026-08-20T20:28:35+09:00,700
M0079,2128,2026-08-20,2026-08-20T10:52:57+09:00,-200
M0079,2128,2026-08-20,2026-08-20T11:28:53+09:00,-600
M0079,2128,2026-08-20,2026-08-20T12:02:37+09:00,-1000
M0079,2128,2026-08-20,2026-08-20T12:35:01+09:00,-1400
M0079,2128,2026-08-20,2026-08-20T13:07:39+09:00,-1900
M0079,2128,2026-08-20,2026-08-20T13:36:17+09:00,-1600
M0079,2128,2026-08-20,2026-08-20T15:59:19+09:00,-2000
M0079,2128,2026-08-20,2026-08-20T16:32:33+09:00,-2500
M0079,2128,2026-08-20,2026-08-20T17:07:41+09:00,-1700
M0079,2128,2026-08-20,2026-08-20T17:42:01+09:00,-2800
M0079,2128,2026-08-20,2026-08-20T18:28:21+09:00,-3100
M0079,2128,2026-08-20,2026-08-20T19:04:37+09:00,-2500
M0079,2128,2026-08-20,2026-08-20T19:39:23+09:00,-2200
M0079,2128,2026-08-20,2026-08-20T20:28:35+09:00,-2100
M0080,2129,2026-08-20,2026-08-20T10:52:57+09:00,-100
M0080,2129,2026-08-20,2026-08-20T11:28:53+09:00,-200
M0080,2129,2026-08-20,2026-08-20T12:02:37+09:00,-500
M0080,2129,2026-08-20,2026-08-20T12:35:01+09:00,-400
M0080,2129,2026-08-20,2026-08-20T13:07:39+09:00,600
M0080,2129,2026-08-20,2026-08-20T13:36:17+09:00,400
M0080,2129,2026-08-20,2026-08-20T14:02:59+09:00,700
M0080,2129,2026-08-20,2026-08-20T14:35:37+09:00,100
M0080,2129,2026-08-20,2026-08-20T15:09:59+09:00,-100
M0080,2129,2026-08-20,2026-08-20T15:59:19+09:00,-600
M0080,2129,2026-08-20,2026-08-20T16:32:33+09:00,-900
M0080,2129,2026-08-20,2026-08-20T17:42:01+09:00,-200
M0080,2129,2026-08-20,2026-08-20T18:28:21+09:00,600
M0080,2129,2026-08-20,2026-08-20T19:04:37+09:00,300
M0080,2129,2026-08-20,2026-08-20T19:39:23+09:00,100
M0080,2129,2026-08-20,2026-08-20T20:28:35+09:00,1000
M0080,2129,2026-08-20,2026-08-20T21:05:21+09:00,400
M0080,2129,2026-08-20,2026-08-20T21:40:19+09:00,-300
M0080,2129,2026-08-20,2026-08-20T22:30:04+09:00,300
M0080,2129,2026-08-20,2026-08-20T23:07:51+09:00,1100
M0080,2129,2026-08-20,2026-08-20T23:43:01+09:00,1200
M0031,2016,2026-08-21,2026-08-21T10:54:01+09:00,-100
M0031,2016,2026-08-21,2026-08-21T11:29:17+09:00,-500
M0031,2016,2026-08-21,2026-08-21T12:03:33+09:00,-800
M0031,2016,2026-08-21,2026-08-21T12:36:21+09:00,-1000
M0031,2016,2026-08-21,2026-08-21T13:07:23+09:00,-900
M0032,2017,2026-08-21,2026-08-21T10:54:01+09:00,-100
M0032,2017,2026-08-21,2026-08-21T11:29:17+09:00,600
M0032,2017,2026-08-21,2026-08-21T12:36:21+09:00,700
M0032,2017,2026-08-21,2026-08-21T13:07:23+09:00,100
M0033,2018,2026-08-21,2026-08-21T10:54:01+09:00,-100
M0033,2018,2026-08-21,2026-08-21T11:29:17+09:00,-500
M0033,2018,2026-08-21,2026-08-21T12:03:33+09:00,-600
M0033,2018,2026-08-21,2026-08-21T12:36:21+09:00,200
M0033,2018,2026-08-21,2026-08-21T13:07:23+09:00,300
M0034,2019,2026-08-21,2026-08-21T10:54:01+09:00,-100
M0034,2019,2026-08-21,2026-08-21T11:29:17+09:00,-200
M0034,2019,2026-08-21,2026-08-21T12:03:33+09:00,-600
M0034,2019,2026-08-21,2026-08-21T12:36:21+09:00,-1000
M0034,2019,2026-08-21,2026-08-21T13:07:23+09:00,-1700
M0035,2020,2026-08-21,2026-08-21T10:54:01+09:00,-200
M0035,2020,2026-08-21,2026-08-21T11:29:17+09:00,-100
M0035,2020,2026-08-21,2026-08-21T12:03:33+09:00,-200
M0035,2020,2026-08-21,2026-08-21T12:36:21+09:00,-800
M0035,2020,2026-08-21,2026-08-21T13:07:23+09:00,-1200
M0036,2021,2026-08-21,2026-08-21T10:54:01+09:00,-200
M0036,2021,2026-08-21,2026-08-21T11:29:17+09:00,-600
M0036,2021,2026-08-21,2026-08-21T12:03:33+09:00,100
M0036,2021,2026-08-21,2026-08-21T12:36:21+09:00,900
M0036,2021,2026-08-21,2026-08-21T13:07:23+09:00,1000
M0037,2022,2026-08-21,2026-08-21T10:54:01+09:00,0
M0037,2022,2026-08-21,2026-08-21T11:29:17+09:00,-600
M0037,2022,2026-08-21,2026-08-21T12:03:33+09:00,-1100
M0037,2022,2026-08-21,2026-08-21T12:36:21+09:00,-900
M0037,2022,2026-08-21,2026-08-21T13:07:23+09:00,100
M0038,2023,2026-08-21,2026-08-21T10:54:01+09:00,-100
M0038,2023,2026-08-21,2026-08-21T11:29:17+09:00,-700
M0038,2023,2026-08-21,2026-08-21T12:03:33+09:00,-1200
M0038,2023,2026-08-21,2026-08-21T12:36:21+09:00,-600
M0038,2023,2026-08-21,2026-08-21T13:07:23+09:00,-1100
M0039,2024,2026-08-21,2026-08-21T10:54:01+09:00,-100
M0039,2024,2026-08-21,2026-08-21T11:29:17+09:00,-700
M0039,2024,2026-08-21,2026-08-21T12:03:33+09:00,-900
M0039,2024,2026-08-21,2026-08-21T12:36:21+09:00,-1400
M0039,2024,2026-08-21,2026-08-21T13:07:23+09:00,-1200
M0040,2025,2026-08-21,2026-08-21T10:54:01+09:00,-100
M0040,2025,2026-08-21,2026-08-21T11:29:17+09:00,-500
M0040,2025,2026-08-21,2026-08-21T12:36:21+09:00,-400
M0040,2025,2026-08-21,2026-08-21T13:07:23+09:00,-600
M0041,2026,2026-08-21,2026-08-21T10:54:01+09:00,-100
M0041,2026,2026-08-21,2026-08-21T11:29:17+09:00,-500
M0041,2026,2026-08-21,2026-08-21T12:03:33+09:00,-900
M0041,2026,2026-08-21,2026-08-21T12:36:21+09:00,-1100
M0041,2026,2026-08-21,2026-08-21T13:07:23+09:00,-800
M0042,2027,2026-08-21,2026-08-21T10:54:01+09:00,0
M0042,2027,2026-08-21,2026-08-21T12:03:33+09:00,100
M0042,2027,2026-08-21,2026-08-21T12:36:21+09:00,900
M0042,2027,2026-08-21,2026-08-21T13:07:23+09:00,1700
M0043,2028,2026-08-21,2026-08-21T10:54:01+09:00,-200
M0043,2028,2026-08-21,2026-08-21T11:29:17+09:00,500
M0043,2028,2026-08-21,2026-08-21T12:03:33+09:00,800
M0043,2028,2026-08-21,2026-08-21T12:36:21+09:00,200
M0043,2028,2026-08-21,2026-08-21T13:07:23+09:00,0
M0044,2029,2026-08-21,2026-08-21T10:54:01+09:00,-200
M0044,2029,2026-08-21,2026-08-21T11:29:17+09:00,0
M0044,2029,2026-08-21,2026-08-21T12:03:33+09:00,500
M0044,2029,2026-08-21,2026-08-21T12:36:21+09:00,100
M0044,2029,2026-08-21,2026-08-21T13:07:23+09:00,200
M0045,2030,2026-08-21,2026-08-21T10:54:01+09:00,-100
M0045,2030,2026-08-21,2026-08-21T11:29:17+09:00,-200
M0045,2030,2026-08-21,2026-08-21T12:03:33+09:00,-500
M0045,2030,2026-08-21,2026-08-21T12:36:21+09:00,-900
M0045,2030,2026-08-21,2026-08-21T13:07:23+09:00,-1500
M0046,2031,2026-08-21,2026-08-21T10:54:01+09:00,-100
M0046,2031,2026-08-21,2026-08-21T11:29:17+09:00,300
M0046,2031,2026-08-21,2026-08-21T12:03:33+09:00,1000
M0046,2031,2026-08-21,2026-08-21T12:36:21+09:00,700
M0046,2031,2026-08-21,2026-08-21T13:07:23+09:00,900
M0047,2032,2026-08-21,2026-08-21T10:54:01+09:00,-100
M0047,2032,2026-08-21,2026-08-21T11:29:17+09:00,-200
M0047,2032,2026-08-21,2026-08-21T12:03:33+09:00,-300
M0047,2032,2026-08-21,2026-08-21T12:36:21+09:00,0
M0047,2032,2026-08-21,2026-08-21T13:07:23+09:00,-200
M0048,2033,2026-08-21,2026-08-21T10:54:01+09:00,-100
M0048,2033,2026-08-21,2026-08-21T11:29:17+09:00,-600
M0048,2033,2026-08-21,2026-08-21T12:03:33+09:00,-1200
M0048,2033,2026-08-21,2026-08-21T12:36:21+09:00,-700
M0048,2033,2026-08-21,2026-08-21T13:07:23+09:00,-800
M0049,2034,2026-08-21,2026-08-21T10:54:01+09:00,-100
M0049,2034,2026-08-21,2026-08-21T11:29:17+09:00,-400
M0049,2034,2026-08-21,2026-08-21T12:03:33+09:00,400
M0049,2034,2026-08-21,2026-08-21T12:36:21+09:00,-200
M0049,2034,2026-08-21,2026-08-21T13:07:23+09:00,-500
M0050,2035,2026-08-21,2026-08-21T10:54:01+09:00,-100
M0050,2035,2026-08-21,2026-08-21T11:29:17+09:00,0
M0050,2035,2026-08-21,2026-08-21T12:03:33+09:00,-100
M0050,2035,2026-08-21,2026-08-21T12:36:21+09:00,-600
M0050,2035,2026-08-21,2026-08-21T13:07:23+09:00,-1200
M0051,2036,2026-08-21,2026-08-21T10:54:01+09:00,-200
M0051,2036,2026-08-21,2026-08-21T12:03:33+09:00,-600
M0051,2036,2026-08-21,2026-08-21T12:36:21+09:00,-800
M0051,2036,2026-08-21,2026-08-21T13:07:23+09:00,100
M0052,2037,2026-08-21,2026-08-21T10:54:01+09:00,-100
M0052,2037,2026-08-21,2026-08-21T11:29:17+09:00,-500
M0052,2037,2026-08-21,2026-08-21T12:03:33+09:00,-300
M0052,2037,2026-08-21,2026-08-21T12:36:21+09:00,-200
M0052,2037,2026-08-21,2026-08-21T13:07:23+09:00,800
M0053,2038,2026-08-21,2026-08-21T10:54:01+09:00,-100
M0053,2038,2026-08-21,2026-08-21T11:29:17+09:00,300
M0053,2038,2026-08-21,2026-08-21T12:03:33+09:00,500
M0053,2038,2026-08-21,2026-08-21T12:36:21+09:00,0
M0053,2038,2026-08-21,2026-08-21T13:07:23+09:00,200
M0054,2039,2026-08-21,2026-08-21T10:54:01+09:00,-100
M0054,2039,2026-08-21,2026-08-21T11:29:17+09:00,-600
M0054,2039,2026-08-21,2026-08-21T12:03:33+09:00,-1200
M0054,2039,2026-08-21,2026-08-21T12:36:21+09:00,-1400
M0054,2039,2026-08-21,2026-08-21T13:07:23+09:00,-1700
M0055,2040,2026-08-21,2026-08-21T10:54:01+09:00,-100
M0055,2040,2026-08-21,2026-08-21T11:29:17+09:00,-600
M0055,2040,2026-08-21,2026-08-21T12:03:33+09:00,-1200
M0055,2040,2026-08-21,2026-08-21T12:36:21+09:00,-900
M0055,2040,2026-08-21,2026-08-21T13:07:23+09:00,-800
M0056,2041,2026-08-21,2026-08-21T10:54:01+09:00,-200
M0056,2041,2026-08-21,2026-08-21T11:29:17+09:00,-600
M0056,2041,2026-08-21,2026-08-21T12:36:21+09:00,0
M0056,2041,2026-08-21,2026-08-21T13:07:23+09:00,900
M0057,2042,2026-08-21,2026-08-21T10:54:01+09:00,-200
M0057,2042,2026-08-21,2026-08-21T11:29:17+09:00,0
M0057,2042,2026-08-21,2026-08-21T12:03:33+09:00,-600
M0057,2042,2026-08-21,2026-08-21T12:36:21+09:00,-900
M0057,2042,2026-08-21,2026-08-21T13:07:23+09:00,200
M0058,2043,2026-08-21,2026-08-21T10:54:01+09:00,-200
M0058,2043,2026-08-21,2026-08-21T11:29:17+09:00,-300
M0058,2043,2026-08-21,2026-08-21T12:03:33+09:00,-100
M0058,2043,2026-08-21,2026-08-21T12:36:21+09:00,-500
M0058,2043,2026-08-21,2026-08-21T13:07:23+09:00,0
M0059,2044,2026-08-21,2026-08-21T10:54:01+09:00,-100
M0059,2044,2026-08-21,2026-08-21T12:03:33+09:00,300
M0059,2044,2026-08-21,2026-08-21T12:36:21+09:00,600
M0059,2044,2026-08-21,2026-08-21T13:07:23+09:00,1400
M0060,2045,2026-08-21,2026-08-21T10:54:01+09:00,-100
M0060,2045,2026-08-21,2026-08-21T11:29:17+09:00,0
M0060,2045,2026-08-21,2026-08-21T12:03:33+09:00,-400
M0060,2045,2026-08-21,2026-08-21T12:36:21+09:00,-900
M0060,2045,2026-08-21,2026-08-21T13:07:23+09:00,-1100
M0061,2046,2026-08-21,2026-08-21T10:54:01+09:00,-100
M0061,2046,2026-08-21,2026-08-21T11:29:17+09:00,-200
M0061,2046,2026-08-21,2026-08-21T12:03:33+09:00,-400
M0061,2046,2026-08-21,2026-08-21T12:36:21+09:00,-200
M0061,2046,2026-08-21,2026-08-21T13:07:23+09:00,-500
M0062,2047,2026-08-21,2026-08-21T10:54:01+09:00,-100
M0062,2047,2026-08-21,2026-08-21T11:29:17+09:00,-500
M0062,2047,2026-08-21,2026-08-21T12:03:33+09:00,-1200
M0062,2047,2026-08-21,2026-08-21T12:36:21+09:00,-1600
M0062,2047,2026-08-21,2026-08-21T13:07:23+09:00,-1800
M0063,2048,2026-08-21,2026-08-21T10:54:01+09:00,-200
M0063,2048,2026-08-21,2026-08-21T11:29:17+09:00,400
M0063,2048,2026-08-21,2026-08-21T12:03:33+09:00,800
M0063,2048,2026-08-21,2026-08-21T12:36:21+09:00,300
M0063,2048,2026-08-21,2026-08-21T13:07:23+09:00,-200
M0064,2049,2026-08-21,2026-08-21T10:54:01+09:00,100
M0064,2049,2026-08-21,2026-08-21T11:29:17+09:00,500
M0064,2049,2026-08-21,2026-08-21T12:03:33+09:00,1200
M0064,2049,2026-08-21,2026-08-21T12:36:21+09:00,2200
M0065,2050,2026-08-21,2026-08-21T10:54:01+09:00,-200
M0065,2050,2026-08-21,2026-08-21T11:29:17+09:00,-500
M0065,2050,2026-08-21,2026-08-21T12:03:33+09:00,-1200
M0065,2050,2026-08-21,2026-08-21T12:36:21+09:00,-1400
M0065,2050,2026-08-21,2026-08-21T13:07:23+09:00,-1700
M0066,2051,2026-08-21,2026-08-21T10:54:01+09:00,-100
M0066,2051,2026-08-21,2026-08-21T11:29:17+09:00,600
M0066,2051,2026-08-21,2026-08-21T12:36:21+09:00,1600
M0066,2051,2026-08-21,2026-08-21T13:07:23+09:00,1800
M0067,2052,2026-08-21,2026-08-21T10:54:01+09:00,0
M0067,2052,2026-08-21,2026-08-21T11:29:17+09:00,-500
M0067,2052,2026-08-21,2026-08-21T12:03:33+09:00,-700
M0067,2052,2026-08-21,2026-08-21T12:36:21+09:00,200
M0067,2052,2026-08-21,2026-08-21T13:07:23+09:00,800
M0068,2053,2026-08-21,2026-08-21T10:54:01+09:00,0
M0068,2053,2026-08-21,2026-08-21T11:29:17+09:00,-300
M0068,2053,2026-08-21,2026-08-21T12:03:33+09:00,-200
M0068,2053,2026-08-21,2026-08-21T12:36:21+09:00,-600
M0068,2053,2026-08-21,2026-08-21T13:07:23+09:00,-100
M0069,2054,2026-08-21,2026-08-21T10:54:01+09:00,0
M0069,2054,2026-08-21,2026-08-21T11:29:17+09:00,200
M0069,2054,2026-08-21,2026-08-21T12:03:33+09:00,-300
M0069,2054,2026-08-21,2026-08-21T12:36:21+09:00,-900
M0069,2054,2026-08-21,2026-08-21T13:07:23+09:00,-1200
M0070,2055,2026-08-21,2026-08-21T10:54:01+09:00,0
M0070,2055,2026-08-21,2026-08-21T11:29:17+09:00,-400
M0070,2055,2026-08-21,2026-08-21T12:03:33+09:00,-1000
M0070,2055,2026-08-21,2026-08-21T12:36:21+09:00,-1200
M0070,2055,2026-08-21,2026-08-21T13:07:23+09:00,-1300
M0071,2056,2026-08-21,2026-08-21T10:54:01+09:00,-100
M0071,2056,2026-08-21,2026-08-21T11:29:17+09:00,600
M0071,2056,2026-08-21,2026-08-21T12:03:33+09:00,500
M0071,2056,2026-08-21,2026-08-21T12:36:21+09:00,200
M0071,2056,2026-08-21,2026-08-21T13:07:23+09:00,400
M0072,2057,2026-08-21,2026-08-21T10:54:01+09:00,100
M0072,2057,2026-08-21,2026-08-21T11:29:17+09:00,-500
M0072,2057,2026-08-21,2026-08-21T12:03:33+09:00,-900
M0072,2057,2026-08-21,2026-08-21T12:36:21+09:00,-500
M0072,2057,2026-08-21,2026-08-21T13:07:23+09:00,-200
M0073,2058,2026-08-21,2026-08-21T10:54:01+09:00,0
M0073,2058,2026-08-21,2026-08-21T11:29:17+09:00,-500
M0073,2058,2026-08-21,2026-08-21T12:03:33+09:00,-1100
M0073,2058,2026-08-21,2026-08-21T12:36:21+09:00,-400
M0073,2058,2026-08-21,2026-08-21T13:07:23+09:00,-800
M0074,2059,2026-08-21,2026-08-21T10:54:01+09:00,0
M0074,2059,2026-08-21,2026-08-21T11:29:17+09:00,-300
M0074,2059,2026-08-21,2026-08-21T12:03:33+09:00,-700
M0074,2059,2026-08-21,2026-08-21T12:36:21+09:00,-1100
M0074,2059,2026-08-21,2026-08-21T13:07:23+09:00,-700
M0075,2124,2026-08-21,2026-08-21T10:54:01+09:00,-100
M0075,2124,2026-08-21,2026-08-21T11:29:17+09:00,-400
M0075,2124,2026-08-21,2026-08-21T12:03:33+09:00,-800
M0075,2124,2026-08-21,2026-08-21T12:36:21+09:00,-1000
M0075,2124,2026-08-21,2026-08-21T13:07:23+09:00,-700
M0076,2125,2026-08-21,2026-08-21T10:54:01+09:00,-100
M0076,2125,2026-08-21,2026-08-21T11:29:17+09:00,900
M0076,2125,2026-08-21,2026-08-21T12:03:33+09:00,500
M0076,2125,2026-08-21,2026-08-21T12:36:21+09:00,0
M0076,2125,2026-08-21,2026-08-21T13:07:23+09:00,-100
M0077,2126,2026-08-21,2026-08-21T10:54:01+09:00,-200
M0077,2126,2026-08-21,2026-08-21T11:29:17+09:00,-300
M0077,2126,2026-08-21,2026-08-21T12:03:33+09:00,-500
M0077,2126,2026-08-21,2026-08-21T12:36:21+09:00,500
M0077,2126,2026-08-21,2026-08-21T13:07:23+09:00,1000
M0078,2127,2026-08-21,2026-08-21T10:54:01+09:00,0
M0078,2127,2026-08-21,2026-08-21T11:29:17+09:00,900
M0078,2127,2026-08-21,2026-08-21T12:03:33+09:00,500
M0078,2127,2026-08-21,2026-08-21T12:36:21+09:00,-100
M0078,2127,2026-08-21,2026-08-21T13:07:23+09:00,100
M0079,2128,2026-08-21,2026-08-21T10:54:01+09:00,-200
M0079,2128,2026-08-21,2026-08-21T11:29:17+09:00,-800
M0079,2128,2026-08-21,2026-08-21T12:03:33+09:00,-600
M0079,2128,2026-08-21,2026-08-21T12:36:21+09:00,-300
M0079,2128,2026-08-21,2026-08-21T13:07:23+09:00,-400
M0080,2129,2026-08-21,2026-08-21T10:54:01+09:00,-100
M0080,2129,2026-08-21,2026-08-21T11:29:17+09:00,100
M0080,2129,2026-08-21,2026-08-21T12:03:33+09:00,400
M0080,2129,2026-08-21,2026-08-21T12:36:21+09:00,700
M0080,2129,2026-08-21,2026-08-21T13:07:23+09:00,900
