machine_code,unit_number,data_date,sampled_at_jst,original_slump_value,chained_slump_value,hours_from_origin,is_day_start
M0001,3075,2026-08-11,2026-08-11T10:53:13+09:00,-100,-100,0.0000,1
M0001,3075,2026-08-11,2026-08-11T11:28:39+09:00,500,500,0.5906,0
M0001,3075,2026-08-11,2026-08-11T12:02:43+09:00,-100,-100,1.1583,0
M0001,3075,2026-08-11,2026-08-11T12:36:02+09:00,1300,1300,1.7136,0
M0001,3075,2026-08-11,2026-08-11T13:06:25+09:00,2800,2800,2.2200,0
M0001,3075,2026-08-11,2026-08-11T14:09:42+09:00,4300,4300,3.2747,0
M0001,3075,2026-08-11,2026-08-11T14:50:37+09:00,4000,4000,3.9567,0
M0001,3075,2026-08-11,2026-08-11T15:29:09+09:00,4200,4200,4.5989,0
M0001,3075,2026-08-11,2026-08-11T16:05:23+09:00,3500,3500,5.2028,0
M0001,3075,2026-08-11,2026-08-11T16:40:17+09:00,4000,4000,5.7844,0
M0001,3075,2026-08-11,2026-08-11T18:06:29+09:00,3700,3700,7.2211,0
M0001,3075,2026-08-11,2026-08-11T18:41:47+09:00,3100,3100,7.8094,0
M0001,3075,2026-08-11,2026-08-11T19:30:51+09:00,3300,3300,8.6272,0
M0001,3075,2026-08-11,2026-08-11T20:08:57+09:00,2600,2600,9.2622,0
M0001,3075,2026-08-11,2026-08-11T21:03:30+09:00,3000,3000,10.1714,0
M0001,3075,2026-08-11,2026-08-11T23:04:47+09:00,2900,2900,12.1928,0
M0001,3075,2026-08-12,2026-08-12T10:53:47+09:00,-100,2900,12.1928,1
M0001,3075,2026-08-12,2026-08-12T11:28:45+09:00,-400,2600,12.7756,0
M0001,3075,2026-08-12,2026-08-12T12:02:51+09:00,-900,2100,13.3439,0
M0001,3075,2026-08-12,2026-08-12T12:36:01+09:00,-1500,1500,13.8967,0
M0001,3075,2026-08-12,2026-08-12T13:06:31+09:00,-400,2600,14.4050,0
M0001,3075,2026-08-12,2026-08-12T13:35:53+09:00,-1000,2000,14.8944,0
M0001,3075,2026-08-12,2026-08-12T14:11:01+09:00,-1900,1100,15.4800,0
M0001,3075,2026-08-12,2026-08-12T14:56:33+09:00,-2600,400,16.2389,0
M0001,3075,2026-08-12,2026-08-12T15:31:45+09:00,-3300,-300,16.8256,0
M0001,3075,2026-08-12,2026-08-12T16:07:57+09:00,-4100,-1100,17.4289,0
M0001,3075,2026-08-12,2026-08-12T16:35:17+09:00,-3600,-600,17.8844,0
M0001,3075,2026-08-12,2026-08-12T18:14:03+09:00,-3400,-400,19.5306,0
M0001,3075,2026-08-12,2026-08-12T19:01:02+09:00,-1600,1400,20.3136,0
M0001,3075,2026-08-12,2026-08-12T21:39:31+09:00,-2200,800,22.9550,0
M0001,3075,2026-08-12,2026-08-12T22:26:01+09:00,-1900,1100,23.7300,0
M0001,3075,2026-08-13,2026-08-13T10:54:54+09:00,-200,1100,23.7300,1
M0001,3075,2026-08-13,2026-08-13T11:29:13+09:00,-800,500,24.3019,0
M0001,3075,2026-08-13,2026-08-13T12:03:39+09:00,800,2100,24.8758,0
M0001,3075,2026-08-13,2026-08-13T12:36:57+09:00,1500,2800,25.4308,0
M0001,3075,2026-08-13,2026-08-13T13:09:39+09:00,3100,4400,25.9758,0
M0001,3075,2026-08-13,2026-08-13T14:00:59+09:00,2900,4200,26.8314,0
M0001,3075,2026-08-13,2026-08-13T14:35:09+09:00,2700,4000,27.4008,0
M0001,3075,2026-08-13,2026-08-13T15:11:23+09:00,2500,3800,28.0047,0
M0001,3075,2026-08-13,2026-08-13T15:58:27+09:00,2000,3300,28.7892,0
M0001,3075,2026-08-13,2026-08-13T16:33:27+09:00,3700,5000,29.3725,0
M0001,3075,2026-08-13,2026-08-13T17:10:25+09:00,6000,7300,29.9886,0
M0001,3075,2026-08-13,2026-08-13T17:59:47+09:00,6300,7600,30.8114,0
M0001,3075,2026-08-13,2026-08-13T18:36:04+09:00,6000,7300,31.4161,0
M0001,3075,2026-08-13,2026-08-13T19:14:33+09:00,5900,7200,32.0575,0
M0001,3075,2026-08-13,2026-08-13T20:02:43+09:00,5200,6500,32.8603,0
M0001,3075,2026-08-13,2026-08-13T20:39:10+09:00,4300,5600,33.4678,0
M0001,3075,2026-08-13,2026-08-13T22:03:35+09:00,6100,7400,34.8747,0
M0001,3075,2026-08-13,2026-08-13T22:40:21+09:00,6400,7700,35.4875,0
M0001,3075,2026-08-14,2026-08-14T10:54:41+09:00,-200,7700,35.4875,1
M0001,3075,2026-08-14,2026-08-14T11:29:45+09:00,-900,7000,36.0719,0
M0001,3075,2026-08-14,2026-08-14T12:04:15+09:00,-1400,6500,36.6469,0
M0001,3075,2026-08-14,2026-08-14T12:37:28+09:00,-2000,5900,37.2006,0
M0001,3075,2026-08-14,2026-08-14T13:06:37+09:00,-2700,5200,37.6864,0
M0001,3075,2026-08-14,2026-08-14T13:35:02+09:00,-2500,5400,38.1600,0
M0001,3075,2026-08-14,2026-08-14T14:10:37+09:00,-3700,4200,38.7531,0
M0001,3075,2026-08-14,2026-08-14T14:55:41+09:00,-3500,4400,39.5042,0
M0001,3075,2026-08-14,2026-08-14T15:31:41+09:00,-3200,4700,40.1042,0
M0001,3075,2026-08-14,2026-08-14T16:41:57+09:00,-3700,4200,41.2753,0
M0001,3075,2026-08-14,2026-08-14T17:30:37+09:00,-4400,3500,42.0864,0
M0001,3075,2026-08-14,2026-08-14T18:07:43+09:00,-4600,3300,42.7047,0
M0001,3075,2026-08-14,2026-08-14T18:43:04+09:00,-3800,4100,43.2939,0
M0001,3075,2026-08-14,2026-08-14T19:31:33+09:00,-3300,4600,44.1019,0
M0001,3075,2026-08-14,2026-08-14T20:09:17+09:00,-3900,4000,44.7308,0
M0001,3075,2026-08-14,2026-08-14T20:55:41+09:00,-3800,4100,45.5042,0
M0001,3075,2026-08-14,2026-08-14T21:33:02+09:00,-4000,3900,46.1267,0
M0001,3075,2026-08-14,2026-08-14T22:11:45+09:00,-3500,4400,46.7719,0
M0001,3075,2026-08-15,2026-08-15T10:54:13+09:00,-100,4400,46.7719,1
M0001,3075,2026-08-15,2026-08-15T11:29:09+09:00,-600,3900,47.3542,0
M0001,3075,2026-08-15,2026-08-15T12:03:27+09:00,-800,3700,47.9258,0
M0001,3075,2026-08-15,2026-08-15T12:36:37+09:00,-400,4100,48.4786,0
M0001,3075,2026-08-15,2026-08-15T13:08:49+09:00,-1300,3200,49.0153,0
M0001,3075,2026-08-15,2026-08-15T14:01:55+09:00,-1400,3100,49.9003,0
M0001,3075,2026-08-15,2026-08-15T14:36:09+09:00,-1300,3200,50.4708,0
M0001,3075,2026-08-15,2026-08-15T15:11:53+09:00,-1800,2700,51.0664,0
M0001,3075,2026-08-15,2026-08-15T15:58:43+09:00,-2300,2200,51.8469,0
M0001,3075,2026-08-15,2026-08-15T16:34:01+09:00,-2900,1600,52.4353,0
M0001,3075,2026-08-15,2026-08-15T17:11:17+09:00,-3200,1300,53.0564,0
M0001,3075,2026-08-15,2026-08-15T17:58:39+09:00,-3600,900,53.8458,0
M0001,3075,2026-08-15,2026-08-15T18:35:13+09:00,-4400,100,54.4553,0
M0001,3075,2026-08-15,2026-08-15T19:12:53+09:00,-5000,-500,55.0831,0
M0001,3075,2026-08-15,2026-08-15T20:01:19+09:00,-5700,-1200,55.8903,0
M0001,3075,2026-08-15,2026-08-15T20:38:25+09:00,-5600,-1100,56.5086,0
M0001,3075,2026-08-15,2026-08-15T21:25:49+09:00,-5800,-1300,57.2986,0
M0001,3075,2026-08-15,2026-08-15T22:04:23+09:00,-4600,-100,57.9414,0
M0001,3075,2026-08-15,2026-08-15T22:41:53+09:00,-4200,300,58.5664,0
M0001,3075,2026-08-16,2026-08-16T10:53:41+09:00,-100,300,58.5664,1
M0001,3075,2026-08-16,2026-08-16T11:28:27+09:00,500,900,59.1458,0
M0001,3075,2026-08-16,2026-08-16T12:35:49+09:00,-100,300,60.2686,0
M0001,3075,2026-08-16,2026-08-16T14:09:21+09:00,-200,200,61.8275,0
M0001,3075,2026-08-16,2026-08-16T14:51:21+09:00,-800,-400,62.5275,0
M0001,3075,2026-08-16,2026-08-16T15:29:10+09:00,-1400,-1000,63.1578,0
M0001,3075,2026-08-16,2026-08-16T16:05:23+09:00,-1800,-1400,63.7614,0
M0001,3075,2026-08-16,2026-08-16T16:39:55+09:00,-1300,-900,64.3369,0
M0001,3075,2026-08-16,2026-08-16T17:30:17+09:00,400,800,65.1764,0
M0001,3075,2026-08-16,2026-08-16T18:07:35+09:00,900,1300,65.7981,0
M0001,3075,2026-08-16,2026-08-16T18:38:25+09:00,1300,1700,66.3119,0
M0001,3075,2026-08-16,2026-08-16T19:40:19+09:00,3600,4000,67.3436,0
M0001,3075,2026-08-16,2026-08-16T20:25:39+09:00,3100,3500,68.0992,0
M0001,3075,2026-08-16,2026-08-16T21:04:51+09:00,3800,4200,68.7525,0
M0001,3075,2026-08-17,2026-08-17T10:52:31+09:00,0,4200,68.7525,1
M0001,3075,2026-08-17,2026-08-17T11:28:29+09:00,-500,3700,69.3519,0
M0001,3075,2026-08-17,2026-08-17T12:02:23+09:00,0,4200,69.9169,0
M0001,3075,2026-08-17,2026-08-17T12:34:35+09:00,-200,4000,70.4536,0
M0001,3075,2026-08-17,2026-08-17T13:07:15+09:00,-1000,3200,70.9981,0
M0001,3075,2026-08-17,2026-08-17T13:35:21+09:00,-1100,3100,71.4664,0
M0001,3075,2026-08-17,2026-08-17T14:03:11+09:00,-1200,3000,71.9303,0
M0001,3075,2026-08-17,2026-08-17T14:36:43+09:00,-600,3600,72.4892,0
M0001,3075,2026-08-17,2026-08-17T15:59:33+09:00,-800,3400,73.8697,0
M0001,3075,2026-08-17,2026-08-17T17:09:07+09:00,-1000,3200,75.0292,0
M0001,3075,2026-08-17,2026-08-17T18:33:03+09:00,-1200,3000,76.4281,0
M0001,3075,2026-08-17,2026-08-17T19:09:23+09:00,-1500,2700,77.0336,0
M0001,3075,2026-08-17,2026-08-17T19:59:55+09:00,-1600,2600,77.8758,0
M0001,3075,2026-08-17,2026-08-17T20:35:21+09:00,100,4300,78.4664,0
M0001,3075,2026-08-17,2026-08-17T21:13:05+09:00,700,4900,79.0953,0
M0001,3075,2026-08-17,2026-08-17T21:59:13+09:00,1400,5600,79.8642,0
M0001,3075,2026-08-17,2026-08-17T22:34:49+09:00,1000,5200,80.4575,0
M0001,3075,2026-08-18,2026-08-18T10:52:51+09:00,200,5200,80.4575,1
M0001,3075,2026-08-18,2026-08-18T11:28:45+09:00,-100,4900,81.0558,0
M0001,3075,2026-08-18,2026-08-18T12:02:47+09:00,-800,4200,81.6231,0
M0001,3075,2026-08-18,2026-08-18T12:35:21+09:00,100,5100,82.1658,0
M0001,3075,2026-08-18,2026-08-18T14:04:28+09:00,-300,4700,83.6511,0
M0001,3075,2026-08-18,2026-08-18T14:37:28+09:00,-200,4800,84.2011,0
M0001,3075,2026-08-18,2026-08-18T15:11:53+09:00,-1400,3600,84.7747,0
M0001,3075,2026-08-18,2026-08-18T15:59:35+09:00,200,5200,85.5697,0
M0001,3075,2026-08-18,2026-08-18T16:33:08+09:00,-300,4700,86.1289,0
M0001,3075,2026-08-18,2026-08-18T17:08:27+09:00,400,5400,86.7175,0
M0001,3075,2026-08-18,2026-08-18T17:59:01+09:00,2000,7000,87.5603,0
M0001,3075,2026-08-18,2026-08-18T18:33:31+09:00,1700,6700,88.1353,0
M0001,3075,2026-08-18,2026-08-18T19:09:25+09:00,2100,7100,88.7336,0
M0001,3075,2026-08-18,2026-08-18T19:59:53+09:00,1400,6400,89.5747,0
M0001,3075,2026-08-18,2026-08-18T20:35:25+09:00,2300,7300,90.1669,0
M0001,3075,2026-08-18,2026-08-18T21:11:41+09:00,2200,7200,90.7714,0
M0001,3075,2026-08-18,2026-08-18T21:57:39+09:00,2000,7000,91.5375,0
M0001,3075,2026-08-18,2026-08-18T22:33:27+09:00,2100,7100,92.1342,0
M0001,3075,2026-08-18,2026-08-18T23:10:31+09:00,1900,6900,92.7519,0
M0001,3075,2026-08-19,2026-08-19T10:53:31+09:00,-300,6900,92.7519,1
M0001,3075,2026-08-19,2026-08-19T12:02:25+09:00,-600,6600,93.9003,0
M0001,3075,2026-08-19,2026-08-19T12:35:06+09:00,-1200,6000,94.4450,0
M0001,3075,2026-08-19,2026-08-19T13:06:21+09:00,-1000,6200,94.9658,0
M0001,3075,2026-08-19,2026-08-19T19:28:55+09:00,-1800,5400,101.3419,0
M0001,3075,2026-08-19,2026-08-19T20:05:19+09:00,-2400,4800,101.9486,0
M0001,3075,2026-08-19,2026-08-19T20:39:17+09:00,-1800,5400,102.5147,0
M0001,3075,2026-08-19,2026-08-19T21:30:39+09:00,-2500,4700,103.3708,0
M0001,3075,2026-08-19,2026-08-19T22:07:17+09:00,-900,6300,103.9814,0
M0001,3075,2026-08-19,2026-08-19T22:43:08+09:00,-200,7000,104.5789,0
M0001,3075,2026-08-20,2026-08-20T10:52:57+09:00,-200,7000,104.5789,1
M0001,3075,2026-08-20,2026-08-20T11:28:53+09:00,-900,6300,105.1778,0
M0001,3075,2026-08-20,2026-08-20T12:02:37+09:00,-1400,5800,105.7400,0
M0001,3075,2026-08-20,2026-08-20T12:35:01+09:00,-2000,5200,106.2800,0
M0001,3075,2026-08-20,2026-08-20T13:07:39+09:00,-1900,5300,106.8239,0
M0001,3075,2026-08-20,2026-08-20T14:02:59+09:00,-2500,4700,107.7461,0
M0001,3075,2026-08-20,2026-08-20T14:35:37+09:00,-2300,4900,108.2900,0
M0001,3075,2026-08-20,2026-08-20T17:42:01+09:00,-2800,4400,111.3967,0
M0001,3075,2026-08-20,2026-08-20T18:28:21+09:00,-2900,4300,112.1689,0
M0001,3075,2026-08-20,2026-08-20T19:04:37+09:00,-3400,3800,112.7733,0
M0001,3075,2026-08-20,2026-08-20T19:39:23+09:00,-2600,4600,113.3528,0
M0001,3075,2026-08-22,2026-08-22T10:54:29+09:00,-100,4600,113.3528,1
M0001,3075,2026-08-22,2026-08-22T11:28:57+09:00,-600,4100,113.9272,0
M0001,3075,2026-08-22,2026-08-22T12:03:41+09:00,-900,3800,114.5061,0
M0001,3075,2026-08-22,2026-08-22T12:36:35+09:00,-800,3900,115.0544,0
M0001,3075,2026-08-22,2026-08-22T13:08:43+09:00,-400,4300,115.5900,0
M0001,3075,2026-08-22,2026-08-22T14:05:49+09:00,600,5300,116.5417,0
M0001,3075,2026-08-22,2026-08-22T14:40:51+09:00,100,4800,117.1256,0
M0001,3075,2026-08-22,2026-08-22T15:30:07+09:00,-700,4000,117.9467,0
M0001,3075,2026-08-22,2026-08-22T16:07:19+09:00,-300,4400,118.5667,0
M0001,3075,2026-08-22,2026-08-22T16:43:29+09:00,900,5600,119.1694,0
M0001,3075,2026-08-22,2026-08-22T17:31:13+09:00,200,4900,119.9650,0
M0001,3075,2026-08-22,2026-08-22T18:09:45+09:00,400,5100,120.6072,0
M0001,3075,2026-08-22,2026-08-22T18:55:39+09:00,2300,7000,121.3722,0
M0001,3075,2026-08-22,2026-08-22T20:12:13+09:00,2500,7200,122.6483,0
M0001,3075,2026-08-22,2026-08-22T21:01:31+09:00,2300,7000,123.4700,0
M0001,3075,2026-08-22,2026-08-22T21:39:25+09:00,1800,6500,124.1017,0
M0001,3075,2026-08-22,2026-08-22T22:28:43+09:00,2100,6800,124.9233,0
M0001,3075,2026-08-23,2026-08-23T10:53:53+09:00,-200,6800,124.9233,1
M0001,3075,2026-08-23,2026-08-23T11:29:03+09:00,0,7000,125.5094,0
M0001,3075,2026-08-23,2026-08-23T12:03:35+09:00,-700,6300,126.0850,0
M0001,3075,2026-08-23,2026-08-23T12:36:41+09:00,-300,6700,126.6367,0
M0001,3075,2026-08-23,2026-08-23T13:07:01+09:00,-1000,6000,127.1422,0
M0001,3075,2026-08-23,2026-08-23T13:35:29+09:00,-300,6700,127.6167,0
M0001,3075,2026-08-23,2026-08-23T14:10:53+09:00,-700,6300,128.2067,0
M0001,3075,2026-08-23,2026-08-23T14:54:04+09:00,-1100,5900,128.9264,0
M0001,3075,2026-08-23,2026-08-23T15:31:31+09:00,400,7400,129.5506,0
M0001,3075,2026-08-23,2026-08-23T16:08:15+09:00,500,7500,130.1628,0
M0001,3075,2026-08-23,2026-08-23T16:54:35+09:00,700,7700,130.9350,0
M0001,3075,2026-08-23,2026-08-23T17:31:47+09:00,400,7400,131.5550,0
M0001,3075,2026-08-23,2026-08-23T18:09:27+09:00,-400,6600,132.1828,0
M0001,3075,2026-08-23,2026-08-23T18:55:58+09:00,100,7100,132.9581,0
M0001,3075,2026-08-23,2026-08-23T20:12:39+09:00,0,7000,134.2361,0
M0001,3075,2026-08-23,2026-08-23T21:01:31+09:00,-700,6300,135.0506,0
M0001,3075,2026-08-23,2026-08-23T21:39:29+09:00,-400,6600,135.6833,0
M0001,3075,2026-08-24,2026-08-24T10:54:29+09:00,-100,6600,135.6833,1
M0001,3075,2026-08-24,2026-08-24T11:29:08+09:00,-800,5900,136.2608,0
M0001,3075,2026-08-24,2026-08-24T12:03:33+09:00,-1200,5500,136.8344,0
M0001,3075,2026-08-24,2026-08-24T12:36:23+09:00,-1400,5300,137.3817,0
M0001,3075,2026-08-24,2026-08-24T13:10:11+09:00,2700,9400,137.9450,0
M0001,3075,2026-08-24,2026-08-24T13:57:31+09:00,2300,9000,138.7339,0
M0001,3075,2026-08-24,2026-08-24T14:31:29+09:00,2000,8700,139.3000,0
M0001,3075,2026-08-24,2026-08-24T15:06:59+09:00,1900,8600,139.8917,0
M0001,3075,2026-08-24,2026-08-24T15:35:54+09:00,1700,8400,140.3736,0
M0001,3075,2026-08-24,2026-08-24T16:05:39+09:00,1200,7900,140.8694,0
M0001,3075,2026-08-24,2026-08-24T16:40:02+09:00,200,6900,141.4425,0
M0001,3075,2026-08-24,2026-08-24T17:23:02+09:00,300,7000,142.1592,0
M0001,3075,2026-08-24,2026-08-24T18:02:01+09:00,200,6900,142.8089,0
M0001,3075,2026-08-24,2026-08-24T18:37:29+09:00,-300,6400,143.4000,0
M0001,3075,2026-08-24,2026-08-24T19:13:25+09:00,200,6900,143.9989,0
M0001,3075,2026-08-24,2026-08-24T20:00:37+09:00,0,6700,144.7856,0
M0001,3075,2026-08-24,2026-08-24T20:36:01+09:00,-500,6200,145.3756,0
M0001,3075,2026-08-24,2026-08-24T21:13:01+09:00,-600,6100,145.9922,0
M0001,3075,2026-08-24,2026-08-24T21:58:51+09:00,400,7100,146.7561,0
M0001,3075,2026-08-25,2026-08-25T10:53:53+09:00,-200,7100,146.7561,1
M0001,3075,2026-08-25,2026-08-25T11:29:03+09:00,-800,6500,147.3422,0
M0001,3075,2026-08-25,2026-08-25T12:03:47+09:00,-300,7000,147.9211,0
M0001,3075,2026-08-25,2026-08-25T12:36:43+09:00,-100,7200,148.4700,0
M0001,3075,2026-08-25,2026-08-25T13:06:33+09:00,-300,7000,148.9672,0
M0001,3075,2026-08-25,2026-08-25T13:34:33+09:00,-100,7200,149.4339,0
M0001,3075,2026-08-25,2026-08-25T14:09:29+09:00,200,7500,150.0161,0
M0001,3075,2026-08-25,2026-08-25T14:50:35+09:00,-300,7000,150.7011,0
M0001,3075,2026-08-25,2026-08-25T15:27:09+09:00,0,7300,151.3106,0
M0001,3075,2026-08-25,2026-08-25T16:03:02+09:00,400,7700,151.9086,0
M0001,3075,2026-08-25,2026-08-25T16:37:33+09:00,-100,7200,152.4839,0
M0001,3075,2026-08-25,2026-08-25T17:30:51+09:00,-600,6700,153.3722,0
M0001,3075,2026-08-25,2026-08-25T18:07:23+09:00,-200,7100,153.9811,0
M0001,3075,2026-08-25,2026-08-25T18:42:17+09:00,1100,8400,154.5628,0
M0001,3075,2026-08-25,2026-08-25T19:28:31+09:00,600,7900,155.3333,0
M0001,3075,2026-08-25,2026-08-25T20:05:21+09:00,1200,8500,155.9472,0
M0001,3075,2026-08-25,2026-08-25T20:40:03+09:00,1000,8300,156.5256,0
M0001,3075,2026-08-25,2026-08-25T21:28:25+09:00,600,7900,157.3317,0
M0001,3075,2026-08-25,2026-08-25T22:05:51+09:00,0,7300,157.9556,0
M0001,3075,2026-08-25,2026-08-25T22:39:15+09:00,1200,8500,158.5122,0
M0001,3075,2026-08-26,2026-08-26T10:53:07+09:00,100,8500,158.5122,1
M0001,3075,2026-08-26,2026-08-26T11:28:33+09:00,-600,7800,159.1028,0
M0001,3075,2026-08-26,2026-08-26T15:12:25+09:00,-900,7500,162.8339,0
M0001,3075,2026-08-26,2026-08-26T15:57:47+09:00,-1400,7000,163.5900,0
M0001,3075,2026-08-26,2026-08-26T16:31:31+09:00,-2000,6400,164.1522,0
M0001,3075,2026-08-26,2026-08-26T17:07:27+09:00,-200,8200,164.7511,0
M0001,3075,2026-08-26,2026-08-26T17:35:49+09:00,1100,9500,165.2239,0
M0001,3075,2026-08-26,2026-08-26T18:38:31+09:00,1500,9900,166.2689,0
M0001,3075,2026-08-26,2026-08-26T20:01:09+09:00,1200,9600,167.6461,0
M0001,3075,2026-08-26,2026-08-26T20:36:21+09:00,700,9100,168.2328,0
M0001,3075,2026-08-26,2026-08-26T21:13:13+09:00,1000,9400,168.8472,0
M0001,3075,2026-08-26,2026-08-26T22:00:53+09:00,400,8800,169.6417,0
M0001,3075,2026-08-26,2026-08-26T22:36:49+09:00,-100,8300,170.2406,0
M0001,3075,2026-08-26,2026-08-26T23:12:01+09:00,700,9100,170.8272,0
M0001,3075,2026-08-27,2026-08-27T10:54:19+09:00,0,9100,170.8272,1
M0001,3075,2026-08-27,2026-08-27T11:28:53+09:00,-400,8700,171.4033,0
M0001,3075,2026-08-27,2026-08-27T12:03:19+09:00,0,9100,171.9772,0
M0001,3075,2026-08-27,2026-08-27T12:36:15+09:00,-400,8700,172.5261,0
M0001,3075,2026-08-27,2026-08-27T13:07:43+09:00,-1200,7900,173.0506,0
M0001,3075,2026-08-27,2026-08-27T17:04:59+09:00,-1800,7300,177.0050,0
M0001,3075,2026-08-27,2026-08-27T17:33:23+09:00,-1300,7800,177.4783,0
M0001,3075,2026-08-27,2026-08-27T18:09:51+09:00,-1500,7600,178.0861,0
M0001,3075,2026-08-27,2026-08-27T18:53:03+09:00,-1600,7500,178.8061,0
M0001,3075,2026-08-27,2026-08-27T19:30:47+09:00,-1800,7300,179.4350,0
M0001,3075,2026-08-27,2026-08-27T20:08:01+09:00,-2500,6600,180.0556,0
M0001,3075,2026-08-27,2026-08-27T20:44:41+09:00,-2800,6300,180.6667,0
M0001,3075,2026-08-27,2026-08-27T22:09:51+09:00,-3400,5700,182.0861,0
M0001,3075,2026-08-28,2026-08-28T10:54:45+09:00,-100,5700,182.0861,1
M0001,3075,2026-08-28,2026-08-28T11:29:35+09:00,-600,5200,182.6667,0
M0001,3075,2026-08-28,2026-08-28T12:04:21+09:00,0,5800,183.2461,0
M0001,3075,2026-08-28,2026-08-28T14:09:41+09:00,-300,5500,185.3350,0
M0001,3075,2026-08-28,2026-08-28T14:51:34+09:00,-800,5000,186.0331,0
M0001,3075,2026-08-28,2026-08-28T16:03:29+09:00,-700,5100,187.2317,0
M0001,3075,2026-08-28,2026-08-28T16:38:15+09:00,-1100,4700,187.8111,0
M0001,3075,2026-08-28,2026-08-28T17:29:15+09:00,-300,5500,188.6611,0
M0001,3075,2026-08-28,2026-08-28T18:05:37+09:00,-400,5400,189.2672,0
M0001,3075,2026-08-28,2026-08-28T19:37:02+09:00,-900,4900,190.7908,0
M0001,3075,2026-08-28,2026-08-28T20:14:11+09:00,-1600,4200,191.4100,0
M0001,3075,2026-08-28,2026-08-28T21:00:55+09:00,-1300,4500,192.1889,0
M0001,3075,2026-08-28,2026-08-28T21:36:25+09:00,-2000,3800,192.7806,0
M0001,3075,2026-08-29,2026-08-29T10:54:15+09:00,-100,3800,192.7806,1
M0001,3075,2026-08-29,2026-08-29T11:29:35+09:00,900,4800,193.3694,0
M0001,3075,2026-08-29,2026-08-29T12:04:02+09:00,200,4100,193.9436,0
M0001,3075,2026-08-29,2026-08-29T12:37:17+09:00,100,4000,194.4978,0
M0001,3075,2026-08-29,2026-08-29T13:08:43+09:00,-700,3200,195.0217,0
M0001,3075,2026-08-29,2026-08-29T14:08:01+09:00,-1100,2800,196.0100,0
M0001,3075,2026-08-29,2026-08-29T14:42:31+09:00,-1400,2500,196.5850,0
M0001,3075,2026-08-29,2026-08-29T15:28:43+09:00,-1600,2300,197.3550,0
M0001,3075,2026-08-29,2026-08-29T16:05:41+09:00,-200,3700,197.9711,0
M0001,3075,2026-08-29,2026-08-29T17:36:27+09:00,-100,3800,199.4839,0
M0001,3075,2026-08-29,2026-08-29T18:13:47+09:00,600,4500,200.1061,0
M0001,3075,2026-08-29,2026-08-29T19:01:11+09:00,-100,3800,200.8961,0
M0001,3075,2026-08-29,2026-08-29T19:38:11+09:00,-1200,2700,201.5128,0
M0001,3075,2026-08-29,2026-08-29T20:25:59+09:00,-1100,2800,202.3094,0
M0001,3075,2026-08-29,2026-08-29T21:05:49+09:00,-1400,2500,202.9733,0
M0001,3075,2026-08-29,2026-08-29T21:43:07+09:00,-2600,1300,203.5950,0
M0001,3075,2026-08-29,2026-08-29T22:32:31+09:00,-2700,1200,204.4183,0
M0002,3076,2026-08-11,2026-08-11T10:53:13+09:00,-100,-100,0.0000,1
M0002,3076,2026-08-11,2026-08-11T11:28:39+09:00,-800,-800,0.5906,0
M0002,3076,2026-08-11,2026-08-11T12:36:02+09:00,-1100,-1100,1.7136,0
M0002,3076,2026-08-11,2026-08-11T13:06:25+09:00,-1900,-1900,2.2200,0
M0002,3076,2026-08-11,2026-08-11T13:34:33+09:00,-2400,-2400,2.6889,0
M0002,3076,2026-08-11,2026-08-11T14:09:42+09:00,-3400,-3400,3.2747,0
M0002,3076,2026-08-11,2026-08-11T14:50:37+09:00,-2800,-2800,3.9567,0
M0002,3076,2026-08-11,2026-08-11T15:29:09+09:00,-3200,-3200,4.5989,0
M0002,3076,2026-08-11,2026-08-11T16:05:23+09:00,-3300,-3300,5.2028,0
M0002,3076,2026-08-11,2026-08-11T16:40:17+09:00,-3000,-3000,5.7844,0
M0002,3076,2026-08-11,2026-08-11T17:28:47+09:00,-3600,-3600,6.5928,0
M0002,3076,2026-08-11,2026-08-11T18:06:29+09:00,-3800,-3800,7.2211,0
M0002,3076,2026-08-11,2026-08-11T18:41:47+09:00,-4000,-4000,7.8094,0
M0002,3076,2026-08-11,2026-08-11T19:30:51+09:00,-4400,-4400,8.6272,0
M0002,3076,2026-08-11,2026-08-11T20:08:57+09:00,-4200,-4200,9.2622,0
M0002,3076,2026-08-12,2026-08-12T10:53:47+09:00,-200,-4200,9.2622,1
M0002,3076,2026-08-12,2026-08-12T11:28:45+09:00,-1000,-5000,9.8450,0
M0002,3076,2026-08-12,2026-08-12T15:31:45+09:00,-1500,-5500,13.8950,0
M0002,3076,2026-08-12,2026-08-12T16:07:57+09:00,-2300,-6300,14.4983,0
M0002,3076,2026-08-12,2026-08-12T16:35:17+09:00,-1900,-5900,14.9539,0
M0002,3076,2026-08-13,2026-08-13T10:54:54+09:00,-100,-5900,14.9539,1
M0002,3076,2026-08-13,2026-08-13T11:29:13+09:00,-700,-6500,15.5258,0
M0002,3076,2026-08-13,2026-08-13T12:03:39+09:00,-1100,-6900,16.0997,0
M0002,3076,2026-08-13,2026-08-13T12:36:57+09:00,-400,-6200,16.6547,0
M0002,3076,2026-08-13,2026-08-13T13:09:39+09:00,2400,-3400,17.1997,0
M0002,3076,2026-08-13,2026-08-13T14:00:59+09:00,3200,-2600,18.0553,0
M0002,3076,2026-08-13,2026-08-13T14:35:09+09:00,3000,-2800,18.6247,0
M0002,3076,2026-08-13,2026-08-13T15:11:23+09:00,1900,-3900,19.2286,0
M0002,3076,2026-08-13,2026-08-13T15:58:27+09:00,1300,-4500,20.0131,0
M0002,3076,2026-08-13,2026-08-13T16:33:27+09:00,1700,-4100,20.5964,0
M0002,3076,2026-08-13,2026-08-13T17:10:25+09:00,500,-5300,21.2125,0
M0002,3076,2026-08-13,2026-08-13T17:59:47+09:00,-200,-6000,22.0353,0
M0002,3076,2026-08-13,2026-08-13T18:36:04+09:00,-900,-6700,22.6400,0
M0002,3076,2026-08-13,2026-08-13T19:14:33+09:00,-400,-6200,23.2814,0
M0002,3076,2026-08-13,2026-08-13T20:02:43+09:00,300,-5500,24.0842,0
M0002,3076,2026-08-13,2026-08-13T20:39:10+09:00,900,-4900,24.6917,0
M0002,3076,2026-08-13,2026-08-13T21:23:43+09:00,800,-5000,25.4342,0
M0002,3076,2026-08-14,2026-08-14T10:54:41+09:00,-100,-5000,25.4342,1
M0002,3076,2026-08-14,2026-08-14T11:29:45+09:00,1800,-3100,26.0186,0
M0002,3076,2026-08-14,2026-08-14T12:04:15+09:00,2400,-2500,26.5936,0
M0002,3076,2026-08-14,2026-08-14T12:37:28+09:00,3000,-1900,27.1472,0
M0002,3076,2026-08-14,2026-08-14T13:06:37+09:00,2200,-2700,27.6331,0
M0002,3076,2026-08-14,2026-08-14T13:35:02+09:00,1500,-3400,28.1067,0
M0002,3076,2026-08-14,2026-08-14T14:10:37+09:00,3500,-1400,28.6997,0
M0002,3076,2026-08-14,2026-08-14T14:55:41+09:00,2900,-2000,29.4508,0
M0002,3076,2026-08-14,2026-08-14T15:31:41+09:00,2200,-2700,30.0508,0
M0002,3076,2026-08-14,2026-08-14T16:08:02+09:00,2700,-2200,30.6567,0
M0002,3076,2026-08-14,2026-08-14T16:41:57+09:00,5000,100,31.2219,0
M0002,3076,2026-08-14,2026-08-14T17:30:37+09:00,4800,-100,32.0331,0
M0002,3076,2026-08-14,2026-08-14T18:43:04+09:00,4200,-700,33.2406,0
M0002,3076,2026-08-14,2026-08-14T19:31:33+09:00,3400,-1500,34.0486,0
M0002,3076,2026-08-14,2026-08-14T20:09:17+09:00,2800,-2100,34.6775,0
M0002,3076,2026-08-14,2026-08-14T20:55:41+09:00,2100,-2800,35.4508,0
M0002,3076,2026-08-14,2026-08-14T21:33:02+09:00,2000,-2900,36.0733,0
M0002,3076,2026-08-14,2026-08-14T22:11:45+09:00,4000,-900,36.7186,0
M0002,3076,2026-08-15,2026-08-15T10:54:13+09:00,-100,-900,36.7186,1
M0002,3076,2026-08-15,2026-08-15T11:29:09+09:00,-600,-1400,37.3008,0
M0002,3076,2026-08-15,2026-08-15T12:03:27+09:00,-1200,-2000,37.8725,0
M0002,3076,2026-08-15,2026-08-15T12:36:37+09:00,-1700,-2500,38.4253,0
M0002,3076,2026-08-15,2026-08-15T13:08:49+09:00,-2100,-2900,38.9619,0
M0002,3076,2026-08-15,2026-08-15T14:01:55+09:00,-2000,-2800,39.8469,0
M0002,3076,2026-08-15,2026-08-15T14:36:09+09:00,-400,-1200,40.4175,0
M0002,3076,2026-08-15,2026-08-15T15:11:53+09:00,700,-100,41.0131,0
M0002,3076,2026-08-15,2026-08-15T15:58:43+09:00,800,0,41.7936,0
M0002,3076,2026-08-15,2026-08-15T16:34:01+09:00,1400,600,42.3819,0
M0002,3076,2026-08-15,2026-08-15T17:11:17+09:00,4700,3900,43.0031,0
M0002,3076,2026-08-15,2026-08-15T17:58:39+09:00,6800,6000,43.7925,0
M0002,3076,2026-08-15,2026-08-15T18:35:13+09:00,8000,7200,44.4019,0
M0002,3076,2026-08-15,2026-08-15T19:12:53+09:00,7600,6800,45.0297,0
M0002,3076,2026-08-15,2026-08-15T20:01:19+09:00,6800,6000,45.8369,0
M0002,3076,2026-08-15,2026-08-15T20:38:25+09:00,6700,5900,46.4553,0
M0002,3076,2026-08-15,2026-08-15T21:25:49+09:00,8200,7400,47.2453,0
M0002,3076,2026-08-15,2026-08-15T22:04:23+09:00,7300,6500,47.8881,0
M0002,3076,2026-08-15,2026-08-15T22:41:53+09:00,7100,6300,48.5131,0
M0002,3076,2026-08-16,2026-08-16T10:53:41+09:00,-200,6300,48.5131,1
M0002,3076,2026-08-16,2026-08-16T12:02:27+09:00,-300,6200,49.6592,0
M0002,3076,2026-08-16,2026-08-16T12:35:49+09:00,500,7000,50.2153,0
M0002,3076,2026-08-16,2026-08-16T13:06:49+09:00,-100,6400,50.7319,0
M0002,3076,2026-08-16,2026-08-16T13:36:19+09:00,200,6700,51.2236,0
M0002,3076,2026-08-16,2026-08-16T14:09:21+09:00,3400,9900,51.7742,0
M0002,3076,2026-08-16,2026-08-16T14:51:21+09:00,3100,9600,52.4742,0
M0002,3076,2026-08-16,2026-08-16T15:29:10+09:00,2700,9200,53.1044,0
M0002,3076,2026-08-16,2026-08-16T16:05:23+09:00,2800,9300,53.7081,0
M0002,3076,2026-08-16,2026-08-16T16:39:55+09:00,1800,8300,54.2836,0
M0002,3076,2026-08-16,2026-08-16T17:30:17+09:00,1200,7700,55.1231,0
M0002,3076,2026-08-16,2026-08-16T18:07:35+09:00,1000,7500,55.7447,0
M0002,3076,2026-08-16,2026-08-16T18:38:25+09:00,300,6800,56.2586,0
M0002,3076,2026-08-16,2026-08-16T19:40:19+09:00,600,7100,57.2903,0
M0002,3076,2026-08-16,2026-08-16T20:25:39+09:00,-200,6300,58.0458,0
M0002,3076,2026-08-16,2026-08-16T21:04:51+09:00,200,6700,58.6992,0
M0002,3076,2026-08-16,2026-08-16T21:42:13+09:00,-1000,5500,59.3219,0
M0002,3076,2026-08-16,2026-08-16T22:32:01+09:00,-700,5800,60.1519,0
M0002,3076,2026-08-17,2026-08-17T10:52:31+09:00,0,5800,60.1519,1
M0002,3076,2026-08-17,2026-08-17T11:28:29+09:00,100,5900,60.7514,0
M0002,3076,2026-08-17,2026-08-17T12:02:23+09:00,-200,5600,61.3164,0
M0002,3076,2026-08-17,2026-08-17T12:34:35+09:00,-900,4900,61.8531,0
M0002,3076,2026-08-17,2026-08-17T13:07:15+09:00,-1500,4300,62.3975,0
M0002,3076,2026-08-17,2026-08-17T13:35:21+09:00,-500,5300,62.8658,0
M0002,3076,2026-08-17,2026-08-17T15:11:21+09:00,-1100,4700,64.4658,0
M0002,3076,2026-08-17,2026-08-17T15:59:33+09:00,-200,5600,65.2692,0
M0002,3076,2026-08-17,2026-08-17T16:33:27+09:00,100,5900,65.8342,0
M0002,3076,2026-08-17,2026-08-17T17:09:07+09:00,0,5800,66.4286,0
M0002,3076,2026-08-17,2026-08-17T17:58:27+09:00,100,5900,67.2508,0
M0002,3076,2026-08-17,2026-08-17T18:33:03+09:00,300,6100,67.8275,0
M0002,3076,2026-08-17,2026-08-17T19:09:23+09:00,700,6500,68.4331,0
M0002,3076,2026-08-17,2026-08-17T19:59:55+09:00,200,6000,69.2753,0
M0002,3076,2026-08-17,2026-08-17T20:35:21+09:00,2100,7900,69.8658,0
M0002,3076,2026-08-17,2026-08-17T21:13:05+09:00,2400,8200,70.4947,0
M0002,3076,2026-08-17,2026-08-17T21:59:13+09:00,4900,10700,71.2636,0
M0002,3076,2026-08-17,2026-08-17T22:34:49+09:00,4800,10600,71.8569,0
M0002,3076,2026-08-18,2026-08-18T10:52:51+09:00,-200,10600,71.8569,1
M0002,3076,2026-08-18,2026-08-18T11:28:45+09:00,400,11200,72.4553,0
M0002,3076,2026-08-18,2026-08-18T12:02:47+09:00,-400,10400,73.0225,0
M0002,3076,2026-08-18,2026-08-18T12:35:21+09:00,-600,10200,73.5653,0
M0002,3076,2026-08-18,2026-08-18T13:07:37+09:00,200,11000,74.1031,0
M0002,3076,2026-08-18,2026-08-18T14:37:28+09:00,-300,10500,75.6006,0
M0002,3076,2026-08-18,2026-08-18T15:11:53+09:00,-1200,9600,76.1742,0
M0002,3076,2026-08-18,2026-08-18T15:59:35+09:00,-1900,8900,76.9692,0
M0002,3076,2026-08-18,2026-08-18T16:33:08+09:00,-2300,8500,77.5283,0
M0002,3076,2026-08-18,2026-08-18T17:59:01+09:00,-2200,8600,78.9597,0
M0002,3076,2026-08-18,2026-08-18T19:09:25+09:00,-2900,7900,80.1331,0
M0002,3076,2026-08-18,2026-08-18T20:35:25+09:00,-3100,7700,81.5664,0
M0002,3076,2026-08-18,2026-08-18T21:11:41+09:00,-4100,6700,82.1708,0
M0002,3076,2026-08-18,2026-08-18T21:57:39+09:00,-4200,6600,82.9369,0
M0002,3076,2026-08-19,2026-08-19T10:53:31+09:00,0,6600,82.9369,1
M0002,3076,2026-08-19,2026-08-19T14:49:47+09:00,-300,6300,86.8747,0
M0002,3076,2026-08-19,2026-08-19T15:26:59+09:00,300,6900,87.4947,0
M0002,3076,2026-08-19,2026-08-19T16:02:55+09:00,1300,7900,88.0936,0
M0002,3076,2026-08-19,2026-08-19T17:06:11+09:00,900,7500,89.1481,0
M0002,3076,2026-08-19,2026-08-19T17:32:35+09:00,500,7100,89.5881,0
M0002,3076,2026-08-19,2026-08-19T22:43:08+09:00,900,7500,94.7639,0
M0002,3076,2026-08-20,2026-08-20T10:52:57+09:00,0,7500,94.7639,1
M0002,3076,2026-08-20,2026-08-20T13:36:17+09:00,-400,7100,97.4861,0
M0002,3076,2026-08-20,2026-08-20T14:02:59+09:00,-900,6600,97.9311,0
M0002,3076,2026-08-20,2026-08-20T14:35:37+09:00,-1600,5900,98.4750,0
M0002,3076,2026-08-20,2026-08-20T15:09:59+09:00,-1800,5700,99.0478,0
M0002,3076,2026-08-20,2026-08-20T16:32:33+09:00,-2000,5500,100.4239,0
M0002,3076,2026-08-20,2026-08-20T19:39:23+09:00,-2200,5300,103.5378,0
M0002,3076,2026-08-20,2026-08-20T20:28:35+09:00,-2400,5100,104.3578,0
M0002,3076,2026-08-20,2026-08-20T21:05:21+09:00,-500,7000,104.9706,0
M0002,3076,2026-08-20,2026-08-20T22:30:04+09:00,-600,6900,106.3825,0
M0002,3076,2026-08-20,2026-08-20T23:07:51+09:00,-100,7400,107.0122,0
M0002,3076,2026-08-22,2026-08-22T10:54:29+09:00,-100,7400,107.0122,1
M0002,3076,2026-08-22,2026-08-22T12:03:41+09:00,-600,6900,108.1656,0
M0002,3076,2026-08-22,2026-08-22T12:36:35+09:00,-700,6800,108.7139,0
M0002,3076,2026-08-22,2026-08-22T13:08:43+09:00,-1100,6400,109.2494,0
M0002,3076,2026-08-22,2026-08-22T14:05:49+09:00,-1500,6000,110.2011,0
M0002,3076,2026-08-22,2026-08-22T14:40:51+09:00,-2100,5400,110.7850,0
M0002,3076,2026-08-22,2026-08-22T15:30:07+09:00,-1600,5900,111.6061,0
M0002,3076,2026-08-22,2026-08-22T16:07:19+09:00,-2200,5300,112.2261,0
M0002,3076,2026-08-22,2026-08-22T16:43:29+09:00,-2500,5000,112.8289,0
M0002,3076,2026-08-22,2026-08-22T17:31:13+09:00,-3000,4500,113.6244,0
M0002,3076,2026-08-22,2026-08-22T18:09:45+09:00,-2600,4900,114.2667,0
M0002,3076,2026-08-22,2026-08-22T18:55:39+09:00,-2200,5300,115.0317,0
M0002,3076,2026-08-22,2026-08-22T19:33:07+09:00,-1600,5900,115.6561,0
M0002,3076,2026-08-22,2026-08-22T20:12:13+09:00,-1800,5700,116.3078,0
M0002,3076,2026-08-22,2026-08-22T23:08:15+09:00,-2300,5200,119.2417,0
M0002,3076,2026-08-23,2026-08-23T10:53:53+09:00,-200,5200,119.2417,1
M0002,3076,2026-08-23,2026-08-23T11:29:03+09:00,-300,5100,119.8278,0
M0002,3076,2026-08-23,2026-08-23T12:03:35+09:00,-200,5200,120.4033,0
M0002,3076,2026-08-23,2026-08-23T12:36:41+09:00,-700,4700,120.9550,0
M0002,3076,2026-08-23,2026-08-23T13:07:01+09:00,-400,5000,121.4606,0
M0002,3076,2026-08-23,2026-08-23T13:35:29+09:00,-1000,4400,121.9350,0
M0002,3076,2026-08-23,2026-08-23T14:10:53+09:00,-1300,4100,122.5250,0
M0002,3076,2026-08-23,2026-08-23T14:54:04+09:00,-2000,3400,123.2447,0
M0002,3076,2026-08-23,2026-08-23T15:31:31+09:00,-2300,3100,123.8689,0
M0002,3076,2026-08-23,2026-08-23T16:08:15+09:00,-1400,4000,124.4811,0
M0002,3076,2026-08-23,2026-08-23T16:54:35+09:00,-1700,3700,125.2533,0
M0002,3076,2026-08-23,2026-08-23T17:31:47+09:00,-2500,2900,125.8733,0
M0002,3076,2026-08-23,2026-08-23T18:09:27+09:00,-1500,3900,126.5011,0
M0002,3076,2026-08-23,2026-08-23T18:55:58+09:00,-600,4800,127.2764,0
M0002,3076,2026-08-23,2026-08-23T19:33:57+09:00,-500,4900,127.9094,0
M0002,3076,2026-08-23,2026-08-23T20:12:39+09:00,-600,4800,128.5544,0
M0002,3076,2026-08-23,2026-08-23T21:01:31+09:00,-1200,4200,129.3689,0
M0002,3076,2026-08-23,2026-08-23T21:39:29+09:00,-1100,4300,130.0017,0
M0002,3076,2026-08-23,2026-08-23T22:26:19+09:00,-700,4700,130.7822,0
M0002,3076,2026-08-24,2026-08-24T10:54:29+09:00,-100,4700,130.7822,1
M0002,3076,2026-08-24,2026-08-24T11:29:08+09:00,-700,4100,131.3597,0
M0002,3076,2026-08-24,2026-08-24T12:03:33+09:00,-200,4600,131.9333,0
M0002,3076,2026-08-24,2026-08-24T12:36:23+09:00,1300,6100,132.4806,0
M0002,3076,2026-08-24,2026-08-24T13:10:11+09:00,1500,6300,133.0439,0
M0002,3076,2026-08-24,2026-08-24T13:57:31+09:00,1800,6600,133.8328,0
M0002,3076,2026-08-24,2026-08-24T14:31:29+09:00,1600,6400,134.3989,0
M0002,3076,2026-08-24,2026-08-24T15:06:59+09:00,1000,5800,134.9906,0
M0002,3076,2026-08-24,2026-08-24T15:35:54+09:00,600,5400,135.4725,0
M0002,3076,2026-08-24,2026-08-24T16:40:02+09:00,500,5300,136.5414,0
M0002,3076,2026-08-24,2026-08-24T17:23:02+09:00,-200,4600,137.2581,0
M0002,3076,2026-08-24,2026-08-24T18:02:01+09:00,-100,4700,137.9078,0
M0002,3076,2026-08-24,2026-08-24T18:37:29+09:00,1100,5900,138.4989,0
M0002,3076,2026-08-24,2026-08-24T19:13:25+09:00,2500,7300,139.0978,0
M0002,3076,2026-08-24,2026-08-24T20:00:37+09:00,2200,7000,139.8844,0
M0002,3076,2026-08-24,2026-08-24T21:13:01+09:00,1100,5900,141.0911,0
M0002,3076,2026-08-24,2026-08-24T21:58:51+09:00,600,5400,141.8550,0
M0002,3076,2026-08-25,2026-08-25T10:53:53+09:00,0,5400,141.8550,1
M0002,3076,2026-08-25,2026-08-25T12:03:47+09:00,-700,4700,143.0200,0
M0002,3076,2026-08-25,2026-08-25T12:36:43+09:00,-300,5100,143.5689,0
M0002,3076,2026-08-25,2026-08-25T13:06:33+09:00,2400,7800,144.0661,0
M0002,3076,2026-08-25,2026-08-25T13:34:33+09:00,1900,7300,144.5328,0
M0002,3076,2026-08-25,2026-08-25T14:09:29+09:00,4300,9700,145.1150,0
M0002,3076,2026-08-25,2026-08-25T14:50:35+09:00,3700,9100,145.8000,0
M0002,3076,2026-08-25,2026-08-25T15:27:09+09:00,3900,9300,146.4094,0
M0002,3076,2026-08-25,2026-08-25T18:07:23+09:00,3800,9200,149.0800,0
M0002,3076,2026-08-25,2026-08-25T18:42:17+09:00,3100,8500,149.6617,0
M0002,3076,2026-08-25,2026-08-25T19:28:31+09:00,5500,10900,150.4322,0
M0002,3076,2026-08-25,2026-08-25T20:05:21+09:00,8000,13400,151.0461,0
M0002,3076,2026-08-25,2026-08-25T20:40:03+09:00,8500,13900,151.6244,0
M0002,3076,2026-08-25,2026-08-25T21:28:25+09:00,8100,13500,152.4306,0
M0002,3076,2026-08-25,2026-08-25T22:05:51+09:00,7500,12900,153.0544,0
M0002,3076,2026-08-25,2026-08-25T22:39:15+09:00,9200,14600,153.6111,0
M0002,3076,2026-08-26,2026-08-26T10:53:07+09:00,0,14600,153.6111,1
M0002,3076,2026-08-26,2026-08-26T12:34:47+09:00,-200,14400,155.3056,0
M0002,3076,2026-08-26,2026-08-26T13:07:13+09:00,-900,13700,155.8461,0
M0002,3076,2026-08-26,2026-08-26T13:35:35+09:00,-600,14000,156.3189,0
M0002,3076,2026-08-26,2026-08-26T14:04:55+09:00,-100,14500,156.8078,0
M0002,3076,2026-08-26,2026-08-26T15:12:25+09:00,-700,13900,157.9328,0
M0002,3076,2026-08-26,2026-08-26T21:13:13+09:00,-1300,13300,163.9461,0
M0002,3076,2026-08-26,2026-08-26T22:00:53+09:00,-1900,12700,164.7406,0
M0002,3076,2026-08-26,2026-08-26T22:36:49+09:00,-2500,12100,165.3394,0
M0002,3076,2026-08-26,2026-08-26T23:12:01+09:00,-2400,12200,165.9261,0
M0002,3076,2026-08-27,2026-08-27T10:54:19+09:00,-200,12200,165.9261,1
M0002,3076,2026-08-27,2026-08-27T11:28:53+09:00,-500,11900,166.5022,0
M0002,3076,2026-08-27,2026-08-27T12:03:19+09:00,-700,11700,167.0761,0
M0002,3076,2026-08-27,2026-08-27T12:36:15+09:00,-600,11800,167.6250,0
M0002,3076,2026-08-27,2026-08-27T13:07:43+09:00,-1000,11400,168.1494,0
M0002,3076,2026-08-27,2026-08-27T13:35:23+09:00,-500,11900,168.6106,0
M0002,3076,2026-08-27,2026-08-27T14:07:15+09:00,-1200,11200,169.1417,0
M0002,3076,2026-08-27,2026-08-27T14:41:06+09:00,-2400,10000,169.7058,0
M0002,3076,2026-08-27,2026-08-27T15:26:49+09:00,-1700,10700,170.4678,0
M0002,3076,2026-08-28,2026-08-28T10:54:45+09:00,0,10700,170.4678,1
M0002,3076,2026-08-28,2026-08-28T11:29:35+09:00,-400,10300,171.0483,0
M0002,3076,2026-08-28,2026-08-28T12:04:21+09:00,1500,12200,171.6278,0
M0002,3076,2026-08-28,2026-08-28T12:36:55+09:00,2600,13300,172.1706,0
M0002,3076,2026-08-28,2026-08-28T13:07:27+09:00,2000,12700,172.6794,0
M0002,3076,2026-08-28,2026-08-28T17:29:15+09:00,1400,12100,177.0428,0
M0002,3076,2026-08-28,2026-08-28T18:05:37+09:00,2000,12700,177.6489,0
M0002,3076,2026-08-28,2026-08-28T19:37:02+09:00,2200,12900,179.1725,0
M0002,3076,2026-08-28,2026-08-28T20:14:11+09:00,1100,11800,179.7917,0
M0002,3076,2026-08-28,2026-08-28T21:00:55+09:00,400,11100,180.5706,0
M0002,3076,2026-08-28,2026-08-28T21:36:25+09:00,600,11300,181.1622,0
M0002,3076,2026-08-29,2026-08-29T10:54:15+09:00,-200,11300,181.1622,1
M0002,3076,2026-08-29,2026-08-29T12:04:02+09:00,-300,11200,182.3253,0
M0002,3076,2026-08-29,2026-08-29T12:37:17+09:00,1600,13100,182.8794,0
M0002,3076,2026-08-29,2026-08-29T14:08:01+09:00,900,12400,184.3917,0
M0002,3076,2026-08-29,2026-08-29T14:42:31+09:00,-200,11300,184.9667,0
M0002,3076,2026-08-29,2026-08-29T15:28:43+09:00,-800,10700,185.7367,0
M0002,3076,2026-08-29,2026-08-29T16:05:41+09:00,-1100,10400,186.3528,0
M0002,3076,2026-08-29,2026-08-29T16:38:29+09:00,-600,10900,186.8994,0
M0002,3076,2026-08-29,2026-08-29T18:13:47+09:00,-1000,10500,188.4878,0
M0002,3076,2026-08-29,2026-08-29T19:01:11+09:00,-1600,9900,189.2778,0
M0002,3076,2026-08-29,2026-08-29T19:38:11+09:00,-1700,9800,189.8944,0
M0002,3076,2026-08-29,2026-08-29T20:25:59+09:00,-2300,9200,190.6911,0
M0002,3076,2026-08-29,2026-08-29T21:05:49+09:00,-2500,9000,191.3550,0
M0003,3077,2026-08-11,2026-08-11T10:53:13+09:00,-200,-200,0.0000,1
M0003,3077,2026-08-11,2026-08-11T11:28:39+09:00,-700,-700,0.5906,0
M0003,3077,2026-08-11,2026-08-11T12:02:43+09:00,-1000,-1000,1.1583,0
M0003,3077,2026-08-11,2026-08-11T12:36:02+09:00,1900,1900,1.7136,0
M0003,3077,2026-08-11,2026-08-11T13:06:25+09:00,2700,2700,2.2200,0
M0003,3077,2026-08-11,2026-08-11T14:09:42+09:00,2500,2500,3.2747,0
M0003,3077,2026-08-11,2026-08-11T14:50:37+09:00,3000,3000,3.9567,0
M0003,3077,2026-08-11,2026-08-11T15:29:09+09:00,2800,2800,4.5989,0
M0003,3077,2026-08-11,2026-08-11T16:05:23+09:00,2100,2100,5.2028,0
M0003,3077,2026-08-11,2026-08-11T16:40:17+09:00,1500,1500,5.7844,0
M0003,3077,2026-08-11,2026-08-11T17:28:47+09:00,900,900,6.5928,0
M0003,3077,2026-08-11,2026-08-11T18:06:29+09:00,500,500,7.2211,0
M0003,3077,2026-08-11,2026-08-11T18:41:47+09:00,100,100,7.8094,0
M0003,3077,2026-08-11,2026-08-11T19:30:51+09:00,-700,-700,8.6272,0
M0003,3077,2026-08-11,2026-08-11T20:08:57+09:00,-1600,-1600,9.2622,0
M0003,3077,2026-08-11,2026-08-11T21:03:30+09:00,-1200,-1200,10.1714,0
M0003,3077,2026-08-12,2026-08-12T10:53:47+09:00,-200,-1200,10.1714,1
M0003,3077,2026-08-12,2026-08-12T12:02:51+09:00,-400,-1400,11.3225,0
M0003,3077,2026-08-12,2026-08-12T12:36:01+09:00,1400,400,11.8753,0
M0003,3077,2026-08-12,2026-08-12T13:06:31+09:00,2100,1100,12.3836,0
M0003,3077,2026-08-12,2026-08-12T13:35:53+09:00,2700,1700,12.8731,0
M0003,3077,2026-08-12,2026-08-12T14:11:01+09:00,4100,3100,13.4586,0
M0003,3077,2026-08-12,2026-08-12T14:56:33+09:00,3900,2900,14.2175,0
M0003,3077,2026-08-12,2026-08-12T15:31:45+09:00,3300,2300,14.8042,0
M0003,3077,2026-08-12,2026-08-12T16:07:57+09:00,2600,1600,15.4075,0
M0003,3077,2026-08-12,2026-08-12T16:35:17+09:00,2300,1300,15.8631,0
M0003,3077,2026-08-12,2026-08-12T17:01:31+09:00,1600,600,16.3003,0
M0003,3077,2026-08-12,2026-08-12T17:36:51+09:00,1100,100,16.8892,0
M0003,3077,2026-08-12,2026-08-12T18:14:03+09:00,2600,1600,17.5092,0
M0003,3077,2026-08-12,2026-08-12T19:01:02+09:00,3300,2300,18.2922,0
M0003,3077,2026-08-12,2026-08-12T19:36:51+09:00,3100,2100,18.8892,0
M0003,3077,2026-08-12,2026-08-12T20:14:43+09:00,2300,1300,19.5203,0
M0003,3077,2026-08-12,2026-08-12T21:39:31+09:00,2700,1700,20.9336,0
M0003,3077,2026-08-13,2026-08-13T10:54:54+09:00,-300,1700,20.9336,1
M0003,3077,2026-08-13,2026-08-13T11:29:13+09:00,600,2600,21.5056,0
M0003,3077,2026-08-13,2026-08-13T12:03:39+09:00,300,2300,22.0794,0
M0003,3077,2026-08-13,2026-08-13T12:36:57+09:00,-300,1700,22.6344,0
M0003,3077,2026-08-13,2026-08-13T13:09:39+09:00,1100,3100,23.1794,0
M0003,3077,2026-08-13,2026-08-13T14:00:59+09:00,1000,3000,24.0350,0
M0003,3077,2026-08-13,2026-08-13T14:35:09+09:00,800,2800,24.6044,0
M0003,3077,2026-08-13,2026-08-13T15:11:23+09:00,600,2600,25.2083,0
M0003,3077,2026-08-13,2026-08-13T15:58:27+09:00,800,2800,25.9928,0
M0003,3077,2026-08-13,2026-08-13T16:33:27+09:00,100,2100,26.5761,0
M0003,3077,2026-08-13,2026-08-13T17:10:25+09:00,-1100,900,27.1922,0
M0003,3077,2026-08-13,2026-08-13T17:59:47+09:00,-1700,300,28.0150,0
M0003,3077,2026-08-13,2026-08-13T18:36:04+09:00,-1800,200,28.6197,0
M0003,3077,2026-08-13,2026-08-13T19:14:33+09:00,-2200,-200,29.2611,0
M0003,3077,2026-08-13,2026-08-13T20:02:43+09:00,-2800,-800,30.0639,0
M0003,3077,2026-08-13,2026-08-13T20:39:10+09:00,-3300,-1300,30.6714,0
M0003,3077,2026-08-13,2026-08-13T21:23:43+09:00,-1100,900,31.4139,0
M0003,3077,2026-08-13,2026-08-13T22:40:21+09:00,-300,1700,32.6911,0
M0003,3077,2026-08-13,2026-08-13T23:29:55+09:00,-400,1600,33.5172,0
M0003,3077,2026-08-14,2026-08-14T10:54:41+09:00,-100,1600,33.5172,1
M0003,3077,2026-08-14,2026-08-14T11:29:45+09:00,100,1800,34.1017,0
M0003,3077,2026-08-14,2026-08-14T12:04:15+09:00,2200,3900,34.6767,0
M0003,3077,2026-08-14,2026-08-14T12:37:28+09:00,4500,6200,35.2303,0
M0003,3077,2026-08-14,2026-08-14T13:06:37+09:00,5400,7100,35.7161,0
M0003,3077,2026-08-14,2026-08-14T13:35:02+09:00,5200,6900,36.1897,0
M0003,3077,2026-08-14,2026-08-14T16:08:02+09:00,4800,6500,38.7397,0
M0003,3077,2026-08-14,2026-08-14T17:30:37+09:00,4400,6100,40.1161,0
M0003,3077,2026-08-14,2026-08-14T18:07:43+09:00,4500,6200,40.7344,0
M0003,3077,2026-08-14,2026-08-14T18:43:04+09:00,4100,5800,41.3236,0
M0003,3077,2026-08-14,2026-08-14T19:31:33+09:00,4200,5900,42.1317,0
M0003,3077,2026-08-14,2026-08-14T20:09:17+09:00,5000,6700,42.7606,0
M0003,3077,2026-08-14,2026-08-14T20:55:41+09:00,4500,6200,43.5339,0
M0003,3077,2026-08-14,2026-08-14T21:33:02+09:00,4400,6100,44.1564,0
M0003,3077,2026-08-14,2026-08-14T22:11:45+09:00,4800,6500,44.8017,0
M0003,3077,2026-08-15,2026-08-15T10:54:13+09:00,-100,6500,44.8017,1
M0003,3077,2026-08-15,2026-08-15T11:29:09+09:00,-700,5900,45.3839,0
M0003,3077,2026-08-15,2026-08-15T12:03:27+09:00,-1400,5200,45.9556,0
M0003,3077,2026-08-15,2026-08-15T12:36:37+09:00,-2000,4600,46.5083,0
M0003,3077,2026-08-15,2026-08-15T13:08:49+09:00,-3200,3400,47.0450,0
M0003,3077,2026-08-15,2026-08-15T14:01:55+09:00,-2700,3900,47.9300,0
M0003,3077,2026-08-15,2026-08-15T14:36:09+09:00,-2900,3700,48.5006,0
M0003,3077,2026-08-15,2026-08-15T15:58:43+09:00,-3400,3200,49.8767,0
M0003,3077,2026-08-15,2026-08-15T16:34:01+09:00,-3900,2700,50.4650,0
M0003,3077,2026-08-15,2026-08-15T17:11:17+09:00,-5000,1600,51.0861,0
M0003,3077,2026-08-15,2026-08-15T17:58:39+09:00,-5600,1000,51.8756,0
M0003,3077,2026-08-15,2026-08-15T18:35:13+09:00,-6200,400,52.4850,0
M0003,3077,2026-08-15,2026-08-15T19:12:53+09:00,-7200,-600,53.1128,0
M0003,3077,2026-08-15,2026-08-15T20:01:19+09:00,-6700,-100,53.9200,0
M0003,3077,2026-08-16,2026-08-16T10:53:41+09:00,-100,-100,53.9200,1
M0003,3077,2026-08-16,2026-08-16T11:28:27+09:00,200,200,54.4994,0
M0003,3077,2026-08-16,2026-08-16T12:02:27+09:00,100,100,55.0661,0
M0003,3077,2026-08-16,2026-08-16T12:35:49+09:00,800,800,55.6222,0
M0003,3077,2026-08-16,2026-08-16T13:06:49+09:00,400,400,56.1389,0
M0003,3077,2026-08-16,2026-08-16T13:36:19+09:00,-300,-300,56.6306,0
M0003,3077,2026-08-16,2026-08-16T14:09:21+09:00,-700,-700,57.1811,0
M0003,3077,2026-08-16,2026-08-16T14:51:21+09:00,-200,-200,57.8811,0
M0003,3077,2026-08-16,2026-08-16T15:29:10+09:00,-500,-500,58.5114,0
M0003,3077,2026-08-16,2026-08-16T16:05:23+09:00,-1100,-1100,59.1150,0
M0003,3077,2026-08-16,2026-08-16T16:39:55+09:00,-800,-800,59.6906,0
M0003,3077,2026-08-16,2026-08-16T17:30:17+09:00,-900,-900,60.5300,0
M0003,3077,2026-08-16,2026-08-16T18:07:35+09:00,-600,-600,61.1517,0
M0003,3077,2026-08-16,2026-08-16T18:38:25+09:00,-700,-700,61.6656,0
M0003,3077,2026-08-16,2026-08-16T19:40:19+09:00,-1300,-1300,62.6972,0
M0003,3077,2026-08-16,2026-08-16T20:25:39+09:00,-1900,-1900,63.4528,0
M0003,3077,2026-08-16,2026-08-16T21:04:51+09:00,-2500,-2500,64.1061,0
M0003,3077,2026-08-16,2026-08-16T21:42:13+09:00,-3800,-3800,64.7289,0
M0003,3077,2026-08-16,2026-08-16T22:32:01+09:00,-3500,-3500,65.5589,0
M0003,3077,2026-08-17,2026-08-17T10:52:31+09:00,-200,-3500,65.5589,1
M0003,3077,2026-08-17,2026-08-17T11:28:29+09:00,-600,-3900,66.1583,0
M0003,3077,2026-08-17,2026-08-17T12:02:23+09:00,-1300,-4600,66.7233,0
M0003,3077,2026-08-17,2026-08-17T12:34:35+09:00,-1000,-4300,67.2600,0
M0003,3077,2026-08-17,2026-08-17T15:11:21+09:00,-1300,-4600,69.8728,0
M0003,3077,2026-08-17,2026-08-17T15:59:33+09:00,-1400,-4700,70.6761,0
M0003,3077,2026-08-17,2026-08-17T16:33:27+09:00,-1900,-5200,71.2411,0
M0003,3077,2026-08-17,2026-08-17T17:09:07+09:00,-1600,-4900,71.8356,0
M0003,3077,2026-08-17,2026-08-17T17:58:27+09:00,-900,-4200,72.6578,0
M0003,3077,2026-08-17,2026-08-17T18:33:03+09:00,1200,-2100,73.2344,0
M0003,3077,2026-08-17,2026-08-17T19:09:23+09:00,2000,-1300,73.8400,0
M0003,3077,2026-08-17,2026-08-17T19:59:55+09:00,1500,-1800,74.6822,0
M0003,3077,2026-08-17,2026-08-17T20:35:21+09:00,900,-2400,75.2728,0
M0003,3077,2026-08-17,2026-08-17T21:13:05+09:00,1800,-1500,75.9017,0
M0003,3077,2026-08-17,2026-08-17T21:59:13+09:00,2300,-1000,76.6706,0
M0003,3077,2026-08-17,2026-08-17T22:34:49+09:00,2400,-900,77.2639,0
M0003,3077,2026-08-17,2026-08-17T23:11:50+09:00,1900,-1400,77.8808,0
M0003,3077,2026-08-18,2026-08-18T10:52:51+09:00,-300,-1400,77.8808,1
M0003,3077,2026-08-18,2026-08-18T11:28:45+09:00,-1000,-2100,78.4792,0
M0003,3077,2026-08-18,2026-08-18T12:02:47+09:00,1200,100,79.0464,0
M0003,3077,2026-08-18,2026-08-18T12:35:21+09:00,1900,800,79.5892,0
M0003,3077,2026-08-18,2026-08-18T13:07:37+09:00,1200,100,80.1269,0
M0003,3077,2026-08-18,2026-08-18T13:35:43+09:00,1000,-100,80.5953,0
M0003,3077,2026-08-18,2026-08-18T14:04:28+09:00,1500,400,81.0744,0
M0003,3077,2026-08-18,2026-08-18T14:37:28+09:00,800,-300,81.6244,0
M0003,3077,2026-08-18,2026-08-18T15:11:53+09:00,700,-400,82.1981,0
M0003,3077,2026-08-18,2026-08-18T15:59:35+09:00,0,-1100,82.9931,0
M0003,3077,2026-08-18,2026-08-18T16:33:08+09:00,700,-400,83.5522,0
M0003,3077,2026-08-18,2026-08-18T17:59:01+09:00,300,-800,84.9836,0
M0003,3077,2026-08-18,2026-08-18T19:09:25+09:00,2200,1100,86.1569,0
M0003,3077,2026-08-18,2026-08-18T19:59:53+09:00,5500,4400,86.9981,0
M0003,3077,2026-08-18,2026-08-18T20:35:25+09:00,6300,5200,87.5903,0
M0003,3077,2026-08-18,2026-08-18T21:57:39+09:00,6000,4900,88.9608,0
M0003,3077,2026-08-19,2026-08-19T10:53:31+09:00,0,4900,88.9608,1
M0003,3077,2026-08-19,2026-08-19T14:09:06+09:00,-600,4300,92.2206,0
M0003,3077,2026-08-19,2026-08-19T17:32:35+09:00,-700,4200,95.6119,0
M0003,3077,2026-08-19,2026-08-19T18:08:43+09:00,-1500,3400,96.2142,0
M0003,3077,2026-08-19,2026-08-19T18:50:27+09:00,-1100,3800,96.9097,0
M0003,3077,2026-08-20,2026-08-20T10:52:57+09:00,0,3800,96.9097,1
M0003,3077,2026-08-20,2026-08-20T12:02:37+09:00,-400,3400,98.0708,0
M0003,3077,2026-08-20,2026-08-20T12:35:01+09:00,-900,2900,98.6108,0
M0003,3077,2026-08-20,2026-08-20T13:07:39+09:00,-400,3400,99.1547,0
M0003,3077,2026-08-20,2026-08-20T13:36:17+09:00,-1100,2700,99.6319,0
M0003,3077,2026-08-20,2026-08-20T14:02:59+09:00,-800,3000,100.0769,0
M0003,3077,2026-08-20,2026-08-20T17:42:01+09:00,-1300,2500,103.7275,0
M0003,3077,2026-08-20,2026-08-20T18:28:21+09:00,-1900,1900,104.4997,0
M0003,3077,2026-08-20,2026-08-20T19:04:37+09:00,-1700,2100,105.1042,0
M0003,3077,2026-08-20,2026-08-20T19:39:23+09:00,-1800,2000,105.6836,0
M0003,3077,2026-08-22,2026-08-22T10:54:29+09:00,-200,2000,105.6836,1
M0003,3077,2026-08-22,2026-08-22T11:28:57+09:00,300,2500,106.2581,0
M0003,3077,2026-08-22,2026-08-22T12:03:41+09:00,-500,1700,106.8369,0
M0003,3077,2026-08-22,2026-08-22T12:36:35+09:00,-1000,1200,107.3853,0
M0003,3077,2026-08-22,2026-08-22T13:08:43+09:00,-400,1800,107.9208,0
M0003,3077,2026-08-22,2026-08-22T14:05:49+09:00,-900,1300,108.8725,0
M0003,3077,2026-08-22,2026-08-22T14:40:51+09:00,1500,3700,109.4564,0
M0003,3077,2026-08-22,2026-08-22T15:30:07+09:00,2900,5100,110.2775,0
M0003,3077,2026-08-22,2026-08-22T16:07:19+09:00,2300,4500,110.8975,0
M0003,3077,2026-08-22,2026-08-22T16:43:29+09:00,3000,5200,111.5003,0
M0003,3077,2026-08-22,2026-08-22T17:31:13+09:00,2700,4900,112.2958,0
M0003,3077,2026-08-22,2026-08-22T18:09:45+09:00,6000,8200,112.9381,0
M0003,3077,2026-08-22,2026-08-22T18:55:39+09:00,8000,10200,113.7031,0
M0003,3077,2026-08-22,2026-08-22T19:33:07+09:00,9300,11500,114.3275,0
M0003,3077,2026-08-22,2026-08-22T21:01:31+09:00,8700,10900,115.8008,0
M0003,3077,2026-08-22,2026-08-22T21:39:25+09:00,8200,10400,116.4325,0
M0003,3077,2026-08-22,2026-08-22T22:28:43+09:00,7800,10000,117.2542,0
M0003,3077,2026-08-22,2026-08-22T23:08:15+09:00,8600,10800,117.9131,0
M0003,3077,2026-08-23,2026-08-23T10:53:53+09:00,-200,10800,117.9131,1
M0003,3077,2026-08-23,2026-08-23T11:29:03+09:00,200,11200,118.4992,0
M0003,3077,2026-08-23,2026-08-23T12:03:35+09:00,1000,12000,119.0747,0
M0003,3077,2026-08-23,2026-08-23T12:36:41+09:00,600,11600,119.6264,0
M0003,3077,2026-08-23,2026-08-23T13:07:01+09:00,100,11100,120.1319,0
M0003,3077,2026-08-23,2026-08-23T13:35:29+09:00,-700,10300,120.6064,0
M0003,3077,2026-08-23,2026-08-23T14:10:53+09:00,-600,10400,121.1964,0
M0003,3077,2026-08-23,2026-08-23T14:54:04+09:00,-500,10500,121.9161,0
M0003,3077,2026-08-23,2026-08-23T15:31:31+09:00,-300,10700,122.5403,0
M0003,3077,2026-08-23,2026-08-23T16:08:15+09:00,-200,10800,123.1525,0
M0003,3077,2026-08-23,2026-08-23T16:54:35+09:00,0,11000,123.9247,0
M0003,3077,2026-08-23,2026-08-23T17:31:47+09:00,700,11700,124.5447,0
M0003,3077,2026-08-23,2026-08-23T18:09:27+09:00,-100,10900,125.1725,0
M0003,3077,2026-08-23,2026-08-23T19:33:57+09:00,-600,10400,126.5808,0
M0003,3077,2026-08-23,2026-08-23T20:12:39+09:00,-1500,9500,127.2258,0
M0003,3077,2026-08-23,2026-08-23T21:01:31+09:00,-1900,9100,128.0403,0
M0003,3077,2026-08-23,2026-08-23T21:39:29+09:00,-1500,9500,128.6731,0
M0003,3077,2026-08-23,2026-08-23T22:26:19+09:00,-1600,9400,129.4536,0
M0003,3077,2026-08-24,2026-08-24T10:54:29+09:00,-200,9400,129.4536,1
M0003,3077,2026-08-24,2026-08-24T11:29:08+09:00,-600,9000,130.0311,0
M0003,3077,2026-08-24,2026-08-24T12:03:33+09:00,1600,11200,130.6047,0
M0003,3077,2026-08-24,2026-08-24T12:36:23+09:00,1400,11000,131.1519,0
M0003,3077,2026-08-24,2026-08-24T13:10:11+09:00,100,9700,131.7153,0
M0003,3077,2026-08-24,2026-08-24T13:57:31+09:00,-100,9500,132.5042,0
M0003,3077,2026-08-24,2026-08-24T14:31:29+09:00,0,9600,133.0703,0
M0003,3077,2026-08-24,2026-08-24T15:06:59+09:00,2400,12000,133.6619,0
M0003,3077,2026-08-24,2026-08-24T15:35:54+09:00,4000,13600,134.1439,0
M0003,3077,2026-08-24,2026-08-24T16:05:39+09:00,3500,13100,134.6397,0
M0003,3077,2026-08-24,2026-08-24T16:40:02+09:00,4100,13700,135.2128,0
M0003,3077,2026-08-24,2026-08-24T17:23:02+09:00,3500,13100,135.9294,0
M0003,3077,2026-08-24,2026-08-24T18:02:01+09:00,2700,12300,136.5792,0
M0003,3077,2026-08-24,2026-08-24T18:37:29+09:00,2200,11800,137.1703,0
M0003,3077,2026-08-24,2026-08-24T19:13:25+09:00,2000,11600,137.7692,0
M0003,3077,2026-08-24,2026-08-24T20:00:37+09:00,1300,10900,138.5558,0
M0003,3077,2026-08-24,2026-08-24T20:36:01+09:00,600,10200,139.1458,0
M0003,3077,2026-08-24,2026-08-24T21:13:01+09:00,0,9600,139.7625,0
M0003,3077,2026-08-24,2026-08-24T21:58:51+09:00,-800,8800,140.5264,0
M0003,3077,2026-08-24,2026-08-24T22:34:35+09:00,-300,9300,141.1219,0
M0003,3077,2026-08-25,2026-08-25T10:53:53+09:00,-300,9300,141.1219,1
M0003,3077,2026-08-25,2026-08-25T11:29:03+09:00,0,9600,141.7081,0
M0003,3077,2026-08-25,2026-08-25T12:03:47+09:00,1400,11000,142.2869,0
M0003,3077,2026-08-25,2026-08-25T12:36:43+09:00,3400,13000,142.8358,0
M0003,3077,2026-08-25,2026-08-25T13:06:33+09:00,5700,15300,143.3331,0
M0003,3077,2026-08-25,2026-08-25T13:34:33+09:00,6000,15600,143.7997,0
M0003,3077,2026-08-25,2026-08-25T14:09:29+09:00,6800,16400,144.3819,0
M0003,3077,2026-08-25,2026-08-25T14:50:35+09:00,8400,18000,145.0669,0
M0003,3077,2026-08-25,2026-08-25T15:27:09+09:00,8200,17800,145.6764,0
M0003,3077,2026-08-25,2026-08-25T17:05:09+09:00,7800,17400,147.3097,0
M0003,3077,2026-08-25,2026-08-25T17:30:51+09:00,7500,17100,147.7381,0
M0003,3077,2026-08-25,2026-08-25T18:07:23+09:00,7000,16600,148.3469,0
M0003,3077,2026-08-25,2026-08-25T18:42:17+09:00,7200,16800,148.9286,0
M0003,3077,2026-08-25,2026-08-25T19:28:31+09:00,6800,16400,149.6992,0
M0003,3077,2026-08-25,2026-08-25T20:05:21+09:00,7400,17000,150.3131,0
M0003,3077,2026-08-25,2026-08-25T20:40:03+09:00,9100,18700,150.8914,0
M0003,3077,2026-08-25,2026-08-25T22:05:51+09:00,9000,18600,152.3214,0
M0003,3077,2026-08-25,2026-08-25T22:39:15+09:00,9100,18700,152.8781,0
M0003,3077,2026-08-26,2026-08-26T10:53:07+09:00,0,18700,152.8781,1
M0003,3077,2026-08-26,2026-08-26T12:02:31+09:00,-600,18100,154.0347,0
M0003,3077,2026-08-26,2026-08-26T12:34:47+09:00,-700,18000,154.5725,0
M0003,3077,2026-08-26,2026-08-26T14:04:55+09:00,-800,17900,156.0747,0
M0003,3077,2026-08-26,2026-08-26T15:12:25+09:00,-1800,16900,157.1997,0
M0003,3077,2026-08-26,2026-08-26T15:57:47+09:00,-2100,16600,157.9558,0
M0003,3077,2026-08-26,2026-08-26T16:31:31+09:00,-2800,15900,158.5181,0
M0003,3077,2026-08-26,2026-08-26T17:07:27+09:00,-2500,16200,159.1169,0
M0003,3077,2026-08-26,2026-08-26T17:35:49+09:00,-3000,15700,159.5897,0
M0003,3077,2026-08-26,2026-08-26T18:03:25+09:00,-3200,15500,160.0497,0
M0003,3077,2026-08-26,2026-08-26T18:38:31+09:00,-4300,14400,160.6347,0
M0003,3077,2026-08-26,2026-08-26T19:20:17+09:00,-4400,14300,161.3308,0
M0003,3077,2026-08-26,2026-08-26T20:01:09+09:00,-3700,15000,162.0119,0
M0003,3077,2026-08-26,2026-08-26T20:36:21+09:00,-3900,14800,162.5986,0
M0003,3077,2026-08-26,2026-08-26T21:13:13+09:00,800,19500,163.2131,0
M0003,3077,2026-08-26,2026-08-26T22:00:53+09:00,2500,21200,164.0075,0
M0003,3077,2026-08-27,2026-08-27T10:54:19+09:00,200,21200,164.0075,1
M0003,3077,2026-08-27,2026-08-27T11:28:53+09:00,500,21500,164.5836,0
M0003,3077,2026-08-27,2026-08-27T15:26:49+09:00,300,21300,168.5492,0
M0003,3077,2026-08-27,2026-08-27T16:02:47+09:00,200,21200,169.1486,0
M0003,3077,2026-08-27,2026-08-27T18:09:51+09:00,-400,20600,171.2664,0
M0003,3077,2026-08-27,2026-08-27T18:53:03+09:00,-500,20500,171.9864,0
M0003,3077,2026-08-27,2026-08-27T20:44:41+09:00,-400,20600,173.8469,0
M0003,3077,2026-08-27,2026-08-27T22:09:51+09:00,-1200,19800,175.2664,0
M0003,3077,2026-08-27,2026-08-27T22:54:35+09:00,-1500,19500,176.0119,0
M0003,3077,2026-08-28,2026-08-28T10:54:45+09:00,-200,19500,176.0119,1
M0003,3077,2026-08-28,2026-08-28T11:29:35+09:00,-800,18900,176.5925,0
M0003,3077,2026-08-28,2026-08-28T12:04:21+09:00,1900,21600,177.1719,0
M0003,3077,2026-08-28,2026-08-28T12:36:55+09:00,2300,22000,177.7147,0
M0003,3077,2026-08-28,2026-08-28T13:07:27+09:00,2200,21900,178.2236,0
M0003,3077,2026-08-28,2026-08-28T13:35:41+09:00,2000,21700,178.6942,0
M0003,3077,2026-08-28,2026-08-28T14:09:41+09:00,2200,21900,179.2608,0
M0003,3077,2026-08-28,2026-08-28T14:51:34+09:00,2400,22100,179.9589,0
M0003,3077,2026-08-28,2026-08-28T16:03:29+09:00,2900,22600,181.1575,0
M0003,3077,2026-08-28,2026-08-28T16:38:15+09:00,1800,21500,181.7369,0
M0003,3077,2026-08-28,2026-08-28T17:29:15+09:00,2400,22100,182.5869,0
M0003,3077,2026-08-28,2026-08-28T18:05:37+09:00,3000,22700,183.1931,0
M0003,3077,2026-08-28,2026-08-28T18:38:39+09:00,3100,22800,183.7436,0
M0003,3077,2026-08-28,2026-08-28T19:37:02+09:00,4700,24400,184.7167,0
M0003,3077,2026-08-28,2026-08-28T20:14:11+09:00,5200,24900,185.3358,0
M0003,3077,2026-08-28,2026-08-28T21:00:55+09:00,4900,24600,186.1147,0
M0003,3077,2026-08-28,2026-08-28T21:36:25+09:00,4800,24500,186.7064,0
M0003,3077,2026-08-28,2026-08-28T22:13:23+09:00,4100,23800,187.3225,0
M0003,3077,2026-08-29,2026-08-29T10:54:15+09:00,-200,23800,187.3225,1
M0003,3077,2026-08-29,2026-08-29T11:29:35+09:00,-500,23500,187.9114,0
M0003,3077,2026-08-29,2026-08-29T12:04:02+09:00,-700,23300,188.4856,0
M0003,3077,2026-08-29,2026-08-29T12:37:17+09:00,-900,23100,189.0397,0
M0003,3077,2026-08-29,2026-08-29T13:08:43+09:00,-1900,22100,189.5636,0
M0003,3077,2026-08-29,2026-08-29T14:08:01+09:00,-1600,22400,190.5519,0
M0003,3077,2026-08-29,2026-08-29T14:42:31+09:00,-2300,21700,191.1269,0
M0003,3077,2026-08-29,2026-08-29T15:28:43+09:00,-2000,22000,191.8969,0
M0003,3077,2026-08-29,2026-08-29T16:05:41+09:00,-2600,21400,192.5131,0
M0003,3077,2026-08-29,2026-08-29T16:38:29+09:00,1300,25300,193.0597,0
M0003,3077,2026-08-29,2026-08-29T17:36:27+09:00,3000,27000,194.0258,0
M0003,3077,2026-08-29,2026-08-29T18:13:47+09:00,1600,25600,194.6481,0
M0003,3077,2026-08-29,2026-08-29T19:01:11+09:00,2000,26000,195.4381,0
M0003,3077,2026-08-29,2026-08-29T20:25:59+09:00,1400,25400,196.8514,0
M0003,3077,2026-08-29,2026-08-29T21:05:49+09:00,500,24500,197.5153,0
M0003,3077,2026-08-29,2026-08-29T21:43:07+09:00,4000,28000,198.1369,0
M0003,3077,2026-08-29,2026-08-29T22:32:31+09:00,6400,30400,198.9603,0
M0003,3077,2026-08-29,2026-08-29T23:11:51+09:00,7900,31900,199.6158,0
M0004,3078,2026-08-11,2026-08-11T10:53:13+09:00,-100,-100,0.0000,1
M0004,3078,2026-08-11,2026-08-11T11:28:39+09:00,-600,-600,0.5906,0
M0004,3078,2026-08-11,2026-08-11T12:02:43+09:00,1600,1600,1.1583,0
M0004,3078,2026-08-11,2026-08-11T12:36:02+09:00,2300,2300,1.7136,0
M0004,3078,2026-08-11,2026-08-11T13:06:25+09:00,2400,2400,2.2200,0
M0004,3078,2026-08-11,2026-08-11T13:34:33+09:00,3500,3500,2.6889,0
M0004,3078,2026-08-11,2026-08-11T14:09:42+09:00,2400,2400,3.2747,0
M0004,3078,2026-08-11,2026-08-11T14:50:37+09:00,2200,2200,3.9567,0
M0004,3078,2026-08-11,2026-08-11T15:29:09+09:00,1600,1600,4.5989,0
M0004,3078,2026-08-11,2026-08-11T16:05:23+09:00,1300,1300,5.2028,0
M0004,3078,2026-08-11,2026-08-11T16:40:17+09:00,100,100,5.7844,0
M0004,3078,2026-08-11,2026-08-11T17:28:47+09:00,-500,-500,6.5928,0
M0004,3078,2026-08-11,2026-08-11T18:06:29+09:00,-900,-900,7.2211,0
M0004,3078,2026-08-11,2026-08-11T18:41:47+09:00,600,600,7.8094,0
M0004,3078,2026-08-11,2026-08-11T19:30:51+09:00,100,100,8.6272,0
M0004,3078,2026-08-11,2026-08-11T20:08:57+09:00,3300,3300,9.2622,0
M0004,3078,2026-08-12,2026-08-12T10:53:47+09:00,0,3300,9.2622,1
M0004,3078,2026-08-12,2026-08-12T12:02:51+09:00,500,3800,10.4133,0
M0004,3078,2026-08-12,2026-08-12T13:35:53+09:00,0,3300,11.9639,0
M0004,3078,2026-08-12,2026-08-12T14:11:01+09:00,-1200,2100,12.5494,0
M0004,3078,2026-08-12,2026-08-12T15:31:45+09:00,-1800,1500,13.8950,0
M0004,3078,2026-08-12,2026-08-12T16:07:57+09:00,-1600,1700,14.4983,0
M0004,3078,2026-08-13,2026-08-13T10:54:54+09:00,-100,1700,14.4983,1
M0004,3078,2026-08-13,2026-08-13T11:29:13+09:00,-600,1200,15.0703,0
M0004,3078,2026-08-13,2026-08-13T12:03:39+09:00,-1000,800,15.6442,0
M0004,3078,2026-08-13,2026-08-13T13:09:39+09:00,3400,5200,16.7442,0
M0004,3078,2026-08-13,2026-08-13T14:00:59+09:00,5800,7600,17.5997,0
M0004,3078,2026-08-13,2026-08-13T14:35:09+09:00,7200,9000,18.1692,0
M0004,3078,2026-08-13,2026-08-13T15:11:23+09:00,7100,8900,18.7731,0
M0004,3078,2026-08-13,2026-08-13T15:58:27+09:00,6600,8400,19.5575,0
M0004,3078,2026-08-13,2026-08-13T16:33:27+09:00,6000,7800,20.1408,0
M0004,3078,2026-08-13,2026-08-13T17:59:47+09:00,5900,7700,21.5797,0
M0004,3078,2026-08-13,2026-08-13T18:36:04+09:00,6400,8200,22.1844,0
M0004,3078,2026-08-13,2026-08-13T19:14:33+09:00,5400,7200,22.8258,0
M0004,3078,2026-08-13,2026-08-13T20:02:43+09:00,4800,6600,23.6286,0
M0004,3078,2026-08-13,2026-08-13T20:39:10+09:00,6600,8400,24.2361,0
M0004,3078,2026-08-13,2026-08-13T21:23:43+09:00,6100,7900,24.9786,0
M0004,3078,2026-08-13,2026-08-13T22:03:35+09:00,7700,9500,25.6431,0
M0004,3078,2026-08-13,2026-08-13T22:40:21+09:00,10700,12500,26.2558,0
M0004,3078,2026-08-14,2026-08-14T10:54:41+09:00,-100,12500,26.2558,1
M0004,3078,2026-08-14,2026-08-14T11:29:45+09:00,300,12900,26.8403,0
M0004,3078,2026-08-14,2026-08-14T12:04:15+09:00,500,13100,27.4153,0
M0004,3078,2026-08-14,2026-08-14T12:37:28+09:00,800,13400,27.9689,0
M0004,3078,2026-08-14,2026-08-14T13:06:37+09:00,300,12900,28.4547,0
M0004,3078,2026-08-14,2026-08-14T13:35:02+09:00,-400,12200,28.9283,0
M0004,3078,2026-08-14,2026-08-14T14:10:37+09:00,-1700,10900,29.5214,0
M0004,3078,2026-08-14,2026-08-14T14:55:41+09:00,-1300,11300,30.2725,0
M0004,3078,2026-08-14,2026-08-14T15:31:41+09:00,-1900,10700,30.8725,0
M0004,3078,2026-08-14,2026-08-14T16:08:02+09:00,-2100,10500,31.4783,0
M0004,3078,2026-08-14,2026-08-14T16:41:57+09:00,-1500,11100,32.0436,0
M0004,3078,2026-08-14,2026-08-14T17:30:37+09:00,-700,11900,32.8547,0
M0004,3078,2026-08-14,2026-08-14T18:07:43+09:00,600,13200,33.4731,0
M0004,3078,2026-08-14,2026-08-14T18:43:04+09:00,-700,11900,34.0622,0
M0004,3078,2026-08-14,2026-08-14T19:31:33+09:00,-1200,11400,34.8703,0
M0004,3078,2026-08-14,2026-08-14T20:09:17+09:00,900,13500,35.4992,0
M0004,3078,2026-08-14,2026-08-14T20:55:41+09:00,600,13200,36.2725,0
M0004,3078,2026-08-14,2026-08-14T21:33:02+09:00,0,12600,36.8950,0
M0004,3078,2026-08-14,2026-08-14T22:11:45+09:00,-200,12400,37.5403,0
M0004,3078,2026-08-15,2026-08-15T10:54:13+09:00,-100,12400,37.5403,1
M0004,3078,2026-08-15,2026-08-15T11:29:09+09:00,-900,11600,38.1225,0
M0004,3078,2026-08-15,2026-08-15T12:03:27+09:00,-800,11700,38.6942,0
M0004,3078,2026-08-15,2026-08-15T12:36:37+09:00,-1500,11000,39.2469,0
M0004,3078,2026-08-15,2026-08-15T13:08:49+09:00,-500,12000,39.7836,0
M0004,3078,2026-08-15,2026-08-15T14:01:55+09:00,800,13300,40.6686,0
M0004,3078,2026-08-15,2026-08-15T14:36:09+09:00,300,12800,41.2392,0
M0004,3078,2026-08-15,2026-08-15T15:11:53+09:00,-100,12400,41.8347,0
M0004,3078,2026-08-15,2026-08-15T15:58:43+09:00,-400,12100,42.6153,0
M0004,3078,2026-08-15,2026-08-15T16:34:01+09:00,0,12500,43.2036,0
M0004,3078,2026-08-15,2026-08-15T17:11:17+09:00,-800,11700,43.8247,0
M0004,3078,2026-08-15,2026-08-15T17:58:39+09:00,-700,11800,44.6142,0
M0004,3078,2026-08-15,2026-08-15T18:35:13+09:00,1400,13900,45.2236,0
M0004,3078,2026-08-15,2026-08-15T19:12:53+09:00,1900,14400,45.8514,0
M0004,3078,2026-08-15,2026-08-15T20:01:19+09:00,1800,14300,46.6586,0
M0004,3078,2026-08-15,2026-08-15T20:38:25+09:00,800,13300,47.2769,0
M0004,3078,2026-08-15,2026-08-15T21:25:49+09:00,500,13000,48.0669,0
M0004,3078,2026-08-15,2026-08-15T22:04:23+09:00,400,12900,48.7097,0
M0004,3078,2026-08-16,2026-08-16T10:53:41+09:00,-200,12900,48.7097,1
M0004,3078,2026-08-16,2026-08-16T11:28:27+09:00,-800,12300,49.2892,0
M0004,3078,2026-08-16,2026-08-16T12:02:27+09:00,-600,12500,49.8558,0
M0004,3078,2026-08-16,2026-08-16T12:35:49+09:00,-900,12200,50.4119,0
M0004,3078,2026-08-16,2026-08-16T13:06:49+09:00,-1400,11700,50.9286,0
M0004,3078,2026-08-16,2026-08-16T13:36:19+09:00,-1000,12100,51.4203,0
M0004,3078,2026-08-16,2026-08-16T14:09:21+09:00,-2200,10900,51.9708,0
M0004,3078,2026-08-16,2026-08-16T14:51:21+09:00,-2300,10800,52.6708,0
M0004,3078,2026-08-16,2026-08-16T15:29:10+09:00,-2900,10200,53.3011,0
M0004,3078,2026-08-16,2026-08-16T16:05:23+09:00,-3200,9900,53.9047,0
M0004,3078,2026-08-16,2026-08-16T16:39:55+09:00,-3300,9800,54.4803,0
M0004,3078,2026-08-16,2026-08-16T17:30:17+09:00,-3100,10000,55.3197,0
M0004,3078,2026-08-16,2026-08-16T18:07:35+09:00,-3400,9700,55.9414,0
M0004,3078,2026-08-16,2026-08-16T18:38:25+09:00,-2900,10200,56.4553,0
M0004,3078,2026-08-16,2026-08-16T19:40:19+09:00,800,13900,57.4869,0
M0004,3078,2026-08-16,2026-08-16T20:25:39+09:00,600,13700,58.2425,0
M0004,3078,2026-08-17,2026-08-17T10:52:31+09:00,0,13700,58.2425,1
M0004,3078,2026-08-17,2026-08-17T12:02:23+09:00,-500,13200,59.4069,0
M0004,3078,2026-08-17,2026-08-17T12:34:35+09:00,-800,12900,59.9436,0
M0004,3078,2026-08-17,2026-08-17T13:07:15+09:00,-1600,12100,60.4881,0
M0004,3078,2026-08-17,2026-08-17T13:35:21+09:00,-1300,12400,60.9564,0
M0004,3078,2026-08-17,2026-08-17T14:03:11+09:00,-1400,12300,61.4203,0
M0004,3078,2026-08-17,2026-08-17T14:36:43+09:00,-100,13600,61.9792,0
M0004,3078,2026-08-17,2026-08-17T15:11:21+09:00,500,14200,62.5564,0
M0004,3078,2026-08-17,2026-08-17T16:33:27+09:00,0,13700,63.9247,0
M0004,3078,2026-08-17,2026-08-17T17:09:07+09:00,-300,13400,64.5192,0
M0004,3078,2026-08-17,2026-08-17T19:09:23+09:00,-900,12800,66.5236,0
M0004,3078,2026-08-17,2026-08-17T19:59:55+09:00,-500,13200,67.3658,0
M0004,3078,2026-08-17,2026-08-17T20:35:21+09:00,-1100,12600,67.9564,0
M0004,3078,2026-08-17,2026-08-17T21:13:05+09:00,-2400,11300,68.5853,0
M0004,3078,2026-08-17,2026-08-17T21:59:13+09:00,-2100,11600,69.3542,0
M0004,3078,2026-08-18,2026-08-18T10:52:51+09:00,-100,11600,69.3542,1
M0004,3078,2026-08-18,2026-08-18T11:28:45+09:00,-900,10800,69.9525,0
M0004,3078,2026-08-18,2026-08-18T12:02:47+09:00,-1600,10100,70.5197,0
M0004,3078,2026-08-18,2026-08-18T12:35:21+09:00,-2200,9500,71.0625,0
M0004,3078,2026-08-18,2026-08-18T13:07:37+09:00,-1000,10700,71.6003,0
M0004,3078,2026-08-18,2026-08-18T13:35:43+09:00,-700,11000,72.0686,0
M0004,3078,2026-08-18,2026-08-18T14:04:28+09:00,-900,10800,72.5478,0
M0004,3078,2026-08-18,2026-08-18T14:37:28+09:00,-1000,10700,73.0978,0
M0004,3078,2026-08-18,2026-08-18T15:11:53+09:00,-2300,9400,73.6714,0
M0004,3078,2026-08-18,2026-08-18T15:59:35+09:00,-2600,9100,74.4664,0
M0004,3078,2026-08-18,2026-08-18T17:08:27+09:00,-1800,9900,75.6142,0
M0004,3078,2026-08-19,2026-08-19T10:53:31+09:00,0,9900,75.6142,1
M0004,3078,2026-08-19,2026-08-19T13:06:21+09:00,-700,9200,77.8281,0
M0004,3078,2026-08-19,2026-08-19T13:35:01+09:00,-400,9500,78.3058,0
M0004,3078,2026-08-19,2026-08-19T14:09:06+09:00,-700,9200,78.8739,0
M0004,3078,2026-08-19,2026-08-19T17:06:11+09:00,-800,9100,81.8253,0
M0004,3078,2026-08-19,2026-08-19T18:08:43+09:00,-1100,8800,82.8675,0
M0004,3078,2026-08-19,2026-08-19T18:50:27+09:00,-1600,8300,83.5631,0
M0004,3078,2026-08-19,2026-08-19T20:05:19+09:00,-2300,7600,84.8108,0
M0004,3078,2026-08-19,2026-08-19T20:39:17+09:00,-1700,8200,85.3769,0
M0004,3078,2026-08-19,2026-08-19T21:30:39+09:00,-1900,8000,86.2331,0
M0004,3078,2026-08-19,2026-08-19T22:07:17+09:00,-2700,7200,86.8436,0
M0004,3078,2026-08-19,2026-08-19T22:43:08+09:00,-3300,6600,87.4411,0
M0004,3078,2026-08-20,2026-08-20T10:52:57+09:00,0,6600,87.4411,1
M0004,3078,2026-08-20,2026-08-20T13:07:39+09:00,-500,6100,89.6861,0
M0004,3078,2026-08-20,2026-08-20T13:36:17+09:00,-800,5800,90.1633,0
M0004,3078,2026-08-20,2026-08-20T15:09:59+09:00,-1800,4800,91.7250,0
M0004,3078,2026-08-20,2026-08-20T15:59:19+09:00,-1100,5500,92.5472,0
M0004,3078,2026-08-20,2026-08-20T16:32:33+09:00,-900,5700,93.1011,0
M0004,3078,2026-08-20,2026-08-20T19:04:37+09:00,-1500,5100,95.6356,0
M0004,3078,2026-08-20,2026-08-20T19:39:23+09:00,-2200,4400,96.2150,0
M0004,3078,2026-08-20,2026-08-20T20:28:35+09:00,-2100,4500,97.0350,0
M0004,3078,2026-08-20,2026-08-20T21:05:21+09:00,-1800,4800,97.6478,0
M0004,3078,2026-08-22,2026-08-22T10:54:29+09:00,-100,4800,97.6478,1
M0004,3078,2026-08-22,2026-08-22T11:28:57+09:00,-300,4600,98.2222,0
M0004,3078,2026-08-22,2026-08-22T12:03:41+09:00,-600,4300,98.8011,0
M0004,3078,2026-08-22,2026-08-22T12:36:35+09:00,-800,4100,99.3494,0
M0004,3078,2026-08-22,2026-08-22T13:08:43+09:00,100,5000,99.8850,0
M0004,3078,2026-08-22,2026-08-22T14:05:49+09:00,-100,4800,100.8367,0
M0004,3078,2026-08-22,2026-08-22T14:40:51+09:00,-300,4600,101.4206,0
M0004,3078,2026-08-22,2026-08-22T15:30:07+09:00,-1000,3900,102.2417,0
M0004,3078,2026-08-22,2026-08-22T16:07:19+09:00,-600,4300,102.8617,0
M0004,3078,2026-08-22,2026-08-22T16:43:29+09:00,-400,4500,103.4644,0
M0004,3078,2026-08-22,2026-08-22T17:31:13+09:00,400,5300,104.2600,0
M0004,3078,2026-08-22,2026-08-22T18:09:45+09:00,1500,6400,104.9022,0
M0004,3078,2026-08-22,2026-08-22T18:55:39+09:00,1200,6100,105.6672,0
M0004,3078,2026-08-22,2026-08-22T19:33:07+09:00,800,5700,106.2917,0
M0004,3078,2026-08-22,2026-08-22T20:12:13+09:00,200,5100,106.9433,0
M0004,3078,2026-08-22,2026-08-22T21:01:31+09:00,0,4900,107.7650,0
M0004,3078,2026-08-22,2026-08-22T21:39:25+09:00,200,5100,108.3967,0
M0004,3078,2026-08-23,2026-08-23T10:53:53+09:00,-200,5100,108.3967,1
M0004,3078,2026-08-23,2026-08-23T12:03:35+09:00,-900,4400,109.5583,0
M0004,3078,2026-08-23,2026-08-23T12:36:41+09:00,-700,4600,110.1100,0
M0004,3078,2026-08-23,2026-08-23T13:07:01+09:00,-900,4400,110.6156,0
M0004,3078,2026-08-23,2026-08-23T13:35:29+09:00,-1000,4300,111.0900,0
M0004,3078,2026-08-23,2026-08-23T14:10:53+09:00,-1600,3700,111.6800,0
M0004,3078,2026-08-23,2026-08-23T14:54:04+09:00,200,5500,112.3997,0
M0004,3078,2026-08-23,2026-08-23T15:31:31+09:00,2500,7800,113.0239,0
M0004,3078,2026-08-23,2026-08-23T16:08:15+09:00,6100,11400,113.6361,0
M0004,3078,2026-08-23,2026-08-23T16:54:35+09:00,5500,10800,114.4083,0
M0004,3078,2026-08-23,2026-08-23T17:31:47+09:00,6000,11300,115.0283,0
M0004,3078,2026-08-23,2026-08-23T18:09:27+09:00,5800,11100,115.6561,0
M0004,3078,2026-08-23,2026-08-23T18:55:58+09:00,5200,10500,116.4314,0
M0004,3078,2026-08-23,2026-08-23T19:33:57+09:00,4600,9900,117.0644,0
M0004,3078,2026-08-23,2026-08-23T20:12:39+09:00,4700,10000,117.7094,0
M0004,3078,2026-08-23,2026-08-23T21:01:31+09:00,6400,11700,118.5239,0
M0004,3078,2026-08-23,2026-08-23T21:39:29+09:00,9900,15200,119.1567,0
M0004,3078,2026-08-23,2026-08-23T22:26:19+09:00,9500,14800,119.9372,0
M0004,3078,2026-08-24,2026-08-24T10:54:29+09:00,0,14800,119.9372,1
M0004,3078,2026-08-24,2026-08-24T11:29:08+09:00,-400,14400,120.5147,0
M0004,3078,2026-08-24,2026-08-24T12:03:33+09:00,-500,14300,121.0883,0
M0004,3078,2026-08-24,2026-08-24T12:36:23+09:00,-400,14400,121.6356,0
M0004,3078,2026-08-24,2026-08-24T13:10:11+09:00,-700,14100,122.1989,0
M0004,3078,2026-08-24,2026-08-24T13:57:31+09:00,-1300,13500,122.9878,0
M0004,3078,2026-08-24,2026-08-24T14:31:29+09:00,-600,14200,123.5539,0
M0004,3078,2026-08-24,2026-08-24T15:06:59+09:00,-1100,13700,124.1456,0
M0004,3078,2026-08-24,2026-08-24T15:35:54+09:00,-1700,13100,124.6275,0
M0004,3078,2026-08-24,2026-08-24T16:05:39+09:00,-1500,13300,125.1233,0
M0004,3078,2026-08-24,2026-08-24T16:40:02+09:00,-700,14100,125.6964,0
M0004,3078,2026-08-24,2026-08-24T17:23:02+09:00,-200,14600,126.4131,0
M0004,3078,2026-08-24,2026-08-24T19:13:25+09:00,-1600,13200,128.2528,0
M0004,3078,2026-08-24,2026-08-24T20:00:37+09:00,-2000,12800,129.0394,0
M0004,3078,2026-08-24,2026-08-24T20:36:01+09:00,-2500,12300,129.6294,0
M0004,3078,2026-08-24,2026-08-24T21:13:01+09:00,-3700,11100,130.2461,0
M0004,3078,2026-08-24,2026-08-24T21:58:51+09:00,-4200,10600,131.0100,0
M0004,3078,2026-08-24,2026-08-24T22:34:35+09:00,-4700,10100,131.6056,0
M0004,3078,2026-08-24,2026-08-24T23:12:02+09:00,-5200,9600,132.2297,0
M0004,3078,2026-08-25,2026-08-25T10:53:53+09:00,-100,9600,132.2297,1
M0004,3078,2026-08-25,2026-08-25T11:29:03+09:00,-800,8900,132.8158,0
M0004,3078,2026-08-25,2026-08-25T12:03:47+09:00,-500,9200,133.3947,0
M0004,3078,2026-08-25,2026-08-25T12:36:43+09:00,-1000,8700,133.9436,0
M0004,3078,2026-08-25,2026-08-25T13:34:33+09:00,-800,8900,134.9075,0
M0004,3078,2026-08-25,2026-08-25T14:09:29+09:00,-1300,8400,135.4897,0
M0004,3078,2026-08-25,2026-08-25T14:50:35+09:00,-1700,8000,136.1747,0
M0004,3078,2026-08-25,2026-08-25T15:27:09+09:00,-2000,7700,136.7842,0
M0004,3078,2026-08-25,2026-08-25T16:03:02+09:00,-2200,7500,137.3822,0
M0004,3078,2026-08-25,2026-08-25T16:37:33+09:00,-2900,6800,137.9575,0
M0004,3078,2026-08-25,2026-08-25T17:05:09+09:00,-3500,6200,138.4175,0
M0004,3078,2026-08-25,2026-08-25T17:30:51+09:00,-3300,6400,138.8458,0
M0004,3078,2026-08-25,2026-08-25T18:07:23+09:00,-600,9100,139.4547,0
M0004,3078,2026-08-25,2026-08-25T18:42:17+09:00,2700,12400,140.0364,0
M0004,3078,2026-08-25,2026-08-25T19:28:31+09:00,2300,12000,140.8069,0
M0004,3078,2026-08-25,2026-08-25T20:05:21+09:00,2000,11700,141.4208,0
M0004,3078,2026-08-25,2026-08-25T20:40:03+09:00,1700,11400,141.9992,0
M0004,3078,2026-08-25,2026-08-25T21:28:25+09:00,1800,11500,142.8053,0
M0004,3078,2026-08-25,2026-08-25T22:05:51+09:00,3200,12900,143.4292,0
M0004,3078,2026-08-26,2026-08-26T10:53:07+09:00,0,12900,143.4292,1
M0004,3078,2026-08-26,2026-08-26T12:34:47+09:00,-400,12500,145.1236,0
M0004,3078,2026-08-26,2026-08-26T13:07:13+09:00,-700,12200,145.6642,0
M0004,3078,2026-08-26,2026-08-26T13:35:35+09:00,-1200,11700,146.1369,0
M0004,3078,2026-08-26,2026-08-26T14:04:55+09:00,-1600,11300,146.6258,0
M0004,3078,2026-08-26,2026-08-26T18:03:25+09:00,-2000,10900,150.6008,0
M0004,3078,2026-08-26,2026-08-26T18:38:31+09:00,-1100,11800,151.1858,0
M0004,3078,2026-08-26,2026-08-26T19:20:17+09:00,-200,12700,151.8819,0
M0004,3078,2026-08-26,2026-08-26T20:36:21+09:00,-600,12300,153.1497,0
M0004,3078,2026-08-26,2026-08-26T21:13:13+09:00,-500,12400,153.7642,0
M0004,3078,2026-08-26,2026-08-26T22:00:53+09:00,-700,12200,154.5586,0
M0004,3078,2026-08-26,2026-08-26T22:36:49+09:00,-1000,11900,155.1575,0
M0004,3078,2026-08-27,2026-08-27T10:54:19+09:00,0,11900,155.1575,1
M0004,3078,2026-08-27,2026-08-27T12:36:15+09:00,-100,11800,156.8564,0
M0004,3078,2026-08-27,2026-08-27T13:35:23+09:00,-200,11700,157.8419,0
M0004,3078,2026-08-27,2026-08-27T14:07:15+09:00,-600,11300,158.3731,0
M0004,3078,2026-08-27,2026-08-27T14:41:06+09:00,-500,11400,158.9372,0
M0004,3078,2026-08-27,2026-08-27T20:44:41+09:00,-1400,10500,164.9969,0
M0004,3078,2026-08-28,2026-08-28T10:54:45+09:00,-100,10500,164.9969,1
M0004,3078,2026-08-28,2026-08-28T11:29:35+09:00,-700,9900,165.5775,0
M0004,3078,2026-08-28,2026-08-28T12:04:21+09:00,-1400,9200,166.1569,0
M0004,3078,2026-08-28,2026-08-28T12:36:55+09:00,-1500,9100,166.6997,0
M0004,3078,2026-08-28,2026-08-28T16:38:15+09:00,-1700,8900,170.7219,0
M0004,3078,2026-08-28,2026-08-28T17:29:15+09:00,100,10700,171.5719,0
M0004,3078,2026-08-28,2026-08-28T18:05:37+09:00,700,11300,172.1781,0
M0004,3078,2026-08-28,2026-08-28T20:14:11+09:00,200,10800,174.3208,0
M0004,3078,2026-08-28,2026-08-28T21:00:55+09:00,700,11300,175.0997,0
M0004,3078,2026-08-28,2026-08-28T21:36:25+09:00,1000,11600,175.6914,0
M0004,3078,2026-08-29,2026-08-29T10:54:15+09:00,-200,11600,175.6914,1
M0004,3078,2026-08-29,2026-08-29T11:29:35+09:00,-600,11200,176.2803,0
M0004,3078,2026-08-29,2026-08-29T12:04:02+09:00,500,12300,176.8544,0
M0004,3078,2026-08-29,2026-08-29T12:37:17+09:00,1300,13100,177.4086,0
M0004,3078,2026-08-29,2026-08-29T13:08:43+09:00,1100,12900,177.9325,0
M0004,3078,2026-08-29,2026-08-29T14:08:01+09:00,1400,13200,178.9208,0
M0004,3078,2026-08-29,2026-08-29T14:42:31+09:00,1800,13600,179.4958,0
M0004,3078,2026-08-29,2026-08-29T15:28:43+09:00,1100,12900,180.2658,0
M0004,3078,2026-08-29,2026-08-29T16:05:41+09:00,1500,13300,180.8819,0
M0004,3078,2026-08-29,2026-08-29T16:38:29+09:00,3200,15000,181.4286,0
M0004,3078,2026-08-29,2026-08-29T17:36:27+09:00,4000,15800,182.3947,0
M0004,3078,2026-08-29,2026-08-29T18:13:47+09:00,5700,17500,183.0169,0
M0004,3078,2026-08-29,2026-08-29T19:01:11+09:00,8200,20000,183.8069,0
M0004,3078,2026-08-29,2026-08-29T20:25:59+09:00,8500,20300,185.2203,0
M0004,3078,2026-08-29,2026-08-29T21:05:49+09:00,8100,19900,185.8842,0
M0005,3079,2026-08-11,2026-08-11T10:53:13+09:00,0,0,0.0000,1
M0005,3079,2026-08-11,2026-08-11T11:28:39+09:00,-600,-600,0.5906,0
M0005,3079,2026-08-11,2026-08-11T12:02:43+09:00,-1100,-1100,1.1583,0
M0005,3079,2026-08-11,2026-08-11T12:36:02+09:00,-1400,-1400,1.7136,0
M0005,3079,2026-08-11,2026-08-11T13:06:25+09:00,-2100,-2100,2.2200,0
M0005,3079,2026-08-11,2026-08-11T14:09:42+09:00,-1700,-1700,3.2747,0
M0005,3079,2026-08-11,2026-08-11T14:50:37+09:00,-2400,-2400,3.9567,0
M0005,3079,2026-08-11,2026-08-11T15:29:09+09:00,-2000,-2000,4.5989,0
M0005,3079,2026-08-11,2026-08-11T16:05:23+09:00,-2300,-2300,5.2028,0
M0005,3079,2026-08-11,2026-08-11T16:40:17+09:00,-2000,-2000,5.7844,0
M0005,3079,2026-08-11,2026-08-11T17:28:47+09:00,-2500,-2500,6.5928,0
M0005,3079,2026-08-11,2026-08-11T18:06:29+09:00,-2300,-2300,7.2211,0
M0005,3079,2026-08-11,2026-08-11T18:41:47+09:00,-2400,-2400,7.8094,0
M0005,3079,2026-08-11,2026-08-11T19:30:51+09:00,-2200,-2200,8.6272,0
M0005,3079,2026-08-11,2026-08-11T20:08:57+09:00,-3000,-3000,9.2622,0
M0005,3079,2026-08-11,2026-08-11T21:03:30+09:00,-3100,-3100,10.1714,0
M0005,3079,2026-08-11,2026-08-11T21:39:59+09:00,-2600,-2600,10.7794,0
M0005,3079,2026-08-12,2026-08-12T10:53:47+09:00,100,-2600,10.7794,1
M0005,3079,2026-08-12,2026-08-12T11:28:45+09:00,2400,-300,11.3622,0
M0005,3079,2026-08-12,2026-08-12T12:02:51+09:00,4400,1700,11.9306,0
M0005,3079,2026-08-12,2026-08-12T12:36:01+09:00,5100,2400,12.4833,0
M0005,3079,2026-08-12,2026-08-12T13:06:31+09:00,5500,2800,12.9917,0
M0005,3079,2026-08-12,2026-08-12T13:35:53+09:00,5000,2300,13.4811,0
M0005,3079,2026-08-12,2026-08-12T14:11:01+09:00,3600,900,14.0667,0
M0005,3079,2026-08-12,2026-08-12T14:56:33+09:00,3700,1000,14.8256,0
M0005,3079,2026-08-12,2026-08-12T15:31:45+09:00,4500,1800,15.4122,0
M0005,3079,2026-08-12,2026-08-12T16:07:57+09:00,6900,4200,16.0156,0
M0005,3079,2026-08-12,2026-08-12T16:35:17+09:00,6500,3800,16.4711,0
M0005,3079,2026-08-12,2026-08-12T17:01:31+09:00,6400,3700,16.9083,0
M0005,3079,2026-08-12,2026-08-12T17:36:51+09:00,5700,3000,17.4972,0
M0005,3079,2026-08-12,2026-08-12T18:14:03+09:00,4400,1700,18.1172,0
M0005,3079,2026-08-12,2026-08-12T19:01:02+09:00,5100,2400,18.9003,0
M0005,3079,2026-08-12,2026-08-12T20:14:43+09:00,4700,2000,20.1283,0
M0005,3079,2026-08-12,2026-08-12T21:03:27+09:00,4000,1300,20.9406,0
M0005,3079,2026-08-12,2026-08-12T21:39:31+09:00,6100,3400,21.5417,0
M0005,3079,2026-08-12,2026-08-12T22:26:01+09:00,5900,3200,22.3167,0
M0005,3079,2026-08-12,2026-08-12T23:05:02+09:00,5500,2800,22.9669,0
M0005,3079,2026-08-12,2026-08-12T23:42:09+09:00,5100,2400,23.5856,0
M0005,3079,2026-08-13,2026-08-13T10:54:54+09:00,0,2400,23.5856,1
M0005,3079,2026-08-13,2026-08-13T11:29:13+09:00,-100,2300,24.1575,0
M0005,3079,2026-08-13,2026-08-13T12:03:39+09:00,-300,2100,24.7314,0
M0005,3079,2026-08-13,2026-08-13T12:36:57+09:00,-800,1600,25.2864,0
M0005,3079,2026-08-13,2026-08-13T13:09:39+09:00,-1600,800,25.8314,0
M0005,3079,2026-08-13,2026-08-13T14:00:59+09:00,-1700,700,26.6869,0
M0005,3079,2026-08-13,2026-08-13T15:11:23+09:00,-2600,-200,27.8603,0
M0005,3079,2026-08-13,2026-08-13T15:58:27+09:00,-3100,-700,28.6447,0
M0005,3079,2026-08-13,2026-08-13T16:33:27+09:00,-3700,-1300,29.2281,0
M0005,3079,2026-08-13,2026-08-13T17:10:25+09:00,-1900,500,29.8442,0
M0005,3079,2026-08-13,2026-08-13T17:59:47+09:00,-2000,400,30.6669,0
M0005,3079,2026-08-13,2026-08-13T18:36:04+09:00,-2600,-200,31.2717,0
M0005,3079,2026-08-13,2026-08-13T19:14:33+09:00,-3900,-1500,31.9131,0
M0005,3079,2026-08-13,2026-08-13T20:02:43+09:00,-4500,-2100,32.7158,0
M0005,3079,2026-08-13,2026-08-13T20:39:10+09:00,-5100,-2700,33.3233,0
M0005,3079,2026-08-13,2026-08-13T21:23:43+09:00,-5600,-3200,34.0658,0
M0005,3079,2026-08-13,2026-08-13T22:03:35+09:00,-5300,-2900,34.7303,0
M0005,3079,2026-08-13,2026-08-13T22:40:21+09:00,-5700,-3300,35.3431,0
M0005,3079,2026-08-14,2026-08-14T10:54:41+09:00,-200,-3300,35.3431,1
M0005,3079,2026-08-14,2026-08-14T11:29:45+09:00,-600,-3700,35.9275,0
M0005,3079,2026-08-14,2026-08-14T12:04:15+09:00,-1300,-4400,36.5025,0
M0005,3079,2026-08-14,2026-08-14T12:37:28+09:00,-800,-3900,37.0561,0
M0005,3079,2026-08-14,2026-08-14T13:06:37+09:00,-900,-4000,37.5419,0
M0005,3079,2026-08-14,2026-08-14T13:35:02+09:00,-700,-3800,38.0156,0
M0005,3079,2026-08-14,2026-08-14T14:10:37+09:00,-2000,-5100,38.6086,0
M0005,3079,2026-08-14,2026-08-14T15:31:41+09:00,-1700,-4800,39.9597,0
M0005,3079,2026-08-14,2026-08-14T16:08:02+09:00,-2200,-5300,40.5656,0
M0005,3079,2026-08-14,2026-08-14T16:41:57+09:00,-600,-3700,41.1308,0
M0005,3079,2026-08-14,2026-08-14T17:30:37+09:00,-800,-3900,41.9419,0
M0005,3079,2026-08-14,2026-08-14T18:43:04+09:00,-900,-4000,43.1494,0
M0005,3079,2026-08-14,2026-08-14T19:31:33+09:00,-700,-3800,43.9575,0
M0005,3079,2026-08-14,2026-08-14T20:09:17+09:00,1700,-1400,44.5864,0
M0005,3079,2026-08-14,2026-08-14T20:55:41+09:00,1100,-2000,45.3597,0
M0005,3079,2026-08-14,2026-08-14T21:33:02+09:00,700,-2400,45.9822,0
M0005,3079,2026-08-14,2026-08-14T22:11:45+09:00,1100,-2000,46.6275,0
M0005,3079,2026-08-15,2026-08-15T10:54:13+09:00,-200,-2000,46.6275,1
M0005,3079,2026-08-15,2026-08-15T11:29:09+09:00,800,-1000,47.2097,0
M0005,3079,2026-08-15,2026-08-15T12:03:27+09:00,400,-1400,47.7814,0
M0005,3079,2026-08-15,2026-08-15T12:36:37+09:00,200,-1600,48.3342,0
M0005,3079,2026-08-15,2026-08-15T13:08:49+09:00,1400,-400,48.8708,0
M0005,3079,2026-08-15,2026-08-15T14:01:55+09:00,800,-1000,49.7558,0
M0005,3079,2026-08-15,2026-08-15T15:11:53+09:00,-300,-2100,50.9219,0
M0005,3079,2026-08-15,2026-08-15T15:58:43+09:00,-1000,-2800,51.7025,0
M0005,3079,2026-08-15,2026-08-15T16:34:01+09:00,-1200,-3000,52.2908,0
M0005,3079,2026-08-15,2026-08-15T17:11:17+09:00,-2300,-4100,52.9119,0
M0005,3079,2026-08-15,2026-08-15T17:58:39+09:00,-1900,-3700,53.7014,0
M0005,3079,2026-08-15,2026-08-15T19:12:53+09:00,-2300,-4100,54.9386,0
M0005,3079,2026-08-15,2026-08-15T20:38:25+09:00,-1300,-3100,56.3642,0
M0005,3079,2026-08-15,2026-08-15T22:04:23+09:00,-1700,-3500,57.7969,0
M0005,3079,2026-08-15,2026-08-15T22:41:53+09:00,-2200,-4000,58.4219,0
M0005,3079,2026-08-16,2026-08-16T10:53:41+09:00,-300,-4000,58.4219,1
M0005,3079,2026-08-16,2026-08-16T11:28:27+09:00,-800,-4500,59.0014,0
M0005,3079,2026-08-16,2026-08-16T12:02:27+09:00,-700,-4400,59.5681,0
M0005,3079,2026-08-16,2026-08-16T12:35:49+09:00,-1300,-5000,60.1242,0
M0005,3079,2026-08-16,2026-08-16T13:06:49+09:00,-2000,-5700,60.6408,0
M0005,3079,2026-08-16,2026-08-16T13:36:19+09:00,-2600,-6300,61.1325,0
M0005,3079,2026-08-16,2026-08-16T14:09:21+09:00,-2700,-6400,61.6831,0
M0005,3079,2026-08-16,2026-08-16T14:51:21+09:00,-2900,-6600,62.3831,0
M0005,3079,2026-08-16,2026-08-16T15:29:10+09:00,-3300,-7000,63.0133,0
M0005,3079,2026-08-16,2026-08-16T16:05:23+09:00,-4000,-7700,63.6169,0
M0005,3079,2026-08-16,2026-08-16T16:39:55+09:00,-4900,-8600,64.1925,0
M0005,3079,2026-08-16,2026-08-16T17:30:17+09:00,-4500,-8200,65.0319,0
M0005,3079,2026-08-16,2026-08-16T18:07:35+09:00,-4700,-8400,65.6536,0
M0005,3079,2026-08-16,2026-08-16T18:38:25+09:00,-5400,-9100,66.1675,0
M0005,3079,2026-08-16,2026-08-16T19:40:19+09:00,-6000,-9700,67.1992,0
M0005,3079,2026-08-16,2026-08-16T20:25:39+09:00,-6600,-10300,67.9547,0
M0005,3079,2026-08-16,2026-08-16T21:04:51+09:00,-7300,-11000,68.6081,0
M0005,3079,2026-08-16,2026-08-16T21:42:13+09:00,-8500,-12200,69.2308,0
M0005,3079,2026-08-16,2026-08-16T22:32:01+09:00,-9100,-12800,70.0608,0
M0005,3079,2026-08-16,2026-08-16T23:11:15+09:00,-9600,-13300,70.7147,0
M0005,3079,2026-08-17,2026-08-17T10:52:31+09:00,-200,-13300,70.7147,1
M0005,3079,2026-08-17,2026-08-17T11:28:29+09:00,-900,-14000,71.3142,0
M0005,3079,2026-08-17,2026-08-17T12:02:23+09:00,-600,-13700,71.8792,0
M0005,3079,2026-08-17,2026-08-17T16:33:27+09:00,-1100,-14200,76.3969,0
M0005,3079,2026-08-17,2026-08-17T17:09:07+09:00,-900,-14000,76.9914,0
M0005,3079,2026-08-17,2026-08-17T17:58:27+09:00,-600,-13700,77.8136,0
M0005,3079,2026-08-17,2026-08-17T18:33:03+09:00,-1300,-14400,78.3903,0
M0005,3079,2026-08-17,2026-08-17T19:09:23+09:00,-2300,-15400,78.9958,0
M0005,3079,2026-08-17,2026-08-17T19:59:55+09:00,-2100,-15200,79.8381,0
M0005,3079,2026-08-17,2026-08-17T20:35:21+09:00,1100,-12000,80.4286,0
M0005,3079,2026-08-17,2026-08-17T21:13:05+09:00,4500,-8600,81.0575,0
M0005,3079,2026-08-17,2026-08-17T21:59:13+09:00,4600,-8500,81.8264,0
M0005,3079,2026-08-17,2026-08-17T22:34:49+09:00,4700,-8400,82.4197,0
M0005,3079,2026-08-18,2026-08-18T10:52:51+09:00,-200,-8400,82.4197,1
M0005,3079,2026-08-18,2026-08-18T11:28:45+09:00,-600,-8800,83.0181,0
M0005,3079,2026-08-18,2026-08-18T12:02:47+09:00,-700,-8900,83.5853,0
M0005,3079,2026-08-18,2026-08-18T13:07:37+09:00,-1100,-9300,84.6658,0
M0005,3079,2026-08-18,2026-08-18T13:35:43+09:00,-1800,-10000,85.1342,0
M0005,3079,2026-08-18,2026-08-18T14:04:28+09:00,-1500,-9700,85.6133,0
M0005,3079,2026-08-18,2026-08-18T14:37:28+09:00,-2000,-10200,86.1633,0
M0005,3079,2026-08-18,2026-08-18T15:11:53+09:00,-500,-8700,86.7369,0
M0005,3079,2026-08-18,2026-08-18T15:59:35+09:00,-700,-8900,87.5319,0
M0005,3079,2026-08-18,2026-08-18T16:33:08+09:00,-1300,-9500,88.0911,0
M0005,3079,2026-08-18,2026-08-18T17:08:27+09:00,-2600,-10800,88.6797,0
M0005,3079,2026-08-18,2026-08-18T17:59:01+09:00,-3000,-11200,89.5225,0
M0005,3079,2026-08-18,2026-08-18T18:33:31+09:00,-2000,-10200,90.0975,0
M0005,3079,2026-08-18,2026-08-18T19:09:25+09:00,-2800,-11000,90.6958,0
M0005,3079,2026-08-18,2026-08-18T19:59:53+09:00,-2400,-10600,91.5369,0
M0005,3079,2026-08-18,2026-08-18T21:11:41+09:00,-3500,-11700,92.7336,0
M0005,3079,2026-08-18,2026-08-18T21:57:39+09:00,-3700,-11900,93.4997,0
M0005,3079,2026-08-18,2026-08-18T23:10:31+09:00,-3900,-12100,94.7142,0
M0005,3079,2026-08-19,2026-08-19T10:53:31+09:00,0,-12100,94.7142,1
M0005,3079,2026-08-19,2026-08-19T12:02:25+09:00,300,-11800,95.8625,0
M0005,3079,2026-08-19,2026-08-19T12:35:06+09:00,400,-11700,96.4072,0
M0005,3079,2026-08-19,2026-08-19T14:49:47+09:00,200,-11900,98.6519,0
M0005,3079,2026-08-19,2026-08-19T15:26:59+09:00,-500,-12600,99.2719,0
M0005,3079,2026-08-19,2026-08-19T16:02:55+09:00,-1200,-13300,99.8708,0
M0005,3079,2026-08-19,2026-08-19T17:06:11+09:00,-1500,-13600,100.9253,0
M0005,3079,2026-08-19,2026-08-19T17:32:35+09:00,-2300,-14400,101.3653,0
M0005,3079,2026-08-19,2026-08-19T18:08:43+09:00,-2900,-15000,101.9675,0
M0005,3079,2026-08-19,2026-08-19T18:50:27+09:00,-3400,-15500,102.6631,0
M0005,3079,2026-08-19,2026-08-19T19:28:55+09:00,-3800,-15900,103.3042,0
M0005,3079,2026-08-19,2026-08-19T20:05:19+09:00,-4500,-16600,103.9108,0
M0005,3079,2026-08-19,2026-08-19T20:39:17+09:00,-5500,-17600,104.4769,0
M0005,3079,2026-08-19,2026-08-19T21:30:39+09:00,-6000,-18100,105.3331,0
M0005,3079,2026-08-19,2026-08-19T22:07:17+09:00,-6100,-18200,105.9436,0
M0005,3079,2026-08-20,2026-08-20T10:52:57+09:00,-300,-18200,105.9436,1
M0005,3079,2026-08-20,2026-08-20T11:28:53+09:00,400,-17500,106.5425,0
M0005,3079,2026-08-20,2026-08-20T12:02:37+09:00,300,-17600,107.1047,0
M0005,3079,2026-08-20,2026-08-20T12:35:01+09:00,900,-17000,107.6447,0
M0005,3079,2026-08-20,2026-08-20T13:07:39+09:00,400,-17500,108.1886,0
M0005,3079,2026-08-20,2026-08-20T13:36:17+09:00,100,-17800,108.6658,0
M0005,3079,2026-08-20,2026-08-20T14:02:59+09:00,-500,-18400,109.1108,0
M0005,3079,2026-08-20,2026-08-20T14:35:37+09:00,200,-17700,109.6547,0
M0005,3079,2026-08-20,2026-08-20T15:59:19+09:00,0,-17900,111.0497,0
M0005,3079,2026-08-20,2026-08-20T16:32:33+09:00,2400,-15500,111.6036,0
M0005,3079,2026-08-20,2026-08-20T17:07:41+09:00,2800,-15100,112.1892,0
M0005,3079,2026-08-20,2026-08-20T17:42:01+09:00,3500,-14400,112.7614,0
M0005,3079,2026-08-20,2026-08-20T18:28:21+09:00,3100,-14800,113.5336,0
M0005,3079,2026-08-20,2026-08-20T19:04:37+09:00,2400,-15500,114.1381,0
M0005,3079,2026-08-20,2026-08-20T19:39:23+09:00,2300,-15600,114.7175,0
M0005,3079,2026-08-20,2026-08-20T20:28:35+09:00,2600,-15300,115.5375,0
M0005,3079,2026-08-20,2026-08-20T21:05:21+09:00,1800,-16100,116.1503,0
M0005,3079,2026-08-20,2026-08-20T21:40:19+09:00,2600,-15300,116.7331,0
M0005,3079,2026-08-20,2026-08-20T22:30:04+09:00,2700,-15200,117.5622,0
M0005,3079,2026-08-20,2026-08-20T23:07:51+09:00,3000,-14900,118.1919,0
M0005,3079,2026-08-20,2026-08-20T23:43:01+09:00,3600,-14300,118.7781,0
M0005,3079,2026-08-22,2026-08-22T10:54:29+09:00,-100,-14300,118.7781,1
M0005,3079,2026-08-22,2026-08-22T11:28:57+09:00,-900,-15100,119.3525,0
M0005,3079,2026-08-22,2026-08-22T12:03:41+09:00,1200,-13000,119.9314,0
M0005,3079,2026-08-22,2026-08-22T12:36:35+09:00,1300,-12900,120.4797,0
M0005,3079,2026-08-22,2026-08-22T13:08:43+09:00,700,-13500,121.0153,0
M0005,3079,2026-08-22,2026-08-22T14:05:49+09:00,0,-14200,121.9669,0
M0005,3079,2026-08-22,2026-08-22T14:40:51+09:00,-1100,-15300,122.5508,0
M0005,3079,2026-08-22,2026-08-22T15:30:07+09:00,-1400,-15600,123.3719,0
M0005,3079,2026-08-22,2026-08-22T16:07:19+09:00,-1900,-16100,123.9919,0
M0005,3079,2026-08-22,2026-08-22T16:43:29+09:00,-2300,-16500,124.5947,0
M0005,3079,2026-08-22,2026-08-22T17:31:13+09:00,-3000,-17200,125.3903,0
M0005,3079,2026-08-22,2026-08-22T18:09:45+09:00,-4100,-18300,126.0325,0
M0005,3079,2026-08-22,2026-08-22T18:55:39+09:00,-1600,-15800,126.7975,0
M0005,3079,2026-08-22,2026-08-22T19:33:07+09:00,700,-13500,127.4219,0
M0005,3079,2026-08-22,2026-08-22T20:12:13+09:00,-400,-14600,128.0736,0
M0005,3079,2026-08-22,2026-08-22T21:01:31+09:00,1200,-13000,128.8953,0
M0005,3079,2026-08-22,2026-08-22T21:39:25+09:00,4700,-9500,129.5269,0
M0005,3079,2026-08-22,2026-08-22T22:28:43+09:00,4300,-9900,130.3486,0
M0005,3079,2026-08-22,2026-08-22T23:08:15+09:00,5200,-9000,131.0075,0
M0005,3079,2026-08-23,2026-08-23T10:53:53+09:00,-200,-9000,131.0075,1
M0005,3079,2026-08-23,2026-08-23T11:29:03+09:00,100,-8700,131.5936,0
M0005,3079,2026-08-23,2026-08-23T12:03:35+09:00,-700,-9500,132.1692,0
M0005,3079,2026-08-23,2026-08-23T12:36:41+09:00,300,-8500,132.7208,0
M0005,3079,2026-08-23,2026-08-23T13:07:01+09:00,3200,-5600,133.2264,0
M0005,3079,2026-08-23,2026-08-23T13:35:29+09:00,5500,-3300,133.7008,0
M0005,3079,2026-08-23,2026-08-23T14:10:53+09:00,6600,-2200,134.2908,0
M0005,3079,2026-08-23,2026-08-23T14:54:04+09:00,6300,-2500,135.0106,0
M0005,3079,2026-08-23,2026-08-23T15:31:31+09:00,5800,-3000,135.6347,0
M0005,3079,2026-08-23,2026-08-23T16:08:15+09:00,4600,-4200,136.2469,0
M0005,3079,2026-08-23,2026-08-23T16:54:35+09:00,4000,-4800,137.0192,0
M0005,3079,2026-08-23,2026-08-23T17:31:47+09:00,3700,-5100,137.6392,0
M0005,3079,2026-08-23,2026-08-23T18:09:27+09:00,2400,-6400,138.2669,0
M0005,3079,2026-08-23,2026-08-23T18:55:58+09:00,3400,-5400,139.0422,0
M0005,3079,2026-08-23,2026-08-23T19:33:57+09:00,2800,-6000,139.6753,0
M0005,3079,2026-08-23,2026-08-23T20:12:39+09:00,3500,-5300,140.3203,0
M0005,3079,2026-08-23,2026-08-23T21:01:31+09:00,4100,-4700,141.1347,0
M0005,3079,2026-08-23,2026-08-23T21:39:29+09:00,5200,-3600,141.7675,0
M0005,3079,2026-08-24,2026-08-24T10:54:29+09:00,0,-3600,141.7675,1
M0005,3079,2026-08-24,2026-08-24T11:29:08+09:00,-800,-4400,142.3450,0
M0005,3079,2026-08-24,2026-08-24T12:03:33+09:00,-1300,-4900,142.9186,0
M0005,3079,2026-08-24,2026-08-24T12:36:23+09:00,-900,-4500,143.4658,0
M0005,3079,2026-08-24,2026-08-24T13:10:11+09:00,-2200,-5800,144.0292,0
M0005,3079,2026-08-24,2026-08-24T13:57:31+09:00,-2800,-6400,144.8181,0
M0005,3079,2026-08-24,2026-08-24T14:31:29+09:00,-3500,-7100,145.3842,0
M0005,3079,2026-08-24,2026-08-24T15:06:59+09:00,-3700,-7300,145.9758,0
M0005,3079,2026-08-24,2026-08-24T16:40:02+09:00,-4500,-8100,147.5267,0
M0005,3079,2026-08-24,2026-08-24T17:23:02+09:00,-5000,-8600,148.2433,0
M0005,3079,2026-08-24,2026-08-24T18:02:01+09:00,-5200,-8800,148.8931,0
M0005,3079,2026-08-24,2026-08-24T18:37:29+09:00,-4900,-8500,149.4842,0
M0005,3079,2026-08-24,2026-08-24T20:36:01+09:00,-4800,-8400,151.4597,0
M0005,3079,2026-08-24,2026-08-24T21:13:01+09:00,-5400,-9000,152.0764,0
M0005,3079,2026-08-24,2026-08-24T21:58:51+09:00,-6100,-9700,152.8403,0
M0005,3079,2026-08-24,2026-08-24T22:34:35+09:00,-6600,-10200,153.4358,0
M0005,3079,2026-08-24,2026-08-24T23:12:02+09:00,-6800,-10400,154.0600,0
M0005,3079,2026-08-25,2026-08-25T10:53:53+09:00,-200,-10400,154.0600,1
M0005,3079,2026-08-25,2026-08-25T11:29:03+09:00,-600,-10800,154.6461,0
M0005,3079,2026-08-25,2026-08-25T12:03:47+09:00,-500,-10700,155.2250,0
M0005,3079,2026-08-25,2026-08-25T12:36:43+09:00,-700,-10900,155.7739,0
M0005,3079,2026-08-25,2026-08-25T13:06:33+09:00,-1400,-11600,156.2711,0
M0005,3079,2026-08-25,2026-08-25T13:34:33+09:00,-2100,-12300,156.7378,0
M0005,3079,2026-08-25,2026-08-25T14:09:29+09:00,-2200,-12400,157.3200,0
M0005,3079,2026-08-25,2026-08-25T18:42:17+09:00,-3000,-13200,161.8667,0
M0005,3079,2026-08-25,2026-08-25T19:28:31+09:00,-2900,-13100,162.6372,0
M0005,3079,2026-08-25,2026-08-25T20:05:21+09:00,-3000,-13200,163.2511,0
M0005,3079,2026-08-25,2026-08-25T20:40:03+09:00,-3800,-14000,163.8294,0
M0005,3079,2026-08-25,2026-08-25T21:28:25+09:00,-4100,-14300,164.6356,0
M0005,3079,2026-08-25,2026-08-25T22:05:51+09:00,-3900,-14100,165.2594,0
M0005,3079,2026-08-26,2026-08-26T10:53:07+09:00,-200,-14100,165.2594,1
M0005,3079,2026-08-26,2026-08-26T11:28:33+09:00,-700,-14600,165.8500,0
M0005,3079,2026-08-26,2026-08-26T12:02:31+09:00,-800,-14700,166.4161,0
M0005,3079,2026-08-26,2026-08-26T13:07:13+09:00,-900,-14800,167.4944,0
M0005,3079,2026-08-26,2026-08-26T13:35:35+09:00,-300,-14200,167.9672,0
M0005,3079,2026-08-26,2026-08-26T14:04:55+09:00,200,-13700,168.4561,0
M0005,3079,2026-08-26,2026-08-26T14:37:55+09:00,-300,-14200,169.0061,0
M0005,3079,2026-08-26,2026-08-26T15:12:25+09:00,1100,-12800,169.5811,0
M0005,3079,2026-08-26,2026-08-26T15:57:47+09:00,3700,-10200,170.3372,0
M0005,3079,2026-08-26,2026-08-26T16:31:31+09:00,3600,-10300,170.8994,0
M0005,3079,2026-08-26,2026-08-26T17:07:27+09:00,3300,-10600,171.4983,0
M0005,3079,2026-08-26,2026-08-26T17:35:49+09:00,3000,-10900,171.9711,0
M0005,3079,2026-08-26,2026-08-26T18:03:25+09:00,2400,-11500,172.4311,0
M0005,3079,2026-08-26,2026-08-26T18:38:31+09:00,3400,-10500,173.0161,0
M0005,3079,2026-08-26,2026-08-26T19:20:17+09:00,3300,-10600,173.7122,0
M0005,3079,2026-08-26,2026-08-26T20:01:09+09:00,2900,-11000,174.3933,0
M0005,3079,2026-08-26,2026-08-26T21:13:13+09:00,3600,-10300,175.5944,0
M0005,3079,2026-08-26,2026-08-26T22:00:53+09:00,3300,-10600,176.3889,0
M0005,3079,2026-08-26,2026-08-26T22:36:49+09:00,2700,-11200,176.9878,0
M0005,3079,2026-08-26,2026-08-26T23:12:01+09:00,3500,-10400,177.5744,0
M0005,3079,2026-08-27,2026-08-27T10:54:19+09:00,-200,-10400,177.5744,1
M0005,3079,2026-08-27,2026-08-27T11:28:53+09:00,-1000,-11200,178.1506,0
M0005,3079,2026-08-27,2026-08-27T12:36:15+09:00,-900,-11100,179.2733,0
M0005,3079,2026-08-27,2026-08-27T13:07:43+09:00,-1300,-11500,179.7978,0
M0005,3079,2026-08-27,2026-08-27T13:35:23+09:00,-400,-10600,180.2589,0
M0005,3079,2026-08-27,2026-08-27T14:41:06+09:00,-500,-10700,181.3542,0
M0005,3079,2026-08-27,2026-08-27T15:26:49+09:00,-1100,-11300,182.1161,0
M0005,3079,2026-08-27,2026-08-27T16:02:47+09:00,-1700,-11900,182.7156,0
M0005,3079,2026-08-27,2026-08-27T16:36:51+09:00,-2000,-12200,183.2833,0
M0005,3079,2026-08-27,2026-08-27T17:04:59+09:00,-1800,-12000,183.7522,0
M0005,3079,2026-08-27,2026-08-27T19:30:47+09:00,-2100,-12300,186.1822,0
M0005,3079,2026-08-27,2026-08-27T20:08:01+09:00,-2800,-13000,186.8028,0
M0005,3079,2026-08-27,2026-08-27T20:44:41+09:00,-2900,-13100,187.4139,0
M0005,3079,2026-08-27,2026-08-27T21:32:59+09:00,-3400,-13600,188.2189,0
M0005,3079,2026-08-27,2026-08-27T22:09:51+09:00,-4100,-14300,188.8333,0
M0005,3079,2026-08-28,2026-08-28T10:54:45+09:00,-100,-14300,188.8333,1
M0005,3079,2026-08-28,2026-08-28T11:29:35+09:00,-900,-15100,189.4139,0
M0005,3079,2026-08-28,2026-08-28T12:36:55+09:00,-1000,-15200,190.5361,0
M0005,3079,2026-08-28,2026-08-28T13:07:27+09:00,-1700,-15900,191.0450,0
M0005,3079,2026-08-28,2026-08-28T13:35:41+09:00,-800,-15000,191.5156,0
M0005,3079,2026-08-28,2026-08-28T14:09:41+09:00,-2000,-16200,192.0822,0
M0005,3079,2026-08-28,2026-08-28T14:51:34+09:00,-2100,-16300,192.7803,0
M0005,3079,2026-08-28,2026-08-28T16:03:29+09:00,-400,-14600,193.9789,0
M0005,3079,2026-08-28,2026-08-28T16:38:15+09:00,-300,-14500,194.5583,0
M0005,3079,2026-08-28,2026-08-28T17:29:15+09:00,100,-14100,195.4083,0
M0005,3079,2026-08-28,2026-08-28T18:05:37+09:00,-600,-14800,196.0144,0
M0005,3079,2026-08-28,2026-08-28T18:38:39+09:00,3700,-10500,196.5650,0
M0005,3079,2026-08-28,2026-08-28T19:37:02+09:00,6300,-7900,197.5381,0
M0005,3079,2026-08-28,2026-08-28T20:14:11+09:00,6600,-7600,198.1572,0
M0005,3079,2026-08-28,2026-08-28T21:00:55+09:00,7000,-7200,198.9361,0
M0005,3079,2026-08-28,2026-08-28T21:36:25+09:00,6900,-7300,199.5278,0
M0005,3079,2026-08-28,2026-08-28T22:13:23+09:00,6000,-8200,200.1439,0
M0005,3079,2026-08-28,2026-08-28T23:02:02+09:00,7500,-6700,200.9547,0
M0005,3079,2026-08-28,2026-08-28T23:38:43+09:00,7900,-6300,201.5661,0
M0005,3079,2026-08-29,2026-08-29T10:54:15+09:00,400,-6300,201.5661,1
M0005,3079,2026-08-29,2026-08-29T11:29:35+09:00,600,-6100,202.1550,0
M0005,3079,2026-08-29,2026-08-29T12:04:02+09:00,800,-5900,202.7292,0
M0005,3079,2026-08-29,2026-08-29T12:37:17+09:00,200,-6500,203.2833,0
M0005,3079,2026-08-29,2026-08-29T13:08:43+09:00,2000,-4700,203.8072,0
M0005,3079,2026-08-29,2026-08-29T14:08:01+09:00,2500,-4200,204.7956,0
M0005,3079,2026-08-29,2026-08-29T14:42:31+09:00,2600,-4100,205.3706,0
M0005,3079,2026-08-29,2026-08-29T15:28:43+09:00,2200,-4500,206.1406,0
M0005,3079,2026-08-29,2026-08-29T16:38:29+09:00,2000,-4700,207.3033,0
M0005,3079,2026-08-29,2026-08-29T17:36:27+09:00,2200,-4500,208.2694,0
M0005,3079,2026-08-29,2026-08-29T19:01:11+09:00,1800,-4900,209.6817,0
M0005,3079,2026-08-29,2026-08-29T19:38:11+09:00,2100,-4600,210.2983,0
M0005,3079,2026-08-29,2026-08-29T20:25:59+09:00,2400,-4300,211.0950,0
M0005,3079,2026-08-29,2026-08-29T21:05:49+09:00,2000,-4700,211.7589,0
M0005,3079,2026-08-29,2026-08-29T21:43:07+09:00,4800,-1900,212.3806,0
M0005,3079,2026-08-29,2026-08-29T22:32:31+09:00,4300,-2400,213.2039,0
M0006,3080,2026-08-11,2026-08-11T10:53:13+09:00,-100,-100,0.0000,1
M0006,3080,2026-08-11,2026-08-11T11:28:39+09:00,-400,-400,0.5906,0
M0006,3080,2026-08-11,2026-08-11T12:02:43+09:00,-1200,-1200,1.1583,0
M0006,3080,2026-08-11,2026-08-11T12:36:02+09:00,-1000,-1000,1.7136,0
M0006,3080,2026-08-11,2026-08-11T13:06:25+09:00,-1500,-1500,2.2200,0
M0006,3080,2026-08-11,2026-08-11T14:09:42+09:00,-1400,-1400,3.2747,0
M0006,3080,2026-08-11,2026-08-11T14:50:37+09:00,-700,-700,3.9567,0
M0006,3080,2026-08-11,2026-08-11T15:29:09+09:00,-1100,-1100,4.5989,0
M0006,3080,2026-08-11,2026-08-11T16:05:23+09:00,-300,-300,5.2028,0
M0006,3080,2026-08-11,2026-08-11T16:40:17+09:00,-1000,-1000,5.7844,0
M0006,3080,2026-08-11,2026-08-11T17:28:47+09:00,-1400,-1400,6.5928,0
M0006,3080,2026-08-11,2026-08-11T18:06:29+09:00,-1900,-1900,7.2211,0
M0006,3080,2026-08-11,2026-08-11T18:41:47+09:00,-1600,-1600,7.8094,0
M0006,3080,2026-08-11,2026-08-11T19:30:51+09:00,-1200,-1200,8.6272,0
M0006,3080,2026-08-11,2026-08-11T21:03:30+09:00,-1600,-1600,10.1714,0
M0006,3080,2026-08-11,2026-08-11T21:39:59+09:00,-1900,-1900,10.7794,0
M0006,3080,2026-08-11,2026-08-11T22:25:23+09:00,-1100,-1100,11.5361,0
M0006,3080,2026-08-12,2026-08-12T10:53:47+09:00,-200,-1100,11.5361,1
M0006,3080,2026-08-12,2026-08-12T11:28:45+09:00,-800,-1700,12.1189,0
M0006,3080,2026-08-12,2026-08-12T12:02:51+09:00,-1400,-2300,12.6872,0
M0006,3080,2026-08-12,2026-08-12T12:36:01+09:00,-700,-1600,13.2400,0
M0006,3080,2026-08-12,2026-08-12T13:06:31+09:00,-1200,-2100,13.7483,0
M0006,3080,2026-08-12,2026-08-12T14:11:01+09:00,-1800,-2700,14.8233,0
M0006,3080,2026-08-12,2026-08-12T14:56:33+09:00,-2200,-3100,15.5822,0
M0006,3080,2026-08-12,2026-08-12T15:31:45+09:00,-2800,-3700,16.1689,0
M0006,3080,2026-08-12,2026-08-12T16:07:57+09:00,-2200,-3100,16.7722,0
M0006,3080,2026-08-12,2026-08-12T16:35:17+09:00,-2500,-3400,17.2278,0
M0006,3080,2026-08-12,2026-08-12T17:01:31+09:00,-2100,-3000,17.6650,0
M0006,3080,2026-08-12,2026-08-12T17:36:51+09:00,-1700,-2600,18.2539,0
M0006,3080,2026-08-12,2026-08-12T18:14:03+09:00,-800,-1700,18.8739,0
M0006,3080,2026-08-12,2026-08-12T19:36:51+09:00,-1100,-2000,20.2539,0
M0006,3080,2026-08-12,2026-08-12T20:14:43+09:00,-2200,-3100,20.8850,0
M0006,3080,2026-08-12,2026-08-12T21:03:27+09:00,300,-600,21.6972,0
M0006,3080,2026-08-12,2026-08-12T21:39:31+09:00,-1100,-2000,22.2983,0
M0006,3080,2026-08-12,2026-08-12T22:26:01+09:00,-500,-1400,23.0733,0
M0006,3080,2026-08-13,2026-08-13T10:54:54+09:00,-100,-1400,23.0733,1
M0006,3080,2026-08-13,2026-08-13T11:29:13+09:00,-800,-2100,23.6453,0
M0006,3080,2026-08-13,2026-08-13T12:03:39+09:00,100,-1200,24.2192,0
M0006,3080,2026-08-13,2026-08-13T12:36:57+09:00,-300,-1600,24.7742,0
M0006,3080,2026-08-13,2026-08-13T13:09:39+09:00,2200,900,25.3192,0
M0006,3080,2026-08-13,2026-08-13T14:00:59+09:00,2900,1600,26.1747,0
M0006,3080,2026-08-13,2026-08-13T14:35:09+09:00,2600,1300,26.7442,0
M0006,3080,2026-08-13,2026-08-13T15:11:23+09:00,2100,800,27.3481,0
M0006,3080,2026-08-13,2026-08-13T15:58:27+09:00,3700,2400,28.1325,0
M0006,3080,2026-08-13,2026-08-13T16:33:27+09:00,4500,3200,28.7158,0
M0006,3080,2026-08-13,2026-08-13T17:10:25+09:00,4600,3300,29.3319,0
M0006,3080,2026-08-13,2026-08-13T17:59:47+09:00,4000,2700,30.1547,0
M0006,3080,2026-08-13,2026-08-13T18:36:04+09:00,3400,2100,30.7594,0
M0006,3080,2026-08-13,2026-08-13T19:14:33+09:00,3300,2000,31.4008,0
M0006,3080,2026-08-13,2026-08-13T20:02:43+09:00,2900,1600,32.2036,0
M0006,3080,2026-08-13,2026-08-13T20:39:10+09:00,2000,700,32.8111,0
M0006,3080,2026-08-13,2026-08-13T21:23:43+09:00,2700,1400,33.5536,0
M0006,3080,2026-08-14,2026-08-14T10:54:41+09:00,-100,1400,33.5536,1
M0006,3080,2026-08-14,2026-08-14T11:29:45+09:00,300,1800,34.1381,0
M0006,3080,2026-08-14,2026-08-14T12:04:15+09:00,-100,1400,34.7131,0
M0006,3080,2026-08-14,2026-08-14T12:37:28+09:00,-800,700,35.2667,0
M0006,3080,2026-08-14,2026-08-14T13:06:37+09:00,-1400,100,35.7525,0
M0006,3080,2026-08-14,2026-08-14T13:35:02+09:00,-1100,400,36.2261,0
M0006,3080,2026-08-14,2026-08-14T14:10:37+09:00,-700,800,36.8192,0
M0006,3080,2026-08-14,2026-08-14T14:55:41+09:00,1000,2500,37.5703,0
M0006,3080,2026-08-14,2026-08-14T15:31:41+09:00,200,1700,38.1703,0
M0006,3080,2026-08-14,2026-08-14T16:08:02+09:00,900,2400,38.7761,0
M0006,3080,2026-08-14,2026-08-14T16:41:57+09:00,700,2200,39.3414,0
M0006,3080,2026-08-14,2026-08-14T17:30:37+09:00,500,2000,40.1525,0
M0006,3080,2026-08-14,2026-08-14T18:07:43+09:00,100,1600,40.7708,0
M0006,3080,2026-08-14,2026-08-14T18:43:04+09:00,1900,3400,41.3600,0
M0006,3080,2026-08-14,2026-08-14T19:31:33+09:00,1300,2800,42.1681,0
M0006,3080,2026-08-14,2026-08-14T20:09:17+09:00,300,1800,42.7969,0
M0006,3080,2026-08-14,2026-08-14T20:55:41+09:00,2600,4100,43.5703,0
M0006,3080,2026-08-14,2026-08-14T21:33:02+09:00,1900,3400,44.1928,0
M0006,3080,2026-08-14,2026-08-14T22:11:45+09:00,2800,4300,44.8381,0
M0006,3080,2026-08-14,2026-08-14T23:00:09+09:00,4000,5500,45.6447,0
M0006,3080,2026-08-15,2026-08-15T10:54:13+09:00,-200,5500,45.6447,1
M0006,3080,2026-08-15,2026-08-15T11:29:09+09:00,0,5700,46.2269,0
M0006,3080,2026-08-15,2026-08-15T12:03:27+09:00,-300,5400,46.7986,0
M0006,3080,2026-08-15,2026-08-15T12:36:37+09:00,300,6000,47.3514,0
M0006,3080,2026-08-15,2026-08-15T13:08:49+09:00,400,6100,47.8881,0
M0006,3080,2026-08-15,2026-08-15T14:01:55+09:00,-300,5400,48.7731,0
M0006,3080,2026-08-15,2026-08-15T14:36:09+09:00,-800,4900,49.3436,0
M0006,3080,2026-08-15,2026-08-15T15:11:53+09:00,-2300,3400,49.9392,0
M0006,3080,2026-08-15,2026-08-15T15:58:43+09:00,-2800,2900,50.7197,0
M0006,3080,2026-08-15,2026-08-15T16:34:01+09:00,-3100,2600,51.3081,0
M0006,3080,2026-08-15,2026-08-15T17:11:17+09:00,-4000,1700,51.9292,0
M0006,3080,2026-08-15,2026-08-15T17:58:39+09:00,-4100,1600,52.7186,0
M0006,3080,2026-08-15,2026-08-15T18:35:13+09:00,-4400,1300,53.3281,0
M0006,3080,2026-08-15,2026-08-15T19:12:53+09:00,-4900,800,53.9558,0
M0006,3080,2026-08-15,2026-08-15T20:01:19+09:00,-5100,600,54.7631,0
M0006,3080,2026-08-15,2026-08-15T20:38:25+09:00,-5000,700,55.3814,0
M0006,3080,2026-08-15,2026-08-15T21:25:49+09:00,-4900,800,56.1714,0
M0006,3080,2026-08-16,2026-08-16T10:53:41+09:00,-200,800,56.1714,1
M0006,3080,2026-08-16,2026-08-16T11:28:27+09:00,-600,400,56.7508,0
M0006,3080,2026-08-16,2026-08-16T12:02:27+09:00,-100,900,57.3175,0
M0006,3080,2026-08-16,2026-08-16T12:35:49+09:00,-800,200,57.8736,0
M0006,3080,2026-08-16,2026-08-16T13:06:49+09:00,-1500,-500,58.3903,0
M0006,3080,2026-08-16,2026-08-16T13:36:19+09:00,-2200,-1200,58.8819,0
M0006,3080,2026-08-16,2026-08-16T14:09:21+09:00,-1200,-200,59.4325,0
M0006,3080,2026-08-16,2026-08-16T14:51:21+09:00,-1700,-700,60.1325,0
M0006,3080,2026-08-16,2026-08-16T15:29:10+09:00,-1300,-300,60.7628,0
M0006,3080,2026-08-16,2026-08-16T16:05:23+09:00,-500,500,61.3664,0
M0006,3080,2026-08-16,2026-08-16T16:39:55+09:00,-200,800,61.9419,0
M0006,3080,2026-08-16,2026-08-16T17:30:17+09:00,-700,300,62.7814,0
M0006,3080,2026-08-16,2026-08-16T18:07:35+09:00,-1100,-100,63.4031,0
M0006,3080,2026-08-16,2026-08-16T18:38:25+09:00,-1700,-700,63.9169,0
M0006,3080,2026-08-16,2026-08-16T19:40:19+09:00,-800,200,64.9486,0
M0006,3080,2026-08-16,2026-08-16T20:25:39+09:00,-1100,-100,65.7042,0
M0006,3080,2026-08-16,2026-08-16T21:04:51+09:00,100,1100,66.3575,0
M0006,3080,2026-08-16,2026-08-16T21:42:13+09:00,1300,2300,66.9803,0
M0006,3080,2026-08-16,2026-08-16T22:32:01+09:00,500,1500,67.8103,0
M0006,3080,2026-08-16,2026-08-16T23:11:15+09:00,100,1100,68.4642,0
M0006,3080,2026-08-17,2026-08-17T10:52:31+09:00,0,1100,68.4642,1
M0006,3080,2026-08-17,2026-08-17T11:28:29+09:00,-600,500,69.0636,0
M0006,3080,2026-08-17,2026-08-17T12:02:23+09:00,-300,800,69.6286,0
M0006,3080,2026-08-17,2026-08-17T13:07:15+09:00,-900,200,70.7097,0
M0006,3080,2026-08-17,2026-08-17T13:35:21+09:00,-1500,-400,71.1781,0
M0006,3080,2026-08-17,2026-08-17T14:03:11+09:00,-1900,-800,71.6419,0
M0006,3080,2026-08-17,2026-08-17T14:36:43+09:00,-2400,-1300,72.2008,0
M0006,3080,2026-08-17,2026-08-17T15:11:21+09:00,-2600,-1500,72.7781,0
M0006,3080,2026-08-17,2026-08-17T15:59:33+09:00,-3400,-2300,73.5814,0
M0006,3080,2026-08-17,2026-08-17T16:33:27+09:00,-2500,-1400,74.1464,0
M0006,3080,2026-08-17,2026-08-17T19:09:23+09:00,-3000,-1900,76.7453,0
M0006,3080,2026-08-17,2026-08-17T19:59:55+09:00,-2500,-1400,77.5875,0
M0006,3080,2026-08-17,2026-08-17T21:13:05+09:00,-2800,-1700,78.8069,0
M0006,3080,2026-08-17,2026-08-17T21:59:13+09:00,-2900,-1800,79.5758,0
M0006,3080,2026-08-17,2026-08-17T23:11:50+09:00,-2200,-1100,80.7861,0
M0006,3080,2026-08-18,2026-08-18T10:52:51+09:00,-100,-1100,80.7861,1
M0006,3080,2026-08-18,2026-08-18T11:28:45+09:00,-600,-1600,81.3844,0
M0006,3080,2026-08-18,2026-08-18T12:02:47+09:00,-1300,-2300,81.9517,0
M0006,3080,2026-08-18,2026-08-18T12:35:21+09:00,-1700,-2700,82.4944,0
M0006,3080,2026-08-18,2026-08-18T13:07:37+09:00,-2400,-3400,83.0322,0
M0006,3080,2026-08-18,2026-08-18T13:35:43+09:00,-1800,-2800,83.5006,0
M0006,3080,2026-08-18,2026-08-18T14:04:28+09:00,-1200,-2200,83.9797,0
M0006,3080,2026-08-18,2026-08-18T15:11:53+09:00,-1300,-2300,85.1033,0
M0006,3080,2026-08-18,2026-08-18T17:08:27+09:00,-1400,-2400,87.0461,0
M0006,3080,2026-08-18,2026-08-18T17:59:01+09:00,-2200,-3200,87.8889,0
M0006,3080,2026-08-18,2026-08-18T18:33:31+09:00,-1400,-2400,88.4639,0
M0006,3080,2026-08-18,2026-08-18T19:09:25+09:00,-800,-1800,89.0622,0
M0006,3080,2026-08-18,2026-08-18T19:59:53+09:00,-400,-1400,89.9033,0
M0006,3080,2026-08-18,2026-08-18T22:33:27+09:00,-600,-1600,92.4628,0
M0006,3080,2026-08-18,2026-08-18T23:10:31+09:00,-1100,-2100,93.0806,0
M0006,3080,2026-08-19,2026-08-19T10:53:31+09:00,0,-2100,93.0806,1
M0006,3080,2026-08-19,2026-08-19T11:28:23+09:00,-100,-2200,93.6617,0
M0006,3080,2026-08-19,2026-08-19T12:02:25+09:00,-800,-2900,94.2289,0
M0006,3080,2026-08-19,2026-08-19T12:35:06+09:00,200,-1900,94.7736,0
M0006,3080,2026-08-19,2026-08-19T13:06:21+09:00,1200,-900,95.2944,0
M0006,3080,2026-08-19,2026-08-19T13:35:01+09:00,600,-1500,95.7722,0
M0006,3080,2026-08-19,2026-08-19T14:09:06+09:00,-500,-2600,96.3403,0
M0006,3080,2026-08-19,2026-08-19T14:49:47+09:00,-800,-2900,97.0183,0
M0006,3080,2026-08-19,2026-08-19T15:26:59+09:00,-400,-2500,97.6383,0
M0006,3080,2026-08-19,2026-08-19T19:28:55+09:00,-700,-2800,101.6706,0
M0006,3080,2026-08-19,2026-08-19T20:05:19+09:00,-600,-2700,102.2772,0
M0006,3080,2026-08-19,2026-08-19T20:39:17+09:00,-1700,-3800,102.8433,0
M0006,3080,2026-08-19,2026-08-19T21:30:39+09:00,-1800,-3900,103.6994,0
M0006,3080,2026-08-20,2026-08-20T10:52:57+09:00,-200,-3900,103.6994,1
M0006,3080,2026-08-20,2026-08-20T11:28:53+09:00,-400,-4100,104.2983,0
M0006,3080,2026-08-20,2026-08-20T12:02:37+09:00,-1000,-4700,104.8606,0
M0006,3080,2026-08-20,2026-08-20T12:35:01+09:00,-1800,-5500,105.4006,0
M0006,3080,2026-08-20,2026-08-20T13:36:17+09:00,-1400,-5100,106.4217,0
M0006,3080,2026-08-20,2026-08-20T14:02:59+09:00,700,-3000,106.8667,0
M0006,3080,2026-08-20,2026-08-20T15:59:19+09:00,500,-3200,108.8056,0
M0006,3080,2026-08-20,2026-08-20T16:32:33+09:00,1000,-2700,109.3594,0
M0006,3080,2026-08-20,2026-08-20T17:07:41+09:00,1200,-2500,109.9450,0
M0006,3080,2026-08-20,2026-08-20T17:42:01+09:00,3000,-700,110.5172,0
M0006,3080,2026-08-20,2026-08-20T18:28:21+09:00,2200,-1500,111.2894,0
M0006,3080,2026-08-20,2026-08-20T19:04:37+09:00,1600,-2100,111.8939,0
M0006,3080,2026-08-20,2026-08-20T19:39:23+09:00,1400,-2300,112.4733,0
M0006,3080,2026-08-20,2026-08-20T20:28:35+09:00,1500,-2200,113.2933,0
M0006,3080,2026-08-20,2026-08-20T21:05:21+09:00,1200,-2500,113.9061,0
M0006,3080,2026-08-20,2026-08-20T21:40:19+09:00,1000,-2700,114.4889,0
M0006,3080,2026-08-20,2026-08-20T22:30:04+09:00,1500,-2200,115.3181,0
M0006,3080,2026-08-20,2026-08-20T23:07:51+09:00,700,-3000,115.9478,0
M0006,3080,2026-08-22,2026-08-22T10:54:29+09:00,-200,-3000,115.9478,1
M0006,3080,2026-08-22,2026-08-22T11:28:57+09:00,-600,-3400,116.5222,0
M0006,3080,2026-08-22,2026-08-22T12:03:41+09:00,-1200,-4000,117.1011,0
M0006,3080,2026-08-22,2026-08-22T12:36:35+09:00,-1800,-4600,117.6494,0
M0006,3080,2026-08-22,2026-08-22T13:08:43+09:00,-2700,-5500,118.1850,0
M0006,3080,2026-08-22,2026-08-22T14:05:49+09:00,-3200,-6000,119.1367,0
M0006,3080,2026-08-22,2026-08-22T14:40:51+09:00,-4200,-7000,119.7206,0
M0006,3080,2026-08-22,2026-08-22T15:30:07+09:00,-4300,-7100,120.5417,0
M0006,3080,2026-08-22,2026-08-22T16:07:19+09:00,-4600,-7400,121.1617,0
M0006,3080,2026-08-22,2026-08-22T16:43:29+09:00,-3100,-5900,121.7644,0
M0006,3080,2026-08-22,2026-08-22T17:31:13+09:00,-800,-3600,122.5600,0
M0006,3080,2026-08-22,2026-08-22T18:09:45+09:00,-1400,-4200,123.2022,0
M0006,3080,2026-08-22,2026-08-22T18:55:39+09:00,-1900,-4700,123.9672,0
M0006,3080,2026-08-22,2026-08-22T19:33:07+09:00,-900,-3700,124.5917,0
M0006,3080,2026-08-22,2026-08-22T20:12:13+09:00,300,-2500,125.2433,0
M0006,3080,2026-08-22,2026-08-22T21:01:31+09:00,-200,-3000,126.0650,0
M0006,3080,2026-08-22,2026-08-22T21:39:25+09:00,-1000,-3800,126.6967,0
M0006,3080,2026-08-23,2026-08-23T10:53:53+09:00,-100,-3800,126.6967,1
M0006,3080,2026-08-23,2026-08-23T12:03:35+09:00,-900,-4600,127.8583,0
M0006,3080,2026-08-23,2026-08-23T12:36:41+09:00,-1600,-5300,128.4100,0
M0006,3080,2026-08-23,2026-08-23T13:07:01+09:00,-900,-4600,128.9156,0
M0006,3080,2026-08-23,2026-08-23T13:35:29+09:00,-1400,-5100,129.3900,0
M0006,3080,2026-08-23,2026-08-23T14:10:53+09:00,-2200,-5900,129.9800,0
M0006,3080,2026-08-23,2026-08-23T14:54:04+09:00,-2000,-5700,130.6997,0
M0006,3080,2026-08-23,2026-08-23T15:31:31+09:00,-2600,-6300,131.3239,0
M0006,3080,2026-08-23,2026-08-23T16:08:15+09:00,-3100,-6800,131.9361,0
M0006,3080,2026-08-23,2026-08-23T16:54:35+09:00,-3200,-6900,132.7083,0
M0006,3080,2026-08-23,2026-08-23T17:31:47+09:00,-3300,-7000,133.3283,0
M0006,3080,2026-08-23,2026-08-23T18:09:27+09:00,-3100,-6800,133.9561,0
M0006,3080,2026-08-23,2026-08-23T19:33:57+09:00,-3200,-6900,135.3644,0
M0006,3080,2026-08-23,2026-08-23T20:12:39+09:00,-4000,-7700,136.0094,0
M0006,3080,2026-08-23,2026-08-23T21:01:31+09:00,-4400,-8100,136.8239,0
M0006,3080,2026-08-23,2026-08-23T21:39:29+09:00,-4500,-8200,137.4567,0
M0006,3080,2026-08-24,2026-08-24T10:54:29+09:00,-200,-8200,137.4567,1
M0006,3080,2026-08-24,2026-08-24T11:29:08+09:00,-1000,-9000,138.0342,0
M0006,3080,2026-08-24,2026-08-24T12:03:33+09:00,-500,-8500,138.6078,0
M0006,3080,2026-08-24,2026-08-24T13:10:11+09:00,-900,-8900,139.7183,0
M0006,3080,2026-08-24,2026-08-24T13:57:31+09:00,-1500,-9500,140.5072,0
M0006,3080,2026-08-24,2026-08-24T14:31:29+09:00,-2100,-10100,141.0733,0
M0006,3080,2026-08-24,2026-08-24T15:06:59+09:00,-2700,-10700,141.6650,0
M0006,3080,2026-08-24,2026-08-24T16:05:39+09:00,-3000,-11000,142.6428,0
M0006,3080,2026-08-24,2026-08-24T16:40:02+09:00,-600,-8600,143.2158,0
M0006,3080,2026-08-24,2026-08-24T17:23:02+09:00,-100,-8100,143.9325,0
M0006,3080,2026-08-24,2026-08-24T18:02:01+09:00,-300,-8300,144.5822,0
M0006,3080,2026-08-24,2026-08-24T18:37:29+09:00,-800,-8800,145.1733,0
M0006,3080,2026-08-24,2026-08-24T19:13:25+09:00,-2000,-10000,145.7722,0
M0006,3080,2026-08-24,2026-08-24T20:00:37+09:00,-1500,-9500,146.5589,0
M0006,3080,2026-08-24,2026-08-24T20:36:01+09:00,-2000,-10000,147.1489,0
M0006,3080,2026-08-24,2026-08-24T21:13:01+09:00,-3000,-11000,147.7656,0
M0006,3080,2026-08-24,2026-08-24T21:58:51+09:00,-2100,-10100,148.5294,0
M0006,3080,2026-08-24,2026-08-24T22:34:35+09:00,-2600,-10600,149.1250,0
M0006,3080,2026-08-25,2026-08-25T10:53:53+09:00,-200,-10600,149.1250,1
M0006,3080,2026-08-25,2026-08-25T11:29:03+09:00,-800,-11200,149.7111,0
M0006,3080,2026-08-25,2026-08-25T12:03:47+09:00,-1500,-11900,150.2900,0
M0006,3080,2026-08-25,2026-08-25T12:36:43+09:00,-2000,-12400,150.8389,0
M0006,3080,2026-08-25,2026-08-25T13:06:33+09:00,300,-10100,151.3361,0
M0006,3080,2026-08-25,2026-08-25T13:34:33+09:00,800,-9600,151.8028,0
M0006,3080,2026-08-25,2026-08-25T14:09:29+09:00,500,-9900,152.3850,0
M0006,3080,2026-08-25,2026-08-25T14:50:35+09:00,400,-10000,153.0700,0
M0006,3080,2026-08-25,2026-08-25T17:30:51+09:00,200,-10200,155.7411,0
M0006,3080,2026-08-25,2026-08-25T19:28:31+09:00,-200,-10600,157.7022,0
M0006,3080,2026-08-25,2026-08-25T20:05:21+09:00,-500,-10900,158.3161,0
M0006,3080,2026-08-25,2026-08-25T20:40:03+09:00,-1100,-11500,158.8944,0
M0006,3080,2026-08-25,2026-08-25T21:28:25+09:00,-1300,-11700,159.7006,0
M0006,3080,2026-08-25,2026-08-25T22:05:51+09:00,-1400,-11800,160.3244,0
M0006,3080,2026-08-25,2026-08-25T22:39:15+09:00,-700,-11100,160.8811,0
M0006,3080,2026-08-26,2026-08-26T10:53:07+09:00,0,-11100,160.8811,1
M0006,3080,2026-08-26,2026-08-26T12:02:31+09:00,-200,-11300,162.0378,0
M0006,3080,2026-08-26,2026-08-26T12:34:47+09:00,400,-10700,162.5756,0
M0006,3080,2026-08-26,2026-08-26T13:07:13+09:00,-300,-11400,163.1161,0
M0006,3080,2026-08-26,2026-08-26T13:35:35+09:00,500,-10600,163.5889,0
M0006,3080,2026-08-26,2026-08-26T14:04:55+09:00,1000,-10100,164.0778,0
M0006,3080,2026-08-26,2026-08-26T14:37:55+09:00,400,-10700,164.6278,0
M0006,3080,2026-08-26,2026-08-26T15:12:25+09:00,500,-10600,165.2028,0
M0006,3080,2026-08-26,2026-08-26T15:57:47+09:00,0,-11100,165.9589,0
M0006,3080,2026-08-26,2026-08-26T16:31:31+09:00,100,-11000,166.5211,0
M0006,3080,2026-08-26,2026-08-26T17:07:27+09:00,-300,-11400,167.1200,0
M0006,3080,2026-08-26,2026-08-26T17:35:49+09:00,900,-10200,167.5928,0
M0006,3080,2026-08-26,2026-08-26T18:03:25+09:00,300,-10800,168.0528,0
M0006,3080,2026-08-26,2026-08-26T18:38:31+09:00,-700,-11800,168.6378,0
M0006,3080,2026-08-26,2026-08-26T19:20:17+09:00,-900,-12000,169.3339,0
M0006,3080,2026-08-26,2026-08-26T20:36:21+09:00,-1400,-12500,170.6017,0
M0006,3080,2026-08-26,2026-08-26T21:13:13+09:00,-1700,-12800,171.2161,0
M0006,3080,2026-08-26,2026-08-26T22:00:53+09:00,-2400,-13500,172.0106,0
M0006,3080,2026-08-26,2026-08-26T22:36:49+09:00,-2000,-13100,172.6094,0
M0006,3080,2026-08-27,2026-08-27T10:54:19+09:00,-100,-13100,172.6094,1
M0006,3080,2026-08-27,2026-08-27T11:28:53+09:00,-700,-13700,173.1856,0
M0006,3080,2026-08-27,2026-08-27T12:03:19+09:00,-200,-13200,173.7594,0
M0006,3080,2026-08-27,2026-08-27T12:36:15+09:00,-900,-13900,174.3083,0
M0006,3080,2026-08-27,2026-08-27T13:07:43+09:00,-700,-13700,174.8328,0
M0006,3080,2026-08-27,2026-08-27T13:35:23+09:00,-1100,-14100,175.2939,0
M0006,3080,2026-08-27,2026-08-27T14:07:15+09:00,-1400,-14400,175.8250,0
M0006,3080,2026-08-27,2026-08-27T14:41:06+09:00,-2800,-15800,176.3892,0
M0006,3080,2026-08-27,2026-08-27T15:26:49+09:00,-2900,-15900,177.1511,0
M0006,3080,2026-08-27,2026-08-27T16:02:47+09:00,-3000,-16000,177.7506,0
M0006,3080,2026-08-27,2026-08-27T16:36:51+09:00,-3500,-16500,178.3183,0
M0006,3080,2026-08-27,2026-08-27T17:04:59+09:00,-4100,-17100,178.7872,0
M0006,3080,2026-08-27,2026-08-27T17:33:23+09:00,-4500,-17500,179.2606,0
M0006,3080,2026-08-27,2026-08-27T18:09:51+09:00,-4300,-17300,179.8683,0
M0006,3080,2026-08-27,2026-08-27T20:08:01+09:00,-5000,-18000,181.8378,0
M0006,3080,2026-08-27,2026-08-27T20:44:41+09:00,-2500,-15500,182.4489,0
M0006,3080,2026-08-27,2026-08-27T21:32:59+09:00,-900,-13900,183.2539,0
M0006,3080,2026-08-28,2026-08-28T10:54:45+09:00,-200,-13900,183.2539,1
M0006,3080,2026-08-28,2026-08-28T11:29:35+09:00,200,-13500,183.8344,0
M0006,3080,2026-08-28,2026-08-28T12:04:21+09:00,-200,-13900,184.4139,0
M0006,3080,2026-08-28,2026-08-28T12:36:55+09:00,-900,-14600,184.9567,0
M0006,3080,2026-08-28,2026-08-28T13:07:27+09:00,200,-13500,185.4656,0
M0006,3080,2026-08-28,2026-08-28T13:35:41+09:00,1000,-12700,185.9361,0
M0006,3080,2026-08-28,2026-08-28T14:09:41+09:00,300,-13400,186.5028,0
M0006,3080,2026-08-28,2026-08-28T14:51:34+09:00,-400,-14100,187.2008,0
M0006,3080,2026-08-28,2026-08-28T15:26:59+09:00,-900,-14600,187.7911,0
M0006,3080,2026-08-28,2026-08-28T16:03:29+09:00,-1500,-15200,188.3994,0
M0006,3080,2026-08-28,2026-08-28T16:38:15+09:00,-2400,-16100,188.9789,0
M0006,3080,2026-08-28,2026-08-28T17:29:15+09:00,-2100,-15800,189.8289,0
M0006,3080,2026-08-28,2026-08-28T18:05:37+09:00,-2800,-16500,190.4350,0
M0006,3080,2026-08-28,2026-08-28T18:38:39+09:00,-3300,-17000,190.9856,0
M0006,3080,2026-08-28,2026-08-28T20:14:11+09:00,-4000,-17700,192.5778,0
M0006,3080,2026-08-28,2026-08-28T21:00:55+09:00,-4600,-18300,193.3567,0
M0006,3080,2026-08-28,2026-08-28T21:36:25+09:00,-4500,-18200,193.9483,0
M0006,3080,2026-08-28,2026-08-28T22:13:23+09:00,-3400,-17100,194.5644,0
M0006,3080,2026-08-28,2026-08-28T23:02:02+09:00,-800,-14500,195.3753,0
M0006,3080,2026-08-28,2026-08-28T23:38:43+09:00,-500,-14200,195.9867,0
M0006,3080,2026-08-29,2026-08-29T10:54:15+09:00,-300,-14200,195.9867,1
M0006,3080,2026-08-29,2026-08-29T11:29:35+09:00,200,-13700,196.5756,0
M0006,3080,2026-08-29,2026-08-29T12:04:02+09:00,-500,-14400,197.1497,0
M0006,3080,2026-08-29,2026-08-29T12:37:17+09:00,-1300,-15200,197.7039,0
M0006,3080,2026-08-29,2026-08-29T13:08:43+09:00,-600,-14500,198.2278,0
M0006,3080,2026-08-29,2026-08-29T14:08:01+09:00,-700,-14600,199.2161,0
M0006,3080,2026-08-29,2026-08-29T14:42:31+09:00,-1900,-15800,199.7911,0
M0006,3080,2026-08-29,2026-08-29T15:28:43+09:00,-1300,-15200,200.5611,0
M0006,3080,2026-08-29,2026-08-29T16:05:41+09:00,-1600,-15500,201.1772,0
M0006,3080,2026-08-29,2026-08-29T16:38:29+09:00,-2700,-16600,201.7239,0
M0006,3080,2026-08-29,2026-08-29T17:36:27+09:00,-1600,-15500,202.6900,0
M0006,3080,2026-08-29,2026-08-29T18:13:47+09:00,-2700,-16600,203.3122,0
M0006,3080,2026-08-29,2026-08-29T19:01:11+09:00,-1200,-15100,204.1022,0
M0006,3080,2026-08-29,2026-08-29T19:38:11+09:00,-1400,-15300,204.7189,0
M0006,3080,2026-08-29,2026-08-29T20:25:59+09:00,-2200,-16100,205.5156,0
M0006,3080,2026-08-29,2026-08-29T21:05:49+09:00,-2000,-15900,206.1794,0
M0006,3080,2026-08-29,2026-08-29T21:43:07+09:00,-2900,-16800,206.8011,0
M0007,3081,2026-08-11,2026-08-11T10:53:13+09:00,0,0,0.0000,1
M0007,3081,2026-08-11,2026-08-11T11:28:39+09:00,-600,-600,0.5906,0
M0007,3081,2026-08-11,2026-08-11T12:02:43+09:00,-500,-500,1.1583,0
M0007,3081,2026-08-11,2026-08-11T12:36:02+09:00,-600,-600,1.7136,0
M0007,3081,2026-08-11,2026-08-11T13:06:25+09:00,-1200,-1200,2.2200,0
M0007,3081,2026-08-11,2026-08-11T13:34:33+09:00,-1500,-1500,2.6889,0
M0007,3081,2026-08-11,2026-08-11T14:09:42+09:00,-2500,-2500,3.2747,0
M0007,3081,2026-08-11,2026-08-11T14:50:37+09:00,-1900,-1900,3.9567,0
M0007,3081,2026-08-11,2026-08-11T15:29:09+09:00,-1700,-1700,4.5989,0
M0007,3081,2026-08-11,2026-08-11T16:05:23+09:00,-1900,-1900,5.2028,0
M0007,3081,2026-08-11,2026-08-11T16:40:17+09:00,-1800,-1800,5.7844,0
M0007,3081,2026-08-11,2026-08-11T17:28:47+09:00,-2200,-2200,6.5928,0
M0007,3081,2026-08-11,2026-08-11T18:41:47+09:00,-2800,-2800,7.8094,0
M0007,3081,2026-08-11,2026-08-11T19:30:51+09:00,-3400,-3400,8.6272,0
M0007,3081,2026-08-11,2026-08-11T20:08:57+09:00,-3200,-3200,9.2622,0
M0007,3081,2026-08-12,2026-08-12T10:53:47+09:00,0,-3200,9.2622,1
M0007,3081,2026-08-12,2026-08-12T12:36:01+09:00,-400,-3600,10.9661,0
M0007,3081,2026-08-12,2026-08-12T13:06:31+09:00,-600,-3800,11.4744,0
M0007,3081,2026-08-12,2026-08-12T19:01:02+09:00,-1000,-4200,17.3831,0
M0007,3081,2026-08-12,2026-08-12T19:36:51+09:00,-500,-3700,17.9800,0
M0007,3081,2026-08-12,2026-08-12T21:03:27+09:00,-1100,-4300,19.4233,0
M0007,3081,2026-08-12,2026-08-12T21:39:31+09:00,-1200,-4400,20.0244,0
M0007,3081,2026-08-12,2026-08-12T22:26:01+09:00,-800,-4000,20.7994,0
M0007,3081,2026-08-13,2026-08-13T10:54:54+09:00,-100,-4000,20.7994,1
M0007,3081,2026-08-13,2026-08-13T11:29:13+09:00,-500,-4400,21.3714,0
M0007,3081,2026-08-13,2026-08-13T12:03:39+09:00,-600,-4500,21.9453,0
M0007,3081,2026-08-13,2026-08-13T12:36:57+09:00,-1300,-5200,22.5003,0
M0007,3081,2026-08-13,2026-08-13T13:09:39+09:00,-2400,-6300,23.0453,0
M0007,3081,2026-08-13,2026-08-13T14:00:59+09:00,-2900,-6800,23.9008,0
M0007,3081,2026-08-13,2026-08-13T14:35:09+09:00,-3600,-7500,24.4703,0
M0007,3081,2026-08-13,2026-08-13T15:58:27+09:00,-4000,-7900,25.8586,0
M0007,3081,2026-08-13,2026-08-13T16:33:27+09:00,-3800,-7700,26.4419,0
M0007,3081,2026-08-13,2026-08-13T17:10:25+09:00,-5000,-8900,27.0581,0
M0007,3081,2026-08-13,2026-08-13T17:59:47+09:00,-3000,-6900,27.8808,0
M0007,3081,2026-08-13,2026-08-13T18:36:04+09:00,-3100,-7000,28.4856,0
M0007,3081,2026-08-13,2026-08-13T19:14:33+09:00,-3500,-7400,29.1269,0
M0007,3081,2026-08-13,2026-08-13T20:02:43+09:00,-1700,-5600,29.9297,0
M0007,3081,2026-08-13,2026-08-13T20:39:10+09:00,-2600,-6500,30.5372,0
M0007,3081,2026-08-13,2026-08-13T21:23:43+09:00,-3300,-7200,31.2797,0
M0007,3081,2026-08-13,2026-08-13T22:03:35+09:00,-3800,-7700,31.9442,0
M0007,3081,2026-08-13,2026-08-13T22:40:21+09:00,-3600,-7500,32.5569,0
M0007,3081,2026-08-14,2026-08-14T10:54:41+09:00,0,-7500,32.5569,1
M0007,3081,2026-08-14,2026-08-14T11:29:45+09:00,700,-6800,33.1414,0
M0007,3081,2026-08-14,2026-08-14T12:04:15+09:00,1900,-5600,33.7164,0
M0007,3081,2026-08-14,2026-08-14T12:37:28+09:00,1400,-6100,34.2700,0
M0007,3081,2026-08-14,2026-08-14T13:06:37+09:00,1200,-6300,34.7558,0
M0007,3081,2026-08-14,2026-08-14T13:35:02+09:00,700,-6800,35.2294,0
M0007,3081,2026-08-14,2026-08-14T14:10:37+09:00,-200,-7700,35.8225,0
M0007,3081,2026-08-14,2026-08-14T14:55:41+09:00,100,-7400,36.5736,0
M0007,3081,2026-08-14,2026-08-14T15:31:41+09:00,-100,-7600,37.1736,0
M0007,3081,2026-08-14,2026-08-14T16:08:02+09:00,-300,-7800,37.7794,0
M0007,3081,2026-08-14,2026-08-14T16:41:57+09:00,400,-7100,38.3447,0
M0007,3081,2026-08-14,2026-08-14T17:30:37+09:00,2600,-4900,39.1558,0
M0007,3081,2026-08-14,2026-08-14T18:07:43+09:00,4000,-3500,39.7742,0
M0007,3081,2026-08-14,2026-08-14T18:43:04+09:00,4800,-2700,40.3633,0
M0007,3081,2026-08-14,2026-08-14T19:31:33+09:00,4700,-2800,41.1714,0
M0007,3081,2026-08-14,2026-08-14T20:09:17+09:00,3900,-3600,41.8003,0
M0007,3081,2026-08-14,2026-08-14T20:55:41+09:00,5600,-1900,42.5736,0
M0007,3081,2026-08-14,2026-08-14T21:33:02+09:00,6700,-800,43.1961,0
M0007,3081,2026-08-14,2026-08-14T22:11:45+09:00,5300,-2200,43.8414,0
M0007,3081,2026-08-14,2026-08-14T23:00:09+09:00,5400,-2100,44.6481,0
M0007,3081,2026-08-15,2026-08-15T10:54:13+09:00,-100,-2100,44.6481,1
M0007,3081,2026-08-15,2026-08-15T11:29:09+09:00,-700,-2700,45.2303,0
M0007,3081,2026-08-15,2026-08-15T12:03:27+09:00,-1400,-3400,45.8019,0
M0007,3081,2026-08-15,2026-08-15T12:36:37+09:00,-2000,-4000,46.3547,0
M0007,3081,2026-08-15,2026-08-15T13:08:49+09:00,-2300,-4300,46.8914,0
M0007,3081,2026-08-15,2026-08-15T15:11:53+09:00,-1300,-3300,48.9425,0
M0007,3081,2026-08-15,2026-08-15T16:34:01+09:00,-1600,-3600,50.3114,0
M0007,3081,2026-08-15,2026-08-15T17:11:17+09:00,-2500,-4500,50.9325,0
M0007,3081,2026-08-15,2026-08-15T17:58:39+09:00,-2600,-4600,51.7219,0
M0007,3081,2026-08-15,2026-08-15T20:01:19+09:00,-3100,-5100,53.7664,0
M0007,3081,2026-08-15,2026-08-15T20:38:25+09:00,-2600,-4600,54.3847,0
M0007,3081,2026-08-15,2026-08-15T21:25:49+09:00,-3100,-5100,55.1747,0
M0007,3081,2026-08-15,2026-08-15T22:04:23+09:00,-3200,-5200,55.8175,0
M0007,3081,2026-08-15,2026-08-15T22:41:53+09:00,-3800,-5800,56.4425,0
M0007,3081,2026-08-16,2026-08-16T10:53:41+09:00,-100,-5800,56.4425,1
M0007,3081,2026-08-16,2026-08-16T11:28:27+09:00,400,-5300,57.0219,0
M0007,3081,2026-08-16,2026-08-16T12:02:27+09:00,-100,-5800,57.5886,0
M0007,3081,2026-08-16,2026-08-16T12:35:49+09:00,-400,-6100,58.1447,0
M0007,3081,2026-08-16,2026-08-16T13:06:49+09:00,-1000,-6700,58.6614,0
M0007,3081,2026-08-16,2026-08-16T13:36:19+09:00,-800,-6500,59.1531,0
M0007,3081,2026-08-16,2026-08-16T14:09:21+09:00,-1600,-7300,59.7036,0
M0007,3081,2026-08-16,2026-08-16T14:51:21+09:00,-2400,-8100,60.4036,0
M0007,3081,2026-08-16,2026-08-16T15:29:10+09:00,-2600,-8300,61.0339,0
M0007,3081,2026-08-16,2026-08-16T16:05:23+09:00,-2100,-7800,61.6375,0
M0007,3081,2026-08-16,2026-08-16T16:39:55+09:00,-2400,-8100,62.2131,0
M0007,3081,2026-08-16,2026-08-16T17:30:17+09:00,-1700,-7400,63.0525,0
M0007,3081,2026-08-16,2026-08-16T18:07:35+09:00,-2100,-7800,63.6742,0
M0007,3081,2026-08-16,2026-08-16T18:38:25+09:00,-2000,-7700,64.1881,0
M0007,3081,2026-08-16,2026-08-16T19:40:19+09:00,-3000,-8700,65.2197,0
M0007,3081,2026-08-16,2026-08-16T20:25:39+09:00,-3600,-9300,65.9753,0
M0007,3081,2026-08-16,2026-08-16T21:04:51+09:00,-4000,-9700,66.6286,0
M0007,3081,2026-08-16,2026-08-16T21:42:13+09:00,-3800,-9500,67.2514,0
M0007,3081,2026-08-17,2026-08-17T10:52:31+09:00,0,-9500,67.2514,1
M0007,3081,2026-08-17,2026-08-17T13:07:15+09:00,2000,-7500,69.4969,0
M0007,3081,2026-08-17,2026-08-17T13:35:21+09:00,3500,-6000,69.9653,0
M0007,3081,2026-08-17,2026-08-17T14:03:11+09:00,2800,-6700,70.4292,0
M0007,3081,2026-08-17,2026-08-17T14:36:43+09:00,3000,-6500,70.9881,0
M0007,3081,2026-08-17,2026-08-17T15:11:21+09:00,2900,-6600,71.5653,0
M0007,3081,2026-08-17,2026-08-17T15:59:33+09:00,2400,-7100,72.3686,0
M0007,3081,2026-08-17,2026-08-17T16:33:27+09:00,2000,-7500,72.9336,0
M0007,3081,2026-08-17,2026-08-17T17:09:07+09:00,2200,-7300,73.5281,0
M0007,3081,2026-08-17,2026-08-17T17:58:27+09:00,2000,-7500,74.3503,0
M0007,3081,2026-08-17,2026-08-17T18:33:03+09:00,2800,-6700,74.9269,0
M0007,3081,2026-08-17,2026-08-17T19:09:23+09:00,2400,-7100,75.5325,0
M0007,3081,2026-08-17,2026-08-17T19:59:55+09:00,1900,-7600,76.3747,0
M0007,3081,2026-08-17,2026-08-17T20:35:21+09:00,3500,-6000,76.9653,0
M0007,3081,2026-08-17,2026-08-17T21:13:05+09:00,6500,-3000,77.5942,0
M0007,3081,2026-08-17,2026-08-17T21:59:13+09:00,7500,-2000,78.3631,0
M0007,3081,2026-08-17,2026-08-17T22:34:49+09:00,8900,-600,78.9564,0
M0007,3081,2026-08-18,2026-08-18T10:52:51+09:00,-100,-600,78.9564,1
M0007,3081,2026-08-18,2026-08-18T11:28:45+09:00,700,200,79.5547,0
M0007,3081,2026-08-18,2026-08-18T12:02:47+09:00,1400,900,80.1219,0
M0007,3081,2026-08-18,2026-08-18T12:35:21+09:00,3100,2600,80.6647,0
M0007,3081,2026-08-18,2026-08-18T13:07:37+09:00,3700,3200,81.2025,0
M0007,3081,2026-08-18,2026-08-18T13:35:43+09:00,3500,3000,81.6708,0
M0007,3081,2026-08-18,2026-08-18T14:04:28+09:00,3400,2900,82.1500,0
M0007,3081,2026-08-18,2026-08-18T14:37:28+09:00,3200,2700,82.7000,0
M0007,3081,2026-08-18,2026-08-18T15:11:53+09:00,3100,2600,83.2736,0
M0007,3081,2026-08-18,2026-08-18T15:59:35+09:00,2900,2400,84.0686,0
M0007,3081,2026-08-18,2026-08-18T16:33:08+09:00,3100,2600,84.6278,0
M0007,3081,2026-08-18,2026-08-18T17:08:27+09:00,3500,3000,85.2164,0
M0007,3081,2026-08-18,2026-08-18T18:33:31+09:00,3200,2700,86.6342,0
M0007,3081,2026-08-18,2026-08-18T19:09:25+09:00,2600,2100,87.2325,0
M0007,3081,2026-08-18,2026-08-18T19:59:53+09:00,1900,1400,88.0736,0
M0007,3081,2026-08-18,2026-08-18T20:35:25+09:00,1500,1000,88.6658,0
M0007,3081,2026-08-18,2026-08-18T21:11:41+09:00,3900,3400,89.2703,0
M0007,3081,2026-08-18,2026-08-18T21:57:39+09:00,6500,6000,90.0364,0
M0007,3081,2026-08-18,2026-08-18T22:33:27+09:00,8000,7500,90.6331,0
M0007,3081,2026-08-18,2026-08-18T23:10:31+09:00,7600,7100,91.2508,0
M0007,3081,2026-08-19,2026-08-19T10:53:31+09:00,0,7100,91.2508,1
M0007,3081,2026-08-19,2026-08-19T14:49:47+09:00,-200,6900,95.1886,0
M0007,3081,2026-08-19,2026-08-19T15:26:59+09:00,-900,6200,95.8086,0
M0007,3081,2026-08-19,2026-08-19T16:02:55+09:00,-500,6600,96.4075,0
M0007,3081,2026-08-19,2026-08-19T16:36:50+09:00,-300,6800,96.9728,0
M0007,3081,2026-08-19,2026-08-19T17:32:35+09:00,-700,6400,97.9019,0
M0007,3081,2026-08-19,2026-08-19T18:08:43+09:00,-1700,5400,98.5042,0
M0007,3081,2026-08-19,2026-08-19T18:50:27+09:00,-1900,5200,99.1997,0
M0007,3081,2026-08-19,2026-08-19T19:28:55+09:00,-2000,5100,99.8408,0
M0007,3081,2026-08-19,2026-08-19T20:39:17+09:00,-2300,4800,101.0136,0
M0007,3081,2026-08-19,2026-08-19T21:30:39+09:00,-2200,4900,101.8697,0
M0007,3081,2026-08-20,2026-08-20T10:52:57+09:00,0,4900,101.8697,1
M0007,3081,2026-08-20,2026-08-20T13:36:17+09:00,-200,4700,104.5919,0
M0007,3081,2026-08-20,2026-08-20T14:02:59+09:00,-400,4500,105.0369,0
M0007,3081,2026-08-20,2026-08-20T14:35:37+09:00,-800,4100,105.5808,0
M0007,3081,2026-08-20,2026-08-20T19:39:23+09:00,-1000,3900,110.6436,0
M0007,3081,2026-08-20,2026-08-20T20:28:35+09:00,-800,4100,111.4636,0
M0007,3081,2026-08-20,2026-08-20T21:05:21+09:00,-900,4000,112.0764,0
M0007,3081,2026-08-20,2026-08-20T21:40:19+09:00,-1700,3200,112.6592,0
M0007,3081,2026-08-20,2026-08-20T22:30:04+09:00,-1200,3700,113.4883,0
M0007,3081,2026-08-22,2026-08-22T10:54:29+09:00,-100,3700,113.4883,1
M0007,3081,2026-08-22,2026-08-22T11:28:57+09:00,-800,3000,114.0628,0
M0007,3081,2026-08-22,2026-08-22T12:03:41+09:00,-400,3400,114.6417,0
M0007,3081,2026-08-22,2026-08-22T12:36:35+09:00,-1000,2800,115.1900,0
M0007,3081,2026-08-22,2026-08-22T13:08:43+09:00,-1100,2700,115.7256,0
M0007,3081,2026-08-22,2026-08-22T14:05:49+09:00,-1600,2200,116.6772,0
M0007,3081,2026-08-22,2026-08-22T14:40:51+09:00,-1400,2400,117.2611,0
M0007,3081,2026-08-22,2026-08-22T15:30:07+09:00,500,4300,118.0822,0
M0007,3081,2026-08-22,2026-08-22T16:07:19+09:00,1000,4800,118.7022,0
M0007,3081,2026-08-22,2026-08-22T16:43:29+09:00,2500,6300,119.3050,0
M0007,3081,2026-08-22,2026-08-22T18:55:39+09:00,2300,6100,121.5078,0
M0007,3081,2026-08-22,2026-08-22T19:33:07+09:00,1700,5500,122.1322,0
M0007,3081,2026-08-22,2026-08-22T20:12:13+09:00,1400,5200,122.7839,0
M0007,3081,2026-08-22,2026-08-22T21:01:31+09:00,1200,5000,123.6056,0
M0007,3081,2026-08-22,2026-08-22T21:39:25+09:00,1900,5700,124.2372,0
M0007,3081,2026-08-22,2026-08-22T22:28:43+09:00,2600,6400,125.0589,0
M0007,3081,2026-08-23,2026-08-23T10:53:53+09:00,-100,6400,125.0589,1
M0007,3081,2026-08-23,2026-08-23T11:29:03+09:00,0,6500,125.6450,0
M0007,3081,2026-08-23,2026-08-23T12:03:35+09:00,2100,8600,126.2206,0
M0007,3081,2026-08-23,2026-08-23T12:36:41+09:00,1700,8200,126.7722,0
M0007,3081,2026-08-23,2026-08-23T13:07:01+09:00,1600,8100,127.2778,0
M0007,3081,2026-08-23,2026-08-23T13:35:29+09:00,1100,7600,127.7522,0
M0007,3081,2026-08-23,2026-08-23T14:10:53+09:00,400,6900,128.3422,0
M0007,3081,2026-08-23,2026-08-23T14:54:04+09:00,200,6700,129.0619,0
M0007,3081,2026-08-23,2026-08-23T15:31:31+09:00,-500,6000,129.6861,0
M0007,3081,2026-08-23,2026-08-23T16:08:15+09:00,700,7200,130.2983,0
M0007,3081,2026-08-23,2026-08-23T16:54:35+09:00,1300,7800,131.0706,0
M0007,3081,2026-08-23,2026-08-23T17:31:47+09:00,900,7400,131.6906,0
M0007,3081,2026-08-23,2026-08-23T18:09:27+09:00,3200,9700,132.3183,0
M0007,3081,2026-08-23,2026-08-23T18:55:58+09:00,2800,9300,133.0936,0
M0007,3081,2026-08-23,2026-08-23T21:01:31+09:00,2600,9100,135.1861,0
M0007,3081,2026-08-23,2026-08-23T21:39:29+09:00,2200,8700,135.8189,0
M0007,3081,2026-08-24,2026-08-24T10:54:29+09:00,-100,8700,135.8189,1
M0007,3081,2026-08-24,2026-08-24T11:29:08+09:00,-600,8200,136.3964,0
M0007,3081,2026-08-24,2026-08-24T12:03:33+09:00,-200,8600,136.9700,0
M0007,3081,2026-08-24,2026-08-24T12:36:23+09:00,0,8800,137.5172,0
M0007,3081,2026-08-24,2026-08-24T13:10:11+09:00,-600,8200,138.0806,0
M0007,3081,2026-08-24,2026-08-24T13:57:31+09:00,-700,8100,138.8694,0
M0007,3081,2026-08-24,2026-08-24T14:31:29+09:00,600,9400,139.4356,0
M0007,3081,2026-08-24,2026-08-24T15:06:59+09:00,1200,10000,140.0272,0
M0007,3081,2026-08-24,2026-08-24T15:35:54+09:00,1000,9800,140.5092,0
M0007,3081,2026-08-24,2026-08-24T16:05:39+09:00,700,9500,141.0050,0
M0007,3081,2026-08-24,2026-08-24T16:40:02+09:00,600,9400,141.5781,0
M0007,3081,2026-08-24,2026-08-24T17:23:02+09:00,1200,10000,142.2947,0
M0007,3081,2026-08-24,2026-08-24T18:02:01+09:00,500,9300,142.9444,0
M0007,3081,2026-08-24,2026-08-24T18:37:29+09:00,-100,8700,143.5356,0
M0007,3081,2026-08-24,2026-08-24T19:13:25+09:00,-800,8000,144.1344,0
M0007,3081,2026-08-24,2026-08-24T20:00:37+09:00,-600,8200,144.9211,0
M0007,3081,2026-08-24,2026-08-24T20:36:01+09:00,-1300,7500,145.5111,0
M0007,3081,2026-08-24,2026-08-24T21:13:01+09:00,-1100,7700,146.1278,0
M0007,3081,2026-08-25,2026-08-25T10:53:53+09:00,-100,7700,146.1278,1
M0007,3081,2026-08-25,2026-08-25T11:29:03+09:00,500,8300,146.7139,0
M0007,3081,2026-08-25,2026-08-25T12:03:47+09:00,400,8200,147.2928,0
M0007,3081,2026-08-25,2026-08-25T12:36:43+09:00,0,7800,147.8417,0
M0007,3081,2026-08-25,2026-08-25T13:06:33+09:00,700,8500,148.3389,0
M0007,3081,2026-08-25,2026-08-25T13:34:33+09:00,800,8600,148.8056,0
M0007,3081,2026-08-25,2026-08-25T14:09:29+09:00,-300,7500,149.3878,0
M0007,3081,2026-08-25,2026-08-25T14:50:35+09:00,1500,9300,150.0728,0
M0007,3081,2026-08-25,2026-08-25T15:27:09+09:00,900,8700,150.6822,0
M0007,3081,2026-08-25,2026-08-25T16:03:02+09:00,300,8100,151.2803,0
M0007,3081,2026-08-25,2026-08-25T16:37:33+09:00,2700,10500,151.8556,0
M0007,3081,2026-08-25,2026-08-25T17:05:09+09:00,2900,10700,152.3156,0
M0007,3081,2026-08-25,2026-08-25T17:30:51+09:00,2400,10200,152.7439,0
M0007,3081,2026-08-25,2026-08-25T18:07:23+09:00,1800,9600,153.3528,0
M0007,3081,2026-08-25,2026-08-25T18:42:17+09:00,4600,12400,153.9344,0
M0007,3081,2026-08-25,2026-08-25T19:28:31+09:00,5600,13400,154.7050,0
M0007,3081,2026-08-25,2026-08-25T20:05:21+09:00,6300,14100,155.3189,0
M0007,3081,2026-08-25,2026-08-25T20:40:03+09:00,6700,14500,155.8972,0
M0007,3081,2026-08-25,2026-08-25T21:28:25+09:00,6400,14200,156.7033,0
M0007,3081,2026-08-25,2026-08-25T22:05:51+09:00,5800,13600,157.3272,0
M0007,3081,2026-08-25,2026-08-25T22:39:15+09:00,6100,13900,157.8839,0
M0007,3081,2026-08-26,2026-08-26T10:53:07+09:00,0,13900,157.8839,1
M0007,3081,2026-08-26,2026-08-26T13:07:13+09:00,-100,13800,160.1189,0
M0007,3081,2026-08-26,2026-08-26T13:35:35+09:00,-200,13700,160.5917,0
M0007,3081,2026-08-26,2026-08-26T14:04:55+09:00,-800,13100,161.0806,0
M0007,3081,2026-08-26,2026-08-26T14:37:55+09:00,-600,13300,161.6306,0
M0007,3081,2026-08-26,2026-08-26T15:12:25+09:00,-500,13400,162.2056,0
M0007,3081,2026-08-26,2026-08-26T15:57:47+09:00,-700,13200,162.9617,0
M0007,3081,2026-08-26,2026-08-26T16:31:31+09:00,600,14500,163.5239,0
M0007,3081,2026-08-26,2026-08-26T17:07:27+09:00,1900,15800,164.1228,0
M0007,3081,2026-08-26,2026-08-26T17:35:49+09:00,3000,16900,164.5956,0
M0007,3081,2026-08-26,2026-08-26T18:03:25+09:00,2300,16200,165.0556,0
M0007,3081,2026-08-26,2026-08-26T18:38:31+09:00,2600,16500,165.6406,0
M0007,3081,2026-08-26,2026-08-26T19:20:17+09:00,2100,16000,166.3367,0
M0007,3081,2026-08-26,2026-08-26T20:36:21+09:00,1400,15300,167.6044,0
M0007,3081,2026-08-26,2026-08-26T21:13:13+09:00,2000,15900,168.2189,0
M0007,3081,2026-08-27,2026-08-27T10:54:19+09:00,0,15900,168.2189,1
M0007,3081,2026-08-27,2026-08-27T12:03:19+09:00,-300,15600,169.3689,0
M0007,3081,2026-08-27,2026-08-27T12:36:15+09:00,-1100,14800,169.9178,0
M0007,3081,2026-08-27,2026-08-27T13:07:43+09:00,-1200,14700,170.4422,0
M0007,3081,2026-08-27,2026-08-27T13:35:23+09:00,-1000,14900,170.9033,0
M0007,3081,2026-08-27,2026-08-27T14:07:15+09:00,-800,15100,171.4344,0
M0007,3081,2026-08-27,2026-08-27T14:41:06+09:00,200,16100,171.9986,0
M0007,3081,2026-08-27,2026-08-27T15:26:49+09:00,500,16400,172.7606,0
M0007,3081,2026-08-27,2026-08-27T18:53:03+09:00,100,16000,176.1978,0
M0007,3081,2026-08-27,2026-08-27T19:30:47+09:00,-500,15400,176.8267,0
M0007,3081,2026-08-27,2026-08-27T20:44:41+09:00,-1400,14500,178.0583,0
M0007,3081,2026-08-27,2026-08-27T21:32:59+09:00,-2000,13900,178.8633,0
M0007,3081,2026-08-27,2026-08-27T22:09:51+09:00,-3000,12900,179.4778,0
M0007,3081,2026-08-27,2026-08-27T22:54:35+09:00,-3500,12400,180.2233,0
M0007,3081,2026-08-27,2026-08-27T23:32:28+09:00,-3600,12300,180.8547,0
M0007,3081,2026-08-28,2026-08-28T10:54:45+09:00,0,12300,180.8547,1
M0007,3081,2026-08-28,2026-08-28T11:29:35+09:00,-100,12200,181.4353,0
M0007,3081,2026-08-28,2026-08-28T12:04:21+09:00,-200,12100,182.0147,0
M0007,3081,2026-08-28,2026-08-28T13:35:41+09:00,-600,11700,183.5369,0
M0007,3081,2026-08-28,2026-08-28T14:09:41+09:00,-1300,11000,184.1036,0
M0007,3081,2026-08-28,2026-08-28T14:51:34+09:00,-600,11700,184.8017,0
M0007,3081,2026-08-28,2026-08-28T15:26:59+09:00,-900,11400,185.3919,0
M0007,3081,2026-08-28,2026-08-28T16:03:29+09:00,-1500,10800,186.0003,0
M0007,3081,2026-08-28,2026-08-28T17:29:15+09:00,-1100,11200,187.4297,0
M0007,3081,2026-08-28,2026-08-28T18:05:37+09:00,-1600,10700,188.0358,0
M0007,3081,2026-08-28,2026-08-28T18:38:39+09:00,-2000,10300,188.5864,0
M0007,3081,2026-08-28,2026-08-28T19:37:02+09:00,-2500,9800,189.5594,0
M0007,3081,2026-08-28,2026-08-28T20:14:11+09:00,-1300,11000,190.1786,0
M0007,3081,2026-08-28,2026-08-28T21:00:55+09:00,-1800,10500,190.9575,0
M0007,3081,2026-08-28,2026-08-28T21:36:25+09:00,-900,11400,191.5492,0
M0007,3081,2026-08-28,2026-08-28T22:13:23+09:00,-1700,10600,192.1653,0
M0007,3081,2026-08-28,2026-08-28T23:02:02+09:00,-1900,10400,192.9761,0
M0007,3081,2026-08-29,2026-08-29T10:54:15+09:00,-200,10400,192.9761,1
M0007,3081,2026-08-29,2026-08-29T11:29:35+09:00,-800,9800,193.5650,0
M0007,3081,2026-08-29,2026-08-29T12:04:02+09:00,-1200,9400,194.1392,0
M0007,3081,2026-08-29,2026-08-29T12:37:17+09:00,-1900,8700,194.6933,0
M0007,3081,2026-08-29,2026-08-29T13:08:43+09:00,-2700,7900,195.2172,0
M0007,3081,2026-08-29,2026-08-29T14:08:01+09:00,-2500,8100,196.2056,0
M0007,3081,2026-08-29,2026-08-29T14:42:31+09:00,-1000,9600,196.7806,0
M0007,3081,2026-08-29,2026-08-29T15:28:43+09:00,-1100,9500,197.5506,0
M0007,3081,2026-08-29,2026-08-29T16:05:41+09:00,-1300,9300,198.1667,0
M0007,3081,2026-08-29,2026-08-29T16:38:29+09:00,-2200,8400,198.7133,0
M0007,3081,2026-08-29,2026-08-29T17:36:27+09:00,-2500,8100,199.6794,0
M0007,3081,2026-08-29,2026-08-29T18:13:47+09:00,-700,9900,200.3017,0
M0007,3081,2026-08-29,2026-08-29T19:01:11+09:00,1500,12100,201.0917,0
M0007,3081,2026-08-29,2026-08-29T20:25:59+09:00,1100,11700,202.5050,0
M0007,3081,2026-08-29,2026-08-29T21:05:49+09:00,600,11200,203.1689,0
M0007,3081,2026-08-29,2026-08-29T21:43:07+09:00,300,10900,203.7906,0
M0008,3082,2026-08-11,2026-08-11T10:53:13+09:00,-100,-100,0.0000,1
M0008,3082,2026-08-11,2026-08-11T11:28:39+09:00,-700,-700,0.5906,0
M0008,3082,2026-08-11,2026-08-11T12:02:43+09:00,-200,-200,1.1583,0
M0008,3082,2026-08-11,2026-08-11T12:36:02+09:00,1800,1800,1.7136,0
M0008,3082,2026-08-11,2026-08-11T13:06:25+09:00,2500,2500,2.2200,0
M0008,3082,2026-08-11,2026-08-11T13:34:33+09:00,1900,1900,2.6889,0
M0008,3082,2026-08-11,2026-08-11T14:09:42+09:00,1000,1000,3.2747,0
M0008,3082,2026-08-11,2026-08-11T15:29:09+09:00,500,500,4.5989,0
M0008,3082,2026-08-11,2026-08-11T16:05:23+09:00,400,400,5.2028,0
M0008,3082,2026-08-11,2026-08-11T16:40:17+09:00,-1000,-1000,5.7844,0
M0008,3082,2026-08-11,2026-08-11T17:28:47+09:00,100,100,6.5928,0
M0008,3082,2026-08-11,2026-08-11T18:41:47+09:00,-100,-100,7.8094,0
M0008,3082,2026-08-11,2026-08-11T19:30:51+09:00,-500,-500,8.6272,0
M0008,3082,2026-08-11,2026-08-11T20:08:57+09:00,-200,-200,9.2622,0
M0008,3082,2026-08-12,2026-08-12T10:53:47+09:00,0,-200,9.2622,1
M0008,3082,2026-08-12,2026-08-12T11:28:45+09:00,-600,-800,9.8450,0
M0008,3082,2026-08-12,2026-08-12T12:02:51+09:00,-1100,-1300,10.4133,0
M0008,3082,2026-08-12,2026-08-12T12:36:01+09:00,-400,-600,10.9661,0
M0008,3082,2026-08-12,2026-08-12T13:06:31+09:00,-300,-500,11.4744,0
M0008,3082,2026-08-12,2026-08-12T13:35:53+09:00,-900,-1100,11.9639,0
M0008,3082,2026-08-12,2026-08-12T14:11:01+09:00,2800,2600,12.5494,0
M0008,3082,2026-08-12,2026-08-12T14:56:33+09:00,2300,2100,13.3083,0
M0008,3082,2026-08-12,2026-08-12T15:31:45+09:00,2700,2500,13.8950,0
M0008,3082,2026-08-12,2026-08-12T16:07:57+09:00,2800,2600,14.4983,0
M0008,3082,2026-08-12,2026-08-12T16:35:17+09:00,3000,2800,14.9539,0
M0008,3082,2026-08-12,2026-08-12T17:36:51+09:00,3700,3500,15.9800,0
M0008,3082,2026-08-12,2026-08-12T18:14:03+09:00,4000,3800,16.6000,0
M0008,3082,2026-08-12,2026-08-12T19:01:02+09:00,5600,5400,17.3831,0
M0008,3082,2026-08-12,2026-08-12T19:36:51+09:00,8000,7800,17.9800,0
M0008,3082,2026-08-12,2026-08-12T21:03:27+09:00,8500,8300,19.4233,0
M0008,3082,2026-08-12,2026-08-12T23:05:02+09:00,8400,8200,21.4497,0
M0008,3082,2026-08-13,2026-08-13T10:54:54+09:00,0,8200,21.4497,1
M0008,3082,2026-08-13,2026-08-13T11:29:13+09:00,-100,8100,22.0217,0
M0008,3082,2026-08-13,2026-08-13T12:03:39+09:00,-800,7400,22.5956,0
M0008,3082,2026-08-13,2026-08-13T12:36:57+09:00,-1200,7000,23.1506,0
M0008,3082,2026-08-13,2026-08-13T13:09:39+09:00,-1700,6500,23.6956,0
M0008,3082,2026-08-13,2026-08-13T14:00:59+09:00,-2300,5900,24.5511,0
M0008,3082,2026-08-13,2026-08-13T14:35:09+09:00,-2500,5700,25.1206,0
M0008,3082,2026-08-13,2026-08-13T15:11:23+09:00,-3500,4700,25.7244,0
M0008,3082,2026-08-13,2026-08-13T15:58:27+09:00,-4100,4100,26.5089,0
M0008,3082,2026-08-13,2026-08-13T17:10:25+09:00,-4200,4000,27.7083,0
M0008,3082,2026-08-13,2026-08-13T17:59:47+09:00,-3000,5200,28.5311,0
M0008,3082,2026-08-13,2026-08-13T18:36:04+09:00,-200,8000,29.1358,0
M0008,3082,2026-08-13,2026-08-13T19:14:33+09:00,1600,9800,29.7772,0
M0008,3082,2026-08-13,2026-08-13T20:02:43+09:00,1300,9500,30.5800,0
M0008,3082,2026-08-13,2026-08-13T20:39:10+09:00,0,8200,31.1875,0
M0008,3082,2026-08-13,2026-08-13T21:23:43+09:00,400,8600,31.9300,0
M0008,3082,2026-08-14,2026-08-14T10:54:41+09:00,-100,8600,31.9300,1
M0008,3082,2026-08-14,2026-08-14T11:29:45+09:00,-600,8100,32.5144,0
M0008,3082,2026-08-14,2026-08-14T12:04:15+09:00,-1000,7700,33.0894,0
M0008,3082,2026-08-14,2026-08-14T12:37:28+09:00,-1600,7100,33.6431,0
M0008,3082,2026-08-14,2026-08-14T13:06:37+09:00,-500,8200,34.1289,0
M0008,3082,2026-08-14,2026-08-14T14:10:37+09:00,-1000,7700,35.1956,0
M0008,3082,2026-08-14,2026-08-14T14:55:41+09:00,-800,7900,35.9467,0
M0008,3082,2026-08-14,2026-08-14T15:31:41+09:00,-1300,7400,36.5467,0
M0008,3082,2026-08-14,2026-08-14T16:08:02+09:00,-1100,7600,37.1525,0
M0008,3082,2026-08-14,2026-08-14T16:41:57+09:00,-1200,7500,37.7178,0
M0008,3082,2026-08-14,2026-08-14T17:30:37+09:00,-600,8100,38.5289,0
M0008,3082,2026-08-14,2026-08-14T18:07:43+09:00,-400,8300,39.1472,0
M0008,3082,2026-08-14,2026-08-14T18:43:04+09:00,-1800,6900,39.7364,0
M0008,3082,2026-08-14,2026-08-14T19:31:33+09:00,-2500,6200,40.5444,0
M0008,3082,2026-08-14,2026-08-14T20:09:17+09:00,-2300,6400,41.1733,0
M0008,3082,2026-08-14,2026-08-14T21:33:02+09:00,-1700,7000,42.5692,0
M0008,3082,2026-08-15,2026-08-15T10:54:13+09:00,-100,7000,42.5692,1
M0008,3082,2026-08-15,2026-08-15T11:29:09+09:00,400,7500,43.1514,0
M0008,3082,2026-08-15,2026-08-15T12:03:27+09:00,-300,6800,43.7231,0
M0008,3082,2026-08-15,2026-08-15T12:36:37+09:00,-800,6300,44.2758,0
M0008,3082,2026-08-15,2026-08-15T13:08:49+09:00,-2200,4900,44.8125,0
M0008,3082,2026-08-15,2026-08-15T14:01:55+09:00,-2100,5000,45.6975,0
M0008,3082,2026-08-15,2026-08-15T14:36:09+09:00,-200,6900,46.2681,0
M0008,3082,2026-08-15,2026-08-15T15:11:53+09:00,3400,10500,46.8636,0
M0008,3082,2026-08-15,2026-08-15T15:58:43+09:00,3100,10200,47.6442,0
M0008,3082,2026-08-15,2026-08-15T16:34:01+09:00,2700,9800,48.2325,0
M0008,3082,2026-08-15,2026-08-15T17:11:17+09:00,2000,9100,48.8536,0
M0008,3082,2026-08-15,2026-08-15T18:35:13+09:00,2200,9300,50.2525,0
M0008,3082,2026-08-15,2026-08-15T19:12:53+09:00,1700,8800,50.8803,0
M0008,3082,2026-08-15,2026-08-15T20:01:19+09:00,4100,11200,51.6875,0
M0008,3082,2026-08-15,2026-08-15T20:38:25+09:00,7800,14900,52.3058,0
M0008,3082,2026-08-15,2026-08-15T21:25:49+09:00,9200,16300,53.0958,0
M0008,3082,2026-08-15,2026-08-15T22:04:23+09:00,9100,16200,53.7386,0
M0008,3082,2026-08-15,2026-08-15T22:41:53+09:00,8500,15600,54.3636,0
M0008,3082,2026-08-16,2026-08-16T10:53:41+09:00,-100,15600,54.3636,1
M0008,3082,2026-08-16,2026-08-16T11:28:27+09:00,200,15900,54.9431,0
M0008,3082,2026-08-16,2026-08-16T12:02:27+09:00,-500,15200,55.5097,0
M0008,3082,2026-08-16,2026-08-16T12:35:49+09:00,0,15700,56.0658,0
M0008,3082,2026-08-16,2026-08-16T13:06:49+09:00,-600,15100,56.5825,0
M0008,3082,2026-08-16,2026-08-16T13:36:19+09:00,-700,15000,57.0742,0
M0008,3082,2026-08-16,2026-08-16T14:09:21+09:00,-1400,14300,57.6247,0
M0008,3082,2026-08-16,2026-08-16T14:51:21+09:00,-2000,13700,58.3247,0
M0008,3082,2026-08-16,2026-08-16T15:29:10+09:00,-1500,14200,58.9550,0
M0008,3082,2026-08-16,2026-08-16T16:05:23+09:00,-1000,14700,59.5586,0
M0008,3082,2026-08-16,2026-08-16T16:39:55+09:00,-2000,13700,60.1342,0
M0008,3082,2026-08-16,2026-08-16T17:30:17+09:00,-2200,13500,60.9736,0
M0008,3082,2026-08-16,2026-08-16T18:07:35+09:00,-2100,13600,61.5953,0
M0008,3082,2026-08-16,2026-08-16T18:38:25+09:00,-3500,12200,62.1092,0
M0008,3082,2026-08-16,2026-08-16T19:40:19+09:00,-3400,12300,63.1408,0
M0008,3082,2026-08-16,2026-08-16T20:25:39+09:00,-4000,11700,63.8964,0
M0008,3082,2026-08-16,2026-08-16T21:04:51+09:00,-4600,11100,64.5497,0
M0008,3082,2026-08-17,2026-08-17T10:52:31+09:00,0,11100,64.5497,1
M0008,3082,2026-08-17,2026-08-17T12:34:35+09:00,-400,10700,66.2508,0
M0008,3082,2026-08-17,2026-08-17T13:07:15+09:00,-500,10600,66.7953,0
M0008,3082,2026-08-17,2026-08-17T14:36:43+09:00,-1100,10000,68.2864,0
M0008,3082,2026-08-17,2026-08-17T15:11:21+09:00,-900,10200,68.8636,0
M0008,3082,2026-08-17,2026-08-17T17:58:27+09:00,-1200,9900,71.6486,0
M0008,3082,2026-08-17,2026-08-17T18:33:03+09:00,-1700,9400,72.2253,0
M0008,3082,2026-08-17,2026-08-17T19:09:23+09:00,-200,10900,72.8308,0
M0008,3082,2026-08-17,2026-08-17T19:59:55+09:00,400,11500,73.6731,0
M0008,3082,2026-08-17,2026-08-17T20:35:21+09:00,-400,10700,74.2636,0
M0008,3082,2026-08-17,2026-08-17T21:13:05+09:00,0,11100,74.8925,0
M0008,3082,2026-08-17,2026-08-17T21:59:13+09:00,-700,10400,75.6614,0
M0008,3082,2026-08-17,2026-08-17T22:34:49+09:00,-900,10200,76.2547,0
M0008,3082,2026-08-18,2026-08-18T10:52:51+09:00,-200,10200,76.2547,1
M0008,3082,2026-08-18,2026-08-18T11:28:45+09:00,-700,9700,76.8531,0
M0008,3082,2026-08-18,2026-08-18T12:02:47+09:00,-500,9900,77.4203,0
M0008,3082,2026-08-18,2026-08-18T12:35:21+09:00,-900,9500,77.9631,0
M0008,3082,2026-08-18,2026-08-18T13:07:37+09:00,-400,10000,78.5008,0
M0008,3082,2026-08-18,2026-08-18T13:35:43+09:00,-200,10200,78.9692,0
M0008,3082,2026-08-18,2026-08-18T14:04:28+09:00,500,10900,79.4483,0
M0008,3082,2026-08-18,2026-08-18T14:37:28+09:00,3200,13600,79.9983,0
M0008,3082,2026-08-18,2026-08-18T15:11:53+09:00,7300,17700,80.5719,0
M0008,3082,2026-08-18,2026-08-18T15:59:35+09:00,9400,19800,81.3669,0
M0008,3082,2026-08-18,2026-08-18T16:33:08+09:00,9000,19400,81.9261,0
M0008,3082,2026-08-18,2026-08-18T17:08:27+09:00,9600,20000,82.5147,0
M0008,3082,2026-08-18,2026-08-18T18:33:31+09:00,9400,19800,83.9325,0
M0008,3082,2026-08-18,2026-08-18T19:09:25+09:00,9600,20000,84.5308,0
M0008,3082,2026-08-18,2026-08-18T19:59:53+09:00,9100,19500,85.3719,0
M0008,3082,2026-08-18,2026-08-18T20:35:25+09:00,8600,19000,85.9642,0
M0008,3082,2026-08-18,2026-08-18T21:11:41+09:00,9000,19400,86.5686,0
M0008,3082,2026-08-18,2026-08-18T21:57:39+09:00,9300,19700,87.3347,0
M0008,3082,2026-08-18,2026-08-18T23:10:31+09:00,9400,19800,88.5492,0
M0008,3082,2026-08-19,2026-08-19T10:53:31+09:00,0,19800,88.5492,1
M0008,3082,2026-08-19,2026-08-19T13:06:21+09:00,-200,19600,90.7631,0
M0008,3082,2026-08-19,2026-08-19T13:35:01+09:00,0,19800,91.2408,0
M0008,3082,2026-08-19,2026-08-19T20:05:19+09:00,100,19900,97.7458,0
M0008,3082,2026-08-19,2026-08-19T20:39:17+09:00,-200,19600,98.3119,0
M0008,3082,2026-08-19,2026-08-19T21:30:39+09:00,-700,19100,99.1681,0
M0008,3082,2026-08-19,2026-08-19T22:07:17+09:00,-1400,18400,99.7786,0
M0008,3082,2026-08-19,2026-08-19T22:43:08+09:00,-500,19300,100.3761,0
M0008,3082,2026-08-20,2026-08-20T10:52:57+09:00,0,19300,100.3761,1
M0008,3082,2026-08-20,2026-08-20T12:35:01+09:00,-400,18900,102.0772,0
M0008,3082,2026-08-20,2026-08-20T13:07:39+09:00,100,19400,102.6211,0
M0008,3082,2026-08-20,2026-08-20T19:39:23+09:00,-400,18900,109.1500,0
M0008,3082,2026-08-20,2026-08-20T20:28:35+09:00,0,19300,109.9700,0
M0008,3082,2026-08-20,2026-08-20T21:05:21+09:00,-200,19100,110.5828,0
M0008,3082,2026-08-20,2026-08-20T21:40:19+09:00,-1500,17800,111.1656,0
M0008,3082,2026-08-20,2026-08-20T22:30:04+09:00,-2300,17000,111.9947,0
M0008,3082,2026-08-20,2026-08-20T23:07:51+09:00,-1100,18200,112.6244,0
M0008,3082,2026-08-22,2026-08-22T10:54:29+09:00,-100,18200,112.6244,1
M0008,3082,2026-08-22,2026-08-22T11:28:57+09:00,400,18700,113.1989,0
M0008,3082,2026-08-22,2026-08-22T12:03:41+09:00,-200,18100,113.7778,0
M0008,3082,2026-08-22,2026-08-22T12:36:35+09:00,200,18500,114.3261,0
M0008,3082,2026-08-22,2026-08-22T13:08:43+09:00,-1000,17300,114.8617,0
M0008,3082,2026-08-22,2026-08-22T14:05:49+09:00,-1400,16900,115.8133,0
M0008,3082,2026-08-22,2026-08-22T14:40:51+09:00,-2300,16000,116.3972,0
M0008,3082,2026-08-22,2026-08-22T16:07:19+09:00,-1800,16500,117.8383,0
M0008,3082,2026-08-22,2026-08-22T16:43:29+09:00,-1400,16900,118.4411,0
M0008,3082,2026-08-22,2026-08-22T17:31:13+09:00,-100,18200,119.2367,0
M0008,3082,2026-08-22,2026-08-22T18:09:45+09:00,-200,18100,119.8789,0
M0008,3082,2026-08-22,2026-08-22T18:55:39+09:00,0,18300,120.6439,0
M0008,3082,2026-08-22,2026-08-22T19:33:07+09:00,-600,17700,121.2683,0
M0008,3082,2026-08-22,2026-08-22T21:01:31+09:00,-800,17500,122.7417,0
M0008,3082,2026-08-22,2026-08-22T21:39:25+09:00,-1800,16500,123.3733,0
M0008,3082,2026-08-22,2026-08-22T22:28:43+09:00,-900,17400,124.1950,0
M0008,3082,2026-08-23,2026-08-23T10:53:53+09:00,-100,17400,124.1950,1
M0008,3082,2026-08-23,2026-08-23T11:29:03+09:00,500,18000,124.7811,0
M0008,3082,2026-08-23,2026-08-23T12:03:35+09:00,-300,17200,125.3567,0
M0008,3082,2026-08-23,2026-08-23T12:36:41+09:00,-900,16600,125.9083,0
M0008,3082,2026-08-23,2026-08-23T13:07:01+09:00,-1500,16000,126.4139,0
M0008,3082,2026-08-23,2026-08-23T13:35:29+09:00,-700,16800,126.8883,0
M0008,3082,2026-08-23,2026-08-23T14:10:53+09:00,-1700,15800,127.4783,0
M0008,3082,2026-08-23,2026-08-23T14:54:04+09:00,-1400,16100,128.1981,0
M0008,3082,2026-08-23,2026-08-23T15:31:31+09:00,-1100,16400,128.8222,0
M0008,3082,2026-08-23,2026-08-23T16:08:15+09:00,-1700,15800,129.4344,0
M0008,3082,2026-08-23,2026-08-23T16:54:35+09:00,-2300,15200,130.2067,0
M0008,3082,2026-08-23,2026-08-23T17:31:47+09:00,-2100,15400,130.8267,0
M0008,3082,2026-08-23,2026-08-23T18:09:27+09:00,-2600,14900,131.4544,0
M0008,3082,2026-08-23,2026-08-23T18:55:58+09:00,-2300,15200,132.2297,0
M0008,3082,2026-08-23,2026-08-23T20:12:39+09:00,-2400,15100,133.5078,0
M0008,3082,2026-08-23,2026-08-23T21:01:31+09:00,100,17600,134.3222,0
M0008,3082,2026-08-23,2026-08-23T21:39:29+09:00,1800,19300,134.9550,0
M0008,3082,2026-08-23,2026-08-23T22:26:19+09:00,1400,18900,135.7356,0
M0008,3082,2026-08-23,2026-08-23T23:06:27+09:00,800,18300,136.4044,0
M0008,3082,2026-08-24,2026-08-24T10:54:29+09:00,-100,18300,136.4044,1
M0008,3082,2026-08-24,2026-08-24T11:29:08+09:00,-800,17600,136.9819,0
M0008,3082,2026-08-24,2026-08-24T12:03:33+09:00,-1500,16900,137.5556,0
M0008,3082,2026-08-24,2026-08-24T12:36:23+09:00,-2000,16400,138.1028,0
M0008,3082,2026-08-24,2026-08-24T13:10:11+09:00,-600,17800,138.6661,0
M0008,3082,2026-08-24,2026-08-24T13:57:31+09:00,-400,18000,139.4550,0
M0008,3082,2026-08-24,2026-08-24T14:31:29+09:00,200,18600,140.0211,0
M0008,3082,2026-08-24,2026-08-24T15:06:59+09:00,-100,18300,140.6128,0
M0008,3082,2026-08-24,2026-08-24T15:35:54+09:00,-800,17600,141.0947,0
M0008,3082,2026-08-24,2026-08-24T16:05:39+09:00,-1200,17200,141.5906,0
M0008,3082,2026-08-24,2026-08-24T16:40:02+09:00,-1800,16600,142.1636,0
M0008,3082,2026-08-24,2026-08-24T17:23:02+09:00,-2500,15900,142.8803,0
M0008,3082,2026-08-24,2026-08-24T18:02:01+09:00,-3100,15300,143.5300,0
M0008,3082,2026-08-24,2026-08-24T18:37:29+09:00,-3900,14500,144.1211,0
M0008,3082,2026-08-24,2026-08-24T19:13:25+09:00,-4900,13500,144.7200,0
M0008,3082,2026-08-24,2026-08-24T20:00:37+09:00,-4800,13600,145.5067,0
M0008,3082,2026-08-24,2026-08-24T20:36:01+09:00,-5100,13300,146.0967,0
M0008,3082,2026-08-24,2026-08-24T21:13:01+09:00,-6400,12000,146.7133,0
M0008,3082,2026-08-24,2026-08-24T21:58:51+09:00,-6500,11900,147.4772,0
M0008,3082,2026-08-24,2026-08-24T22:34:35+09:00,-5500,12900,148.0728,0
M0008,3082,2026-08-24,2026-08-24T23:12:02+09:00,-4700,13700,148.6969,0
M0008,3082,2026-08-25,2026-08-25T10:53:53+09:00,-200,13700,148.6969,1
M0008,3082,2026-08-25,2026-08-25T11:29:03+09:00,-400,13500,149.2831,0
M0008,3082,2026-08-25,2026-08-25T12:03:47+09:00,-1100,12800,149.8619,0
M0008,3082,2026-08-25,2026-08-25T12:36:43+09:00,-1200,12700,150.4108,0
M0008,3082,2026-08-25,2026-08-25T13:06:33+09:00,-1900,12000,150.9081,0
M0008,3082,2026-08-25,2026-08-25T13:34:33+09:00,-2300,11600,151.3747,0
M0008,3082,2026-08-25,2026-08-25T14:09:29+09:00,-1600,12300,151.9569,0
M0008,3082,2026-08-25,2026-08-25T14:50:35+09:00,-2400,11500,152.6419,0
M0008,3082,2026-08-25,2026-08-25T16:03:02+09:00,-2800,11100,153.8494,0
M0008,3082,2026-08-25,2026-08-25T16:37:33+09:00,-3500,10400,154.4247,0
M0008,3082,2026-08-25,2026-08-25T17:05:09+09:00,-3300,10600,154.8847,0
M0008,3082,2026-08-25,2026-08-25T17:30:51+09:00,-2500,11400,155.3131,0
M0008,3082,2026-08-25,2026-08-25T18:07:23+09:00,-2700,11200,155.9219,0
M0008,3082,2026-08-25,2026-08-25T18:42:17+09:00,-2600,11300,156.5036,0
M0008,3082,2026-08-25,2026-08-25T19:28:31+09:00,-3200,10700,157.2742,0
M0008,3082,2026-08-25,2026-08-25T20:05:21+09:00,-2800,11100,157.8881,0
M0008,3082,2026-08-25,2026-08-25T20:40:03+09:00,-2300,11600,158.4664,0
M0008,3082,2026-08-25,2026-08-25T21:28:25+09:00,-300,13600,159.2725,0
M0008,3082,2026-08-25,2026-08-25T22:05:51+09:00,2000,15900,159.8964,0
M0008,3082,2026-08-26,2026-08-26T10:53:07+09:00,0,15900,159.8964,1
M0008,3082,2026-08-26,2026-08-26T13:07:13+09:00,-100,15800,162.1314,0
M0008,3082,2026-08-26,2026-08-26T15:12:25+09:00,-400,15500,164.2181,0
M0008,3082,2026-08-26,2026-08-26T15:57:47+09:00,500,16400,164.9742,0
M0008,3082,2026-08-26,2026-08-26T16:31:31+09:00,800,16700,165.5364,0
M0008,3082,2026-08-26,2026-08-26T17:07:27+09:00,600,16500,166.1353,0
M0008,3082,2026-08-26,2026-08-26T17:35:49+09:00,1400,17300,166.6081,0
M0008,3082,2026-08-26,2026-08-26T18:03:25+09:00,700,16600,167.0681,0
M0008,3082,2026-08-26,2026-08-26T18:38:31+09:00,300,16200,167.6531,0
M0008,3082,2026-08-26,2026-08-26T19:20:17+09:00,500,16400,168.3492,0
M0008,3082,2026-08-26,2026-08-26T20:01:09+09:00,200,16100,169.0303,0
M0008,3082,2026-08-26,2026-08-26T20:36:21+09:00,-400,15500,169.6169,0
M0008,3082,2026-08-26,2026-08-26T21:13:13+09:00,-700,15200,170.2314,0
M0008,3082,2026-08-26,2026-08-26T22:00:53+09:00,-1400,14500,171.0258,0
M0008,3082,2026-08-26,2026-08-26T22:36:49+09:00,-500,15400,171.6247,0
M0008,3082,2026-08-27,2026-08-27T10:54:19+09:00,0,15400,171.6247,1
M0008,3082,2026-08-27,2026-08-27T12:03:19+09:00,-100,15300,172.7747,0
M0008,3082,2026-08-27,2026-08-27T12:36:15+09:00,1100,16500,173.3236,0
M0008,3082,2026-08-27,2026-08-27T13:07:43+09:00,2200,17600,173.8481,0
M0008,3082,2026-08-27,2026-08-27T13:35:23+09:00,1900,17300,174.3092,0
M0008,3082,2026-08-27,2026-08-27T14:07:15+09:00,2300,17700,174.8403,0
M0008,3082,2026-08-27,2026-08-27T14:41:06+09:00,1000,16400,175.4044,0
M0008,3082,2026-08-27,2026-08-27T15:26:49+09:00,1900,17300,176.1664,0
M0008,3082,2026-08-27,2026-08-27T19:30:47+09:00,1300,16700,180.2325,0
M0008,3082,2026-08-27,2026-08-27T20:08:01+09:00,800,16200,180.8531,0
M0008,3082,2026-08-27,2026-08-27T22:09:51+09:00,0,15400,182.8836,0
M0008,3082,2026-08-27,2026-08-27T22:54:35+09:00,-300,15100,183.6292,0
M0008,3082,2026-08-28,2026-08-28T10:54:45+09:00,0,15100,183.6292,1
M0008,3082,2026-08-28,2026-08-28T11:29:35+09:00,-100,15000,184.2097,0
M0008,3082,2026-08-28,2026-08-28T12:04:21+09:00,-500,14600,184.7892,0
M0008,3082,2026-08-28,2026-08-28T12:36:55+09:00,-600,14500,185.3319,0
M0008,3082,2026-08-28,2026-08-28T13:07:27+09:00,-1100,14000,185.8408,0
M0008,3082,2026-08-28,2026-08-28T13:35:41+09:00,-1900,13200,186.3114,0
M0008,3082,2026-08-28,2026-08-28T14:09:41+09:00,-1600,13500,186.8781,0
M0008,3082,2026-08-28,2026-08-28T15:26:59+09:00,-2000,13100,188.1664,0
M0008,3082,2026-08-28,2026-08-28T16:03:29+09:00,-2700,12400,188.7747,0
M0008,3082,2026-08-28,2026-08-28T16:38:15+09:00,-2900,12200,189.3542,0
M0008,3082,2026-08-28,2026-08-28T18:38:39+09:00,-2700,12400,191.3608,0
M0008,3082,2026-08-28,2026-08-28T20:14:11+09:00,-2100,13000,192.9531,0
M0008,3082,2026-08-28,2026-08-28T21:00:55+09:00,-2300,12800,193.7319,0
M0008,3082,2026-08-28,2026-08-28T21:36:25+09:00,-2600,12500,194.3236,0
M0008,3082,2026-08-28,2026-08-28T22:13:23+09:00,-1500,13600,194.9397,0
M0008,3082,2026-08-29,2026-08-29T10:54:15+09:00,-100,13600,194.9397,1
M0008,3082,2026-08-29,2026-08-29T11:29:35+09:00,-600,13100,195.5286,0
M0008,3082,2026-08-29,2026-08-29T12:04:02+09:00,-300,13400,196.1028,0
M0008,3082,2026-08-29,2026-08-29T12:37:17+09:00,-100,13600,196.6569,0
M0008,3082,2026-08-29,2026-08-29T13:08:43+09:00,-200,13500,197.1808,0
M0008,3082,2026-08-29,2026-08-29T14:08:01+09:00,-800,12900,198.1692,0
M0008,3082,2026-08-29,2026-08-29T15:28:43+09:00,-1000,12700,199.5142,0
M0008,3082,2026-08-29,2026-08-29T16:05:41+09:00,-1100,12600,200.1303,0
M0008,3082,2026-08-29,2026-08-29T16:38:29+09:00,-1200,12500,200.6769,0
M0008,3082,2026-08-29,2026-08-29T17:36:27+09:00,-1500,12200,201.6431,0
M0008,3082,2026-08-29,2026-08-29T18:13:47+09:00,-1100,12600,202.2653,0
M0008,3082,2026-08-29,2026-08-29T19:01:11+09:00,-1800,11900,203.0553,0
M0008,3082,2026-08-29,2026-08-29T19:38:11+09:00,-2000,11700,203.6719,0
M0008,3082,2026-08-29,2026-08-29T20:25:59+09:00,-1900,11800,204.4686,0
M0008,3082,2026-08-29,2026-08-29T21:05:49+09:00,-2800,10900,205.1325,0
M0008,3082,2026-08-29,2026-08-29T21:43:07+09:00,-3400,10300,205.7542,0
M0008,3082,2026-08-29,2026-08-29T22:32:31+09:00,-4100,9600,206.5775,0
M0008,3082,2026-08-29,2026-08-29T23:11:51+09:00,-4500,9200,207.2331,0
M0009,3083,2026-08-11,2026-08-11T10:53:13+09:00,0,0,0.0000,1
M0009,3083,2026-08-11,2026-08-11T11:28:39+09:00,-400,-400,0.5906,0
M0009,3083,2026-08-11,2026-08-11T12:02:43+09:00,-900,-900,1.1583,0
M0009,3083,2026-08-11,2026-08-11T12:36:02+09:00,-800,-800,1.7136,0
M0009,3083,2026-08-11,2026-08-11T13:06:25+09:00,-1400,-1400,2.2200,0
M0009,3083,2026-08-11,2026-08-11T13:34:33+09:00,-2100,-2100,2.6889,0
M0009,3083,2026-08-11,2026-08-11T14:09:42+09:00,-300,-300,3.2747,0
M0009,3083,2026-08-11,2026-08-11T14:50:37+09:00,200,200,3.9567,0
M0009,3083,2026-08-11,2026-08-11T15:29:09+09:00,-300,-300,4.5989,0
M0009,3083,2026-08-11,2026-08-11T16:05:23+09:00,700,700,5.2028,0
M0009,3083,2026-08-11,2026-08-11T16:40:17+09:00,0,0,5.7844,0
M0009,3083,2026-08-11,2026-08-11T17:28:47+09:00,-800,-800,6.5928,0
M0009,3083,2026-08-11,2026-08-11T18:06:29+09:00,-100,-100,7.2211,0
M0009,3083,2026-08-11,2026-08-11T18:41:47+09:00,-700,-700,7.8094,0
M0009,3083,2026-08-11,2026-08-11T19:30:51+09:00,-1100,-1100,8.6272,0
M0009,3083,2026-08-11,2026-08-11T20:08:57+09:00,-1000,-1000,9.2622,0
M0009,3083,2026-08-11,2026-08-11T21:03:30+09:00,-300,-300,10.1714,0
M0009,3083,2026-08-12,2026-08-12T10:53:47+09:00,0,-300,10.1714,1
M0009,3083,2026-08-12,2026-08-12T12:36:01+09:00,-200,-500,11.8753,0
M0009,3083,2026-08-12,2026-08-12T13:06:31+09:00,-700,-1000,12.3836,0
M0009,3083,2026-08-12,2026-08-12T13:35:53+09:00,-400,-700,12.8731,0
M0009,3083,2026-08-12,2026-08-12T15:31:45+09:00,-1000,-1300,14.8042,0
M0009,3083,2026-08-12,2026-08-12T16:07:57+09:00,-1700,-2000,15.4075,0
M0009,3083,2026-08-12,2026-08-12T16:35:17+09:00,-1800,-2100,15.8631,0
M0009,3083,2026-08-12,2026-08-12T17:36:51+09:00,-2100,-2400,16.8892,0
M0009,3083,2026-08-12,2026-08-12T18:14:03+09:00,-1400,-1700,17.5092,0
M0009,3083,2026-08-13,2026-08-13T10:54:54+09:00,-100,-1700,17.5092,1
M0009,3083,2026-08-13,2026-08-13T11:29:13+09:00,-600,-2200,18.0811,0
M0009,3083,2026-08-13,2026-08-13T12:03:39+09:00,-1200,-2800,18.6550,0
M0009,3083,2026-08-13,2026-08-13T12:36:57+09:00,-1600,-3200,19.2100,0
M0009,3083,2026-08-13,2026-08-13T13:09:39+09:00,-200,-1800,19.7550,0
M0009,3083,2026-08-13,2026-08-13T14:00:59+09:00,-100,-1700,20.6106,0
M0009,3083,2026-08-13,2026-08-13T14:35:09+09:00,-800,-2400,21.1800,0
M0009,3083,2026-08-13,2026-08-13T15:11:23+09:00,-1000,-2600,21.7839,0
M0009,3083,2026-08-13,2026-08-13T15:58:27+09:00,-1700,-3300,22.5683,0
M0009,3083,2026-08-13,2026-08-13T16:33:27+09:00,-2100,-3700,23.1517,0
M0009,3083,2026-08-13,2026-08-13T17:10:25+09:00,-2600,-4200,23.7678,0
M0009,3083,2026-08-13,2026-08-13T17:59:47+09:00,-2500,-4100,24.5906,0
M0009,3083,2026-08-13,2026-08-13T18:36:04+09:00,-900,-2500,25.1953,0
M0009,3083,2026-08-13,2026-08-13T19:14:33+09:00,-1200,-2800,25.8367,0
M0009,3083,2026-08-13,2026-08-13T20:02:43+09:00,-1000,-2600,26.6394,0
M0009,3083,2026-08-13,2026-08-13T20:39:10+09:00,-500,-2100,27.2469,0
M0009,3083,2026-08-14,2026-08-14T10:54:41+09:00,0,-2100,27.2469,1
M0009,3083,2026-08-14,2026-08-14T11:29:45+09:00,-700,-2800,27.8314,0
M0009,3083,2026-08-14,2026-08-14T12:04:15+09:00,-300,-2400,28.4064,0
M0009,3083,2026-08-14,2026-08-14T12:37:28+09:00,-700,-2800,28.9600,0
M0009,3083,2026-08-14,2026-08-14T13:06:37+09:00,-1300,-3400,29.4458,0
M0009,3083,2026-08-14,2026-08-14T13:35:02+09:00,-100,-2200,29.9194,0
M0009,3083,2026-08-14,2026-08-14T14:10:37+09:00,400,-1700,30.5125,0
M0009,3083,2026-08-14,2026-08-14T14:55:41+09:00,700,-1400,31.2636,0
M0009,3083,2026-08-14,2026-08-14T15:31:41+09:00,100,-2000,31.8636,0
M0009,3083,2026-08-14,2026-08-14T16:08:02+09:00,-100,-2200,32.4694,0
M0009,3083,2026-08-14,2026-08-14T16:41:57+09:00,-1100,-3200,33.0347,0
M0009,3083,2026-08-14,2026-08-14T17:30:37+09:00,-600,-2700,33.8458,0
M0009,3083,2026-08-14,2026-08-14T19:31:33+09:00,-1100,-3200,35.8614,0
M0009,3083,2026-08-14,2026-08-14T20:09:17+09:00,-2500,-4600,36.4903,0
M0009,3083,2026-08-14,2026-08-14T20:55:41+09:00,-2000,-4100,37.2636,0
M0009,3083,2026-08-14,2026-08-14T21:33:02+09:00,0,-2100,37.8861,0
M0009,3083,2026-08-14,2026-08-14T22:11:45+09:00,-800,-2900,38.5314,0
M0009,3083,2026-08-15,2026-08-15T10:54:13+09:00,-200,-2900,38.5314,1
M0009,3083,2026-08-15,2026-08-15T11:29:09+09:00,-300,-3000,39.1136,0
M0009,3083,2026-08-15,2026-08-15T12:03:27+09:00,200,-2500,39.6853,0
M0009,3083,2026-08-15,2026-08-15T12:36:37+09:00,0,-2700,40.2381,0
M0009,3083,2026-08-15,2026-08-15T13:08:49+09:00,-500,-3200,40.7747,0
M0009,3083,2026-08-15,2026-08-15T14:01:55+09:00,-1200,-3900,41.6597,0
M0009,3083,2026-08-15,2026-08-15T14:36:09+09:00,-1500,-4200,42.2303,0
M0009,3083,2026-08-15,2026-08-15T15:11:53+09:00,-2700,-5400,42.8258,0
M0009,3083,2026-08-15,2026-08-15T15:58:43+09:00,-2800,-5500,43.6064,0
M0009,3083,2026-08-15,2026-08-15T16:34:01+09:00,-3300,-6000,44.1947,0
M0009,3083,2026-08-15,2026-08-15T17:11:17+09:00,-3200,-5900,44.8158,0
M0009,3083,2026-08-15,2026-08-15T18:35:13+09:00,-3800,-6500,46.2147,0
M0009,3083,2026-08-15,2026-08-15T19:12:53+09:00,-4300,-7000,46.8425,0
M0009,3083,2026-08-15,2026-08-15T20:01:19+09:00,-4900,-7600,47.6497,0
M0009,3083,2026-08-15,2026-08-15T20:38:25+09:00,-5000,-7700,48.2681,0
M0009,3083,2026-08-16,2026-08-16T10:53:41+09:00,-100,-7700,48.2681,1
M0009,3083,2026-08-16,2026-08-16T11:28:27+09:00,0,-7600,48.8475,0
M0009,3083,2026-08-16,2026-08-16T12:02:27+09:00,2400,-5200,49.4142,0
M0009,3083,2026-08-16,2026-08-16T12:35:49+09:00,5000,-2600,49.9703,0
M0009,3083,2026-08-16,2026-08-16T13:06:49+09:00,7600,0,50.4869,0
M0009,3083,2026-08-16,2026-08-16T13:36:19+09:00,7200,-400,50.9786,0
M0009,3083,2026-08-16,2026-08-16T14:09:21+09:00,7400,-200,51.5292,0
M0009,3083,2026-08-16,2026-08-16T14:51:21+09:00,6700,-900,52.2292,0
M0009,3083,2026-08-16,2026-08-16T15:29:10+09:00,6400,-1200,52.8594,0
M0009,3083,2026-08-16,2026-08-16T16:05:23+09:00,5800,-1800,53.4631,0
M0009,3083,2026-08-16,2026-08-16T16:39:55+09:00,6600,-1000,54.0386,0
M0009,3083,2026-08-16,2026-08-16T17:30:17+09:00,6400,-1200,54.8781,0
M0009,3083,2026-08-16,2026-08-16T18:07:35+09:00,5600,-2000,55.4997,0
M0009,3083,2026-08-16,2026-08-16T18:38:25+09:00,4400,-3200,56.0136,0
M0009,3083,2026-08-16,2026-08-16T19:40:19+09:00,6500,-1100,57.0453,0
M0009,3083,2026-08-16,2026-08-16T20:25:39+09:00,8500,900,57.8008,0
M0009,3083,2026-08-16,2026-08-16T21:04:51+09:00,10500,2900,58.4542,0
M0009,3083,2026-08-16,2026-08-16T21:42:13+09:00,9400,1800,59.0769,0
M0009,3083,2026-08-16,2026-08-16T22:32:01+09:00,9500,1900,59.9069,0
M0009,3083,2026-08-17,2026-08-17T10:52:31+09:00,-100,1900,59.9069,1
M0009,3083,2026-08-17,2026-08-17T11:28:29+09:00,-200,1800,60.5064,0
M0009,3083,2026-08-17,2026-08-17T12:02:23+09:00,-800,1200,61.0714,0
M0009,3083,2026-08-17,2026-08-17T12:34:35+09:00,-1400,600,61.6081,0
M0009,3083,2026-08-17,2026-08-17T13:07:15+09:00,-2100,-100,62.1525,0
M0009,3083,2026-08-17,2026-08-17T13:35:21+09:00,-2000,0,62.6208,0
M0009,3083,2026-08-17,2026-08-17T14:03:11+09:00,-1700,300,63.0847,0
M0009,3083,2026-08-17,2026-08-17T16:33:27+09:00,-1900,100,65.5892,0
M0009,3083,2026-08-17,2026-08-17T18:33:03+09:00,-2100,-100,67.5825,0
M0009,3083,2026-08-17,2026-08-17T19:09:23+09:00,-2400,-400,68.1881,0
M0009,3083,2026-08-17,2026-08-17T19:59:55+09:00,-2800,-800,69.0303,0
M0009,3083,2026-08-17,2026-08-17T20:35:21+09:00,-3500,-1500,69.6208,0
M0009,3083,2026-08-17,2026-08-17T21:13:05+09:00,-3300,-1300,70.2497,0
M0009,3083,2026-08-17,2026-08-17T21:59:13+09:00,-1200,800,71.0186,0
M0009,3083,2026-08-17,2026-08-17T22:34:49+09:00,-800,1200,71.6119,0
M0009,3083,2026-08-17,2026-08-17T23:11:50+09:00,-900,1100,72.2289,0
M0009,3083,2026-08-18,2026-08-18T10:52:51+09:00,-100,1100,72.2289,1
M0009,3083,2026-08-18,2026-08-18T11:28:45+09:00,2400,3600,72.8272,0
M0009,3083,2026-08-18,2026-08-18T12:02:47+09:00,2900,4100,73.3944,0
M0009,3083,2026-08-18,2026-08-18T12:35:21+09:00,2200,3400,73.9372,0
M0009,3083,2026-08-18,2026-08-18T13:07:37+09:00,1700,2900,74.4750,0
M0009,3083,2026-08-18,2026-08-18T13:35:43+09:00,1900,3100,74.9433,0
M0009,3083,2026-08-18,2026-08-18T14:04:28+09:00,1700,2900,75.4225,0
M0009,3083,2026-08-18,2026-08-18T14:37:28+09:00,2700,3900,75.9725,0
M0009,3083,2026-08-18,2026-08-18T15:59:35+09:00,2300,3500,77.3411,0
M0009,3083,2026-08-18,2026-08-18T16:33:08+09:00,2000,3200,77.9003,0
M0009,3083,2026-08-18,2026-08-18T17:08:27+09:00,700,1900,78.4889,0
M0009,3083,2026-08-18,2026-08-18T17:59:01+09:00,200,1400,79.3317,0
M0009,3083,2026-08-18,2026-08-18T19:09:25+09:00,1300,2500,80.5050,0
M0009,3083,2026-08-18,2026-08-18T19:59:53+09:00,2400,3600,81.3461,0
M0009,3083,2026-08-18,2026-08-18T20:35:25+09:00,2800,4000,81.9383,0
M0009,3083,2026-08-18,2026-08-18T21:11:41+09:00,2200,3400,82.5428,0
M0009,3083,2026-08-19,2026-08-19T10:53:31+09:00,0,3400,82.5428,1
M0009,3083,2026-08-19,2026-08-19T12:02:25+09:00,-700,2700,83.6911,0
M0009,3083,2026-08-19,2026-08-19T12:35:06+09:00,-300,3100,84.2358,0
M0009,3083,2026-08-19,2026-08-19T14:49:47+09:00,-700,2700,86.4806,0
M0009,3083,2026-08-19,2026-08-19T15:26:59+09:00,-400,3000,87.1006,0
M0009,3083,2026-08-19,2026-08-19T16:02:55+09:00,800,4200,87.6994,0
M0009,3083,2026-08-19,2026-08-19T16:36:50+09:00,3400,6800,88.2647,0
M0009,3083,2026-08-19,2026-08-19T17:06:11+09:00,3800,7200,88.7539,0
M0009,3083,2026-08-19,2026-08-19T17:32:35+09:00,3400,6800,89.1939,0
M0009,3083,2026-08-19,2026-08-19T18:08:43+09:00,2500,5900,89.7961,0
M0009,3083,2026-08-19,2026-08-19T18:50:27+09:00,2000,5400,90.4917,0
M0009,3083,2026-08-19,2026-08-19T19:28:55+09:00,2700,6100,91.1328,0
M0009,3083,2026-08-19,2026-08-19T20:05:19+09:00,2200,5600,91.7394,0
M0009,3083,2026-08-19,2026-08-19T20:39:17+09:00,2600,6000,92.3056,0
M0009,3083,2026-08-19,2026-08-19T21:30:39+09:00,1800,5200,93.1617,0
M0009,3083,2026-08-19,2026-08-19T22:07:17+09:00,1200,4600,93.7722,0
M0009,3083,2026-08-19,2026-08-19T22:43:08+09:00,1500,4900,94.3697,0
M0009,3083,2026-08-20,2026-08-20T10:52:57+09:00,0,4900,94.3697,1
M0009,3083,2026-08-20,2026-08-20T13:36:17+09:00,-100,4800,97.0919,0
M0009,3083,2026-08-20,2026-08-20T14:02:59+09:00,-300,4600,97.5369,0
M0009,3083,2026-08-20,2026-08-20T14:35:37+09:00,-800,4100,98.0808,0
M0009,3083,2026-08-20,2026-08-20T15:09:59+09:00,-1000,3900,98.6536,0
M0009,3083,2026-08-20,2026-08-20T15:59:19+09:00,-1100,3800,99.4758,0
M0009,3083,2026-08-20,2026-08-20T16:32:33+09:00,800,5700,100.0297,0
M0009,3083,2026-08-20,2026-08-20T17:42:01+09:00,600,5500,101.1875,0
M0009,3083,2026-08-20,2026-08-20T18:28:21+09:00,200,5100,101.9597,0
M0009,3083,2026-08-20,2026-08-20T19:04:37+09:00,0,4900,102.5642,0
M0009,3083,2026-08-20,2026-08-20T19:39:23+09:00,-1200,3700,103.1436,0
M0009,3083,2026-08-20,2026-08-20T20:28:35+09:00,-1000,3900,103.9636,0
M0009,3083,2026-08-20,2026-08-20T21:05:21+09:00,-1200,3700,104.5764,0
M0009,3083,2026-08-20,2026-08-20T21:40:19+09:00,-1500,3400,105.1592,0
M0009,3083,2026-08-20,2026-08-20T22:30:04+09:00,-2000,2900,105.9883,0
M0009,3083,2026-08-20,2026-08-20T23:07:51+09:00,-800,4100,106.6181,0
M0009,3083,2026-08-22,2026-08-22T10:54:29+09:00,0,4100,106.6181,1
M0009,3083,2026-08-22,2026-08-22T11:28:57+09:00,-600,3500,107.1925,0
M0009,3083,2026-08-22,2026-08-22T12:03:41+09:00,-1300,2800,107.7714,0
M0009,3083,2026-08-22,2026-08-22T12:36:35+09:00,-1800,2300,108.3197,0
M0009,3083,2026-08-22,2026-08-22T13:08:43+09:00,-900,3200,108.8553,0
M0009,3083,2026-08-22,2026-08-22T14:05:49+09:00,1800,5900,109.8069,0
M0009,3083,2026-08-22,2026-08-22T14:40:51+09:00,4000,8100,110.3908,0
M0009,3083,2026-08-22,2026-08-22T15:30:07+09:00,3900,8000,111.2119,0
M0009,3083,2026-08-22,2026-08-22T16:07:19+09:00,3200,7300,111.8319,0
M0009,3083,2026-08-22,2026-08-22T16:43:29+09:00,3400,7500,112.4347,0
M0009,3083,2026-08-22,2026-08-22T17:31:13+09:00,3100,7200,113.2303,0
M0009,3083,2026-08-22,2026-08-22T18:09:45+09:00,2800,6900,113.8725,0
M0009,3083,2026-08-22,2026-08-22T18:55:39+09:00,3200,7300,114.6375,0
M0009,3083,2026-08-22,2026-08-22T19:33:07+09:00,4900,9000,115.2619,0
M0009,3083,2026-08-22,2026-08-22T20:12:13+09:00,4500,8600,115.9136,0
M0009,3083,2026-08-22,2026-08-22T21:01:31+09:00,4000,8100,116.7353,0
M0009,3083,2026-08-22,2026-08-22T21:39:25+09:00,4600,8700,117.3669,0
M0009,3083,2026-08-23,2026-08-23T10:53:53+09:00,-200,8700,117.3669,1
M0009,3083,2026-08-23,2026-08-23T11:29:03+09:00,-900,8000,117.9531,0
M0009,3083,2026-08-23,2026-08-23T12:36:41+09:00,-1300,7600,119.0803,0
M0009,3083,2026-08-23,2026-08-23T13:07:01+09:00,-1700,7200,119.5858,0
M0009,3083,2026-08-23,2026-08-23T13:35:29+09:00,-1400,7500,120.0603,0
M0009,3083,2026-08-23,2026-08-23T14:10:53+09:00,-900,8000,120.6503,0
M0009,3083,2026-08-23,2026-08-23T14:54:04+09:00,-1500,7400,121.3700,0
M0009,3083,2026-08-23,2026-08-23T15:31:31+09:00,-2100,6800,121.9942,0
M0009,3083,2026-08-23,2026-08-23T16:08:15+09:00,-2500,6400,122.6064,0
M0009,3083,2026-08-23,2026-08-23T16:54:35+09:00,-3200,5700,123.3786,0
M0009,3083,2026-08-23,2026-08-23T18:09:27+09:00,-3800,5100,124.6264,0
M0009,3083,2026-08-23,2026-08-23T21:01:31+09:00,-3900,5000,127.4942,0
M0009,3083,2026-08-24,2026-08-24T10:54:29+09:00,-100,5000,127.4942,1
M0009,3083,2026-08-24,2026-08-24T11:29:08+09:00,-800,4300,128.0717,0
M0009,3083,2026-08-24,2026-08-24T12:03:33+09:00,-900,4200,128.6453,0
M0009,3083,2026-08-24,2026-08-24T12:36:23+09:00,-1100,4000,129.1925,0
M0009,3083,2026-08-24,2026-08-24T13:10:11+09:00,-1500,3600,129.7558,0
M0009,3083,2026-08-24,2026-08-24T13:57:31+09:00,-1900,3200,130.5447,0
M0009,3083,2026-08-24,2026-08-24T14:31:29+09:00,-2500,2600,131.1108,0
M0009,3083,2026-08-24,2026-08-24T15:06:59+09:00,-2600,2500,131.7025,0
M0009,3083,2026-08-24,2026-08-24T16:40:02+09:00,-2700,2400,133.2533,0
M0009,3083,2026-08-24,2026-08-24T17:23:02+09:00,-3300,1800,133.9700,0
M0009,3083,2026-08-24,2026-08-24T18:02:01+09:00,-2900,2200,134.6197,0
M0009,3083,2026-08-24,2026-08-24T18:37:29+09:00,-1400,3700,135.2108,0
M0009,3083,2026-08-24,2026-08-24T19:13:25+09:00,2500,7600,135.8097,0
M0009,3083,2026-08-24,2026-08-24T20:00:37+09:00,3000,8100,136.5964,0
M0009,3083,2026-08-24,2026-08-24T20:36:01+09:00,2200,7300,137.1864,0
M0009,3083,2026-08-24,2026-08-24T21:13:01+09:00,3000,8100,137.8031,0
M0009,3083,2026-08-24,2026-08-24T23:12:02+09:00,2900,8000,139.7867,0
M0009,3083,2026-08-25,2026-08-25T10:53:53+09:00,0,8000,139.7867,1
M0009,3083,2026-08-25,2026-08-25T11:29:03+09:00,-200,7800,140.3728,0
M0009,3083,2026-08-25,2026-08-25T12:03:47+09:00,-400,7600,140.9517,0
M0009,3083,2026-08-25,2026-08-25T13:34:33+09:00,-100,7900,142.4644,0
M0009,3083,2026-08-26,2026-08-26T10:53:07+09:00,-300,7900,142.4644,1
M0009,3083,2026-08-26,2026-08-26T11:28:33+09:00,-700,7500,143.0550,0
M0009,3083,2026-08-26,2026-08-26T12:02:31+09:00,-800,7400,143.6211,0
M0009,3083,2026-08-26,2026-08-26T12:34:47+09:00,-900,7300,144.1589,0
M0009,3083,2026-08-26,2026-08-26T16:31:31+09:00,-1300,6900,148.1044,0
M0009,3083,2026-08-26,2026-08-26T17:07:27+09:00,-2100,6100,148.7033,0
M0009,3083,2026-08-26,2026-08-26T17:35:49+09:00,-1600,6600,149.1761,0
M0009,3083,2026-08-26,2026-08-26T18:03:25+09:00,-1700,6500,149.6361,0
M0009,3083,2026-08-26,2026-08-26T18:38:31+09:00,300,8500,150.2211,0
M0009,3083,2026-08-26,2026-08-26T20:01:09+09:00,-200,8000,151.5983,0
M0009,3083,2026-08-26,2026-08-26T20:36:21+09:00,-300,7900,152.1850,0
M0009,3083,2026-08-26,2026-08-26T22:00:53+09:00,-200,8000,153.5939,0
M0009,3083,2026-08-26,2026-08-26T22:36:49+09:00,0,8200,154.1928,0
M0009,3083,2026-08-26,2026-08-26T23:12:01+09:00,-100,8100,154.7794,0
M0009,3083,2026-08-27,2026-08-27T10:54:19+09:00,0,8100,154.7794,1
M0009,3083,2026-08-27,2026-08-27T13:07:43+09:00,-100,8000,157.0028,0
M0009,3083,2026-08-27,2026-08-27T13:35:23+09:00,-700,7400,157.4639,0
M0009,3083,2026-08-27,2026-08-27T14:07:15+09:00,200,8300,157.9950,0
M0009,3083,2026-08-27,2026-08-27T14:41:06+09:00,1600,9700,158.5592,0
M0009,3083,2026-08-27,2026-08-27T15:26:49+09:00,1500,9600,159.3211,0
M0009,3083,2026-08-27,2026-08-27T20:08:01+09:00,900,9000,164.0078,0
M0009,3083,2026-08-27,2026-08-27T20:44:41+09:00,1200,9300,164.6189,0
M0009,3083,2026-08-27,2026-08-27T21:32:59+09:00,1300,9400,165.4239,0
M0009,3083,2026-08-27,2026-08-27T22:09:51+09:00,1400,9500,166.0383,0
M0009,3083,2026-08-28,2026-08-28T10:54:45+09:00,0,9500,166.0383,1
M0009,3083,2026-08-28,2026-08-28T12:04:21+09:00,-500,9000,167.1983,0
M0009,3083,2026-08-28,2026-08-28T12:36:55+09:00,-1300,8200,167.7411,0
M0009,3083,2026-08-28,2026-08-28T13:07:27+09:00,-800,8700,168.2500,0
M0009,3083,2026-08-28,2026-08-28T13:35:41+09:00,1800,11300,168.7206,0
M0009,3083,2026-08-28,2026-08-28T14:09:41+09:00,2600,12100,169.2872,0
M0009,3083,2026-08-28,2026-08-28T14:51:34+09:00,2000,11500,169.9853,0
M0009,3083,2026-08-28,2026-08-28T16:38:15+09:00,2200,11700,171.7633,0
M0009,3083,2026-08-28,2026-08-28T17:29:15+09:00,1600,11100,172.6133,0
M0009,3083,2026-08-28,2026-08-28T18:05:37+09:00,900,10400,173.2194,0
M0009,3083,2026-08-28,2026-08-28T18:38:39+09:00,800,10300,173.7700,0
M0009,3083,2026-08-28,2026-08-28T19:37:02+09:00,400,9900,174.7431,0
M0009,3083,2026-08-28,2026-08-28T20:14:11+09:00,600,10100,175.3622,0
M0009,3083,2026-08-28,2026-08-28T21:00:55+09:00,200,9700,176.1411,0
M0009,3083,2026-08-28,2026-08-28T21:36:25+09:00,-100,9400,176.7328,0
M0009,3083,2026-08-28,2026-08-28T22:13:23+09:00,-1200,8300,177.3489,0
M0009,3083,2026-08-28,2026-08-28T23:02:02+09:00,-1100,8400,178.1597,0
M0009,3083,2026-08-29,2026-08-29T10:54:15+09:00,-200,8400,178.1597,1
M0009,3083,2026-08-29,2026-08-29T11:29:35+09:00,-600,8000,178.7486,0
M0009,3083,2026-08-29,2026-08-29T12:04:02+09:00,-900,7700,179.3228,0
M0009,3083,2026-08-29,2026-08-29T12:37:17+09:00,-1500,7100,179.8769,0
M0009,3083,2026-08-29,2026-08-29T13:08:43+09:00,-2500,6100,180.4008,0
M0009,3083,2026-08-29,2026-08-29T14:08:01+09:00,-3200,5400,181.3892,0
M0009,3083,2026-08-29,2026-08-29T14:42:31+09:00,-1700,6900,181.9642,0
M0009,3083,2026-08-29,2026-08-29T15:28:43+09:00,-1200,7400,182.7342,0
M0009,3083,2026-08-29,2026-08-29T16:05:41+09:00,-1300,7300,183.3503,0
M0009,3083,2026-08-29,2026-08-29T16:38:29+09:00,200,8800,183.8969,0
M0009,3083,2026-08-29,2026-08-29T17:36:27+09:00,1300,9900,184.8631,0
M0009,3083,2026-08-29,2026-08-29T18:13:47+09:00,100,8700,185.4853,0
M0009,3083,2026-08-29,2026-08-29T19:01:11+09:00,700,9300,186.2753,0
M0009,3083,2026-08-29,2026-08-29T19:38:11+09:00,-300,8300,186.8919,0
M0009,3083,2026-08-29,2026-08-29T20:25:59+09:00,-600,8000,187.6886,0
M0009,3083,2026-08-29,2026-08-29T21:05:49+09:00,-1400,7200,188.3525,0
M0009,3083,2026-08-29,2026-08-29T21:43:07+09:00,-2500,6100,188.9742,0
M0010,3084,2026-08-11,2026-08-11T10:53:13+09:00,0,0,0.0000,1
M0010,3084,2026-08-11,2026-08-11T11:28:39+09:00,-100,-100,0.5906,0
M0010,3084,2026-08-11,2026-08-11T12:36:02+09:00,-800,-800,1.7136,0
M0010,3084,2026-08-11,2026-08-11T13:34:33+09:00,-1400,-1400,2.6889,0
M0010,3084,2026-08-11,2026-08-11T14:09:42+09:00,-2100,-2100,3.2747,0
M0010,3084,2026-08-11,2026-08-11T14:50:37+09:00,-2800,-2800,3.9567,0
M0010,3084,2026-08-11,2026-08-11T15:29:09+09:00,-3400,-3400,4.5989,0
M0010,3084,2026-08-11,2026-08-11T16:05:23+09:00,-3800,-3800,5.2028,0
M0010,3084,2026-08-11,2026-08-11T16:40:17+09:00,-2700,-2700,5.7844,0
M0010,3084,2026-08-11,2026-08-11T17:28:47+09:00,-3400,-3400,6.5928,0
M0010,3084,2026-08-11,2026-08-11T18:06:29+09:00,-3900,-3900,7.2211,0
M0010,3084,2026-08-11,2026-08-11T18:41:47+09:00,-1700,-1700,7.8094,0
M0010,3084,2026-08-11,2026-08-11T19:30:51+09:00,-2000,-2000,8.6272,0
M0010,3084,2026-08-11,2026-08-11T20:08:57+09:00,-2900,-2900,9.2622,0
M0010,3084,2026-08-11,2026-08-11T21:03:30+09:00,-3100,-3100,10.1714,0
M0010,3084,2026-08-12,2026-08-12T10:53:47+09:00,0,-3100,10.1714,1
M0010,3084,2026-08-12,2026-08-12T12:02:51+09:00,-400,-3500,11.3225,0
M0010,3084,2026-08-12,2026-08-12T12:36:01+09:00,-1000,-4100,11.8753,0
M0010,3084,2026-08-12,2026-08-12T13:06:31+09:00,-800,-3900,12.3836,0
M0010,3084,2026-08-12,2026-08-12T13:35:53+09:00,-1400,-4500,12.8731,0
M0010,3084,2026-08-12,2026-08-12T14:11:01+09:00,-2500,-5600,13.4586,0
M0010,3084,2026-08-12,2026-08-12T14:56:33+09:00,-3100,-6200,14.2175,0
M0010,3084,2026-08-12,2026-08-12T15:31:45+09:00,-2900,-6000,14.8042,0
M0010,3084,2026-08-12,2026-08-12T16:07:57+09:00,-3600,-6700,15.4075,0
M0010,3084,2026-08-12,2026-08-12T16:35:17+09:00,-4100,-7200,15.8631,0
M0010,3084,2026-08-12,2026-08-12T17:01:31+09:00,-4600,-7700,16.3003,0
M0010,3084,2026-08-12,2026-08-12T17:36:51+09:00,-5300,-8400,16.8892,0
M0010,3084,2026-08-12,2026-08-12T18:14:03+09:00,-4900,-8000,17.5092,0
M0010,3084,2026-08-12,2026-08-12T19:01:02+09:00,-4300,-7400,18.2922,0
M0010,3084,2026-08-13,2026-08-13T10:54:54+09:00,-100,-7400,18.2922,1
M0010,3084,2026-08-13,2026-08-13T11:29:13+09:00,-700,-8000,18.8642,0
M0010,3084,2026-08-13,2026-08-13T12:03:39+09:00,-900,-8200,19.4381,0
M0010,3084,2026-08-13,2026-08-13T12:36:57+09:00,-1300,-8600,19.9931,0
M0010,3084,2026-08-13,2026-08-13T13:09:39+09:00,-1500,-8800,20.5381,0
M0010,3084,2026-08-13,2026-08-13T14:35:09+09:00,-2000,-9300,21.9631,0
M0010,3084,2026-08-13,2026-08-13T15:11:23+09:00,-2900,-10200,22.5669,0
M0010,3084,2026-08-13,2026-08-13T15:58:27+09:00,-3600,-10900,23.3514,0
M0010,3084,2026-08-13,2026-08-13T16:33:27+09:00,-3800,-11100,23.9347,0
M0010,3084,2026-08-13,2026-08-13T17:10:25+09:00,-2700,-10000,24.5508,0
M0010,3084,2026-08-13,2026-08-13T17:59:47+09:00,-500,-7800,25.3736,0
M0010,3084,2026-08-13,2026-08-13T18:36:04+09:00,1000,-6300,25.9783,0
M0010,3084,2026-08-13,2026-08-13T19:14:33+09:00,100,-7200,26.6197,0
M0010,3084,2026-08-13,2026-08-13T20:02:43+09:00,400,-6900,27.4225,0
M0010,3084,2026-08-13,2026-08-13T20:39:10+09:00,-600,-7900,28.0300,0
M0010,3084,2026-08-13,2026-08-13T21:23:43+09:00,-1200,-8500,28.7725,0
M0010,3084,2026-08-13,2026-08-13T22:03:35+09:00,-1100,-8400,29.4369,0
M0010,3084,2026-08-14,2026-08-14T10:54:41+09:00,-100,-8400,29.4369,1
M0010,3084,2026-08-14,2026-08-14T11:29:45+09:00,-300,-8600,30.0214,0
M0010,3084,2026-08-14,2026-08-14T12:04:15+09:00,-900,-9200,30.5964,0
M0010,3084,2026-08-14,2026-08-14T12:37:28+09:00,-1300,-9600,31.1500,0
M0010,3084,2026-08-14,2026-08-14T13:06:37+09:00,-2000,-10300,31.6358,0
M0010,3084,2026-08-14,2026-08-14T13:35:02+09:00,-1200,-9500,32.1094,0
M0010,3084,2026-08-14,2026-08-14T14:10:37+09:00,-2400,-10700,32.7025,0
M0010,3084,2026-08-14,2026-08-14T14:55:41+09:00,-2900,-11200,33.4536,0
M0010,3084,2026-08-14,2026-08-14T15:31:41+09:00,-3500,-11800,34.0536,0
M0010,3084,2026-08-14,2026-08-14T16:08:02+09:00,-4000,-12300,34.6594,0
M0010,3084,2026-08-14,2026-08-14T16:41:57+09:00,-4200,-12500,35.2247,0
M0010,3084,2026-08-14,2026-08-14T17:30:37+09:00,-3000,-11300,36.0358,0
M0010,3084,2026-08-14,2026-08-14T18:07:43+09:00,-600,-8900,36.6542,0
M0010,3084,2026-08-14,2026-08-14T18:43:04+09:00,-2000,-10300,37.2433,0
M0010,3084,2026-08-14,2026-08-14T19:31:33+09:00,-2100,-10400,38.0514,0
M0010,3084,2026-08-14,2026-08-14T20:09:17+09:00,-2600,-10900,38.6803,0
M0010,3084,2026-08-14,2026-08-14T20:55:41+09:00,-3300,-11600,39.4536,0
M0010,3084,2026-08-14,2026-08-14T21:33:02+09:00,-3900,-12200,40.0761,0
M0010,3084,2026-08-14,2026-08-14T22:11:45+09:00,-3700,-12000,40.7214,0
M0010,3084,2026-08-15,2026-08-15T10:54:13+09:00,-100,-12000,40.7214,1
M0010,3084,2026-08-15,2026-08-15T11:29:09+09:00,-500,-12400,41.3036,0
M0010,3084,2026-08-15,2026-08-15T12:03:27+09:00,-1000,-12900,41.8753,0
M0010,3084,2026-08-15,2026-08-15T12:36:37+09:00,-1700,-13600,42.4281,0
M0010,3084,2026-08-15,2026-08-15T13:08:49+09:00,2200,-9700,42.9647,0
M0010,3084,2026-08-15,2026-08-15T14:01:55+09:00,3200,-8700,43.8497,0
M0010,3084,2026-08-15,2026-08-15T14:36:09+09:00,2900,-9000,44.4203,0
M0010,3084,2026-08-15,2026-08-15T15:11:53+09:00,2100,-9800,45.0158,0
M0010,3084,2026-08-15,2026-08-15T15:58:43+09:00,2500,-9400,45.7964,0
M0010,3084,2026-08-15,2026-08-15T16:34:01+09:00,2100,-9800,46.3847,0
M0010,3084,2026-08-15,2026-08-15T17:11:17+09:00,1800,-10100,47.0058,0
M0010,3084,2026-08-15,2026-08-15T17:58:39+09:00,3400,-8500,47.7953,0
M0010,3084,2026-08-15,2026-08-15T18:35:13+09:00,3200,-8700,48.4047,0
M0010,3084,2026-08-15,2026-08-15T19:12:53+09:00,2000,-9900,49.0325,0
M0010,3084,2026-08-15,2026-08-15T20:01:19+09:00,1800,-10100,49.8397,0
M0010,3084,2026-08-15,2026-08-15T20:38:25+09:00,1500,-10400,50.4581,0
M0010,3084,2026-08-16,2026-08-16T10:53:41+09:00,-200,-10400,50.4581,1
M0010,3084,2026-08-16,2026-08-16T11:28:27+09:00,1400,-8800,51.0375,0
M0010,3084,2026-08-16,2026-08-16T12:02:27+09:00,1700,-8500,51.6042,0
M0010,3084,2026-08-16,2026-08-16T12:35:49+09:00,1000,-9200,52.1603,0
M0010,3084,2026-08-16,2026-08-16T13:06:49+09:00,500,-9700,52.6769,0
M0010,3084,2026-08-16,2026-08-16T13:36:19+09:00,1200,-9000,53.1686,0
M0010,3084,2026-08-16,2026-08-16T14:09:21+09:00,1400,-8800,53.7192,0
M0010,3084,2026-08-16,2026-08-16T14:51:21+09:00,2000,-8200,54.4192,0
M0010,3084,2026-08-16,2026-08-16T15:29:10+09:00,1700,-8500,55.0494,0
M0010,3084,2026-08-16,2026-08-16T16:05:23+09:00,2600,-7600,55.6531,0
M0010,3084,2026-08-16,2026-08-16T16:39:55+09:00,1200,-9000,56.2286,0
M0010,3084,2026-08-16,2026-08-16T17:30:17+09:00,1300,-8900,57.0681,0
M0010,3084,2026-08-16,2026-08-16T18:07:35+09:00,500,-9700,57.6897,0
M0010,3084,2026-08-16,2026-08-16T18:38:25+09:00,-800,-11000,58.2036,0
M0010,3084,2026-08-16,2026-08-16T19:40:19+09:00,200,-10000,59.2353,0
M0010,3084,2026-08-16,2026-08-16T21:42:13+09:00,1000,-9200,61.2669,0
M0010,3084,2026-08-16,2026-08-16T22:32:01+09:00,1900,-8300,62.0969,0
M0010,3084,2026-08-17,2026-08-17T10:52:31+09:00,0,-8300,62.0969,1
M0010,3084,2026-08-17,2026-08-17T12:02:23+09:00,-500,-8800,63.2614,0
M0010,3084,2026-08-17,2026-08-17T12:34:35+09:00,-600,-8900,63.7981,0
M0010,3084,2026-08-17,2026-08-17T14:03:11+09:00,-1100,-9400,65.2747,0
M0010,3084,2026-08-17,2026-08-17T14:36:43+09:00,-1000,-9300,65.8336,0
M0010,3084,2026-08-17,2026-08-17T15:11:21+09:00,700,-7600,66.4108,0
M0010,3084,2026-08-17,2026-08-17T17:09:07+09:00,100,-8200,68.3736,0
M0010,3084,2026-08-17,2026-08-17T17:58:27+09:00,900,-7400,69.1958,0
M0010,3084,2026-08-17,2026-08-17T19:09:23+09:00,100,-8200,70.3781,0
M0010,3084,2026-08-17,2026-08-17T19:59:55+09:00,700,-7600,71.2203,0
M0010,3084,2026-08-17,2026-08-17T21:13:05+09:00,500,-7800,72.4397,0
M0010,3084,2026-08-17,2026-08-17T21:59:13+09:00,100,-8200,73.2086,0
M0010,3084,2026-08-17,2026-08-17T22:34:49+09:00,-500,-8800,73.8019,0
M0010,3084,2026-08-17,2026-08-17T23:11:50+09:00,500,-7800,74.4189,0
M0010,3084,2026-08-18,2026-08-18T10:52:51+09:00,0,-7800,74.4189,1
M0010,3084,2026-08-18,2026-08-18T12:02:47+09:00,100,-7700,75.5844,0
M0010,3084,2026-08-18,2026-08-18T12:35:21+09:00,0,-7800,76.1272,0
M0010,3084,2026-08-18,2026-08-18T13:07:37+09:00,700,-7100,76.6650,0
M0010,3084,2026-08-18,2026-08-18T13:35:43+09:00,100,-7700,77.1333,0
M0010,3084,2026-08-18,2026-08-18T14:04:28+09:00,-500,-8300,77.6125,0
M0010,3084,2026-08-18,2026-08-18T14:37:28+09:00,-1200,-9000,78.1625,0
M0010,3084,2026-08-18,2026-08-18T15:11:53+09:00,-1300,-9100,78.7361,0
M0010,3084,2026-08-18,2026-08-18T15:59:35+09:00,-1700,-9500,79.5311,0
M0010,3084,2026-08-18,2026-08-18T16:33:08+09:00,-1100,-8900,80.0903,0
M0010,3084,2026-08-18,2026-08-18T17:08:27+09:00,-1600,-9400,80.6789,0
M0010,3084,2026-08-18,2026-08-18T19:09:25+09:00,-2100,-9900,82.6950,0
M0010,3084,2026-08-18,2026-08-18T19:59:53+09:00,-2800,-10600,83.5361,0
M0010,3084,2026-08-18,2026-08-18T20:35:25+09:00,-3200,-11000,84.1283,0
M0010,3084,2026-08-18,2026-08-18T21:11:41+09:00,-3600,-11400,84.7328,0
M0010,3084,2026-08-18,2026-08-18T21:57:39+09:00,-3200,-11000,85.4989,0
M0010,3084,2026-08-19,2026-08-19T10:53:31+09:00,0,-11000,85.4989,1
M0010,3084,2026-08-19,2026-08-19T15:26:59+09:00,-100,-11100,90.0567,0
M0010,3084,2026-08-19,2026-08-19T16:02:55+09:00,-700,-11700,90.6556,0
M0010,3084,2026-08-19,2026-08-19T16:36:50+09:00,-1300,-12300,91.2208,0
M0010,3084,2026-08-19,2026-08-19T17:06:11+09:00,-1700,-12700,91.7100,0
M0010,3084,2026-08-19,2026-08-19T17:32:35+09:00,400,-10600,92.1500,0
M0010,3084,2026-08-19,2026-08-19T18:08:43+09:00,700,-10300,92.7522,0
M0010,3084,2026-08-19,2026-08-19T18:50:27+09:00,100,-10900,93.4478,0
M0010,3084,2026-08-19,2026-08-19T19:28:55+09:00,-500,-11500,94.0889,0
M0010,3084,2026-08-19,2026-08-19T20:05:19+09:00,-100,-11100,94.6956,0
M0010,3084,2026-08-19,2026-08-19T20:39:17+09:00,-600,-11600,95.2617,0
M0010,3084,2026-08-19,2026-08-19T21:30:39+09:00,400,-10600,96.1178,0
M0010,3084,2026-08-20,2026-08-20T10:52:57+09:00,0,-10600,96.1178,1
M0010,3084,2026-08-20,2026-08-20T13:36:17+09:00,-200,-10800,98.8400,0
M0010,3084,2026-08-20,2026-08-20T14:02:59+09:00,-900,-11500,99.2850,0
M0010,3084,2026-08-20,2026-08-20T14:35:37+09:00,-1100,-11700,99.8289,0
M0010,3084,2026-08-20,2026-08-20T15:09:59+09:00,-1200,-11800,100.4017,0
M0010,3084,2026-08-20,2026-08-20T19:39:23+09:00,-1500,-12100,104.8917,0
M0010,3084,2026-08-20,2026-08-20T20:28:35+09:00,-900,-11500,105.7117,0
M0010,3084,2026-08-22,2026-08-22T10:54:29+09:00,-100,-11500,105.7117,1
M0010,3084,2026-08-22,2026-08-22T12:03:41+09:00,-600,-12000,106.8650,0
M0010,3084,2026-08-22,2026-08-22T12:36:35+09:00,-1200,-12600,107.4133,0
M0010,3084,2026-08-22,2026-08-22T13:08:43+09:00,-2100,-13500,107.9489,0
M0010,3084,2026-08-22,2026-08-22T14:05:49+09:00,-400,-11800,108.9006,0
M0010,3084,2026-08-22,2026-08-22T14:40:51+09:00,0,-11400,109.4844,0
M0010,3084,2026-08-22,2026-08-22T15:30:07+09:00,-700,-12100,110.3056,0
M0010,3084,2026-08-22,2026-08-22T16:07:19+09:00,-1200,-12600,110.9256,0
M0010,3084,2026-08-22,2026-08-22T16:43:29+09:00,-2300,-13700,111.5283,0
M0010,3084,2026-08-22,2026-08-22T17:31:13+09:00,-1200,-12600,112.3239,0
M0010,3084,2026-08-22,2026-08-22T18:09:45+09:00,-1700,-13100,112.9661,0
M0010,3084,2026-08-22,2026-08-22T18:55:39+09:00,-2400,-13800,113.7311,0
M0010,3084,2026-08-22,2026-08-22T19:33:07+09:00,-200,-11600,114.3556,0
M0010,3084,2026-08-22,2026-08-22T20:12:13+09:00,400,-11000,115.0072,0
M0010,3084,2026-08-22,2026-08-22T21:01:31+09:00,200,-11200,115.8289,0
M0010,3084,2026-08-22,2026-08-22T21:39:25+09:00,-1000,-12400,116.4606,0
M0010,3084,2026-08-22,2026-08-22T22:28:43+09:00,0,-11400,117.2822,0
M0010,3084,2026-08-22,2026-08-22T23:08:15+09:00,2700,-8700,117.9411,0
M0010,3084,2026-08-23,2026-08-23T10:53:53+09:00,-100,-8700,117.9411,1
M0010,3084,2026-08-23,2026-08-23T11:29:03+09:00,-800,-9400,118.5272,0
M0010,3084,2026-08-23,2026-08-23T12:03:35+09:00,-900,-9500,119.1028,0
M0010,3084,2026-08-23,2026-08-23T12:36:41+09:00,-1100,-9700,119.6544,0
M0010,3084,2026-08-23,2026-08-23T13:07:01+09:00,-1800,-10400,120.1600,0
M0010,3084,2026-08-23,2026-08-23T13:35:29+09:00,600,-8000,120.6344,0
M0010,3084,2026-08-23,2026-08-23T14:10:53+09:00,2800,-5800,121.2244,0
M0010,3084,2026-08-23,2026-08-23T14:54:04+09:00,2100,-6500,121.9442,0
M0010,3084,2026-08-23,2026-08-23T15:31:31+09:00,1600,-7000,122.5683,0
M0010,3084,2026-08-23,2026-08-23T16:08:15+09:00,1300,-7300,123.1806,0
M0010,3084,2026-08-23,2026-08-23T16:54:35+09:00,600,-8000,123.9528,0
M0010,3084,2026-08-23,2026-08-23T17:31:47+09:00,-100,-8700,124.5728,0
M0010,3084,2026-08-23,2026-08-23T18:09:27+09:00,1700,-6900,125.2006,0
M0010,3084,2026-08-23,2026-08-23T18:55:58+09:00,1600,-7000,125.9758,0
M0010,3084,2026-08-24,2026-08-24T10:54:29+09:00,-200,-7000,125.9758,1
M0010,3084,2026-08-24,2026-08-24T11:29:08+09:00,-900,-7700,126.5533,0
M0010,3084,2026-08-24,2026-08-24T12:03:33+09:00,-600,-7400,127.1269,0
M0010,3084,2026-08-24,2026-08-24T12:36:23+09:00,-1000,-7800,127.6742,0
M0010,3084,2026-08-24,2026-08-24T13:10:11+09:00,-900,-7700,128.2375,0
M0010,3084,2026-08-24,2026-08-24T16:40:02+09:00,-1200,-8000,131.7350,0
M0010,3084,2026-08-24,2026-08-24T17:23:02+09:00,-2000,-8800,132.4517,0
M0010,3084,2026-08-24,2026-08-24T18:02:01+09:00,-1600,-8400,133.1014,0
M0010,3084,2026-08-24,2026-08-24T18:37:29+09:00,-2200,-9000,133.6925,0
M0010,3084,2026-08-24,2026-08-24T19:13:25+09:00,-3300,-10100,134.2914,0
M0010,3084,2026-08-24,2026-08-24T20:00:37+09:00,-4100,-10900,135.0781,0
M0010,3084,2026-08-24,2026-08-24T20:36:01+09:00,-3500,-10300,135.6681,0
M0010,3084,2026-08-24,2026-08-24T21:13:01+09:00,-4600,-11400,136.2847,0
M0010,3084,2026-08-24,2026-08-24T21:58:51+09:00,-4000,-10800,137.0486,0
M0010,3084,2026-08-25,2026-08-25T10:53:53+09:00,-200,-10800,137.0486,1
M0010,3084,2026-08-25,2026-08-25T12:03:47+09:00,-800,-11400,138.2136,0
M0010,3084,2026-08-25,2026-08-25T12:36:43+09:00,-1100,-11700,138.7625,0
M0010,3084,2026-08-25,2026-08-25T13:06:33+09:00,-600,-11200,139.2597,0
M0010,3084,2026-08-25,2026-08-25T14:50:35+09:00,-900,-11500,140.9936,0
M0010,3084,2026-08-25,2026-08-25T15:27:09+09:00,-1000,-11600,141.6031,0
M0010,3084,2026-08-25,2026-08-25T16:37:33+09:00,-1300,-11900,142.7764,0
M0010,3084,2026-08-25,2026-08-25T17:05:09+09:00,-500,-11100,143.2364,0
M0010,3084,2026-08-25,2026-08-25T17:30:51+09:00,-1100,-11700,143.6647,0
M0010,3084,2026-08-25,2026-08-25T18:07:23+09:00,-1800,-12400,144.2736,0
M0010,3084,2026-08-25,2026-08-25T18:42:17+09:00,-1300,-11900,144.8553,0
M0010,3084,2026-08-25,2026-08-25T19:28:31+09:00,-1400,-12000,145.6258,0
M0010,3084,2026-08-25,2026-08-25T20:05:21+09:00,-1200,-11800,146.2397,0
M0010,3084,2026-08-25,2026-08-25T20:40:03+09:00,-1400,-12000,146.8181,0
M0010,3084,2026-08-25,2026-08-25T22:05:51+09:00,-2200,-12800,148.2481,0
M0010,3084,2026-08-25,2026-08-25T22:39:15+09:00,-3400,-14000,148.8047,0
M0010,3084,2026-08-25,2026-08-25T23:34:49+09:00,-3700,-14300,149.7308,0
M0010,3084,2026-08-26,2026-08-26T10:53:07+09:00,0,-14300,149.7308,1
M0010,3084,2026-08-26,2026-08-26T13:07:13+09:00,-400,-14700,151.9658,0
M0010,3084,2026-08-26,2026-08-26T13:35:35+09:00,-300,-14600,152.4386,0
M0010,3084,2026-08-26,2026-08-26T14:04:55+09:00,-1000,-15300,152.9275,0
M0010,3084,2026-08-26,2026-08-26T14:37:55+09:00,-1300,-15600,153.4775,0
M0010,3084,2026-08-26,2026-08-26T15:12:25+09:00,-2000,-16300,154.0525,0
M0010,3084,2026-08-26,2026-08-26T15:57:47+09:00,-1300,-15600,154.8086,0
M0010,3084,2026-08-26,2026-08-26T18:38:31+09:00,-1400,-15700,157.4875,0
M0010,3084,2026-08-26,2026-08-26T19:20:17+09:00,-1300,-15600,158.1836,0
M0010,3084,2026-08-27,2026-08-27T10:54:19+09:00,0,-15600,158.1836,1
M0010,3084,2026-08-27,2026-08-27T11:28:53+09:00,-400,-16000,158.7597,0
M0010,3084,2026-08-27,2026-08-27T12:03:19+09:00,-1000,-16600,159.3336,0
M0010,3084,2026-08-27,2026-08-27T12:36:15+09:00,0,-15600,159.8825,0
M0010,3084,2026-08-28,2026-08-28T10:54:45+09:00,0,-15600,159.8825,1
M0010,3084,2026-08-28,2026-08-28T11:29:35+09:00,900,-14700,160.4631,0
M0010,3084,2026-08-28,2026-08-28T16:03:29+09:00,400,-15200,165.0281,0
M0010,3084,2026-08-28,2026-08-28T16:38:15+09:00,700,-14900,165.6075,0
M0010,3084,2026-08-28,2026-08-28T19:37:02+09:00,500,-15100,168.5872,0
M0010,3084,2026-08-28,2026-08-28T20:14:11+09:00,-600,-16200,169.2064,0
M0010,3084,2026-08-28,2026-08-28T21:00:55+09:00,-1200,-16800,169.9853,0
M0010,3084,2026-08-28,2026-08-28T21:36:25+09:00,-1700,-17300,170.5769,0
M0010,3084,2026-08-28,2026-08-28T22:13:23+09:00,-1300,-16900,171.1931,0
M0010,3084,2026-08-29,2026-08-29T10:54:15+09:00,-200,-16900,171.1931,1
M0010,3084,2026-08-29,2026-08-29T11:29:35+09:00,-100,-16800,171.7819,0
M0010,3084,2026-08-29,2026-08-29T12:04:02+09:00,-600,-17300,172.3561,0
M0010,3084,2026-08-29,2026-08-29T12:37:17+09:00,-1000,-17700,172.9103,0
M0010,3084,2026-08-29,2026-08-29T13:08:43+09:00,-500,-17200,173.4342,0
M0010,3084,2026-08-29,2026-08-29T14:08:01+09:00,-1100,-17800,174.4225,0
M0010,3084,2026-08-29,2026-08-29T14:42:31+09:00,-1000,-17700,174.9975,0
M0010,3084,2026-08-29,2026-08-29T15:28:43+09:00,-1600,-18300,175.7675,0
M0010,3084,2026-08-29,2026-08-29T16:38:29+09:00,-1900,-18600,176.9303,0
M0010,3084,2026-08-29,2026-08-29T17:36:27+09:00,-2700,-19400,177.8964,0
M0010,3084,2026-08-29,2026-08-29T18:13:47+09:00,-2600,-19300,178.5186,0
M0010,3084,2026-08-29,2026-08-29T19:01:11+09:00,-2800,-19500,179.3086,0
M0010,3084,2026-08-29,2026-08-29T19:38:11+09:00,-2400,-19100,179.9253,0
M0010,3084,2026-08-29,2026-08-29T20:25:59+09:00,-1700,-18400,180.7219,0
M0010,3084,2026-08-29,2026-08-29T21:05:49+09:00,-1400,-18100,181.3858,0
M0010,3084,2026-08-29,2026-08-29T21:43:07+09:00,3200,-13500,182.0075,0
M0010,3084,2026-08-29,2026-08-29T22:32:31+09:00,3500,-13200,182.8308,0
M0011,3085,2026-08-11,2026-08-11T10:53:13+09:00,0,0,0.0000,1
M0011,3085,2026-08-11,2026-08-11T11:28:39+09:00,-500,-500,0.5906,0
M0011,3085,2026-08-11,2026-08-11T12:02:43+09:00,-800,-800,1.1583,0
M0011,3085,2026-08-11,2026-08-11T12:36:02+09:00,-1400,-1400,1.7136,0
M0011,3085,2026-08-11,2026-08-11T13:06:25+09:00,-1800,-1800,2.2200,0
M0011,3085,2026-08-11,2026-08-11T13:34:33+09:00,-2300,-2300,2.6889,0
M0011,3085,2026-08-11,2026-08-11T14:09:42+09:00,-3300,-3300,3.2747,0
M0011,3085,2026-08-11,2026-08-11T15:29:09+09:00,-2400,-2400,4.5989,0
M0011,3085,2026-08-11,2026-08-11T16:05:23+09:00,-2900,-2900,5.2028,0
M0011,3085,2026-08-11,2026-08-11T16:40:17+09:00,-3600,-3600,5.7844,0
M0011,3085,2026-08-11,2026-08-11T17:28:47+09:00,-4400,-4400,6.5928,0
M0011,3085,2026-08-11,2026-08-11T18:41:47+09:00,-3800,-3800,7.8094,0
M0011,3085,2026-08-12,2026-08-12T10:53:47+09:00,0,-3800,7.8094,1
M0011,3085,2026-08-12,2026-08-12T12:36:01+09:00,-600,-4400,9.5133,0
M0011,3085,2026-08-12,2026-08-12T13:06:31+09:00,-500,-4300,10.0217,0
M0011,3085,2026-08-12,2026-08-12T13:35:53+09:00,-1100,-4900,10.5111,0
M0011,3085,2026-08-12,2026-08-12T14:11:01+09:00,-2000,-5800,11.0967,0
M0011,3085,2026-08-12,2026-08-12T14:56:33+09:00,-1800,-5600,11.8556,0
M0011,3085,2026-08-12,2026-08-12T15:31:45+09:00,-1300,-5100,12.4422,0
M0011,3085,2026-08-12,2026-08-12T16:07:57+09:00,-1500,-5300,13.0456,0
M0011,3085,2026-08-12,2026-08-12T16:35:17+09:00,-1600,-5400,13.5011,0
M0011,3085,2026-08-13,2026-08-13T10:54:54+09:00,0,-5400,13.5011,1
M0011,3085,2026-08-13,2026-08-13T11:29:13+09:00,-700,-6100,14.0731,0
M0011,3085,2026-08-13,2026-08-13T12:03:39+09:00,-1300,-6700,14.6469,0
M0011,3085,2026-08-13,2026-08-13T13:09:39+09:00,-1400,-6800,15.7469,0
M0011,3085,2026-08-13,2026-08-13T14:35:09+09:00,-1800,-7200,17.1719,0
M0011,3085,2026-08-13,2026-08-13T15:11:23+09:00,-2600,-8000,17.7758,0
M0011,3085,2026-08-13,2026-08-13T17:10:25+09:00,-3100,-8500,19.7597,0
M0011,3085,2026-08-13,2026-08-13T17:59:47+09:00,-3500,-8900,20.5825,0
M0011,3085,2026-08-13,2026-08-13T18:36:04+09:00,-2900,-8300,21.1872,0
M0011,3085,2026-08-13,2026-08-13T19:14:33+09:00,-3900,-9300,21.8286,0
M0011,3085,2026-08-13,2026-08-13T20:02:43+09:00,-4300,-9700,22.6314,0
M0011,3085,2026-08-13,2026-08-13T20:39:10+09:00,-5400,-10800,23.2389,0
M0011,3085,2026-08-13,2026-08-13T22:03:35+09:00,-6000,-11400,24.6458,0
M0011,3085,2026-08-13,2026-08-13T22:40:21+09:00,-7100,-12500,25.2586,0
M0011,3085,2026-08-13,2026-08-13T23:29:55+09:00,-7300,-12700,26.0847,0
M0011,3085,2026-08-14,2026-08-14T10:54:41+09:00,-100,-12700,26.0847,1
M0011,3085,2026-08-14,2026-08-14T11:29:45+09:00,-700,-13300,26.6692,0
M0011,3085,2026-08-14,2026-08-14T12:04:15+09:00,900,-11700,27.2442,0
M0011,3085,2026-08-14,2026-08-14T12:37:28+09:00,1200,-11400,27.7978,0
M0011,3085,2026-08-14,2026-08-14T13:06:37+09:00,1300,-11300,28.2836,0
M0011,3085,2026-08-14,2026-08-14T13:35:02+09:00,700,-11900,28.7572,0
M0011,3085,2026-08-14,2026-08-14T14:10:37+09:00,200,-12400,29.3503,0
M0011,3085,2026-08-14,2026-08-14T14:55:41+09:00,-200,-12800,30.1014,0
M0011,3085,2026-08-14,2026-08-14T15:31:41+09:00,200,-12400,30.7014,0
M0011,3085,2026-08-14,2026-08-14T16:08:02+09:00,-300,-12900,31.3072,0
M0011,3085,2026-08-14,2026-08-14T16:41:57+09:00,-500,-13100,31.8725,0
M0011,3085,2026-08-14,2026-08-14T17:30:37+09:00,-1200,-13800,32.6836,0
M0011,3085,2026-08-14,2026-08-14T18:07:43+09:00,-1800,-14400,33.3019,0
M0011,3085,2026-08-14,2026-08-14T18:43:04+09:00,-1100,-13700,33.8911,0
M0011,3085,2026-08-14,2026-08-14T19:31:33+09:00,-1600,-14200,34.6992,0
M0011,3085,2026-08-14,2026-08-14T20:09:17+09:00,-800,-13400,35.3281,0
M0011,3085,2026-08-14,2026-08-14T20:55:41+09:00,-1100,-13700,36.1014,0
M0011,3085,2026-08-14,2026-08-14T21:33:02+09:00,-1700,-14300,36.7239,0
M0011,3085,2026-08-14,2026-08-14T22:11:45+09:00,-1100,-13700,37.3692,0
M0011,3085,2026-08-15,2026-08-15T10:54:13+09:00,-200,-13700,37.3692,1
M0011,3085,2026-08-15,2026-08-15T12:03:27+09:00,-1000,-14500,38.5231,0
M0011,3085,2026-08-15,2026-08-15T12:36:37+09:00,-1500,-15000,39.0758,0
M0011,3085,2026-08-15,2026-08-15T13:08:49+09:00,-2800,-16300,39.6125,0
M0011,3085,2026-08-15,2026-08-15T14:01:55+09:00,-2900,-16400,40.4975,0
M0011,3085,2026-08-15,2026-08-15T14:36:09+09:00,-3300,-16800,41.0681,0
M0011,3085,2026-08-15,2026-08-15T15:11:53+09:00,-4000,-17500,41.6636,0
M0011,3085,2026-08-15,2026-08-15T15:58:43+09:00,-4600,-18100,42.4442,0
M0011,3085,2026-08-15,2026-08-15T16:34:01+09:00,-4700,-18200,43.0325,0
M0011,3085,2026-08-15,2026-08-15T17:11:17+09:00,-3100,-16600,43.6536,0
M0011,3085,2026-08-15,2026-08-15T17:58:39+09:00,-600,-14100,44.4431,0
M0011,3085,2026-08-15,2026-08-15T18:35:13+09:00,1800,-11700,45.0525,0
M0011,3085,2026-08-15,2026-08-15T19:12:53+09:00,7200,-6300,45.6803,0
M0011,3085,2026-08-15,2026-08-15T20:01:19+09:00,8500,-5000,46.4875,0
M0011,3085,2026-08-15,2026-08-15T20:38:25+09:00,7800,-5700,47.1058,0
M0011,3085,2026-08-15,2026-08-15T21:25:49+09:00,9200,-4300,47.8958,0
M0011,3085,2026-08-15,2026-08-15T22:04:23+09:00,8700,-4800,48.5386,0
M0011,3085,2026-08-16,2026-08-16T10:53:41+09:00,-100,-4800,48.5386,1
M0011,3085,2026-08-16,2026-08-16T11:28:27+09:00,100,-4600,49.1181,0
M0011,3085,2026-08-16,2026-08-16T12:02:27+09:00,700,-4000,49.6847,0
M0011,3085,2026-08-16,2026-08-16T12:35:49+09:00,-100,-4800,50.2408,0
M0011,3085,2026-08-16,2026-08-16T13:06:49+09:00,-700,-5400,50.7575,0
M0011,3085,2026-08-16,2026-08-16T13:36:19+09:00,-800,-5500,51.2492,0
M0011,3085,2026-08-16,2026-08-16T14:09:21+09:00,-1000,-5700,51.7997,0
M0011,3085,2026-08-16,2026-08-16T14:51:21+09:00,-600,-5300,52.4997,0
M0011,3085,2026-08-16,2026-08-16T15:29:10+09:00,-300,-5000,53.1300,0
M0011,3085,2026-08-16,2026-08-16T16:05:23+09:00,-1000,-5700,53.7336,0
M0011,3085,2026-08-16,2026-08-16T16:39:55+09:00,-1700,-6400,54.3092,0
M0011,3085,2026-08-16,2026-08-16T17:30:17+09:00,-800,-5500,55.1486,0
M0011,3085,2026-08-16,2026-08-16T18:07:35+09:00,-600,-5300,55.7703,0
M0011,3085,2026-08-16,2026-08-16T18:38:25+09:00,-1300,-6000,56.2842,0
M0011,3085,2026-08-16,2026-08-16T19:40:19+09:00,1000,-3700,57.3158,0
M0011,3085,2026-08-16,2026-08-16T20:25:39+09:00,1200,-3500,58.0714,0
M0011,3085,2026-08-16,2026-08-16T21:04:51+09:00,1500,-3200,58.7247,0
M0011,3085,2026-08-16,2026-08-16T21:42:13+09:00,2300,-2400,59.3475,0
M0011,3085,2026-08-16,2026-08-16T22:32:01+09:00,1900,-2800,60.1775,0
M0011,3085,2026-08-17,2026-08-17T10:52:31+09:00,0,-2800,60.1775,1
M0011,3085,2026-08-17,2026-08-17T11:28:29+09:00,-400,-3200,60.7769,0
M0011,3085,2026-08-17,2026-08-17T12:02:23+09:00,-500,-3300,61.3419,0
M0011,3085,2026-08-17,2026-08-17T14:36:43+09:00,-900,-3700,63.9142,0
M0011,3085,2026-08-17,2026-08-17T15:11:21+09:00,-2000,-4800,64.4914,0
M0011,3085,2026-08-17,2026-08-17T15:59:33+09:00,-2300,-5100,65.2947,0
M0011,3085,2026-08-17,2026-08-17T16:33:27+09:00,-2000,-4800,65.8597,0
M0011,3085,2026-08-17,2026-08-17T17:09:07+09:00,-1900,-4700,66.4542,0
M0011,3085,2026-08-17,2026-08-17T17:58:27+09:00,-2100,-4900,67.2764,0
M0011,3085,2026-08-17,2026-08-17T19:59:55+09:00,-2600,-5400,69.3008,0
M0011,3085,2026-08-17,2026-08-17T20:35:21+09:00,-3300,-6100,69.8914,0
M0011,3085,2026-08-17,2026-08-17T21:13:05+09:00,-3600,-6400,70.5203,0
M0011,3085,2026-08-17,2026-08-17T21:59:13+09:00,-3900,-6700,71.2892,0
M0011,3085,2026-08-17,2026-08-17T22:34:49+09:00,-4600,-7400,71.8825,0
M0011,3085,2026-08-17,2026-08-17T23:11:50+09:00,-4800,-7600,72.4994,0
M0011,3085,2026-08-18,2026-08-18T10:52:51+09:00,0,-7600,72.4994,1
M0011,3085,2026-08-18,2026-08-18T11:28:45+09:00,-700,-8300,73.0978,0
M0011,3085,2026-08-18,2026-08-18T12:02:47+09:00,-900,-8500,73.6650,0
M0011,3085,2026-08-18,2026-08-18T12:35:21+09:00,-500,-8100,74.2078,0
M0011,3085,2026-08-18,2026-08-18T13:07:37+09:00,-1100,-8700,74.7456,0
M0011,3085,2026-08-18,2026-08-18T13:35:43+09:00,-1200,-8800,75.2139,0
M0011,3085,2026-08-18,2026-08-18T14:04:28+09:00,-1600,-9200,75.6931,0
M0011,3085,2026-08-18,2026-08-18T14:37:28+09:00,-1200,-8800,76.2431,0
M0011,3085,2026-08-18,2026-08-18T19:09:25+09:00,-1800,-9400,80.7756,0
M0011,3085,2026-08-18,2026-08-18T19:59:53+09:00,-2400,-10000,81.6167,0
M0011,3085,2026-08-18,2026-08-18T20:35:25+09:00,-2700,-10300,82.2089,0
M0011,3085,2026-08-18,2026-08-18T21:11:41+09:00,-3500,-11100,82.8133,0
M0011,3085,2026-08-18,2026-08-18T22:33:27+09:00,-2800,-10400,84.1761,0
M0011,3085,2026-08-19,2026-08-19T10:53:31+09:00,0,-10400,84.1761,1
M0011,3085,2026-08-19,2026-08-19T13:35:01+09:00,-100,-10500,86.8678,0
M0011,3085,2026-08-19,2026-08-19T14:09:06+09:00,1900,-8500,87.4358,0
M0011,3085,2026-08-19,2026-08-19T14:49:47+09:00,1200,-9200,88.1139,0
M0011,3085,2026-08-19,2026-08-19T15:26:59+09:00,800,-9600,88.7339,0
M0011,3085,2026-08-19,2026-08-19T16:02:55+09:00,100,-10300,89.3328,0
M0011,3085,2026-08-19,2026-08-19T16:36:50+09:00,0,-10400,89.8981,0
M0011,3085,2026-08-19,2026-08-19T17:06:11+09:00,-500,-10900,90.3872,0
M0011,3085,2026-08-19,2026-08-19T17:32:35+09:00,-1200,-11600,90.8272,0
M0011,3085,2026-08-19,2026-08-19T18:08:43+09:00,-700,-11100,91.4294,0
M0011,3085,2026-08-19,2026-08-19T18:50:27+09:00,-1400,-11800,92.1250,0
M0011,3085,2026-08-19,2026-08-19T20:05:19+09:00,-1200,-11600,93.3728,0
M0011,3085,2026-08-19,2026-08-19T20:39:17+09:00,-1700,-12100,93.9389,0
M0011,3085,2026-08-19,2026-08-19T21:30:39+09:00,-1900,-12300,94.7950,0
M0011,3085,2026-08-19,2026-08-19T22:07:17+09:00,-1700,-12100,95.4056,0
M0011,3085,2026-08-19,2026-08-19T22:43:08+09:00,-2500,-12900,96.0031,0
M0011,3085,2026-08-20,2026-08-20T10:52:57+09:00,0,-12900,96.0031,1
M0011,3085,2026-08-20,2026-08-20T11:28:53+09:00,-700,-13600,96.6019,0
M0011,3085,2026-08-20,2026-08-20T12:02:37+09:00,500,-12400,97.1642,0
M0011,3085,2026-08-20,2026-08-20T12:35:01+09:00,2700,-10200,97.7042,0
M0011,3085,2026-08-20,2026-08-20T13:07:39+09:00,3700,-9200,98.2481,0
M0011,3085,2026-08-20,2026-08-20T16:32:33+09:00,3500,-9400,101.6631,0
M0011,3085,2026-08-20,2026-08-20T17:07:41+09:00,3300,-9600,102.2486,0
M0011,3085,2026-08-20,2026-08-20T17:42:01+09:00,1900,-11000,102.8208,0
M0011,3085,2026-08-20,2026-08-20T18:28:21+09:00,1700,-11200,103.5931,0
M0011,3085,2026-08-20,2026-08-20T19:04:37+09:00,1000,-11900,104.1975,0
M0011,3085,2026-08-20,2026-08-20T19:39:23+09:00,1500,-11400,104.7769,0
M0011,3085,2026-08-20,2026-08-20T20:28:35+09:00,1100,-11800,105.5969,0
M0011,3085,2026-08-20,2026-08-20T21:05:21+09:00,1400,-11500,106.2097,0
M0011,3085,2026-08-20,2026-08-20T21:40:19+09:00,1000,-11900,106.7925,0
M0011,3085,2026-08-22,2026-08-22T10:54:29+09:00,-100,-11900,106.7925,1
M0011,3085,2026-08-22,2026-08-22T11:28:57+09:00,-500,-12300,107.3669,0
M0011,3085,2026-08-22,2026-08-22T12:03:41+09:00,-800,-12600,107.9458,0
M0011,3085,2026-08-22,2026-08-22T12:36:35+09:00,-1200,-13000,108.4942,0
M0011,3085,2026-08-22,2026-08-22T13:08:43+09:00,-1100,-12900,109.0297,0
M0011,3085,2026-08-22,2026-08-22T14:40:51+09:00,-1200,-13000,110.5653,0
M0011,3085,2026-08-22,2026-08-22T15:30:07+09:00,-1800,-13600,111.3864,0
M0011,3085,2026-08-22,2026-08-22T16:07:19+09:00,-1700,-13500,112.0064,0
M0011,3085,2026-08-22,2026-08-22T16:43:29+09:00,-1000,-12800,112.6092,0
M0011,3085,2026-08-22,2026-08-22T17:31:13+09:00,-800,-12600,113.4047,0
M0011,3085,2026-08-22,2026-08-22T18:09:45+09:00,1200,-10600,114.0469,0
M0011,3085,2026-08-22,2026-08-22T18:55:39+09:00,600,-11200,114.8119,0
M0011,3085,2026-08-22,2026-08-22T20:12:13+09:00,-700,-12500,116.0881,0
M0011,3085,2026-08-22,2026-08-22T21:01:31+09:00,-1400,-13200,116.9097,0
M0011,3085,2026-08-22,2026-08-22T21:39:25+09:00,-1700,-13500,117.5414,0
M0011,3085,2026-08-22,2026-08-22T22:28:43+09:00,400,-11400,118.3631,0
M0011,3085,2026-08-22,2026-08-22T23:08:15+09:00,2800,-9000,119.0219,0
M0011,3085,2026-08-23,2026-08-23T10:53:53+09:00,-200,-9000,119.0219,1
M0011,3085,2026-08-23,2026-08-23T11:29:03+09:00,-900,-9700,119.6081,0
M0011,3085,2026-08-23,2026-08-23T12:03:35+09:00,-300,-9100,120.1836,0
M0011,3085,2026-08-23,2026-08-23T12:36:41+09:00,-1000,-9800,120.7353,0
M0011,3085,2026-08-23,2026-08-23T13:07:01+09:00,-1300,-10100,121.2408,0
M0011,3085,2026-08-23,2026-08-23T13:35:29+09:00,-1800,-10600,121.7153,0
M0011,3085,2026-08-23,2026-08-23T14:10:53+09:00,-2400,-11200,122.3053,0
M0011,3085,2026-08-23,2026-08-23T14:54:04+09:00,-2900,-11700,123.0250,0
M0011,3085,2026-08-23,2026-08-23T15:31:31+09:00,-3600,-12400,123.6492,0
M0011,3085,2026-08-23,2026-08-23T16:08:15+09:00,-4400,-13200,124.2614,0
M0011,3085,2026-08-23,2026-08-23T16:54:35+09:00,-5000,-13800,125.0336,0
M0011,3085,2026-08-23,2026-08-23T17:31:47+09:00,-5700,-14500,125.6536,0
M0011,3085,2026-08-23,2026-08-23T18:09:27+09:00,-5000,-13800,126.2814,0
M0011,3085,2026-08-24,2026-08-24T10:54:29+09:00,0,-13800,126.2814,1
M0011,3085,2026-08-24,2026-08-24T11:29:08+09:00,300,-13500,126.8589,0
M0011,3085,2026-08-24,2026-08-24T12:03:33+09:00,-300,-14100,127.4325,0
M0011,3085,2026-08-24,2026-08-24T12:36:23+09:00,-200,-14000,127.9797,0
M0011,3085,2026-08-24,2026-08-24T13:10:11+09:00,-700,-14500,128.5431,0
M0011,3085,2026-08-24,2026-08-24T13:57:31+09:00,200,-13600,129.3319,0
M0011,3085,2026-08-24,2026-08-24T14:31:29+09:00,1400,-12400,129.8981,0
M0011,3085,2026-08-24,2026-08-24T15:06:59+09:00,800,-13000,130.4897,0
M0011,3085,2026-08-24,2026-08-24T15:35:54+09:00,2400,-11400,130.9717,0
M0011,3085,2026-08-24,2026-08-24T16:05:39+09:00,4800,-9000,131.4675,0
M0011,3085,2026-08-24,2026-08-24T16:40:02+09:00,7900,-5900,132.0406,0
M0011,3085,2026-08-24,2026-08-24T17:23:02+09:00,7800,-6000,132.7572,0
M0011,3085,2026-08-24,2026-08-24T18:02:01+09:00,7000,-6800,133.4069,0
M0011,3085,2026-08-24,2026-08-24T18:37:29+09:00,6300,-7500,133.9981,0
M0011,3085,2026-08-24,2026-08-24T19:13:25+09:00,5600,-8200,134.5969,0
M0011,3085,2026-08-24,2026-08-24T20:36:01+09:00,5300,-8500,135.9736,0
M0011,3085,2026-08-24,2026-08-24T21:13:01+09:00,10200,-3600,136.5903,0
M0011,3085,2026-08-25,2026-08-25T10:53:53+09:00,-200,-3600,136.5903,1
M0011,3085,2026-08-25,2026-08-25T11:29:03+09:00,900,-2500,137.1764,0
M0011,3085,2026-08-25,2026-08-25T14:09:29+09:00,-100,-3500,139.8503,0
M0011,3085,2026-08-25,2026-08-25T14:50:35+09:00,300,-3100,140.5353,0
M0011,3085,2026-08-25,2026-08-25T15:27:09+09:00,-400,-3800,141.1447,0
M0011,3085,2026-08-25,2026-08-25T16:03:02+09:00,-100,-3500,141.7428,0
M0011,3085,2026-08-25,2026-08-25T16:37:33+09:00,-400,-3800,142.3181,0
M0011,3085,2026-08-25,2026-08-25T17:05:09+09:00,-900,-4300,142.7781,0
M0011,3085,2026-08-25,2026-08-25T18:07:23+09:00,-300,-3700,143.8153,0
M0011,3085,2026-08-25,2026-08-25T20:05:21+09:00,-500,-3900,145.7814,0
M0011,3085,2026-08-25,2026-08-25T20:40:03+09:00,-900,-4300,146.3597,0
M0011,3085,2026-08-25,2026-08-25T21:28:25+09:00,-1100,-4500,147.1658,0
M0011,3085,2026-08-25,2026-08-25T22:05:51+09:00,300,-3100,147.7897,0
M0011,3085,2026-08-26,2026-08-26T10:53:07+09:00,0,-3100,147.7897,1
M0011,3085,2026-08-26,2026-08-26T12:34:47+09:00,-200,-3300,149.4842,0
M0011,3085,2026-08-26,2026-08-26T13:07:13+09:00,-300,-3400,150.0247,0
M0011,3085,2026-08-26,2026-08-26T14:04:55+09:00,-400,-3500,150.9864,0
M0011,3085,2026-08-26,2026-08-26T15:12:25+09:00,-1800,-4900,152.1114,0
M0011,3085,2026-08-26,2026-08-26T15:57:47+09:00,-2100,-5200,152.8675,0
M0011,3085,2026-08-26,2026-08-26T16:31:31+09:00,-1200,-4300,153.4297,0
M0011,3085,2026-08-26,2026-08-26T18:38:31+09:00,-1300,-4400,155.5464,0
M0011,3085,2026-08-26,2026-08-26T19:20:17+09:00,-1800,-4900,156.2425,0
M0011,3085,2026-08-26,2026-08-26T20:01:09+09:00,-2200,-5300,156.9236,0
M0011,3085,2026-08-26,2026-08-26T20:36:21+09:00,-1500,-4600,157.5103,0
M0011,3085,2026-08-27,2026-08-27T10:54:19+09:00,0,-4600,157.5103,1
M0011,3085,2026-08-27,2026-08-27T13:35:23+09:00,-800,-5400,160.1947,0
M0011,3085,2026-08-27,2026-08-27T14:07:15+09:00,-900,-5500,160.7258,0
M0011,3085,2026-08-27,2026-08-27T18:09:51+09:00,-1500,-6100,164.7692,0
M0011,3085,2026-08-27,2026-08-27T18:53:03+09:00,-2100,-6700,165.4892,0
M0011,3085,2026-08-27,2026-08-27T19:30:47+09:00,-2400,-7000,166.1181,0
M0011,3085,2026-08-27,2026-08-27T20:08:01+09:00,-1400,-6000,166.7386,0
M0011,3085,2026-08-27,2026-08-27T21:32:59+09:00,-1600,-6200,168.1547,0
M0011,3085,2026-08-28,2026-08-28T10:54:45+09:00,0,-6200,168.1547,1
M0011,3085,2026-08-28,2026-08-28T11:29:35+09:00,100,-6100,168.7353,0
M0011,3085,2026-08-28,2026-08-28T12:04:21+09:00,-500,-6700,169.3147,0
M0011,3085,2026-08-28,2026-08-28T13:07:27+09:00,-100,-6300,170.3664,0
M0011,3085,2026-08-28,2026-08-28T13:35:41+09:00,-400,-6600,170.8369,0
M0011,3085,2026-08-28,2026-08-28T14:09:41+09:00,-700,-6900,171.4036,0
M0011,3085,2026-08-28,2026-08-28T14:51:34+09:00,-1300,-7500,172.1017,0
M0011,3085,2026-08-28,2026-08-28T15:26:59+09:00,-1700,-7900,172.6919,0
M0011,3085,2026-08-28,2026-08-28T16:03:29+09:00,-2300,-8500,173.3003,0
M0011,3085,2026-08-28,2026-08-28T16:38:15+09:00,-2500,-8700,173.8797,0
M0011,3085,2026-08-28,2026-08-28T17:29:15+09:00,-3000,-9200,174.7297,0
M0011,3085,2026-08-28,2026-08-28T18:05:37+09:00,-3600,-9800,175.3358,0
M0011,3085,2026-08-28,2026-08-28T18:38:39+09:00,-4200,-10400,175.8864,0
M0011,3085,2026-08-28,2026-08-28T19:37:02+09:00,-4400,-10600,176.8594,0
M0011,3085,2026-08-28,2026-08-28T20:14:11+09:00,-4600,-10800,177.4786,0
M0011,3085,2026-08-28,2026-08-28T21:00:55+09:00,-5300,-11500,178.2575,0
M0011,3085,2026-08-28,2026-08-28T21:36:25+09:00,-5400,-11600,178.8492,0
M0011,3085,2026-08-28,2026-08-28T22:13:23+09:00,-6800,-13000,179.4653,0
M0011,3085,2026-08-28,2026-08-28T23:02:02+09:00,-6600,-12800,180.2761,0
M0011,3085,2026-08-29,2026-08-29T10:54:15+09:00,-200,-12800,180.2761,1
M0011,3085,2026-08-29,2026-08-29T12:04:02+09:00,-900,-13500,181.4392,0
M0011,3085,2026-08-29,2026-08-29T12:37:17+09:00,-1500,-14100,181.9933,0
M0011,3085,2026-08-29,2026-08-29T13:08:43+09:00,-2200,-14800,182.5172,0
M0011,3085,2026-08-29,2026-08-29T14:08:01+09:00,-2800,-15400,183.5056,0
M0011,3085,2026-08-29,2026-08-29T14:42:31+09:00,-2600,-15200,184.0806,0
M0011,3085,2026-08-29,2026-08-29T15:28:43+09:00,-3300,-15900,184.8506,0
M0011,3085,2026-08-29,2026-08-29T16:05:41+09:00,-3100,-15700,185.4667,0
M0011,3085,2026-08-29,2026-08-29T16:38:29+09:00,-3400,-16000,186.0133,0
M0011,3085,2026-08-29,2026-08-29T18:13:47+09:00,-4400,-17000,187.6017,0
M0011,3085,2026-08-29,2026-08-29T19:01:11+09:00,-4900,-17500,188.3917,0
M0011,3085,2026-08-29,2026-08-29T19:38:11+09:00,-6000,-18600,189.0083,0
M0011,3085,2026-08-29,2026-08-29T20:25:59+09:00,-5600,-18200,189.8050,0
M0012,3086,2026-08-11,2026-08-11T10:53:13+09:00,-100,-100,0.0000,1
M0012,3086,2026-08-11,2026-08-11T12:02:43+09:00,-200,-200,1.1583,0
M0012,3086,2026-08-11,2026-08-11T12:36:02+09:00,100,100,1.7136,0
M0012,3086,2026-08-11,2026-08-11T13:06:25+09:00,-400,-400,2.2200,0
M0012,3086,2026-08-11,2026-08-11T13:34:33+09:00,-600,-600,2.6889,0
M0012,3086,2026-08-11,2026-08-11T14:09:42+09:00,-1200,-1200,3.2747,0
M0012,3086,2026-08-11,2026-08-11T14:50:37+09:00,-1400,-1400,3.9567,0
M0012,3086,2026-08-11,2026-08-11T15:29:09+09:00,-1800,-1800,4.5989,0
M0012,3086,2026-08-11,2026-08-11T16:05:23+09:00,-1700,-1700,5.2028,0
M0012,3086,2026-08-11,2026-08-11T16:40:17+09:00,-1900,-1900,5.7844,0
M0012,3086,2026-08-11,2026-08-11T17:28:47+09:00,-2000,-2000,6.5928,0
M0012,3086,2026-08-11,2026-08-11T18:06:29+09:00,-400,-400,7.2211,0
M0012,3086,2026-08-11,2026-08-11T18:41:47+09:00,-200,-200,7.8094,0
M0012,3086,2026-08-11,2026-08-11T19:30:51+09:00,-800,-800,8.6272,0
M0012,3086,2026-08-11,2026-08-11T20:08:57+09:00,1700,1700,9.2622,0
M0012,3086,2026-08-11,2026-08-11T21:03:30+09:00,1000,1000,10.1714,0
M0012,3086,2026-08-11,2026-08-11T21:39:59+09:00,900,900,10.7794,0
M0012,3086,2026-08-11,2026-08-11T22:25:23+09:00,1200,1200,11.5361,0
M0012,3086,2026-08-12,2026-08-12T10:53:47+09:00,0,1200,11.5361,1
M0012,3086,2026-08-12,2026-08-12T12:36:01+09:00,-200,1000,13.2400,0
M0012,3086,2026-08-12,2026-08-12T13:06:31+09:00,-600,600,13.7483,0
M0012,3086,2026-08-12,2026-08-12T13:35:53+09:00,-700,500,14.2378,0
M0012,3086,2026-08-12,2026-08-12T14:11:01+09:00,-500,700,14.8233,0
M0012,3086,2026-08-12,2026-08-12T14:56:33+09:00,-1100,100,15.5822,0
M0012,3086,2026-08-12,2026-08-12T15:31:45+09:00,-700,500,16.1689,0
M0012,3086,2026-08-12,2026-08-12T16:07:57+09:00,-200,1000,16.7722,0
M0012,3086,2026-08-12,2026-08-12T16:35:17+09:00,-300,900,17.2278,0
M0012,3086,2026-08-12,2026-08-12T17:01:31+09:00,-1000,200,17.6650,0
M0012,3086,2026-08-12,2026-08-12T17:36:51+09:00,0,1200,18.2539,0
M0012,3086,2026-08-12,2026-08-12T18:14:03+09:00,1600,2800,18.8739,0
M0012,3086,2026-08-12,2026-08-12T19:01:02+09:00,1200,2400,19.6569,0
M0012,3086,2026-08-12,2026-08-12T19:36:51+09:00,1100,2300,20.2539,0
M0012,3086,2026-08-12,2026-08-12T20:14:43+09:00,1200,2400,20.8850,0
M0012,3086,2026-08-12,2026-08-12T21:03:27+09:00,1000,2200,21.6972,0
M0012,3086,2026-08-12,2026-08-12T21:39:31+09:00,300,1500,22.2983,0
M0012,3086,2026-08-12,2026-08-12T22:26:01+09:00,100,1300,23.0733,0
M0012,3086,2026-08-13,2026-08-13T10:54:54+09:00,0,1300,23.0733,1
M0012,3086,2026-08-13,2026-08-13T11:29:13+09:00,-700,600,23.6453,0
M0012,3086,2026-08-13,2026-08-13T12:03:39+09:00,200,1500,24.2192,0
M0012,3086,2026-08-13,2026-08-13T12:36:57+09:00,-300,1000,24.7742,0
M0012,3086,2026-08-13,2026-08-13T13:09:39+09:00,-1000,300,25.3192,0
M0012,3086,2026-08-13,2026-08-13T14:00:59+09:00,-1700,-400,26.1747,0
M0012,3086,2026-08-13,2026-08-13T14:35:09+09:00,-1800,-500,26.7442,0
M0012,3086,2026-08-13,2026-08-13T15:11:23+09:00,-2400,-1100,27.3481,0
M0012,3086,2026-08-13,2026-08-13T15:58:27+09:00,-1600,-300,28.1325,0
M0012,3086,2026-08-13,2026-08-13T16:33:27+09:00,-2200,-900,28.7158,0
M0012,3086,2026-08-13,2026-08-13T17:10:25+09:00,-1400,-100,29.3319,0
M0012,3086,2026-08-13,2026-08-13T17:59:47+09:00,-900,400,30.1547,0
M0012,3086,2026-08-13,2026-08-13T18:36:04+09:00,-1600,-300,30.7594,0
M0012,3086,2026-08-13,2026-08-13T19:14:33+09:00,-2300,-1000,31.4008,0
M0012,3086,2026-08-13,2026-08-13T20:02:43+09:00,-2800,-1500,32.2036,0
M0012,3086,2026-08-13,2026-08-13T20:39:10+09:00,-3900,-2600,32.8111,0
M0012,3086,2026-08-13,2026-08-13T21:23:43+09:00,-3000,-1700,33.5536,0
M0012,3086,2026-08-13,2026-08-13T22:03:35+09:00,-2300,-1000,34.2181,0
M0012,3086,2026-08-13,2026-08-13T22:40:21+09:00,-2400,-1100,34.8308,0
M0012,3086,2026-08-14,2026-08-14T10:54:41+09:00,-100,-1100,34.8308,1
M0012,3086,2026-08-14,2026-08-14T11:29:45+09:00,-600,-1600,35.4153,0
M0012,3086,2026-08-14,2026-08-14T12:04:15+09:00,-800,-1800,35.9903,0
M0012,3086,2026-08-14,2026-08-14T12:37:28+09:00,-1300,-2300,36.5439,0
M0012,3086,2026-08-14,2026-08-14T13:06:37+09:00,-1400,-2400,37.0297,0
M0012,3086,2026-08-14,2026-08-14T13:35:02+09:00,-1500,-2500,37.5033,0
M0012,3086,2026-08-14,2026-08-14T14:10:37+09:00,-2300,-3300,38.0964,0
M0012,3086,2026-08-14,2026-08-14T14:55:41+09:00,-2900,-3900,38.8475,0
M0012,3086,2026-08-14,2026-08-14T15:31:41+09:00,-2400,-3400,39.4475,0
M0012,3086,2026-08-14,2026-08-14T16:08:02+09:00,-1900,-2900,40.0533,0
M0012,3086,2026-08-14,2026-08-14T16:41:57+09:00,-3300,-4300,40.6186,0
M0012,3086,2026-08-14,2026-08-14T17:30:37+09:00,-3800,-4800,41.4297,0
M0012,3086,2026-08-14,2026-08-14T18:07:43+09:00,-1400,-2400,42.0481,0
M0012,3086,2026-08-14,2026-08-14T18:43:04+09:00,-2000,-3000,42.6372,0
M0012,3086,2026-08-14,2026-08-14T19:31:33+09:00,-2600,-3600,43.4453,0
M0012,3086,2026-08-14,2026-08-14T20:09:17+09:00,-3600,-4600,44.0742,0
M0012,3086,2026-08-14,2026-08-14T20:55:41+09:00,-3700,-4700,44.8475,0
M0012,3086,2026-08-14,2026-08-14T21:33:02+09:00,-3800,-4800,45.4700,0
M0012,3086,2026-08-14,2026-08-14T22:11:45+09:00,-4900,-5900,46.1153,0
M0012,3086,2026-08-14,2026-08-14T23:38:17+09:00,-4500,-5500,47.5575,0
M0012,3086,2026-08-15,2026-08-15T10:54:13+09:00,-100,-5500,47.5575,1
M0012,3086,2026-08-15,2026-08-15T11:29:09+09:00,-700,-6100,48.1397,0
M0012,3086,2026-08-15,2026-08-15T12:03:27+09:00,-1100,-6500,48.7114,0
M0012,3086,2026-08-15,2026-08-15T12:36:37+09:00,-1500,-6900,49.2642,0
M0012,3086,2026-08-15,2026-08-15T13:08:49+09:00,-2700,-8100,49.8008,0
M0012,3086,2026-08-15,2026-08-15T14:36:09+09:00,-3200,-8600,51.2564,0
M0012,3086,2026-08-15,2026-08-15T15:58:43+09:00,-3900,-9300,52.6325,0
M0012,3086,2026-08-15,2026-08-15T16:34:01+09:00,-4200,-9600,53.2208,0
M0012,3086,2026-08-15,2026-08-15T17:11:17+09:00,-3900,-9300,53.8419,0
M0012,3086,2026-08-15,2026-08-15T17:58:39+09:00,-4700,-10100,54.6314,0
M0012,3086,2026-08-15,2026-08-15T18:35:13+09:00,-3400,-8800,55.2408,0
M0012,3086,2026-08-15,2026-08-15T19:12:53+09:00,-1300,-6700,55.8686,0
M0012,3086,2026-08-15,2026-08-15T20:01:19+09:00,-1400,-6800,56.6758,0
M0012,3086,2026-08-15,2026-08-15T20:38:25+09:00,-1700,-7100,57.2942,0
M0012,3086,2026-08-15,2026-08-15T21:25:49+09:00,-2300,-7700,58.0842,0
M0012,3086,2026-08-15,2026-08-15T22:04:23+09:00,-2600,-8000,58.7269,0
M0012,3086,2026-08-16,2026-08-16T10:53:41+09:00,-100,-8000,58.7269,1
M0012,3086,2026-08-16,2026-08-16T11:28:27+09:00,-700,-8600,59.3064,0
M0012,3086,2026-08-16,2026-08-16T12:02:27+09:00,-900,-8800,59.8731,0
M0012,3086,2026-08-16,2026-08-16T12:35:49+09:00,-1300,-9200,60.4292,0
M0012,3086,2026-08-16,2026-08-16T13:06:49+09:00,-900,-8800,60.9458,0
M0012,3086,2026-08-16,2026-08-16T13:36:19+09:00,-1300,-9200,61.4375,0
M0012,3086,2026-08-16,2026-08-16T14:09:21+09:00,-800,-8700,61.9881,0
M0012,3086,2026-08-16,2026-08-16T14:51:21+09:00,-900,-8800,62.6881,0
M0012,3086,2026-08-16,2026-08-16T15:29:10+09:00,-1500,-9400,63.3183,0
M0012,3086,2026-08-16,2026-08-16T16:05:23+09:00,-1600,-9500,63.9219,0
M0012,3086,2026-08-16,2026-08-16T16:39:55+09:00,-2200,-10100,64.4975,0
M0012,3086,2026-08-16,2026-08-16T17:30:17+09:00,-600,-8500,65.3369,0
M0012,3086,2026-08-16,2026-08-16T18:07:35+09:00,200,-7700,65.9586,0
M0012,3086,2026-08-16,2026-08-16T18:38:25+09:00,-1100,-9000,66.4725,0
M0012,3086,2026-08-16,2026-08-16T19:40:19+09:00,-1300,-9200,67.5042,0
M0012,3086,2026-08-16,2026-08-16T20:25:39+09:00,-1800,-9700,68.2597,0
M0012,3086,2026-08-16,2026-08-16T21:04:51+09:00,-2400,-10300,68.9131,0
M0012,3086,2026-08-16,2026-08-16T21:42:13+09:00,-2500,-10400,69.5358,0
M0012,3086,2026-08-16,2026-08-16T22:32:01+09:00,-2700,-10600,70.3658,0
M0012,3086,2026-08-16,2026-08-16T23:11:15+09:00,-2800,-10700,71.0197,0
M0012,3086,2026-08-17,2026-08-17T10:52:31+09:00,-100,-10700,71.0197,1
M0012,3086,2026-08-17,2026-08-17T11:28:29+09:00,-600,-11200,71.6192,0
M0012,3086,2026-08-17,2026-08-17T12:02:23+09:00,-400,-11000,72.1842,0
M0012,3086,2026-08-17,2026-08-17T12:34:35+09:00,-900,-11500,72.7208,0
M0012,3086,2026-08-17,2026-08-17T13:07:15+09:00,-1100,-11700,73.2653,0
M0012,3086,2026-08-17,2026-08-17T14:36:43+09:00,-1500,-12100,74.7564,0
M0012,3086,2026-08-17,2026-08-17T15:11:21+09:00,2000,-8600,75.3336,0
M0012,3086,2026-08-17,2026-08-17T15:59:33+09:00,3800,-6800,76.1369,0
M0012,3086,2026-08-17,2026-08-17T16:33:27+09:00,6100,-4500,76.7019,0
M0012,3086,2026-08-17,2026-08-17T17:09:07+09:00,5900,-4700,77.2964,0
M0012,3086,2026-08-17,2026-08-17T17:58:27+09:00,5600,-5000,78.1186,0
M0012,3086,2026-08-17,2026-08-17T18:33:03+09:00,5200,-5400,78.6953,0
M0012,3086,2026-08-17,2026-08-17T19:09:23+09:00,3900,-6700,79.3008,0
M0012,3086,2026-08-17,2026-08-17T19:59:55+09:00,5900,-4700,80.1431,0
M0012,3086,2026-08-17,2026-08-17T20:35:21+09:00,6400,-4200,80.7336,0
M0012,3086,2026-08-17,2026-08-17T21:13:05+09:00,6600,-4000,81.3625,0
M0012,3086,2026-08-17,2026-08-17T22:34:49+09:00,6500,-4100,82.7247,0
M0012,3086,2026-08-17,2026-08-17T23:11:50+09:00,6000,-4600,83.3417,0
M0012,3086,2026-08-18,2026-08-18T10:52:51+09:00,-100,-4600,83.3417,1
M0012,3086,2026-08-18,2026-08-18T11:28:45+09:00,2200,-2300,83.9400,0
M0012,3086,2026-08-18,2026-08-18T12:02:47+09:00,4400,-100,84.5072,0
M0012,3086,2026-08-18,2026-08-18T12:35:21+09:00,4100,-400,85.0500,0
M0012,3086,2026-08-18,2026-08-18T13:07:37+09:00,4200,-300,85.5878,0
M0012,3086,2026-08-18,2026-08-18T13:35:43+09:00,3400,-1100,86.0561,0
M0012,3086,2026-08-18,2026-08-18T14:04:28+09:00,2800,-1700,86.5353,0
M0012,3086,2026-08-18,2026-08-18T14:37:28+09:00,2700,-1800,87.0853,0
M0012,3086,2026-08-18,2026-08-18T15:59:35+09:00,2200,-2300,88.4539,0
M0012,3086,2026-08-18,2026-08-18T16:33:08+09:00,1700,-2800,89.0131,0
M0012,3086,2026-08-18,2026-08-18T17:08:27+09:00,1000,-3500,89.6017,0
M0012,3086,2026-08-18,2026-08-18T19:09:25+09:00,700,-3800,91.6178,0
M0012,3086,2026-08-18,2026-08-18T19:59:53+09:00,1500,-3000,92.4589,0
M0012,3086,2026-08-18,2026-08-18T20:35:25+09:00,2800,-1700,93.0511,0
M0012,3086,2026-08-18,2026-08-18T21:11:41+09:00,5600,1100,93.6556,0
M0012,3086,2026-08-19,2026-08-19T10:53:31+09:00,0,1100,93.6556,1
M0012,3086,2026-08-19,2026-08-19T17:32:35+09:00,-200,900,100.3067,0
M0012,3086,2026-08-19,2026-08-19T18:08:43+09:00,-300,800,100.9089,0
M0012,3086,2026-08-19,2026-08-19T18:50:27+09:00,-200,900,101.6044,0
M0012,3086,2026-08-19,2026-08-19T19:28:55+09:00,-800,300,102.2456,0
M0012,3086,2026-08-19,2026-08-19T20:05:19+09:00,-500,600,102.8522,0
M0012,3086,2026-08-19,2026-08-19T20:39:17+09:00,-400,700,103.4183,0
M0012,3086,2026-08-19,2026-08-19T21:30:39+09:00,-900,200,104.2744,0
M0012,3086,2026-08-19,2026-08-19T22:07:17+09:00,-100,1000,104.8850,0
M0012,3086,2026-08-20,2026-08-20T10:52:57+09:00,0,1000,104.8850,1
M0012,3086,2026-08-20,2026-08-20T12:35:01+09:00,-100,900,106.5861,0
M0012,3086,2026-08-20,2026-08-20T13:36:17+09:00,-600,400,107.6072,0
M0012,3086,2026-08-20,2026-08-20T14:02:59+09:00,-1300,-300,108.0522,0
M0012,3086,2026-08-20,2026-08-20T14:35:37+09:00,-1500,-500,108.5961,0
M0012,3086,2026-08-20,2026-08-20T15:09:59+09:00,-2800,-1800,109.1689,0
M0012,3086,2026-08-20,2026-08-20T15:59:19+09:00,-3100,-2100,109.9911,0
M0012,3086,2026-08-20,2026-08-20T16:32:33+09:00,-3700,-2700,110.5450,0
M0012,3086,2026-08-20,2026-08-20T17:07:41+09:00,-4200,-3200,111.1306,0
M0012,3086,2026-08-20,2026-08-20T17:42:01+09:00,-4300,-3300,111.7028,0
M0012,3086,2026-08-20,2026-08-20T19:39:23+09:00,-4700,-3700,113.6589,0
M0012,3086,2026-08-20,2026-08-20T20:28:35+09:00,-5300,-4300,114.4789,0
M0012,3086,2026-08-20,2026-08-20T21:05:21+09:00,-6100,-5100,115.0917,0
M0012,3086,2026-08-22,2026-08-22T10:54:29+09:00,0,-5100,115.0917,1
M0012,3086,2026-08-22,2026-08-22T11:28:57+09:00,-300,-5400,115.6661,0
M0012,3086,2026-08-22,2026-08-22T12:03:41+09:00,-700,-5800,116.2450,0
M0012,3086,2026-08-22,2026-08-22T12:36:35+09:00,-1100,-6200,116.7933,0
M0012,3086,2026-08-22,2026-08-22T13:08:43+09:00,-2100,-7200,117.3289,0
M0012,3086,2026-08-22,2026-08-22T14:05:49+09:00,-900,-6000,118.2806,0
M0012,3086,2026-08-22,2026-08-22T14:40:51+09:00,-600,-5700,118.8644,0
M0012,3086,2026-08-22,2026-08-22T15:30:07+09:00,-1200,-6300,119.6856,0
M0012,3086,2026-08-22,2026-08-22T16:07:19+09:00,-1600,-6700,120.3056,0
M0012,3086,2026-08-22,2026-08-22T16:43:29+09:00,-2900,-8000,120.9083,0
M0012,3086,2026-08-22,2026-08-22T17:31:13+09:00,-2000,-7100,121.7039,0
M0012,3086,2026-08-22,2026-08-22T18:09:45+09:00,-2400,-7500,122.3461,0
M0012,3086,2026-08-22,2026-08-22T19:33:07+09:00,-2800,-7900,123.7356,0
M0012,3086,2026-08-22,2026-08-22T20:12:13+09:00,-3100,-8200,124.3872,0
M0012,3086,2026-08-22,2026-08-22T21:01:31+09:00,-3900,-9000,125.2089,0
M0012,3086,2026-08-22,2026-08-22T21:39:25+09:00,-4500,-9600,125.8406,0
M0012,3086,2026-08-23,2026-08-23T10:53:53+09:00,-100,-9600,125.8406,1
M0012,3086,2026-08-23,2026-08-23T11:29:03+09:00,1600,-7900,126.4267,0
M0012,3086,2026-08-23,2026-08-23T12:03:35+09:00,2400,-7100,127.0022,0
M0012,3086,2026-08-23,2026-08-23T12:36:41+09:00,1900,-7600,127.5539,0
M0012,3086,2026-08-23,2026-08-23T13:07:01+09:00,2200,-7300,128.0594,0
M0012,3086,2026-08-23,2026-08-23T14:54:04+09:00,2900,-6600,129.8436,0
M0012,3086,2026-08-23,2026-08-23T15:31:31+09:00,2200,-7300,130.4678,0
M0012,3086,2026-08-23,2026-08-23T16:08:15+09:00,2100,-7400,131.0800,0
M0012,3086,2026-08-23,2026-08-23T16:54:35+09:00,2000,-7500,131.8522,0
M0012,3086,2026-08-23,2026-08-23T17:31:47+09:00,3200,-6300,132.4722,0
M0012,3086,2026-08-23,2026-08-23T18:09:27+09:00,4700,-4800,133.1000,0
M0012,3086,2026-08-23,2026-08-23T18:55:58+09:00,4300,-5200,133.8753,0
M0012,3086,2026-08-23,2026-08-23T19:33:57+09:00,4000,-5500,134.5083,0
M0012,3086,2026-08-23,2026-08-23T20:12:39+09:00,3100,-6400,135.1533,0
M0012,3086,2026-08-23,2026-08-23T21:01:31+09:00,2300,-7200,135.9678,0
M0012,3086,2026-08-23,2026-08-23T21:39:29+09:00,2900,-6600,136.6006,0
M0012,3086,2026-08-24,2026-08-24T10:54:29+09:00,-100,-6600,136.6006,1
M0012,3086,2026-08-24,2026-08-24T11:29:08+09:00,-200,-6700,137.1781,0
M0012,3086,2026-08-24,2026-08-24T12:03:33+09:00,0,-6500,137.7517,0
M0012,3086,2026-08-24,2026-08-24T12:36:23+09:00,-200,-6700,138.2989,0
M0012,3086,2026-08-24,2026-08-24T13:10:11+09:00,-700,-7200,138.8622,0
M0012,3086,2026-08-24,2026-08-24T13:57:31+09:00,-1000,-7500,139.6511,0
M0012,3086,2026-08-24,2026-08-24T14:31:29+09:00,-1600,-8100,140.2172,0
M0012,3086,2026-08-24,2026-08-24T15:06:59+09:00,-600,-7100,140.8089,0
M0012,3086,2026-08-24,2026-08-24T15:35:54+09:00,-1300,-7800,141.2908,0
M0012,3086,2026-08-24,2026-08-24T16:05:39+09:00,-1700,-8200,141.7867,0
M0012,3086,2026-08-24,2026-08-24T16:40:02+09:00,-1600,-8100,142.3597,0
M0012,3086,2026-08-24,2026-08-24T18:37:29+09:00,-2100,-8600,144.3172,0
M0012,3086,2026-08-24,2026-08-24T19:13:25+09:00,-2500,-9000,144.9161,0
M0012,3086,2026-08-24,2026-08-24T20:00:37+09:00,-2800,-9300,145.7028,0
M0012,3086,2026-08-24,2026-08-24T20:36:01+09:00,-900,-7400,146.2928,0
M0012,3086,2026-08-24,2026-08-24T21:13:01+09:00,2000,-4500,146.9094,0
M0012,3086,2026-08-25,2026-08-25T10:53:53+09:00,0,-4500,146.9094,1
M0012,3086,2026-08-25,2026-08-25T12:36:43+09:00,600,-3900,148.6233,0
M0012,3086,2026-08-25,2026-08-25T13:06:33+09:00,800,-3700,149.1206,0
M0012,3086,2026-08-25,2026-08-25T14:09:29+09:00,300,-4200,150.1694,0
M0012,3086,2026-08-25,2026-08-25T14:50:35+09:00,2200,-2300,150.8544,0
M0012,3086,2026-08-25,2026-08-25T15:27:09+09:00,4300,-200,151.4639,0
M0012,3086,2026-08-25,2026-08-25T16:37:33+09:00,4100,-400,152.6372,0
M0012,3086,2026-08-25,2026-08-25T17:05:09+09:00,3400,-1100,153.0972,0
M0012,3086,2026-08-25,2026-08-25T17:30:51+09:00,2700,-1800,153.5256,0
M0012,3086,2026-08-25,2026-08-25T18:07:23+09:00,2400,-2100,154.1344,0
M0012,3086,2026-08-25,2026-08-25T18:42:17+09:00,3000,-1500,154.7161,0
M0012,3086,2026-08-25,2026-08-25T19:28:31+09:00,2900,-1600,155.4867,0
M0012,3086,2026-08-25,2026-08-25T20:05:21+09:00,2200,-2300,156.1006,0
M0012,3086,2026-08-25,2026-08-25T20:40:03+09:00,2100,-2400,156.6789,0
M0012,3086,2026-08-25,2026-08-25T21:28:25+09:00,2500,-2000,157.4850,0
M0012,3086,2026-08-25,2026-08-25T22:05:51+09:00,3300,-1200,158.1089,0
M0012,3086,2026-08-26,2026-08-26T10:53:07+09:00,0,-1200,158.1089,1
M0012,3086,2026-08-26,2026-08-26T11:28:33+09:00,-500,-1700,158.6994,0
M0012,3086,2026-08-26,2026-08-26T12:02:31+09:00,-600,-1800,159.2656,0
M0012,3086,2026-08-26,2026-08-26T18:38:31+09:00,-1900,-3100,165.8656,0
M0012,3086,2026-08-26,2026-08-26T19:20:17+09:00,-2100,-3300,166.5617,0
M0012,3086,2026-08-26,2026-08-26T20:01:09+09:00,-2300,-3500,167.2428,0
M0012,3086,2026-08-26,2026-08-26T20:36:21+09:00,-2700,-3900,167.8294,0
M0012,3086,2026-08-26,2026-08-26T21:13:13+09:00,-2900,-4100,168.4439,0
M0012,3086,2026-08-27,2026-08-27T10:54:19+09:00,0,-4100,168.4439,1
M0012,3086,2026-08-27,2026-08-27T13:07:43+09:00,-100,-4200,170.6672,0
M0012,3086,2026-08-27,2026-08-27T13:35:23+09:00,-700,-4800,171.1283,0
M0012,3086,2026-08-27,2026-08-27T14:07:15+09:00,-1100,-5200,171.6594,0
M0012,3086,2026-08-27,2026-08-27T14:41:06+09:00,-600,-4700,172.2236,0
M0012,3086,2026-08-27,2026-08-27T15:26:49+09:00,-400,-4500,172.9856,0
M0012,3086,2026-08-27,2026-08-27T16:02:47+09:00,-800,-4900,173.5850,0
M0012,3086,2026-08-27,2026-08-27T20:44:41+09:00,-1900,-6000,178.2833,0
M0012,3086,2026-08-27,2026-08-27T21:32:59+09:00,-2000,-6100,179.0883,0
M0012,3086,2026-08-28,2026-08-28T10:54:45+09:00,100,-6100,179.0883,1
M0012,3086,2026-08-28,2026-08-28T11:29:35+09:00,-500,-6700,179.6689,0
M0012,3086,2026-08-28,2026-08-28T13:35:41+09:00,-1000,-7200,181.7706,0
M0012,3086,2026-08-28,2026-08-28T14:09:41+09:00,-900,-7100,182.3372,0
M0012,3086,2026-08-28,2026-08-28T20:14:11+09:00,-1600,-7800,188.4122,0
M0012,3086,2026-08-28,2026-08-28T21:00:55+09:00,-2300,-8500,189.1911,0
M0012,3086,2026-08-28,2026-08-28T21:36:25+09:00,-2800,-9000,189.7828,0
M0012,3086,2026-08-28,2026-08-28T22:13:23+09:00,-3700,-9900,190.3989,0
M0012,3086,2026-08-29,2026-08-29T10:54:15+09:00,-200,-9900,190.3989,1
M0012,3086,2026-08-29,2026-08-29T11:29:35+09:00,200,-9500,190.9878,0
M0012,3086,2026-08-29,2026-08-29T13:08:43+09:00,300,-9400,192.6400,0
M0012,3086,2026-08-29,2026-08-29T14:08:01+09:00,700,-9000,193.6283,0
M0012,3086,2026-08-29,2026-08-29T14:42:31+09:00,-500,-10200,194.2033,0
M0012,3086,2026-08-29,2026-08-29T15:28:43+09:00,-1200,-10900,194.9733,0
M0012,3086,2026-08-29,2026-08-29T16:05:41+09:00,-1600,-11300,195.5894,0
M0012,3086,2026-08-29,2026-08-29T17:36:27+09:00,-1900,-11600,197.1022,0
M0012,3086,2026-08-29,2026-08-29T18:13:47+09:00,-1800,-11500,197.7244,0
M0012,3086,2026-08-29,2026-08-29T19:01:11+09:00,-2000,-11700,198.5144,0
M0012,3086,2026-08-29,2026-08-29T19:38:11+09:00,-1700,-11400,199.1311,0
M0012,3086,2026-08-29,2026-08-29T21:05:49+09:00,-1400,-11100,200.5917,0
M0012,3086,2026-08-29,2026-08-29T21:43:07+09:00,-1500,-11200,201.2133,0
M0012,3086,2026-08-29,2026-08-29T22:32:31+09:00,-2000,-11700,202.0367,0
M0012,3086,2026-08-29,2026-08-29T23:11:51+09:00,-1700,-11400,202.6922,0
M0013,3087,2026-08-11,2026-08-11T10:53:13+09:00,-100,-100,0.0000,1
M0013,3087,2026-08-11,2026-08-11T11:28:39+09:00,-900,-900,0.5906,0
M0013,3087,2026-08-11,2026-08-11T12:02:43+09:00,-1200,-1200,1.1583,0
M0013,3087,2026-08-11,2026-08-11T12:36:02+09:00,-1700,-1700,1.7136,0
M0013,3087,2026-08-11,2026-08-11T13:06:25+09:00,-1500,-1500,2.2200,0
M0013,3087,2026-08-11,2026-08-11T13:34:33+09:00,-2100,-2100,2.6889,0
M0013,3087,2026-08-11,2026-08-11T14:09:42+09:00,0,0,3.2747,0
M0013,3087,2026-08-11,2026-08-11T14:50:37+09:00,200,200,3.9567,0
M0013,3087,2026-08-11,2026-08-11T15:29:09+09:00,600,600,4.5989,0
M0013,3087,2026-08-11,2026-08-11T16:05:23+09:00,500,500,5.2028,0
M0013,3087,2026-08-11,2026-08-11T16:40:17+09:00,600,600,5.7844,0
M0013,3087,2026-08-11,2026-08-11T17:28:47+09:00,2000,2000,6.5928,0
M0013,3087,2026-08-11,2026-08-11T18:06:29+09:00,1300,1300,7.2211,0
M0013,3087,2026-08-11,2026-08-11T18:41:47+09:00,800,800,7.8094,0
M0013,3087,2026-08-11,2026-08-11T19:30:51+09:00,500,500,8.6272,0
M0013,3087,2026-08-11,2026-08-11T20:08:57+09:00,-800,-800,9.2622,0
M0013,3087,2026-08-11,2026-08-11T21:03:30+09:00,-1300,-1300,10.1714,0
M0013,3087,2026-08-12,2026-08-12T10:53:47+09:00,-100,-1300,10.1714,1
M0013,3087,2026-08-12,2026-08-12T11:28:45+09:00,-900,-2100,10.7542,0
M0013,3087,2026-08-12,2026-08-12T12:02:51+09:00,-1300,-2500,11.3225,0
M0013,3087,2026-08-12,2026-08-12T12:36:01+09:00,-2000,-3200,11.8753,0
M0013,3087,2026-08-12,2026-08-12T13:06:31+09:00,-1900,-3100,12.3836,0
M0013,3087,2026-08-12,2026-08-12T13:35:53+09:00,-2200,-3400,12.8731,0
M0013,3087,2026-08-12,2026-08-12T14:11:01+09:00,-2400,-3600,13.4586,0
M0013,3087,2026-08-12,2026-08-12T14:56:33+09:00,-3000,-4200,14.2175,0
M0013,3087,2026-08-12,2026-08-12T15:31:45+09:00,-3800,-5000,14.8042,0
M0013,3087,2026-08-12,2026-08-12T16:07:57+09:00,-4200,-5400,15.4075,0
M0013,3087,2026-08-12,2026-08-12T16:35:17+09:00,-2800,-4000,15.8631,0
M0013,3087,2026-08-12,2026-08-12T17:01:31+09:00,-2400,-3600,16.3003,0
M0013,3087,2026-08-12,2026-08-12T18:14:03+09:00,-2500,-3700,17.5092,0
M0013,3087,2026-08-12,2026-08-12T19:01:02+09:00,-2300,-3500,18.2922,0
M0013,3087,2026-08-12,2026-08-12T19:36:51+09:00,-2600,-3800,18.8892,0
M0013,3087,2026-08-12,2026-08-12T20:14:43+09:00,-2800,-4000,19.5203,0
M0013,3087,2026-08-12,2026-08-12T21:03:27+09:00,-3400,-4600,20.3325,0
M0013,3087,2026-08-12,2026-08-12T21:39:31+09:00,-3300,-4500,20.9336,0
M0013,3087,2026-08-13,2026-08-13T10:54:54+09:00,-100,-4500,20.9336,1
M0013,3087,2026-08-13,2026-08-13T11:29:13+09:00,800,-3600,21.5056,0
M0013,3087,2026-08-13,2026-08-13T12:03:39+09:00,100,-4300,22.0794,0
M0013,3087,2026-08-13,2026-08-13T12:36:57+09:00,-500,-4900,22.6344,0
M0013,3087,2026-08-13,2026-08-13T13:09:39+09:00,-1700,-6100,23.1794,0
M0013,3087,2026-08-13,2026-08-13T14:00:59+09:00,-1300,-5700,24.0350,0
M0013,3087,2026-08-13,2026-08-13T14:35:09+09:00,-2100,-6500,24.6044,0
M0013,3087,2026-08-13,2026-08-13T15:11:23+09:00,-2000,-6400,25.2083,0
M0013,3087,2026-08-13,2026-08-13T15:58:27+09:00,-1500,-5900,25.9928,0
M0013,3087,2026-08-13,2026-08-13T16:33:27+09:00,-2300,-6700,26.5761,0
M0013,3087,2026-08-13,2026-08-13T17:10:25+09:00,-3200,-7600,27.1922,0
M0013,3087,2026-08-13,2026-08-13T17:59:47+09:00,-3700,-8100,28.0150,0
M0013,3087,2026-08-13,2026-08-13T18:36:04+09:00,-4100,-8500,28.6197,0
M0013,3087,2026-08-13,2026-08-13T19:14:33+09:00,-3700,-8100,29.2611,0
M0013,3087,2026-08-13,2026-08-13T20:39:10+09:00,-3800,-8200,30.6714,0
M0013,3087,2026-08-13,2026-08-13T21:23:43+09:00,-3600,-8000,31.4139,0
M0013,3087,2026-08-13,2026-08-13T22:03:35+09:00,-2200,-6600,32.0783,0
M0013,3087,2026-08-13,2026-08-13T22:40:21+09:00,-1700,-6100,32.6911,0
M0013,3087,2026-08-14,2026-08-14T10:54:41+09:00,-100,-6100,32.6911,1
M0013,3087,2026-08-14,2026-08-14T11:29:45+09:00,0,-6000,33.2756,0
M0013,3087,2026-08-14,2026-08-14T12:04:15+09:00,1500,-4500,33.8506,0
M0013,3087,2026-08-14,2026-08-14T12:37:28+09:00,2200,-3800,34.4042,0
M0013,3087,2026-08-14,2026-08-14T13:06:37+09:00,1300,-4700,34.8900,0
M0013,3087,2026-08-14,2026-08-14T13:35:02+09:00,800,-5200,35.3636,0
M0013,3087,2026-08-14,2026-08-14T14:10:37+09:00,900,-5100,35.9567,0
M0013,3087,2026-08-14,2026-08-14T14:55:41+09:00,200,-5800,36.7078,0
M0013,3087,2026-08-14,2026-08-14T15:31:41+09:00,-200,-6200,37.3078,0
M0013,3087,2026-08-14,2026-08-14T16:08:02+09:00,-900,-6900,37.9136,0
M0013,3087,2026-08-14,2026-08-14T16:41:57+09:00,-2000,-8000,38.4789,0
M0013,3087,2026-08-14,2026-08-14T17:30:37+09:00,-2100,-8100,39.2900,0
M0013,3087,2026-08-14,2026-08-14T18:07:43+09:00,-2400,-8400,39.9083,0
M0013,3087,2026-08-14,2026-08-14T18:43:04+09:00,-3700,-9700,40.4975,0
M0013,3087,2026-08-14,2026-08-14T19:31:33+09:00,-3900,-9900,41.3056,0
M0013,3087,2026-08-15,2026-08-15T10:54:13+09:00,-200,-9900,41.3056,1
M0013,3087,2026-08-15,2026-08-15T11:29:09+09:00,100,-9600,41.8878,0
M0013,3087,2026-08-15,2026-08-15T12:03:27+09:00,600,-9100,42.4594,0
M0013,3087,2026-08-15,2026-08-15T12:36:37+09:00,300,-9400,43.0122,0
M0013,3087,2026-08-15,2026-08-15T13:08:49+09:00,1000,-8700,43.5489,0
M0013,3087,2026-08-15,2026-08-15T14:01:55+09:00,400,-9300,44.4339,0
M0013,3087,2026-08-15,2026-08-15T14:36:09+09:00,1400,-8300,45.0044,0
M0013,3087,2026-08-15,2026-08-15T15:11:53+09:00,1800,-7900,45.6000,0
M0013,3087,2026-08-15,2026-08-15T15:58:43+09:00,2800,-6900,46.3806,0
M0013,3087,2026-08-15,2026-08-15T16:34:01+09:00,2300,-7400,46.9689,0
M0013,3087,2026-08-15,2026-08-15T17:11:17+09:00,2500,-7200,47.5900,0
M0013,3087,2026-08-15,2026-08-15T17:58:39+09:00,1900,-7800,48.3794,0
M0013,3087,2026-08-15,2026-08-15T18:35:13+09:00,1800,-7900,48.9889,0
M0013,3087,2026-08-15,2026-08-15T19:12:53+09:00,2400,-7300,49.6167,0
M0013,3087,2026-08-15,2026-08-15T20:01:19+09:00,2200,-7500,50.4239,0
M0013,3087,2026-08-15,2026-08-15T20:38:25+09:00,2400,-7300,51.0422,0
M0013,3087,2026-08-15,2026-08-15T21:25:49+09:00,4400,-5300,51.8322,0
M0013,3087,2026-08-15,2026-08-15T22:04:23+09:00,5700,-4000,52.4750,0
M0013,3087,2026-08-15,2026-08-15T22:41:53+09:00,8600,-1100,53.1000,0
M0013,3087,2026-08-16,2026-08-16T10:53:41+09:00,-100,-1100,53.1000,1
M0013,3087,2026-08-16,2026-08-16T11:28:27+09:00,-500,-1500,53.6794,0
M0013,3087,2026-08-16,2026-08-16T12:35:49+09:00,-1200,-2200,54.8022,0
M0013,3087,2026-08-16,2026-08-16T13:06:49+09:00,-1600,-2600,55.3189,0
M0013,3087,2026-08-16,2026-08-16T13:36:19+09:00,-2000,-3000,55.8106,0
M0013,3087,2026-08-16,2026-08-16T14:09:21+09:00,-500,-1500,56.3611,0
M0013,3087,2026-08-16,2026-08-16T14:51:21+09:00,-200,-1200,57.0611,0
M0013,3087,2026-08-16,2026-08-16T15:29:10+09:00,-900,-1900,57.6914,0
M0013,3087,2026-08-16,2026-08-16T16:05:23+09:00,-1600,-2600,58.2950,0
M0013,3087,2026-08-16,2026-08-16T16:39:55+09:00,-2200,-3200,58.8706,0
M0013,3087,2026-08-16,2026-08-16T17:30:17+09:00,-1400,-2400,59.7100,0
M0013,3087,2026-08-16,2026-08-16T18:07:35+09:00,-2000,-3000,60.3317,0
M0013,3087,2026-08-16,2026-08-16T18:38:25+09:00,-700,-1700,60.8456,0
M0013,3087,2026-08-16,2026-08-16T19:40:19+09:00,-2000,-3000,61.8772,0
M0013,3087,2026-08-16,2026-08-16T20:25:39+09:00,-1800,-2800,62.6328,0
M0013,3087,2026-08-16,2026-08-16T21:04:51+09:00,-2200,-3200,63.2861,0
M0013,3087,2026-08-16,2026-08-16T21:42:13+09:00,-2500,-3500,63.9089,0
M0013,3087,2026-08-16,2026-08-16T22:32:01+09:00,-2900,-3900,64.7389,0
M0013,3087,2026-08-17,2026-08-17T10:52:31+09:00,0,-3900,64.7389,1
M0013,3087,2026-08-17,2026-08-17T13:07:15+09:00,-200,-4100,66.9844,0
M0013,3087,2026-08-17,2026-08-17T13:35:21+09:00,-900,-4800,67.4528,0
M0013,3087,2026-08-17,2026-08-17T14:03:11+09:00,-100,-4000,67.9167,0
M0013,3087,2026-08-17,2026-08-17T14:36:43+09:00,-800,-4700,68.4756,0
M0013,3087,2026-08-17,2026-08-17T15:11:21+09:00,-1200,-5100,69.0528,0
M0013,3087,2026-08-17,2026-08-17T15:59:33+09:00,-600,-4500,69.8561,0
M0013,3087,2026-08-17,2026-08-17T16:33:27+09:00,1300,-2600,70.4211,0
M0013,3087,2026-08-17,2026-08-17T17:09:07+09:00,900,-3000,71.0156,0
M0013,3087,2026-08-17,2026-08-17T17:58:27+09:00,1100,-2800,71.8378,0
M0013,3087,2026-08-17,2026-08-17T18:33:03+09:00,1600,-2300,72.4144,0
M0013,3087,2026-08-17,2026-08-17T19:09:23+09:00,200,-3700,73.0200,0
M0013,3087,2026-08-17,2026-08-17T19:59:55+09:00,-100,-4000,73.8622,0
M0013,3087,2026-08-17,2026-08-17T20:35:21+09:00,1200,-2700,74.4528,0
M0013,3087,2026-08-17,2026-08-17T21:13:05+09:00,2400,-1500,75.0817,0
M0013,3087,2026-08-17,2026-08-17T21:59:13+09:00,1800,-2100,75.8506,0
M0013,3087,2026-08-17,2026-08-17T22:34:49+09:00,1300,-2600,76.4439,0
M0013,3087,2026-08-17,2026-08-17T23:11:50+09:00,1100,-2800,77.0608,0
M0013,3087,2026-08-18,2026-08-18T10:52:51+09:00,-200,-2800,77.0608,1
M0013,3087,2026-08-18,2026-08-18T11:28:45+09:00,-800,-3400,77.6592,0
M0013,3087,2026-08-18,2026-08-18T13:07:37+09:00,-700,-3300,79.3069,0
M0013,3087,2026-08-18,2026-08-18T13:35:43+09:00,-1300,-3900,79.7753,0
M0013,3087,2026-08-18,2026-08-18T14:37:28+09:00,-2000,-4600,80.8044,0
M0013,3087,2026-08-18,2026-08-18T15:11:53+09:00,100,-2500,81.3781,0
M0013,3087,2026-08-18,2026-08-18T15:59:35+09:00,0,-2600,82.1731,0
M0013,3087,2026-08-18,2026-08-18T16:33:08+09:00,200,-2400,82.7322,0
M0013,3087,2026-08-18,2026-08-18T17:08:27+09:00,-400,-3000,83.3208,0
M0013,3087,2026-08-18,2026-08-18T17:59:01+09:00,-700,-3300,84.1636,0
M0013,3087,2026-08-18,2026-08-18T18:33:31+09:00,-400,-3000,84.7386,0
M0013,3087,2026-08-18,2026-08-18T19:09:25+09:00,200,-2400,85.3369,0
M0013,3087,2026-08-18,2026-08-18T19:59:53+09:00,300,-2300,86.1781,0
M0013,3087,2026-08-18,2026-08-18T20:35:25+09:00,1300,-1300,86.7703,0
M0013,3087,2026-08-18,2026-08-18T21:11:41+09:00,1400,-1200,87.3747,0
M0013,3087,2026-08-18,2026-08-18T22:33:27+09:00,1100,-1500,88.7375,0
M0013,3087,2026-08-19,2026-08-19T10:53:31+09:00,0,-1500,88.7375,1
M0013,3087,2026-08-19,2026-08-19T13:06:21+09:00,-100,-1600,90.9514,0
M0013,3087,2026-08-19,2026-08-19T13:35:01+09:00,-700,-2200,91.4292,0
M0013,3087,2026-08-19,2026-08-19T14:09:06+09:00,-1000,-2500,91.9972,0
M0013,3087,2026-08-19,2026-08-19T15:26:59+09:00,-1400,-2900,93.2953,0
M0013,3087,2026-08-19,2026-08-19T16:02:55+09:00,-2000,-3500,93.8942,0
M0013,3087,2026-08-19,2026-08-19T16:36:50+09:00,-2200,-3700,94.4594,0
M0013,3087,2026-08-19,2026-08-19T17:06:11+09:00,-2900,-4400,94.9486,0
M0013,3087,2026-08-19,2026-08-19T17:32:35+09:00,-3500,-5000,95.3886,0
M0013,3087,2026-08-19,2026-08-19T18:08:43+09:00,-4600,-6100,95.9908,0
M0013,3087,2026-08-19,2026-08-19T18:50:27+09:00,-5200,-6700,96.6864,0
M0013,3087,2026-08-19,2026-08-19T19:28:55+09:00,-5100,-6600,97.3275,0
M0013,3087,2026-08-19,2026-08-19T20:05:19+09:00,-5500,-7000,97.9342,0
M0013,3087,2026-08-19,2026-08-19T20:39:17+09:00,-5400,-6900,98.5003,0
M0013,3087,2026-08-19,2026-08-19T21:30:39+09:00,-5200,-6700,99.3564,0
M0013,3087,2026-08-19,2026-08-19T22:07:17+09:00,-5300,-6800,99.9669,0
M0013,3087,2026-08-19,2026-08-19T22:43:08+09:00,-6700,-8200,100.5644,0
M0013,3087,2026-08-19,2026-08-19T23:29:49+09:00,-5800,-7300,101.3425,0
M0013,3087,2026-08-20,2026-08-20T10:52:57+09:00,0,-7300,101.3425,1
M0013,3087,2026-08-20,2026-08-20T11:28:53+09:00,-700,-8000,101.9414,0
M0013,3087,2026-08-20,2026-08-20T12:02:37+09:00,-400,-7700,102.5036,0
M0013,3087,2026-08-20,2026-08-20T19:39:23+09:00,-1500,-8800,110.1164,0
M0013,3087,2026-08-20,2026-08-20T20:28:35+09:00,-1800,-9100,110.9364,0
M0013,3087,2026-08-20,2026-08-20T21:05:21+09:00,-2100,-9400,111.5492,0
M0013,3087,2026-08-22,2026-08-22T10:54:29+09:00,0,-9400,111.5492,1
M0013,3087,2026-08-22,2026-08-22T11:28:57+09:00,-800,-10200,112.1236,0
M0013,3087,2026-08-22,2026-08-22T12:03:41+09:00,-300,-9700,112.7025,0
M0013,3087,2026-08-22,2026-08-22T12:36:35+09:00,1500,-7900,113.2508,0
M0013,3087,2026-08-22,2026-08-22T13:08:43+09:00,1000,-8400,113.7864,0
M0013,3087,2026-08-22,2026-08-22T14:05:49+09:00,400,-9000,114.7381,0
M0013,3087,2026-08-22,2026-08-22T14:40:51+09:00,-400,-9800,115.3219,0
M0013,3087,2026-08-22,2026-08-22T15:30:07+09:00,100,-9300,116.1431,0
M0013,3087,2026-08-22,2026-08-22T16:07:19+09:00,-500,-9900,116.7631,0
M0013,3087,2026-08-22,2026-08-22T16:43:29+09:00,-400,-9800,117.3658,0
M0013,3087,2026-08-22,2026-08-22T17:31:13+09:00,-800,-10200,118.1614,0
M0013,3087,2026-08-22,2026-08-22T18:09:45+09:00,-700,-10100,118.8036,0
M0013,3087,2026-08-22,2026-08-22T18:55:39+09:00,900,-8500,119.5686,0
M0013,3087,2026-08-22,2026-08-22T19:33:07+09:00,200,-9200,120.1931,0
M0013,3087,2026-08-22,2026-08-22T20:12:13+09:00,0,-9400,120.8447,0
M0013,3087,2026-08-22,2026-08-22T21:01:31+09:00,-200,-9600,121.6664,0
M0013,3087,2026-08-22,2026-08-22T21:39:25+09:00,1500,-7900,122.2981,0
M0013,3087,2026-08-22,2026-08-22T22:28:43+09:00,2000,-7400,123.1197,0
M0013,3087,2026-08-23,2026-08-23T10:53:53+09:00,-100,-7400,123.1197,1
M0013,3087,2026-08-23,2026-08-23T11:29:03+09:00,-600,-7900,123.7058,0
M0013,3087,2026-08-23,2026-08-23T12:03:35+09:00,-1300,-8600,124.2814,0
M0013,3087,2026-08-23,2026-08-23T12:36:41+09:00,-900,-8200,124.8331,0
M0013,3087,2026-08-23,2026-08-23T13:07:01+09:00,-1600,-8900,125.3386,0
M0013,3087,2026-08-23,2026-08-23T13:35:29+09:00,-2000,-9300,125.8131,0
M0013,3087,2026-08-23,2026-08-23T14:10:53+09:00,-2600,-9900,126.4031,0
M0013,3087,2026-08-23,2026-08-23T14:54:04+09:00,-3400,-10700,127.1228,0
M0013,3087,2026-08-23,2026-08-23T15:31:31+09:00,-3300,-10600,127.7469,0
M0013,3087,2026-08-23,2026-08-23T16:08:15+09:00,-1000,-8300,128.3592,0
M0013,3087,2026-08-23,2026-08-23T16:54:35+09:00,-300,-7600,129.1314,0
M0013,3087,2026-08-23,2026-08-23T17:31:47+09:00,-600,-7900,129.7514,0
M0013,3087,2026-08-23,2026-08-23T18:09:27+09:00,-1700,-9000,130.3792,0
M0013,3087,2026-08-23,2026-08-23T18:55:58+09:00,-1900,-9200,131.1544,0
M0013,3087,2026-08-23,2026-08-23T20:12:39+09:00,-2200,-9500,132.4325,0
M0013,3087,2026-08-23,2026-08-23T21:01:31+09:00,-2300,-9600,133.2469,0
M0013,3087,2026-08-23,2026-08-23T21:39:29+09:00,-3400,-10700,133.8797,0
M0013,3087,2026-08-23,2026-08-23T22:26:19+09:00,-4100,-11400,134.6603,0
M0013,3087,2026-08-23,2026-08-23T23:06:27+09:00,-4000,-11300,135.3292,0
M0013,3087,2026-08-24,2026-08-24T10:54:29+09:00,-200,-11300,135.3292,1
M0013,3087,2026-08-24,2026-08-24T11:29:08+09:00,-700,-11800,135.9067,0
M0013,3087,2026-08-24,2026-08-24T12:03:33+09:00,-1200,-12300,136.4803,0
M0013,3087,2026-08-24,2026-08-24T12:36:23+09:00,-1600,-12700,137.0275,0
M0013,3087,2026-08-24,2026-08-24T13:10:11+09:00,-2900,-14000,137.5908,0
M0013,3087,2026-08-24,2026-08-24T13:57:31+09:00,-2800,-13900,138.3797,0
M0013,3087,2026-08-24,2026-08-24T14:31:29+09:00,-200,-11300,138.9458,0
M0013,3087,2026-08-24,2026-08-24T15:06:59+09:00,2400,-8700,139.5375,0
M0013,3087,2026-08-24,2026-08-24T15:35:54+09:00,1700,-9400,140.0194,0
M0013,3087,2026-08-24,2026-08-24T16:05:39+09:00,1500,-9600,140.5153,0
M0013,3087,2026-08-24,2026-08-24T18:37:29+09:00,900,-10200,143.0458,0
M0013,3087,2026-08-24,2026-08-24T19:13:25+09:00,600,-10500,143.6447,0
M0013,3087,2026-08-24,2026-08-24T20:00:37+09:00,100,-11000,144.4314,0
M0013,3087,2026-08-24,2026-08-24T20:36:01+09:00,-300,-11400,145.0214,0
M0013,3087,2026-08-25,2026-08-25T10:53:53+09:00,-200,-11400,145.0214,1
M0013,3087,2026-08-25,2026-08-25T11:29:03+09:00,-800,-12000,145.6075,0
M0013,3087,2026-08-25,2026-08-25T12:03:47+09:00,-1300,-12500,146.1864,0
M0013,3087,2026-08-25,2026-08-25T19:28:31+09:00,-1500,-12700,153.5986,0
M0013,3087,2026-08-25,2026-08-25T20:05:21+09:00,0,-11200,154.2125,0
M0013,3087,2026-08-25,2026-08-25T20:40:03+09:00,-500,-11700,154.7908,0
M0013,3087,2026-08-25,2026-08-25T21:28:25+09:00,100,-11100,155.5969,0
M0013,3087,2026-08-25,2026-08-25T22:05:51+09:00,700,-10500,156.2208,0
M0013,3087,2026-08-25,2026-08-25T22:39:15+09:00,2700,-8500,156.7775,0
M0013,3087,2026-08-26,2026-08-26T10:53:07+09:00,0,-8500,156.7775,1
M0013,3087,2026-08-26,2026-08-26T13:35:35+09:00,-200,-8700,159.4853,0
M0013,3087,2026-08-26,2026-08-26T14:04:55+09:00,-900,-9400,159.9742,0
M0013,3087,2026-08-26,2026-08-26T14:37:55+09:00,-1500,-10000,160.5242,0
M0013,3087,2026-08-26,2026-08-26T15:12:25+09:00,-500,-9000,161.0992,0
M0013,3087,2026-08-26,2026-08-26T17:35:49+09:00,-900,-9400,163.4892,0
M0013,3087,2026-08-26,2026-08-26T18:03:25+09:00,-1500,-10000,163.9492,0
M0013,3087,2026-08-26,2026-08-26T18:38:31+09:00,-1600,-10100,164.5342,0
M0013,3087,2026-08-26,2026-08-26T19:20:17+09:00,-2100,-10600,165.2303,0
M0013,3087,2026-08-26,2026-08-26T20:01:09+09:00,-2200,-10700,165.9114,0
M0013,3087,2026-08-26,2026-08-26T20:36:21+09:00,-2600,-11100,166.4981,0
M0013,3087,2026-08-26,2026-08-26T21:13:13+09:00,-300,-8800,167.1125,0
M0013,3087,2026-08-26,2026-08-26T22:00:53+09:00,-800,-9300,167.9069,0
M0013,3087,2026-08-26,2026-08-26T22:36:49+09:00,-100,-8600,168.5058,0
M0013,3087,2026-08-27,2026-08-27T10:54:19+09:00,-200,-8600,168.5058,1
M0013,3087,2026-08-27,2026-08-27T11:28:53+09:00,-500,-8900,169.0819,0
M0013,3087,2026-08-27,2026-08-27T12:36:15+09:00,-1200,-9600,170.2047,0
M0013,3087,2026-08-27,2026-08-27T13:07:43+09:00,-400,-8800,170.7292,0
M0013,3087,2026-08-28,2026-08-28T10:54:45+09:00,0,-8800,170.7292,1
M0013,3087,2026-08-28,2026-08-28T12:04:21+09:00,500,-8300,171.8892,0
M0013,3087,2026-08-28,2026-08-28T12:36:55+09:00,900,-7900,172.4319,0
M0013,3087,2026-08-28,2026-08-28T13:35:41+09:00,600,-8200,173.4114,0
M0013,3087,2026-08-28,2026-08-28T14:09:41+09:00,500,-8300,173.9781,0
M0013,3087,2026-08-28,2026-08-28T15:26:59+09:00,1100,-7700,175.2664,0
M0013,3087,2026-08-28,2026-08-28T16:03:29+09:00,600,-8200,175.8747,0
M0013,3087,2026-08-28,2026-08-28T17:29:15+09:00,0,-8800,177.3042,0
M0013,3087,2026-08-28,2026-08-28T18:05:37+09:00,-700,-9500,177.9103,0
M0013,3087,2026-08-28,2026-08-28T18:38:39+09:00,-1600,-10400,178.4608,0
M0013,3087,2026-08-28,2026-08-28T19:37:02+09:00,-800,-9600,179.4339,0
M0013,3087,2026-08-28,2026-08-28T20:14:11+09:00,-1800,-10600,180.0531,0
M0013,3087,2026-08-28,2026-08-28T21:00:55+09:00,-500,-9300,180.8319,0
M0013,3087,2026-08-28,2026-08-28T21:36:25+09:00,-700,-9500,181.4236,0
M0013,3087,2026-08-28,2026-08-28T22:13:23+09:00,-300,-9100,182.0397,0
M0013,3087,2026-08-29,2026-08-29T10:54:15+09:00,-200,-9100,182.0397,1
M0013,3087,2026-08-29,2026-08-29T11:29:35+09:00,400,-8500,182.6286,0
M0013,3087,2026-08-29,2026-08-29T12:04:02+09:00,-200,-9100,183.2028,0
M0013,3087,2026-08-29,2026-08-29T12:37:17+09:00,200,-8700,183.7569,0
M0013,3087,2026-08-29,2026-08-29T13:08:43+09:00,-800,-9700,184.2808,0
M0013,3087,2026-08-29,2026-08-29T14:08:01+09:00,200,-8700,185.2692,0
M0013,3087,2026-08-29,2026-08-29T14:42:31+09:00,-1200,-10100,185.8442,0
M0013,3087,2026-08-29,2026-08-29T15:28:43+09:00,-1000,-9900,186.6142,0
M0013,3087,2026-08-29,2026-08-29T16:05:41+09:00,-1600,-10500,187.2303,0
M0013,3087,2026-08-29,2026-08-29T16:38:29+09:00,-1400,-10300,187.7769,0
M0013,3087,2026-08-29,2026-08-29T17:36:27+09:00,-2100,-11000,188.7431,0
M0013,3087,2026-08-29,2026-08-29T18:13:47+09:00,-2500,-11400,189.3653,0
M0013,3087,2026-08-29,2026-08-29T19:01:11+09:00,-2100,-11000,190.1553,0
M0013,3087,2026-08-29,2026-08-29T19:38:11+09:00,-1900,-10800,190.7719,0
M0013,3087,2026-08-29,2026-08-29T20:25:59+09:00,200,-8700,191.5686,0
M0013,3087,2026-08-29,2026-08-29T21:05:49+09:00,2700,-6200,192.2325,0
M0013,3087,2026-08-29,2026-08-29T21:43:07+09:00,6100,-2800,192.8542,0
M0014,3150,2026-08-11,2026-08-11T10:53:13+09:00,-200,-200,0.0000,1
M0014,3150,2026-08-11,2026-08-11T11:28:39+09:00,0,0,0.5906,0
M0014,3150,2026-08-11,2026-08-11T12:02:43+09:00,-400,-400,1.1583,0
M0014,3150,2026-08-11,2026-08-11T12:36:02+09:00,-900,-900,1.7136,0
M0014,3150,2026-08-11,2026-08-11T13:06:25+09:00,-1400,-1400,2.2200,0
M0014,3150,2026-08-11,2026-08-11T13:34:33+09:00,-1300,-1300,2.6889,0
M0014,3150,2026-08-11,2026-08-11T14:09:42+09:00,-1200,-1200,3.2747,0
M0014,3150,2026-08-11,2026-08-11T14:50:37+09:00,-1800,-1800,3.9567,0
M0014,3150,2026-08-11,2026-08-11T15:29:09+09:00,-2200,-2200,4.5989,0
M0014,3150,2026-08-11,2026-08-11T16:05:23+09:00,-2100,-2100,5.2028,0
M0014,3150,2026-08-11,2026-08-11T16:40:17+09:00,-1800,-1800,5.7844,0
M0014,3150,2026-08-11,2026-08-11T17:28:47+09:00,-2600,-2600,6.5928,0
M0014,3150,2026-08-11,2026-08-11T18:06:29+09:00,-3100,-3100,7.2211,0
M0014,3150,2026-08-11,2026-08-11T18:41:47+09:00,-2700,-2700,7.8094,0
M0014,3150,2026-08-11,2026-08-11T19:30:51+09:00,-3400,-3400,8.6272,0
M0014,3150,2026-08-11,2026-08-11T20:08:57+09:00,-3900,-3900,9.2622,0
M0014,3150,2026-08-12,2026-08-12T10:53:47+09:00,-100,-3900,9.2622,1
M0014,3150,2026-08-12,2026-08-12T11:28:45+09:00,-200,-4000,9.8450,0
M0014,3150,2026-08-12,2026-08-12T12:02:51+09:00,-800,-4600,10.4133,0
M0014,3150,2026-08-12,2026-08-12T12:36:01+09:00,-500,-4300,10.9661,0
M0014,3150,2026-08-12,2026-08-12T13:06:31+09:00,-1200,-5000,11.4744,0
M0014,3150,2026-08-12,2026-08-12T13:35:53+09:00,-500,-4300,11.9639,0
M0014,3150,2026-08-12,2026-08-12T14:11:01+09:00,-1700,-5500,12.5494,0
M0014,3150,2026-08-12,2026-08-12T14:56:33+09:00,-2100,-5900,13.3083,0
M0014,3150,2026-08-12,2026-08-12T15:31:45+09:00,-1900,-5700,13.8950,0
M0014,3150,2026-08-12,2026-08-12T16:07:57+09:00,-2600,-6400,14.4983,0
M0014,3150,2026-08-12,2026-08-12T16:35:17+09:00,-2300,-6100,14.9539,0
M0014,3150,2026-08-12,2026-08-12T17:01:31+09:00,-2700,-6500,15.3911,0
M0014,3150,2026-08-12,2026-08-12T17:36:51+09:00,-3400,-7200,15.9800,0
M0014,3150,2026-08-12,2026-08-12T18:14:03+09:00,-4600,-8400,16.6000,0
M0014,3150,2026-08-12,2026-08-12T19:01:02+09:00,-5100,-8900,17.3831,0
M0014,3150,2026-08-12,2026-08-12T19:36:51+09:00,-4700,-8500,17.9800,0
M0014,3150,2026-08-12,2026-08-12T20:14:43+09:00,-4800,-8600,18.6111,0
M0014,3150,2026-08-13,2026-08-13T10:54:54+09:00,-100,-8600,18.6111,1
M0014,3150,2026-08-13,2026-08-13T11:29:13+09:00,-700,-9200,19.1831,0
M0014,3150,2026-08-13,2026-08-13T12:03:39+09:00,-1200,-9700,19.7569,0
M0014,3150,2026-08-13,2026-08-13T12:36:57+09:00,-1800,-10300,20.3119,0
M0014,3150,2026-08-13,2026-08-13T13:09:39+09:00,-2200,-10700,20.8569,0
M0014,3150,2026-08-13,2026-08-13T14:00:59+09:00,-2300,-10800,21.7125,0
M0014,3150,2026-08-13,2026-08-13T14:35:09+09:00,-2100,-10600,22.2819,0
M0014,3150,2026-08-13,2026-08-13T15:58:27+09:00,-2600,-11100,23.6703,0
M0014,3150,2026-08-13,2026-08-13T16:33:27+09:00,-1900,-10400,24.2536,0
M0014,3150,2026-08-13,2026-08-13T17:10:25+09:00,-2700,-11200,24.8697,0
M0014,3150,2026-08-13,2026-08-13T17:59:47+09:00,-2400,-10900,25.6925,0
M0014,3150,2026-08-13,2026-08-13T18:36:04+09:00,-1800,-10300,26.2972,0
M0014,3150,2026-08-13,2026-08-13T19:14:33+09:00,-1900,-10400,26.9386,0
M0014,3150,2026-08-13,2026-08-13T20:02:43+09:00,-2600,-11100,27.7414,0
M0014,3150,2026-08-13,2026-08-13T20:39:10+09:00,-2000,-10500,28.3489,0
M0014,3150,2026-08-13,2026-08-13T21:23:43+09:00,-2400,-10900,29.0914,0
M0014,3150,2026-08-13,2026-08-13T22:03:35+09:00,-2800,-11300,29.7558,0
M0014,3150,2026-08-13,2026-08-13T22:40:21+09:00,-3300,-11800,30.3686,0
M0014,3150,2026-08-14,2026-08-14T10:54:41+09:00,-100,-11800,30.3686,1
M0014,3150,2026-08-14,2026-08-14T11:29:45+09:00,-700,-12400,30.9531,0
M0014,3150,2026-08-14,2026-08-14T12:04:15+09:00,-900,-12600,31.5281,0
M0014,3150,2026-08-14,2026-08-14T12:37:28+09:00,-1100,-12800,32.0817,0
M0014,3150,2026-08-14,2026-08-14T13:35:02+09:00,-1700,-13400,33.0411,0
M0014,3150,2026-08-14,2026-08-14T14:10:37+09:00,-1500,-13200,33.6342,0
M0014,3150,2026-08-14,2026-08-14T14:55:41+09:00,-900,-12600,34.3853,0
M0014,3150,2026-08-14,2026-08-14T15:31:41+09:00,-1400,-13100,34.9853,0
M0014,3150,2026-08-14,2026-08-14T16:08:02+09:00,-900,-12600,35.5911,0
M0014,3150,2026-08-14,2026-08-14T16:41:57+09:00,-2300,-14000,36.1564,0
M0014,3150,2026-08-14,2026-08-14T17:30:37+09:00,-1800,-13500,36.9675,0
M0014,3150,2026-08-14,2026-08-14T18:07:43+09:00,-100,-11800,37.5858,0
M0014,3150,2026-08-14,2026-08-14T18:43:04+09:00,-1300,-13000,38.1750,0
M0014,3150,2026-08-14,2026-08-14T19:31:33+09:00,-900,-12600,38.9831,0
M0014,3150,2026-08-14,2026-08-14T20:09:17+09:00,-1800,-13500,39.6119,0
M0014,3150,2026-08-14,2026-08-14T20:55:41+09:00,-2400,-14100,40.3853,0
M0014,3150,2026-08-14,2026-08-14T21:33:02+09:00,-2500,-14200,41.0078,0
M0014,3150,2026-08-15,2026-08-15T10:54:13+09:00,100,-14200,41.0078,1
M0014,3150,2026-08-15,2026-08-15T11:29:09+09:00,-200,-14500,41.5900,0
M0014,3150,2026-08-15,2026-08-15T12:03:27+09:00,-700,-15000,42.1617,0
M0014,3150,2026-08-15,2026-08-15T12:36:37+09:00,-500,-14800,42.7144,0
M0014,3150,2026-08-15,2026-08-15T13:08:49+09:00,-400,-14700,43.2511,0
M0014,3150,2026-08-15,2026-08-15T14:01:55+09:00,-500,-14800,44.1361,0
M0014,3150,2026-08-15,2026-08-15T14:36:09+09:00,-1100,-15400,44.7067,0
M0014,3150,2026-08-15,2026-08-15T15:11:53+09:00,-200,-14500,45.3022,0
M0014,3150,2026-08-15,2026-08-15T15:58:43+09:00,2000,-12300,46.0828,0
M0014,3150,2026-08-15,2026-08-15T16:34:01+09:00,4000,-10300,46.6711,0
M0014,3150,2026-08-15,2026-08-15T17:11:17+09:00,4200,-10100,47.2922,0
M0014,3150,2026-08-15,2026-08-15T17:58:39+09:00,3800,-10500,48.0817,0
M0014,3150,2026-08-15,2026-08-15T18:35:13+09:00,3200,-11100,48.6911,0
M0014,3150,2026-08-15,2026-08-15T20:01:19+09:00,2700,-11600,50.1261,0
M0014,3150,2026-08-15,2026-08-15T20:38:25+09:00,3000,-11300,50.7444,0
M0014,3150,2026-08-15,2026-08-15T21:25:49+09:00,2600,-11700,51.5344,0
M0014,3150,2026-08-15,2026-08-15T22:04:23+09:00,3000,-11300,52.1772,0
M0014,3150,2026-08-15,2026-08-15T22:41:53+09:00,3300,-11000,52.8022,0
M0014,3150,2026-08-16,2026-08-16T10:53:41+09:00,-200,-11000,52.8022,1
M0014,3150,2026-08-16,2026-08-16T11:28:27+09:00,-400,-11200,53.3817,0
M0014,3150,2026-08-16,2026-08-16T12:02:27+09:00,-800,-11600,53.9483,0
M0014,3150,2026-08-16,2026-08-16T12:35:49+09:00,-1300,-12100,54.5044,0
M0014,3150,2026-08-16,2026-08-16T13:06:49+09:00,1000,-9800,55.0211,0
M0014,3150,2026-08-16,2026-08-16T13:36:19+09:00,700,-10100,55.5128,0
M0014,3150,2026-08-16,2026-08-16T14:09:21+09:00,200,-10600,56.0633,0
M0014,3150,2026-08-16,2026-08-16T14:51:21+09:00,700,-10100,56.7633,0
M0014,3150,2026-08-16,2026-08-16T15:29:10+09:00,0,-10800,57.3936,0
M0014,3150,2026-08-16,2026-08-16T16:05:23+09:00,-100,-10900,57.9972,0
M0014,3150,2026-08-16,2026-08-16T16:39:55+09:00,300,-10500,58.5728,0
M0014,3150,2026-08-16,2026-08-16T17:30:17+09:00,-400,-11200,59.4122,0
M0014,3150,2026-08-16,2026-08-16T18:07:35+09:00,-1000,-11800,60.0339,0
M0014,3150,2026-08-16,2026-08-16T18:38:25+09:00,-1500,-12300,60.5478,0
M0014,3150,2026-08-16,2026-08-16T19:40:19+09:00,-1100,-11900,61.5794,0
M0014,3150,2026-08-16,2026-08-16T20:25:39+09:00,-1300,-12100,62.3350,0
M0014,3150,2026-08-16,2026-08-16T21:04:51+09:00,-1100,-11900,62.9883,0
M0014,3150,2026-08-16,2026-08-16T21:42:13+09:00,-1800,-12600,63.6111,0
M0014,3150,2026-08-16,2026-08-16T22:32:01+09:00,-1300,-12100,64.4411,0
M0014,3150,2026-08-17,2026-08-17T10:52:31+09:00,0,-12100,64.4411,1
M0014,3150,2026-08-17,2026-08-17T12:34:35+09:00,-500,-12600,66.1422,0
M0014,3150,2026-08-17,2026-08-17T13:07:15+09:00,-300,-12400,66.6867,0
M0014,3150,2026-08-17,2026-08-17T13:35:21+09:00,0,-12100,67.1550,0
M0014,3150,2026-08-17,2026-08-17T19:59:55+09:00,200,-11900,73.5644,0
M0014,3150,2026-08-17,2026-08-17T20:35:21+09:00,-100,-12200,74.1550,0
M0014,3150,2026-08-17,2026-08-17T21:13:05+09:00,-700,-12800,74.7839,0
M0014,3150,2026-08-17,2026-08-17T21:59:13+09:00,100,-12000,75.5528,0
M0014,3150,2026-08-17,2026-08-17T22:34:49+09:00,-600,-12700,76.1461,0
M0014,3150,2026-08-17,2026-08-17T23:11:50+09:00,-700,-12800,76.7631,0
M0014,3150,2026-08-18,2026-08-18T10:52:51+09:00,-100,-12800,76.7631,1
M0014,3150,2026-08-18,2026-08-18T11:28:45+09:00,400,-12300,77.3614,0
M0014,3150,2026-08-18,2026-08-18T12:02:47+09:00,2900,-9800,77.9286,0
M0014,3150,2026-08-18,2026-08-18T12:35:21+09:00,5200,-7500,78.4714,0
M0014,3150,2026-08-18,2026-08-18T13:07:37+09:00,6200,-6500,79.0092,0
M0014,3150,2026-08-18,2026-08-18T13:35:43+09:00,6600,-6100,79.4775,0
M0014,3150,2026-08-18,2026-08-18T14:04:28+09:00,7300,-5400,79.9567,0
M0014,3150,2026-08-18,2026-08-18T14:37:28+09:00,6600,-6100,80.5067,0
M0014,3150,2026-08-18,2026-08-18T15:11:53+09:00,9300,-3400,81.0803,0
M0014,3150,2026-08-18,2026-08-18T15:59:35+09:00,8700,-4000,81.8753,0
M0014,3150,2026-08-18,2026-08-18T16:33:08+09:00,8900,-3800,82.4344,0
M0014,3150,2026-08-18,2026-08-18T17:08:27+09:00,8700,-4000,83.0231,0
M0014,3150,2026-08-18,2026-08-18T17:59:01+09:00,8100,-4600,83.8658,0
M0014,3150,2026-08-18,2026-08-18T18:33:31+09:00,8000,-4700,84.4408,0
M0014,3150,2026-08-18,2026-08-18T19:09:25+09:00,7200,-5500,85.0392,0
M0014,3150,2026-08-18,2026-08-18T19:59:53+09:00,6500,-6200,85.8803,0
M0014,3150,2026-08-18,2026-08-18T20:35:25+09:00,6900,-5800,86.4725,0
M0014,3150,2026-08-18,2026-08-18T21:11:41+09:00,6500,-6200,87.0769,0
M0014,3150,2026-08-19,2026-08-19T10:53:31+09:00,0,-6200,87.0769,1
M0014,3150,2026-08-19,2026-08-19T12:35:06+09:00,300,-5900,88.7700,0
M0014,3150,2026-08-19,2026-08-19T13:06:21+09:00,500,-5700,89.2908,0
M0014,3150,2026-08-19,2026-08-19T14:09:06+09:00,-200,-6400,90.3367,0
M0014,3150,2026-08-19,2026-08-19T14:49:47+09:00,-100,-6300,91.0147,0
M0014,3150,2026-08-19,2026-08-19T15:26:59+09:00,400,-5800,91.6347,0
M0014,3150,2026-08-19,2026-08-19T16:02:55+09:00,200,-6000,92.2336,0
M0014,3150,2026-08-19,2026-08-19T16:36:50+09:00,-200,-6400,92.7989,0
M0014,3150,2026-08-19,2026-08-19T17:06:11+09:00,-800,-7000,93.2881,0
M0014,3150,2026-08-19,2026-08-19T17:32:35+09:00,-1400,-7600,93.7281,0
M0014,3150,2026-08-19,2026-08-19T18:08:43+09:00,-2600,-8800,94.3303,0
M0014,3150,2026-08-19,2026-08-19T18:50:27+09:00,-2100,-8300,95.0258,0
M0014,3150,2026-08-19,2026-08-19T19:28:55+09:00,-2500,-8700,95.6669,0
M0014,3150,2026-08-19,2026-08-19T20:05:19+09:00,-2100,-8300,96.2736,0
M0014,3150,2026-08-19,2026-08-19T20:39:17+09:00,-1900,-8100,96.8397,0
M0014,3150,2026-08-20,2026-08-20T10:52:57+09:00,-200,-8100,96.8397,1
M0014,3150,2026-08-20,2026-08-20T11:28:53+09:00,300,-7600,97.4386,0
M0014,3150,2026-08-20,2026-08-20T12:02:37+09:00,-200,-8100,98.0008,0
M0014,3150,2026-08-20,2026-08-20T12:35:01+09:00,-800,-8700,98.5408,0
M0014,3150,2026-08-20,2026-08-20T13:07:39+09:00,-1300,-9200,99.0847,0
M0014,3150,2026-08-20,2026-08-20T13:36:17+09:00,-1000,-8900,99.5619,0
M0014,3150,2026-08-20,2026-08-20T17:07:41+09:00,-1100,-9000,103.0853,0
M0014,3150,2026-08-20,2026-08-20T17:42:01+09:00,-2500,-10400,103.6575,0
M0014,3150,2026-08-20,2026-08-20T19:04:37+09:00,-2700,-10600,105.0342,0
M0014,3150,2026-08-20,2026-08-20T19:39:23+09:00,-2200,-10100,105.6136,0
M0014,3150,2026-08-20,2026-08-20T20:28:35+09:00,-2800,-10700,106.4336,0
M0014,3150,2026-08-20,2026-08-20T21:05:21+09:00,-2900,-10800,107.0464,0
M0014,3150,2026-08-20,2026-08-20T21:40:19+09:00,-3300,-11200,107.6292,0
M0014,3150,2026-08-22,2026-08-22T10:54:29+09:00,0,-11200,107.6292,1
M0014,3150,2026-08-22,2026-08-22T11:28:57+09:00,500,-10700,108.2036,0
M0014,3150,2026-08-22,2026-08-22T12:03:41+09:00,0,-11200,108.7825,0
M0014,3150,2026-08-22,2026-08-22T12:36:35+09:00,400,-10800,109.3308,0
M0014,3150,2026-08-22,2026-08-22T13:08:43+09:00,1300,-9900,109.8664,0
M0014,3150,2026-08-22,2026-08-22T14:05:49+09:00,700,-10500,110.8181,0
M0014,3150,2026-08-22,2026-08-22T14:40:51+09:00,500,-10700,111.4019,0
M0014,3150,2026-08-22,2026-08-22T15:30:07+09:00,-100,-11300,112.2231,0
M0014,3150,2026-08-22,2026-08-22T16:07:19+09:00,-700,-11900,112.8431,0
M0014,3150,2026-08-22,2026-08-22T16:43:29+09:00,600,-10600,113.4458,0
M0014,3150,2026-08-22,2026-08-22T17:31:13+09:00,300,-10900,114.2414,0
M0014,3150,2026-08-22,2026-08-22T18:09:45+09:00,-1000,-12200,114.8836,0
M0014,3150,2026-08-22,2026-08-22T18:55:39+09:00,-1700,-12900,115.6486,0
M0014,3150,2026-08-22,2026-08-22T19:33:07+09:00,-2300,-13500,116.2731,0
M0014,3150,2026-08-22,2026-08-22T20:12:13+09:00,-1700,-12900,116.9247,0
M0014,3150,2026-08-23,2026-08-23T10:53:53+09:00,-100,-12900,116.9247,1
M0014,3150,2026-08-23,2026-08-23T11:29:03+09:00,-200,-13000,117.5108,0
M0014,3150,2026-08-23,2026-08-23T12:03:35+09:00,-400,-13200,118.0864,0
M0014,3150,2026-08-23,2026-08-23T12:36:41+09:00,-800,-13600,118.6381,0
M0014,3150,2026-08-23,2026-08-23T13:07:01+09:00,-1200,-14000,119.1436,0
M0014,3150,2026-08-23,2026-08-23T13:35:29+09:00,-900,-13700,119.6181,0
M0014,3150,2026-08-23,2026-08-23T14:10:53+09:00,-1100,-13900,120.2081,0
M0014,3150,2026-08-23,2026-08-23T14:54:04+09:00,-1800,-14600,120.9278,0
M0014,3150,2026-08-23,2026-08-23T15:31:31+09:00,-1500,-14300,121.5519,0
M0014,3150,2026-08-23,2026-08-23T16:08:15+09:00,-1900,-14700,122.1642,0
M0014,3150,2026-08-23,2026-08-23T16:54:35+09:00,-2200,-15000,122.9364,0
M0014,3150,2026-08-23,2026-08-23T17:31:47+09:00,-2400,-15200,123.5564,0
M0014,3150,2026-08-23,2026-08-23T18:09:27+09:00,-3600,-16400,124.1842,0
M0014,3150,2026-08-23,2026-08-23T18:55:58+09:00,-4400,-17200,124.9594,0
M0014,3150,2026-08-23,2026-08-23T19:33:57+09:00,-5100,-17900,125.5925,0
M0014,3150,2026-08-23,2026-08-23T20:12:39+09:00,-6000,-18800,126.2375,0
M0014,3150,2026-08-23,2026-08-23T21:01:31+09:00,-3500,-16300,127.0519,0
M0014,3150,2026-08-24,2026-08-24T10:54:29+09:00,-200,-16300,127.0519,1
M0014,3150,2026-08-24,2026-08-24T11:29:08+09:00,100,-16000,127.6294,0
M0014,3150,2026-08-24,2026-08-24T12:03:33+09:00,-600,-16700,128.2031,0
M0014,3150,2026-08-24,2026-08-24T12:36:23+09:00,-1400,-17500,128.7503,0
M0014,3150,2026-08-24,2026-08-24T13:10:11+09:00,-1000,-17100,129.3136,0
M0014,3150,2026-08-24,2026-08-24T13:57:31+09:00,-1500,-17600,130.1025,0
M0014,3150,2026-08-24,2026-08-24T14:31:29+09:00,-1000,-17100,130.6686,0
M0014,3150,2026-08-24,2026-08-24T15:06:59+09:00,-1200,-17300,131.2603,0
M0014,3150,2026-08-24,2026-08-24T15:35:54+09:00,-1000,-17100,131.7422,0
M0014,3150,2026-08-24,2026-08-24T16:40:02+09:00,-1200,-17300,132.8111,0
M0014,3150,2026-08-24,2026-08-24T18:02:01+09:00,-1800,-17900,134.1775,0
M0014,3150,2026-08-24,2026-08-24T18:37:29+09:00,-2200,-18300,134.7686,0
M0014,3150,2026-08-24,2026-08-24T19:13:25+09:00,-2800,-18900,135.3675,0
M0014,3150,2026-08-24,2026-08-24T20:00:37+09:00,-500,-16600,136.1542,0
M0014,3150,2026-08-24,2026-08-24T20:36:01+09:00,2200,-13900,136.7442,0
M0014,3150,2026-08-24,2026-08-24T21:13:01+09:00,1300,-14800,137.3608,0
M0014,3150,2026-08-24,2026-08-24T21:58:51+09:00,900,-15200,138.1247,0
M0014,3150,2026-08-24,2026-08-24T22:34:35+09:00,1500,-14600,138.7203,0
M0014,3150,2026-08-25,2026-08-25T10:53:53+09:00,0,-14600,138.7203,1
M0014,3150,2026-08-25,2026-08-25T12:03:47+09:00,-300,-14900,139.8853,0
M0014,3150,2026-08-25,2026-08-25T12:36:43+09:00,-600,-15200,140.4342,0
M0014,3150,2026-08-25,2026-08-25T13:34:33+09:00,-700,-15300,141.3981,0
M0014,3150,2026-08-25,2026-08-25T14:09:29+09:00,-1500,-16100,141.9803,0
M0014,3150,2026-08-25,2026-08-25T14:50:35+09:00,-600,-15200,142.6653,0
M0014,3150,2026-08-25,2026-08-25T20:05:21+09:00,-1300,-15900,147.9114,0
M0014,3150,2026-08-25,2026-08-25T20:40:03+09:00,-1500,-16100,148.4897,0
M0014,3150,2026-08-25,2026-08-25T21:28:25+09:00,-1700,-16300,149.2958,0
M0014,3150,2026-08-25,2026-08-25T22:39:15+09:00,-2400,-17000,150.4764,0
M0014,3150,2026-08-26,2026-08-26T10:53:07+09:00,-100,-17000,150.4764,1
M0014,3150,2026-08-26,2026-08-26T11:28:33+09:00,-300,-17200,151.0669,0
M0014,3150,2026-08-26,2026-08-26T12:02:31+09:00,-200,-17100,151.6331,0
M0014,3150,2026-08-26,2026-08-26T12:34:47+09:00,-600,-17500,152.1708,0
M0014,3150,2026-08-26,2026-08-26T13:07:13+09:00,-1000,-17900,152.7114,0
M0014,3150,2026-08-26,2026-08-26T13:35:35+09:00,-500,-17400,153.1842,0
M0014,3150,2026-08-26,2026-08-26T14:04:55+09:00,-1200,-18100,153.6731,0
M0014,3150,2026-08-26,2026-08-26T14:37:55+09:00,-1700,-18600,154.2231,0
M0014,3150,2026-08-26,2026-08-26T15:12:25+09:00,-2800,-19700,154.7981,0
M0014,3150,2026-08-26,2026-08-26T15:57:47+09:00,-3000,-19900,155.5542,0
M0014,3150,2026-08-26,2026-08-26T16:31:31+09:00,-3300,-20200,156.1164,0
M0014,3150,2026-08-26,2026-08-26T17:07:27+09:00,-3400,-20300,156.7153,0
M0014,3150,2026-08-26,2026-08-26T17:35:49+09:00,-3900,-20800,157.1881,0
M0014,3150,2026-08-26,2026-08-26T18:38:31+09:00,-3800,-20700,158.2331,0
M0014,3150,2026-08-26,2026-08-26T19:20:17+09:00,-3400,-20300,158.9292,0
M0014,3150,2026-08-26,2026-08-26T20:01:09+09:00,-3300,-20200,159.6103,0
M0014,3150,2026-08-26,2026-08-26T20:36:21+09:00,-4100,-21000,160.1969,0
M0014,3150,2026-08-26,2026-08-26T21:13:13+09:00,-3600,-20500,160.8114,0
M0014,3150,2026-08-27,2026-08-27T10:54:19+09:00,0,-20500,160.8114,1
M0014,3150,2026-08-27,2026-08-27T12:03:19+09:00,-100,-20600,161.9614,0
M0014,3150,2026-08-27,2026-08-27T12:36:15+09:00,700,-19800,162.5103,0
M0014,3150,2026-08-27,2026-08-27T13:07:43+09:00,200,-20300,163.0347,0
M0014,3150,2026-08-27,2026-08-27T13:35:23+09:00,100,-20400,163.4958,0
M0014,3150,2026-08-27,2026-08-27T14:07:15+09:00,300,-20200,164.0269,0
M0014,3150,2026-08-27,2026-08-27T14:41:06+09:00,-800,-21300,164.5911,0
M0014,3150,2026-08-27,2026-08-27T15:26:49+09:00,-1000,-21500,165.3531,0
M0014,3150,2026-08-27,2026-08-27T16:36:51+09:00,-1600,-22100,166.5203,0
M0014,3150,2026-08-27,2026-08-27T17:04:59+09:00,-1400,-21900,166.9892,0
M0014,3150,2026-08-27,2026-08-27T18:53:03+09:00,-1600,-22100,168.7903,0
M0014,3150,2026-08-27,2026-08-27T19:30:47+09:00,-900,-21400,169.4192,0
M0014,3150,2026-08-27,2026-08-27T20:08:01+09:00,900,-19600,170.0397,0
M0014,3150,2026-08-27,2026-08-27T20:44:41+09:00,-200,-20700,170.6508,0
M0014,3150,2026-08-27,2026-08-27T21:32:59+09:00,100,-20400,171.4558,0
M0014,3150,2026-08-27,2026-08-27T22:09:51+09:00,900,-19600,172.0703,0
M0014,3150,2026-08-28,2026-08-28T10:54:45+09:00,0,-19600,172.0703,1
M0014,3150,2026-08-28,2026-08-28T12:04:21+09:00,-500,-20100,173.2303,0
M0014,3150,2026-08-28,2026-08-28T12:36:55+09:00,-1100,-20700,173.7731,0
M0014,3150,2026-08-28,2026-08-28T13:07:27+09:00,-300,-19900,174.2819,0
M0014,3150,2026-08-28,2026-08-28T13:35:41+09:00,-1100,-20700,174.7525,0
M0014,3150,2026-08-28,2026-08-28T14:09:41+09:00,-2200,-21800,175.3192,0
M0014,3150,2026-08-28,2026-08-28T14:51:34+09:00,-2800,-22400,176.0172,0
M0014,3150,2026-08-28,2026-08-28T15:26:59+09:00,-3400,-23000,176.6075,0
M0014,3150,2026-08-28,2026-08-28T16:03:29+09:00,-2600,-22200,177.2158,0
M0014,3150,2026-08-28,2026-08-28T16:38:15+09:00,-2100,-21700,177.7953,0
M0014,3150,2026-08-28,2026-08-28T17:29:15+09:00,-2300,-21900,178.6453,0
M0014,3150,2026-08-28,2026-08-28T18:05:37+09:00,-2400,-22000,179.2514,0
M0014,3150,2026-08-28,2026-08-28T18:38:39+09:00,200,-19400,179.8019,0
M0014,3150,2026-08-28,2026-08-28T19:37:02+09:00,1700,-17900,180.7750,0
M0014,3150,2026-08-28,2026-08-28T20:14:11+09:00,1300,-18300,181.3942,0
M0014,3150,2026-08-28,2026-08-28T21:00:55+09:00,1200,-18400,182.1731,0
M0014,3150,2026-08-28,2026-08-28T21:36:25+09:00,800,-18800,182.7647,0
M0014,3150,2026-08-28,2026-08-28T22:13:23+09:00,-100,-19700,183.3808,0
M0014,3150,2026-08-29,2026-08-29T10:54:15+09:00,-200,-19700,183.3808,1
M0014,3150,2026-08-29,2026-08-29T11:29:35+09:00,-900,-20400,183.9697,0
M0014,3150,2026-08-29,2026-08-29T12:04:02+09:00,-100,-19600,184.5439,0
M0014,3150,2026-08-29,2026-08-29T12:37:17+09:00,1300,-18200,185.0981,0
M0014,3150,2026-08-29,2026-08-29T13:08:43+09:00,900,-18600,185.6219,0
M0014,3150,2026-08-29,2026-08-29T14:08:01+09:00,1100,-18400,186.6103,0
M0014,3150,2026-08-29,2026-08-29T14:42:31+09:00,1200,-18300,187.1853,0
M0014,3150,2026-08-29,2026-08-29T15:28:43+09:00,3700,-15800,187.9553,0
M0014,3150,2026-08-29,2026-08-29T16:05:41+09:00,3300,-16200,188.5714,0
M0014,3150,2026-08-29,2026-08-29T16:38:29+09:00,2000,-17500,189.1181,0
M0014,3150,2026-08-29,2026-08-29T17:36:27+09:00,2900,-16600,190.0842,0
M0014,3150,2026-08-29,2026-08-29T19:01:11+09:00,3400,-16100,191.4964,0
M0014,3150,2026-08-29,2026-08-29T19:38:11+09:00,3600,-15900,192.1131,0
M0014,3150,2026-08-29,2026-08-29T20:25:59+09:00,2800,-16700,192.9097,0
M0014,3150,2026-08-29,2026-08-29T21:05:49+09:00,2200,-17300,193.5736,0
M0014,3150,2026-08-29,2026-08-29T21:43:07+09:00,2300,-17200,194.1953,0
M0014,3150,2026-08-29,2026-08-29T22:32:31+09:00,2000,-17500,195.0186,0
M0014,3150,2026-08-29,2026-08-29T23:11:51+09:00,1600,-17900,195.6742,0
M0015,3151,2026-08-11,2026-08-11T10:53:13+09:00,-100,-100,0.0000,1
M0015,3151,2026-08-11,2026-08-11T11:28:39+09:00,-600,-600,0.5906,0
M0015,3151,2026-08-11,2026-08-11T12:02:43+09:00,-1100,-1100,1.1583,0
M0015,3151,2026-08-11,2026-08-11T12:36:02+09:00,-1700,-1700,1.7136,0
M0015,3151,2026-08-11,2026-08-11T13:06:25+09:00,-2100,-2100,2.2200,0
M0015,3151,2026-08-11,2026-08-11T13:34:33+09:00,-2300,-2300,2.6889,0
M0015,3151,2026-08-11,2026-08-11T14:09:42+09:00,-2500,-2500,3.2747,0
M0015,3151,2026-08-11,2026-08-11T14:50:37+09:00,-3100,-3100,3.9567,0
M0015,3151,2026-08-11,2026-08-11T15:29:09+09:00,-3800,-3800,4.5989,0
M0015,3151,2026-08-11,2026-08-11T16:05:23+09:00,-1700,-1700,5.2028,0
M0015,3151,2026-08-11,2026-08-11T16:40:17+09:00,100,100,5.7844,0
M0015,3151,2026-08-11,2026-08-11T17:28:47+09:00,-500,-500,6.5928,0
M0015,3151,2026-08-11,2026-08-11T18:06:29+09:00,-700,-700,7.2211,0
M0015,3151,2026-08-11,2026-08-11T18:41:47+09:00,-2100,-2100,7.8094,0
M0015,3151,2026-08-11,2026-08-11T19:30:51+09:00,-2300,-2300,8.6272,0
M0015,3151,2026-08-11,2026-08-11T20:08:57+09:00,-400,-400,9.2622,0
M0015,3151,2026-08-12,2026-08-12T10:53:47+09:00,-100,-400,9.2622,1
M0015,3151,2026-08-12,2026-08-12T11:28:45+09:00,-800,-1100,9.8450,0
M0015,3151,2026-08-12,2026-08-12T12:02:51+09:00,-300,-600,10.4133,0
M0015,3151,2026-08-12,2026-08-12T12:36:01+09:00,-600,-900,10.9661,0
M0015,3151,2026-08-12,2026-08-12T13:06:31+09:00,-800,-1100,11.4744,0
M0015,3151,2026-08-12,2026-08-12T14:11:01+09:00,-1500,-1800,12.5494,0
M0015,3151,2026-08-13,2026-08-13T10:54:54+09:00,-100,-1800,12.5494,1
M0015,3151,2026-08-13,2026-08-13T11:29:13+09:00,0,-1700,13.1214,0
M0015,3151,2026-08-13,2026-08-13T12:03:39+09:00,-400,-2100,13.6953,0
M0015,3151,2026-08-13,2026-08-13T12:36:57+09:00,-1000,-2700,14.2503,0
M0015,3151,2026-08-13,2026-08-13T13:09:39+09:00,-2000,-3700,14.7953,0
M0015,3151,2026-08-13,2026-08-13T14:00:59+09:00,-2700,-4400,15.6508,0
M0015,3151,2026-08-13,2026-08-13T14:35:09+09:00,-2900,-4600,16.2203,0
M0015,3151,2026-08-13,2026-08-13T15:11:23+09:00,-3700,-5400,16.8242,0
M0015,3151,2026-08-13,2026-08-13T15:58:27+09:00,-4200,-5900,17.6086,0
M0015,3151,2026-08-13,2026-08-13T16:33:27+09:00,-3300,-5000,18.1919,0
M0015,3151,2026-08-13,2026-08-13T17:10:25+09:00,100,-1600,18.8081,0
M0015,3151,2026-08-13,2026-08-13T17:59:47+09:00,400,-1300,19.6308,0
M0015,3151,2026-08-13,2026-08-13T18:36:04+09:00,2600,900,20.2356,0
M0015,3151,2026-08-13,2026-08-13T19:14:33+09:00,6000,4300,20.8769,0
M0015,3151,2026-08-13,2026-08-13T20:39:10+09:00,5900,4200,22.2872,0
M0015,3151,2026-08-13,2026-08-13T21:23:43+09:00,5700,4000,23.0297,0
M0015,3151,2026-08-13,2026-08-13T22:03:35+09:00,5200,3500,23.6942,0
M0015,3151,2026-08-13,2026-08-13T22:40:21+09:00,4300,2600,24.3069,0
M0015,3151,2026-08-14,2026-08-14T10:54:41+09:00,-100,2600,24.3069,1
M0015,3151,2026-08-14,2026-08-14T11:29:45+09:00,-600,2100,24.8914,0
M0015,3151,2026-08-14,2026-08-14T12:04:15+09:00,500,3200,25.4664,0
M0015,3151,2026-08-14,2026-08-14T12:37:28+09:00,2100,4800,26.0200,0
M0015,3151,2026-08-14,2026-08-14T13:06:37+09:00,1700,4400,26.5058,0
M0015,3151,2026-08-14,2026-08-14T13:35:02+09:00,1300,4000,26.9794,0
M0015,3151,2026-08-14,2026-08-14T14:10:37+09:00,1100,3800,27.5725,0
M0015,3151,2026-08-14,2026-08-14T14:55:41+09:00,600,3300,28.3236,0
M0015,3151,2026-08-14,2026-08-14T15:31:41+09:00,200,2900,28.9236,0
M0015,3151,2026-08-14,2026-08-14T16:08:02+09:00,-400,2300,29.5294,0
M0015,3151,2026-08-14,2026-08-14T16:41:57+09:00,0,2700,30.0947,0
M0015,3151,2026-08-14,2026-08-14T17:30:37+09:00,-600,2100,30.9058,0
M0015,3151,2026-08-14,2026-08-14T18:07:43+09:00,-1300,1400,31.5242,0
M0015,3151,2026-08-14,2026-08-14T18:43:04+09:00,-1400,1300,32.1133,0
M0015,3151,2026-08-14,2026-08-14T20:09:17+09:00,-2000,700,33.5503,0
M0015,3151,2026-08-15,2026-08-15T10:54:13+09:00,-200,700,33.5503,1
M0015,3151,2026-08-15,2026-08-15T11:29:09+09:00,-800,100,34.1325,0
M0015,3151,2026-08-15,2026-08-15T12:03:27+09:00,-1400,-500,34.7042,0
M0015,3151,2026-08-15,2026-08-15T12:36:37+09:00,100,1000,35.2569,0
M0015,3151,2026-08-15,2026-08-15T13:08:49+09:00,1000,1900,35.7936,0
M0015,3151,2026-08-15,2026-08-15T14:01:55+09:00,600,1500,36.6786,0
M0015,3151,2026-08-15,2026-08-15T14:36:09+09:00,700,1600,37.2492,0
M0015,3151,2026-08-15,2026-08-15T15:11:53+09:00,1000,1900,37.8447,0
M0015,3151,2026-08-15,2026-08-15T15:58:43+09:00,600,1500,38.6253,0
M0015,3151,2026-08-15,2026-08-15T16:34:01+09:00,1400,2300,39.2136,0
M0015,3151,2026-08-15,2026-08-15T17:11:17+09:00,100,1000,39.8347,0
M0015,3151,2026-08-15,2026-08-15T17:58:39+09:00,800,1700,40.6242,0
M0015,3151,2026-08-15,2026-08-15T18:35:13+09:00,2300,3200,41.2336,0
M0015,3151,2026-08-15,2026-08-15T19:12:53+09:00,2400,3300,41.8614,0
M0015,3151,2026-08-15,2026-08-15T20:01:19+09:00,1700,2600,42.6686,0
M0015,3151,2026-08-15,2026-08-15T20:38:25+09:00,1500,2400,43.2869,0
M0015,3151,2026-08-15,2026-08-15T21:25:49+09:00,1400,2300,44.0769,0
M0015,3151,2026-08-15,2026-08-15T22:04:23+09:00,1200,2100,44.7197,0
M0015,3151,2026-08-16,2026-08-16T10:53:41+09:00,-100,2100,44.7197,1
M0015,3151,2026-08-16,2026-08-16T11:28:27+09:00,200,2400,45.2992,0
M0015,3151,2026-08-16,2026-08-16T12:02:27+09:00,-500,1700,45.8658,0
M0015,3151,2026-08-16,2026-08-16T12:35:49+09:00,200,2400,46.4219,0
M0015,3151,2026-08-16,2026-08-16T13:06:49+09:00,-500,1700,46.9386,0
M0015,3151,2026-08-16,2026-08-16T14:09:21+09:00,-1100,1100,47.9808,0
M0015,3151,2026-08-16,2026-08-16T14:51:21+09:00,-1700,500,48.6808,0
M0015,3151,2026-08-16,2026-08-16T15:29:10+09:00,-1500,700,49.3111,0
M0015,3151,2026-08-16,2026-08-16T16:05:23+09:00,-1900,300,49.9147,0
M0015,3151,2026-08-16,2026-08-16T16:39:55+09:00,-3100,-900,50.4903,0
M0015,3151,2026-08-16,2026-08-16T17:30:17+09:00,-2800,-600,51.3297,0
M0015,3151,2026-08-16,2026-08-16T18:07:35+09:00,-3200,-1000,51.9514,0
M0015,3151,2026-08-16,2026-08-16T19:40:19+09:00,-3100,-900,53.4969,0
M0015,3151,2026-08-17,2026-08-17T10:52:31+09:00,0,-900,53.4969,1
M0015,3151,2026-08-17,2026-08-17T11:28:29+09:00,-500,-1400,54.0964,0
M0015,3151,2026-08-17,2026-08-17T12:02:23+09:00,-800,-1700,54.6614,0
M0015,3151,2026-08-17,2026-08-17T12:34:35+09:00,-1300,-2200,55.1981,0
M0015,3151,2026-08-17,2026-08-17T13:07:15+09:00,-600,-1500,55.7425,0
M0015,3151,2026-08-17,2026-08-17T13:35:21+09:00,-1200,-2100,56.2108,0
M0015,3151,2026-08-17,2026-08-17T14:03:11+09:00,-1800,-2700,56.6747,0
M0015,3151,2026-08-17,2026-08-17T14:36:43+09:00,-1100,-2000,57.2336,0
M0015,3151,2026-08-17,2026-08-17T15:11:21+09:00,-400,-1300,57.8108,0
M0015,3151,2026-08-17,2026-08-17T15:59:33+09:00,-800,-1700,58.6142,0
M0015,3151,2026-08-17,2026-08-17T16:33:27+09:00,-900,-1800,59.1792,0
M0015,3151,2026-08-17,2026-08-17T17:09:07+09:00,-2400,-3300,59.7736,0
M0015,3151,2026-08-17,2026-08-17T18:33:03+09:00,-3100,-4000,61.1725,0
M0015,3151,2026-08-17,2026-08-17T19:09:23+09:00,-4300,-5200,61.7781,0
M0015,3151,2026-08-17,2026-08-17T19:59:55+09:00,-4900,-5800,62.6203,0
M0015,3151,2026-08-17,2026-08-17T20:35:21+09:00,-3000,-3900,63.2108,0
M0015,3151,2026-08-17,2026-08-17T21:13:05+09:00,-2600,-3500,63.8397,0
M0015,3151,2026-08-18,2026-08-18T10:52:51+09:00,-100,-3500,63.8397,1
M0015,3151,2026-08-18,2026-08-18T11:28:45+09:00,500,-2900,64.4381,0
M0015,3151,2026-08-18,2026-08-18T12:02:47+09:00,100,-3300,65.0053,0
M0015,3151,2026-08-18,2026-08-18T12:35:21+09:00,-400,-3800,65.5481,0
M0015,3151,2026-08-18,2026-08-18T13:07:37+09:00,-100,-3500,66.0858,0
M0015,3151,2026-08-18,2026-08-18T13:35:43+09:00,-700,-4100,66.5542,0
M0015,3151,2026-08-18,2026-08-18T14:04:28+09:00,-500,-3900,67.0333,0
M0015,3151,2026-08-18,2026-08-18T14:37:28+09:00,-200,-3600,67.5833,0
M0015,3151,2026-08-18,2026-08-18T15:11:53+09:00,-600,-4000,68.1569,0
M0015,3151,2026-08-18,2026-08-18T15:59:35+09:00,-800,-4200,68.9519,0
M0015,3151,2026-08-18,2026-08-18T16:33:08+09:00,-1400,-4800,69.5111,0
M0015,3151,2026-08-18,2026-08-18T17:08:27+09:00,-2400,-5800,70.0997,0
M0015,3151,2026-08-18,2026-08-18T17:59:01+09:00,-3000,-6400,70.9425,0
M0015,3151,2026-08-18,2026-08-18T18:33:31+09:00,-3800,-7200,71.5175,0
M0015,3151,2026-08-18,2026-08-18T19:09:25+09:00,-4700,-8100,72.1158,0
M0015,3151,2026-08-18,2026-08-18T19:59:53+09:00,-4900,-8300,72.9569,0
M0015,3151,2026-08-18,2026-08-18T20:35:25+09:00,-5000,-8400,73.5492,0
M0015,3151,2026-08-18,2026-08-18T21:11:41+09:00,-5800,-9200,74.1536,0
M0015,3151,2026-08-18,2026-08-18T21:57:39+09:00,-3400,-6800,74.9197,0
M0015,3151,2026-08-18,2026-08-18T22:33:27+09:00,-2800,-6200,75.5164,0
M0015,3151,2026-08-19,2026-08-19T10:53:31+09:00,0,-6200,75.5164,1
M0015,3151,2026-08-19,2026-08-19T13:06:21+09:00,-300,-6500,77.7303,0
M0015,3151,2026-08-19,2026-08-19T13:35:01+09:00,-1100,-7300,78.2081,0
M0015,3151,2026-08-19,2026-08-19T14:09:06+09:00,-400,-6600,78.7761,0
M0015,3151,2026-08-19,2026-08-19T14:49:47+09:00,-900,-7100,79.4542,0
M0015,3151,2026-08-19,2026-08-19T15:26:59+09:00,-700,-6900,80.0742,0
M0015,3151,2026-08-19,2026-08-19T16:02:55+09:00,-800,-7000,80.6731,0
M0015,3151,2026-08-19,2026-08-19T16:36:50+09:00,-700,-6900,81.2383,0
M0015,3151,2026-08-19,2026-08-19T17:06:11+09:00,-1100,-7300,81.7275,0
M0015,3151,2026-08-19,2026-08-19T17:32:35+09:00,-1800,-8000,82.1675,0
M0015,3151,2026-08-19,2026-08-19T18:08:43+09:00,1100,-5100,82.7697,0
M0015,3151,2026-08-19,2026-08-19T18:50:27+09:00,800,-5400,83.4653,0
M0015,3151,2026-08-19,2026-08-19T20:39:17+09:00,0,-6200,85.2792,0
M0015,3151,2026-08-19,2026-08-19T21:30:39+09:00,-200,-6400,86.1353,0
M0015,3151,2026-08-19,2026-08-19T22:07:17+09:00,-500,-6700,86.7458,0
M0015,3151,2026-08-20,2026-08-20T10:52:57+09:00,0,-6700,86.7458,1
M0015,3151,2026-08-20,2026-08-20T13:36:17+09:00,-300,-7000,89.4681,0
M0015,3151,2026-08-20,2026-08-20T14:02:59+09:00,-400,-7100,89.9131,0
M0015,3151,2026-08-20,2026-08-20T14:35:37+09:00,-800,-7500,90.4569,0
M0015,3151,2026-08-20,2026-08-20T15:09:59+09:00,-900,-7600,91.0297,0
M0015,3151,2026-08-20,2026-08-20T15:59:19+09:00,-400,-7100,91.8519,0
M0015,3151,2026-08-20,2026-08-20T16:32:33+09:00,-700,-7400,92.4058,0
M0015,3151,2026-08-20,2026-08-20T20:28:35+09:00,-1100,-7800,96.3397,0
M0015,3151,2026-08-20,2026-08-20T21:05:21+09:00,-900,-7600,96.9525,0
M0015,3151,2026-08-20,2026-08-20T21:40:19+09:00,-1500,-8200,97.5353,0
M0015,3151,2026-08-22,2026-08-22T10:54:29+09:00,-100,-8200,97.5353,1
M0015,3151,2026-08-22,2026-08-22T11:28:57+09:00,0,-8100,98.1097,0
M0015,3151,2026-08-22,2026-08-22T12:03:41+09:00,-200,-8300,98.6886,0
M0015,3151,2026-08-22,2026-08-22T12:36:35+09:00,-1000,-9100,99.2369,0
M0015,3151,2026-08-22,2026-08-22T13:08:43+09:00,0,-8100,99.7725,0
M0015,3151,2026-08-22,2026-08-22T14:05:49+09:00,-100,-8200,100.7242,0
M0015,3151,2026-08-22,2026-08-22T14:40:51+09:00,700,-7400,101.3081,0
M0015,3151,2026-08-22,2026-08-22T15:30:07+09:00,0,-8100,102.1292,0
M0015,3151,2026-08-22,2026-08-22T16:43:29+09:00,-1200,-9300,103.3519,0
M0015,3151,2026-08-22,2026-08-22T17:31:13+09:00,900,-7200,104.1475,0
M0015,3151,2026-08-22,2026-08-22T18:09:45+09:00,3100,-5000,104.7897,0
M0015,3151,2026-08-22,2026-08-22T18:55:39+09:00,2900,-5200,105.5547,0
M0015,3151,2026-08-22,2026-08-22T19:33:07+09:00,2300,-5800,106.1792,0
M0015,3151,2026-08-22,2026-08-22T20:12:13+09:00,2500,-5600,106.8308,0
M0015,3151,2026-08-22,2026-08-22T21:01:31+09:00,2300,-5800,107.6525,0
M0015,3151,2026-08-22,2026-08-22T21:39:25+09:00,3100,-5000,108.2842,0
M0015,3151,2026-08-22,2026-08-22T23:08:15+09:00,3000,-5100,109.7647,0
M0015,3151,2026-08-23,2026-08-23T10:53:53+09:00,100,-5100,109.7647,1
M0015,3151,2026-08-23,2026-08-23T11:29:03+09:00,-300,-5500,110.3508,0
M0015,3151,2026-08-23,2026-08-23T12:03:35+09:00,-400,-5600,110.9264,0
M0015,3151,2026-08-23,2026-08-23T12:36:41+09:00,-1000,-6200,111.4781,0
M0015,3151,2026-08-23,2026-08-23T13:07:01+09:00,300,-4900,111.9836,0
M0015,3151,2026-08-23,2026-08-23T13:35:29+09:00,900,-4300,112.4581,0
M0015,3151,2026-08-23,2026-08-23T14:10:53+09:00,-100,-5300,113.0481,0
M0015,3151,2026-08-23,2026-08-23T14:54:04+09:00,-700,-5900,113.7678,0
M0015,3151,2026-08-23,2026-08-23T15:31:31+09:00,-1300,-6500,114.3919,0
M0015,3151,2026-08-23,2026-08-23T16:08:15+09:00,-1500,-6700,115.0042,0
M0015,3151,2026-08-23,2026-08-23T16:54:35+09:00,-1900,-7100,115.7764,0
M0015,3151,2026-08-23,2026-08-23T17:31:47+09:00,-1500,-6700,116.3964,0
M0015,3151,2026-08-24,2026-08-24T10:54:29+09:00,-100,-6700,116.3964,1
M0015,3151,2026-08-24,2026-08-24T11:29:08+09:00,-300,-6900,116.9739,0
M0015,3151,2026-08-24,2026-08-24T12:03:33+09:00,400,-6200,117.5475,0
M0015,3151,2026-08-24,2026-08-24T12:36:23+09:00,-300,-6900,118.0947,0
M0015,3151,2026-08-24,2026-08-24T13:10:11+09:00,400,-6200,118.6581,0
M0015,3151,2026-08-24,2026-08-24T13:57:31+09:00,-200,-6800,119.4469,0
M0015,3151,2026-08-24,2026-08-24T14:31:29+09:00,200,-6400,120.0131,0
M0015,3151,2026-08-24,2026-08-24T15:06:59+09:00,0,-6600,120.6047,0
M0015,3151,2026-08-24,2026-08-24T15:35:54+09:00,-800,-7400,121.0867,0
M0015,3151,2026-08-24,2026-08-24T16:05:39+09:00,-700,-7300,121.5825,0
M0015,3151,2026-08-24,2026-08-24T16:40:02+09:00,-500,-7100,122.1556,0
M0015,3151,2026-08-24,2026-08-24T17:23:02+09:00,2100,-4500,122.8722,0
M0015,3151,2026-08-24,2026-08-24T18:02:01+09:00,1900,-4700,123.5219,0
M0015,3151,2026-08-24,2026-08-24T18:37:29+09:00,1200,-5400,124.1131,0
M0015,3151,2026-08-24,2026-08-24T19:13:25+09:00,1000,-5600,124.7119,0
M0015,3151,2026-08-24,2026-08-24T20:00:37+09:00,300,-6300,125.4986,0
M0015,3151,2026-08-24,2026-08-24T20:36:01+09:00,400,-6200,126.0886,0
M0015,3151,2026-08-24,2026-08-24T21:13:01+09:00,-400,-7000,126.7053,0
M0015,3151,2026-08-24,2026-08-24T21:58:51+09:00,0,-6600,127.4692,0
M0015,3151,2026-08-24,2026-08-24T22:34:35+09:00,-400,-7000,128.0647,0
M0015,3151,2026-08-25,2026-08-25T10:53:53+09:00,0,-7000,128.0647,1
M0015,3151,2026-08-25,2026-08-25T12:36:43+09:00,400,-6600,129.7786,0
M0015,3151,2026-08-25,2026-08-25T13:34:33+09:00,100,-6900,130.7425,0
M0015,3151,2026-08-25,2026-08-25T14:09:29+09:00,-900,-7900,131.3247,0
M0015,3151,2026-08-25,2026-08-25T14:50:35+09:00,-1600,-8600,132.0097,0
M0015,3151,2026-08-25,2026-08-25T15:27:09+09:00,-2400,-9400,132.6192,0
M0015,3151,2026-08-25,2026-08-25T16:03:02+09:00,-1100,-8100,133.2172,0
M0015,3151,2026-08-25,2026-08-25T17:05:09+09:00,-1300,-8300,134.2525,0
M0015,3151,2026-08-25,2026-08-25T17:30:51+09:00,800,-6200,134.6808,0
M0015,3151,2026-08-25,2026-08-25T18:07:23+09:00,3500,-3500,135.2897,0
M0015,3151,2026-08-25,2026-08-25T18:42:17+09:00,4200,-2800,135.8714,0
M0015,3151,2026-08-25,2026-08-25T20:40:03+09:00,3800,-3200,137.8342,0
M0015,3151,2026-08-25,2026-08-25T21:28:25+09:00,3500,-3500,138.6403,0
M0015,3151,2026-08-25,2026-08-25T22:05:51+09:00,3000,-4000,139.2642,0
M0015,3151,2026-08-25,2026-08-25T22:39:15+09:00,3100,-3900,139.8208,0
M0015,3151,2026-08-26,2026-08-26T10:53:07+09:00,0,-3900,139.8208,1
M0015,3151,2026-08-26,2026-08-26T12:34:47+09:00,-100,-4000,141.5153,0
M0015,3151,2026-08-26,2026-08-26T15:12:25+09:00,-900,-4800,144.1425,0
M0015,3151,2026-08-26,2026-08-26T15:57:47+09:00,-700,-4600,144.8986,0
M0015,3151,2026-08-26,2026-08-26T16:31:31+09:00,1200,-2700,145.4608,0
M0015,3151,2026-08-26,2026-08-26T17:07:27+09:00,500,-3400,146.0597,0
M0015,3151,2026-08-26,2026-08-26T17:35:49+09:00,-100,-4000,146.5325,0
M0015,3151,2026-08-26,2026-08-26T18:03:25+09:00,-300,-4200,146.9925,0
M0015,3151,2026-08-26,2026-08-26T18:38:31+09:00,-700,-4600,147.5775,0
M0015,3151,2026-08-26,2026-08-26T19:20:17+09:00,-1200,-5100,148.2736,0
M0015,3151,2026-08-26,2026-08-26T20:01:09+09:00,-1900,-5800,148.9547,0
M0015,3151,2026-08-26,2026-08-26T20:36:21+09:00,-2600,-6500,149.5414,0
M0015,3151,2026-08-26,2026-08-26T21:13:13+09:00,-2500,-6400,150.1558,0
M0015,3151,2026-08-26,2026-08-26T22:00:53+09:00,-3100,-7000,150.9503,0
M0015,3151,2026-08-26,2026-08-26T22:36:49+09:00,-2800,-6700,151.5492,0
M0015,3151,2026-08-27,2026-08-27T10:54:19+09:00,0,-6700,151.5492,1
M0015,3151,2026-08-27,2026-08-27T13:07:43+09:00,-600,-7300,153.7725,0
M0015,3151,2026-08-27,2026-08-27T13:35:23+09:00,-200,-6900,154.2336,0
M0015,3151,2026-08-27,2026-08-27T14:07:15+09:00,-600,-7300,154.7647,0
M0015,3151,2026-08-27,2026-08-27T14:41:06+09:00,-1200,-7900,155.3289,0
M0015,3151,2026-08-27,2026-08-27T15:26:49+09:00,-1000,-7700,156.0908,0
M0015,3151,2026-08-27,2026-08-27T17:04:59+09:00,-1500,-8200,157.7269,0
M0015,3151,2026-08-27,2026-08-27T17:33:23+09:00,-2000,-8700,158.2003,0
M0015,3151,2026-08-27,2026-08-27T18:09:51+09:00,-200,-6900,158.8081,0
M0015,3151,2026-08-27,2026-08-27T18:53:03+09:00,1300,-5400,159.5281,0
M0015,3151,2026-08-27,2026-08-27T19:30:47+09:00,900,-5800,160.1569,0
M0015,3151,2026-08-27,2026-08-27T20:08:01+09:00,3400,-3300,160.7775,0
M0015,3151,2026-08-27,2026-08-27T20:44:41+09:00,4300,-2400,161.3886,0
M0015,3151,2026-08-27,2026-08-27T21:32:59+09:00,4100,-2600,162.1936,0
M0015,3151,2026-08-27,2026-08-27T22:09:51+09:00,3800,-2900,162.8081,0
M0015,3151,2026-08-27,2026-08-27T22:54:35+09:00,4000,-2700,163.5536,0
M0015,3151,2026-08-28,2026-08-28T10:54:45+09:00,0,-2700,163.5536,1
M0015,3151,2026-08-28,2026-08-28T11:29:35+09:00,-100,-2800,164.1342,0
M0015,3151,2026-08-28,2026-08-28T12:36:55+09:00,-400,-3100,165.2564,0
M0015,3151,2026-08-28,2026-08-28T13:07:27+09:00,-300,-3000,165.7653,0
M0015,3151,2026-08-28,2026-08-28T13:35:41+09:00,-1100,-3800,166.2358,0
M0015,3151,2026-08-28,2026-08-28T14:09:41+09:00,-900,-3600,166.8025,0
M0015,3151,2026-08-28,2026-08-28T14:51:34+09:00,-1600,-4300,167.5006,0
M0015,3151,2026-08-28,2026-08-28T15:26:59+09:00,-1700,-4400,168.0908,0
M0015,3151,2026-08-28,2026-08-28T16:38:15+09:00,-2000,-4700,169.2786,0
M0015,3151,2026-08-28,2026-08-28T17:29:15+09:00,-1700,-4400,170.1286,0
M0015,3151,2026-08-28,2026-08-28T18:05:37+09:00,-1600,-4300,170.7347,0
M0015,3151,2026-08-28,2026-08-28T18:38:39+09:00,1400,-1300,171.2853,0
M0015,3151,2026-08-28,2026-08-28T19:37:02+09:00,2300,-400,172.2583,0
M0015,3151,2026-08-28,2026-08-28T20:14:11+09:00,3800,1100,172.8775,0
M0015,3151,2026-08-28,2026-08-28T21:00:55+09:00,3100,400,173.6564,0
M0015,3151,2026-08-28,2026-08-28T21:36:25+09:00,2700,0,174.2481,0
M0015,3151,2026-08-28,2026-08-28T22:13:23+09:00,1600,-1100,174.8642,0
M0015,3151,2026-08-28,2026-08-28T23:02:02+09:00,900,-1800,175.6750,0
M0015,3151,2026-08-29,2026-08-29T10:54:15+09:00,-200,-1800,175.6750,1
M0015,3151,2026-08-29,2026-08-29T11:29:35+09:00,-900,-2500,176.2639,0
M0015,3151,2026-08-29,2026-08-29T12:04:02+09:00,800,-800,176.8381,0
M0015,3151,2026-08-29,2026-08-29T12:37:17+09:00,600,-1000,177.3922,0
M0015,3151,2026-08-29,2026-08-29T13:08:43+09:00,-600,-2200,177.9161,0
M0015,3151,2026-08-29,2026-08-29T14:08:01+09:00,-900,-2500,178.9044,0
M0015,3151,2026-08-29,2026-08-29T14:42:31+09:00,-2000,-3600,179.4794,0
M0015,3151,2026-08-29,2026-08-29T15:28:43+09:00,-2600,-4200,180.2494,0
M0015,3151,2026-08-29,2026-08-29T16:05:41+09:00,-3100,-4700,180.8656,0
M0015,3151,2026-08-29,2026-08-29T16:38:29+09:00,-2800,-4400,181.4122,0
M0015,3151,2026-08-29,2026-08-29T18:13:47+09:00,-3800,-5400,183.0006,0
M0015,3151,2026-08-29,2026-08-29T19:01:11+09:00,-4000,-5600,183.7906,0
M0015,3151,2026-08-29,2026-08-29T19:38:11+09:00,-3100,-4700,184.4072,0
M0015,3151,2026-08-29,2026-08-29T20:25:59+09:00,-3300,-4900,185.2039,0
M0015,3151,2026-08-29,2026-08-29T21:43:07+09:00,-3600,-5200,186.4894,0
M0015,3151,2026-08-29,2026-08-29T22:32:31+09:00,-3400,-5000,187.3128,0
M0016,3152,2026-08-11,2026-08-11T10:53:13+09:00,-100,-100,0.0000,1
M0016,3152,2026-08-11,2026-08-11T11:28:39+09:00,-700,-700,0.5906,0
M0016,3152,2026-08-11,2026-08-11T12:02:43+09:00,-1300,-1300,1.1583,0
M0016,3152,2026-08-11,2026-08-11T12:36:02+09:00,-2000,-2000,1.7136,0
M0016,3152,2026-08-11,2026-08-11T13:06:25+09:00,-2500,-2500,2.2200,0
M0016,3152,2026-08-11,2026-08-11T13:34:33+09:00,-2800,-2800,2.6889,0
M0016,3152,2026-08-11,2026-08-11T14:09:42+09:00,-2400,-2400,3.2747,0
M0016,3152,2026-08-11,2026-08-11T14:50:37+09:00,-3100,-3100,3.9567,0
M0016,3152,2026-08-11,2026-08-11T15:29:09+09:00,-3900,-3900,4.5989,0
M0016,3152,2026-08-11,2026-08-11T16:05:23+09:00,-3500,-3500,5.2028,0
M0016,3152,2026-08-11,2026-08-11T16:40:17+09:00,-3700,-3700,5.7844,0
M0016,3152,2026-08-11,2026-08-11T19:30:51+09:00,-2900,-2900,8.6272,0
M0016,3152,2026-08-11,2026-08-11T20:08:57+09:00,1300,1300,9.2622,0
M0016,3152,2026-08-11,2026-08-11T21:03:30+09:00,4000,4000,10.1714,0
M0016,3152,2026-08-11,2026-08-11T21:39:59+09:00,5900,5900,10.7794,0
M0016,3152,2026-08-11,2026-08-11T22:25:23+09:00,5800,5800,11.5361,0
M0016,3152,2026-08-12,2026-08-12T10:53:47+09:00,0,5800,11.5361,1
M0016,3152,2026-08-12,2026-08-12T13:06:31+09:00,300,6100,13.7483,0
M0016,3152,2026-08-12,2026-08-12T13:35:53+09:00,200,6000,14.2378,0
M0016,3152,2026-08-12,2026-08-12T14:11:01+09:00,1900,7700,14.8233,0
M0016,3152,2026-08-12,2026-08-12T14:56:33+09:00,2300,8100,15.5822,0
M0016,3152,2026-08-12,2026-08-12T15:31:45+09:00,2100,7900,16.1689,0
M0016,3152,2026-08-12,2026-08-12T17:01:31+09:00,1300,7100,17.6650,0
M0016,3152,2026-08-12,2026-08-12T17:36:51+09:00,1000,6800,18.2539,0
M0016,3152,2026-08-12,2026-08-12T18:14:03+09:00,-300,5500,18.8739,0
M0016,3152,2026-08-12,2026-08-12T19:01:02+09:00,200,6000,19.6569,0
M0016,3152,2026-08-12,2026-08-12T20:14:43+09:00,-100,5700,20.8850,0
M0016,3152,2026-08-12,2026-08-12T21:03:27+09:00,100,5900,21.6972,0
M0016,3152,2026-08-12,2026-08-12T21:39:31+09:00,-500,5300,22.2983,0
M0016,3152,2026-08-12,2026-08-12T22:26:01+09:00,-300,5500,23.0733,0
M0016,3152,2026-08-13,2026-08-13T10:54:54+09:00,0,5500,23.0733,1
M0016,3152,2026-08-13,2026-08-13T11:29:13+09:00,-300,5200,23.6453,0
M0016,3152,2026-08-13,2026-08-13T12:03:39+09:00,2000,7500,24.2192,0
M0016,3152,2026-08-13,2026-08-13T12:36:57+09:00,3400,8900,24.7742,0
M0016,3152,2026-08-13,2026-08-13T13:09:39+09:00,3600,9100,25.3192,0
M0016,3152,2026-08-13,2026-08-13T14:00:59+09:00,3400,8900,26.1747,0
M0016,3152,2026-08-13,2026-08-13T14:35:09+09:00,3000,8500,26.7442,0
M0016,3152,2026-08-13,2026-08-13T15:11:23+09:00,2600,8100,27.3481,0
M0016,3152,2026-08-13,2026-08-13T15:58:27+09:00,2200,7700,28.1325,0
M0016,3152,2026-08-13,2026-08-13T16:33:27+09:00,3300,8800,28.7158,0
M0016,3152,2026-08-13,2026-08-13T17:10:25+09:00,2400,7900,29.3319,0
M0016,3152,2026-08-13,2026-08-13T17:59:47+09:00,1700,7200,30.1547,0
M0016,3152,2026-08-13,2026-08-13T18:36:04+09:00,1200,6700,30.7594,0
M0016,3152,2026-08-13,2026-08-13T19:14:33+09:00,400,5900,31.4008,0
M0016,3152,2026-08-13,2026-08-13T20:02:43+09:00,-100,5400,32.2036,0
M0016,3152,2026-08-13,2026-08-13T20:39:10+09:00,-1100,4400,32.8111,0
M0016,3152,2026-08-13,2026-08-13T21:23:43+09:00,-1000,4500,33.5536,0
M0016,3152,2026-08-13,2026-08-13T22:03:35+09:00,-1200,4300,34.2181,0
M0016,3152,2026-08-14,2026-08-14T10:54:41+09:00,-100,4300,34.2181,1
M0016,3152,2026-08-14,2026-08-14T11:29:45+09:00,-300,4100,34.8025,0
M0016,3152,2026-08-14,2026-08-14T12:04:15+09:00,-200,4200,35.3775,0
M0016,3152,2026-08-14,2026-08-14T12:37:28+09:00,-900,3500,35.9311,0
M0016,3152,2026-08-14,2026-08-14T13:06:37+09:00,-1400,3000,36.4169,0
M0016,3152,2026-08-14,2026-08-14T13:35:02+09:00,-2000,2400,36.8906,0
M0016,3152,2026-08-14,2026-08-14T14:10:37+09:00,-3000,1400,37.4836,0
M0016,3152,2026-08-14,2026-08-14T14:55:41+09:00,-3700,700,38.2347,0
M0016,3152,2026-08-14,2026-08-14T15:31:41+09:00,-1400,3000,38.8347,0
M0016,3152,2026-08-14,2026-08-14T16:08:02+09:00,1000,5400,39.4406,0
M0016,3152,2026-08-14,2026-08-14T16:41:57+09:00,4800,9200,40.0058,0
M0016,3152,2026-08-14,2026-08-14T17:30:37+09:00,4600,9000,40.8169,0
M0016,3152,2026-08-14,2026-08-14T18:07:43+09:00,4200,8600,41.4353,0
M0016,3152,2026-08-14,2026-08-14T18:43:04+09:00,4300,8700,42.0244,0
M0016,3152,2026-08-14,2026-08-14T19:31:33+09:00,4400,8800,42.8325,0
M0016,3152,2026-08-14,2026-08-14T20:09:17+09:00,4800,9200,43.4614,0
M0016,3152,2026-08-15,2026-08-15T10:54:13+09:00,-100,9200,43.4614,1
M0016,3152,2026-08-15,2026-08-15T11:29:09+09:00,-200,9100,44.0436,0
M0016,3152,2026-08-15,2026-08-15T12:03:27+09:00,-800,8500,44.6153,0
M0016,3152,2026-08-15,2026-08-15T12:36:37+09:00,-1300,8000,45.1681,0
M0016,3152,2026-08-15,2026-08-15T13:08:49+09:00,-1600,7700,45.7047,0
M0016,3152,2026-08-15,2026-08-15T14:01:55+09:00,-1300,8000,46.5897,0
M0016,3152,2026-08-15,2026-08-15T15:11:53+09:00,-2600,6700,47.7558,0
M0016,3152,2026-08-15,2026-08-15T15:58:43+09:00,-2200,7100,48.5364,0
M0016,3152,2026-08-15,2026-08-15T16:34:01+09:00,-2600,6700,49.1247,0
M0016,3152,2026-08-15,2026-08-15T17:11:17+09:00,-4000,5300,49.7458,0
M0016,3152,2026-08-15,2026-08-15T17:58:39+09:00,-3400,5900,50.5353,0
M0016,3152,2026-08-15,2026-08-15T18:35:13+09:00,-4100,5200,51.1447,0
M0016,3152,2026-08-15,2026-08-15T19:12:53+09:00,-3800,5500,51.7725,0
M0016,3152,2026-08-16,2026-08-16T10:53:41+09:00,-100,5500,51.7725,1
M0016,3152,2026-08-16,2026-08-16T11:28:27+09:00,1500,7100,52.3519,0
M0016,3152,2026-08-16,2026-08-16T12:02:27+09:00,2900,8500,52.9186,0
M0016,3152,2026-08-16,2026-08-16T12:35:49+09:00,2500,8100,53.4747,0
M0016,3152,2026-08-16,2026-08-16T13:06:49+09:00,3400,9000,53.9914,0
M0016,3152,2026-08-16,2026-08-16T13:36:19+09:00,5600,11200,54.4831,0
M0016,3152,2026-08-16,2026-08-16T14:09:21+09:00,6500,12100,55.0336,0
M0016,3152,2026-08-16,2026-08-16T14:51:21+09:00,6200,11800,55.7336,0
M0016,3152,2026-08-16,2026-08-16T15:29:10+09:00,6300,11900,56.3639,0
M0016,3152,2026-08-16,2026-08-16T16:05:23+09:00,6500,12100,56.9675,0
M0016,3152,2026-08-16,2026-08-16T16:39:55+09:00,6800,12400,57.5431,0
M0016,3152,2026-08-16,2026-08-16T17:30:17+09:00,8300,13900,58.3825,0
M0016,3152,2026-08-16,2026-08-16T18:07:35+09:00,8800,14400,59.0042,0
M0016,3152,2026-08-16,2026-08-16T18:38:25+09:00,7800,13400,59.5181,0
M0016,3152,2026-08-16,2026-08-16T19:40:19+09:00,6700,12300,60.5497,0
M0016,3152,2026-08-16,2026-08-16T20:25:39+09:00,5900,11500,61.3053,0
M0016,3152,2026-08-16,2026-08-16T21:04:51+09:00,5300,10900,61.9586,0
M0016,3152,2026-08-16,2026-08-16T21:42:13+09:00,6300,11900,62.5814,0
M0016,3152,2026-08-17,2026-08-17T10:52:31+09:00,0,11900,62.5814,1
M0016,3152,2026-08-17,2026-08-17T13:07:15+09:00,-200,11700,64.8269,0
M0016,3152,2026-08-17,2026-08-17T13:35:21+09:00,400,12300,65.2953,0
M0016,3152,2026-08-17,2026-08-17T14:03:11+09:00,100,12000,65.7592,0
M0016,3152,2026-08-17,2026-08-17T14:36:43+09:00,-400,11500,66.3181,0
M0016,3152,2026-08-17,2026-08-17T15:11:21+09:00,0,11900,66.8953,0
M0016,3152,2026-08-17,2026-08-17T15:59:33+09:00,500,12400,67.6986,0
M0016,3152,2026-08-17,2026-08-17T16:33:27+09:00,700,12600,68.2636,0
M0016,3152,2026-08-17,2026-08-17T17:09:07+09:00,-400,11500,68.8581,0
M0016,3152,2026-08-17,2026-08-17T19:59:55+09:00,-600,11300,71.7047,0
M0016,3152,2026-08-17,2026-08-17T20:35:21+09:00,-1200,10700,72.2953,0
M0016,3152,2026-08-17,2026-08-17T21:13:05+09:00,-100,11800,72.9242,0
M0016,3152,2026-08-17,2026-08-17T21:59:13+09:00,100,12000,73.6931,0
M0016,3152,2026-08-17,2026-08-17T22:34:49+09:00,-300,11600,74.2864,0
M0016,3152,2026-08-17,2026-08-17T23:11:50+09:00,-200,11700,74.9033,0
M0016,3152,2026-08-18,2026-08-18T10:52:51+09:00,-200,11700,74.9033,1
M0016,3152,2026-08-18,2026-08-18T11:28:45+09:00,0,11900,75.5017,0
M0016,3152,2026-08-18,2026-08-18T12:02:47+09:00,-600,11300,76.0689,0
M0016,3152,2026-08-18,2026-08-18T12:35:21+09:00,-1100,10800,76.6117,0
M0016,3152,2026-08-18,2026-08-18T13:07:37+09:00,-1700,10200,77.1494,0
M0016,3152,2026-08-18,2026-08-18T13:35:43+09:00,-1300,10600,77.6178,0
M0016,3152,2026-08-18,2026-08-18T14:04:28+09:00,-2000,9900,78.0969,0
M0016,3152,2026-08-18,2026-08-18T14:37:28+09:00,-2600,9300,78.6469,0
M0016,3152,2026-08-18,2026-08-18T15:11:53+09:00,-2700,9200,79.2206,0
M0016,3152,2026-08-18,2026-08-18T15:59:35+09:00,-1200,10700,80.0156,0
M0016,3152,2026-08-18,2026-08-18T16:33:08+09:00,700,12600,80.5747,0
M0016,3152,2026-08-18,2026-08-18T19:09:25+09:00,300,12200,83.1794,0
M0016,3152,2026-08-18,2026-08-18T19:59:53+09:00,-700,11200,84.0206,0
M0016,3152,2026-08-18,2026-08-18T20:35:25+09:00,-1000,10900,84.6128,0
M0016,3152,2026-08-18,2026-08-18T21:11:41+09:00,-1300,10600,85.2172,0
M0016,3152,2026-08-18,2026-08-18T21:57:39+09:00,-1000,10900,85.9833,0
M0016,3152,2026-08-19,2026-08-19T10:53:31+09:00,0,10900,85.9833,1
M0016,3152,2026-08-19,2026-08-19T14:09:06+09:00,700,11600,89.2431,0
M0016,3152,2026-08-19,2026-08-19T18:08:43+09:00,200,11100,93.2367,0
M0016,3152,2026-08-19,2026-08-19T18:50:27+09:00,-100,10800,93.9322,0
M0016,3152,2026-08-19,2026-08-19T19:28:55+09:00,1400,12300,94.5733,0
M0016,3152,2026-08-19,2026-08-19T20:05:19+09:00,4800,15700,95.1800,0
M0016,3152,2026-08-19,2026-08-19T20:39:17+09:00,4700,15600,95.7461,0
M0016,3152,2026-08-19,2026-08-19T21:30:39+09:00,5500,16400,96.6022,0
M0016,3152,2026-08-19,2026-08-19T22:07:17+09:00,5800,16700,97.2128,0
M0016,3152,2026-08-20,2026-08-20T10:52:57+09:00,0,16700,97.2128,1
M0016,3152,2026-08-20,2026-08-20T15:09:59+09:00,300,17000,101.4967,0
M0016,3152,2026-08-20,2026-08-20T17:07:41+09:00,-100,16600,103.4583,0
M0016,3152,2026-08-20,2026-08-20T17:42:01+09:00,-400,16300,104.0306,0
M0016,3152,2026-08-20,2026-08-20T18:28:21+09:00,0,16700,104.8028,0
M0016,3152,2026-08-20,2026-08-20T19:04:37+09:00,-300,16400,105.4072,0
M0016,3152,2026-08-20,2026-08-20T19:39:23+09:00,-1500,15200,105.9867,0
M0016,3152,2026-08-20,2026-08-20T20:28:35+09:00,-2300,14400,106.8067,0
M0016,3152,2026-08-20,2026-08-20T21:05:21+09:00,-1600,15100,107.4194,0
M0016,3152,2026-08-20,2026-08-20T21:40:19+09:00,-1500,15200,108.0022,0
M0016,3152,2026-08-22,2026-08-22T10:54:29+09:00,0,15200,108.0022,1
M0016,3152,2026-08-22,2026-08-22T11:28:57+09:00,300,15500,108.5767,0
M0016,3152,2026-08-22,2026-08-22T12:03:41+09:00,-400,14800,109.1556,0
M0016,3152,2026-08-22,2026-08-22T12:36:35+09:00,-600,14600,109.7039,0
M0016,3152,2026-08-22,2026-08-22T13:08:43+09:00,-2000,13200,110.2394,0
M0016,3152,2026-08-22,2026-08-22T14:05:49+09:00,-900,14300,111.1911,0
M0016,3152,2026-08-22,2026-08-22T14:40:51+09:00,-1600,13600,111.7750,0
M0016,3152,2026-08-22,2026-08-22T15:30:07+09:00,-1800,13400,112.5961,0
M0016,3152,2026-08-22,2026-08-22T16:07:19+09:00,-2300,12900,113.2161,0
M0016,3152,2026-08-22,2026-08-22T16:43:29+09:00,-2200,13000,113.8189,0
M0016,3152,2026-08-22,2026-08-22T17:31:13+09:00,-2500,12700,114.6144,0
M0016,3152,2026-08-22,2026-08-22T18:09:45+09:00,-2100,13100,115.2567,0
M0016,3152,2026-08-22,2026-08-22T18:55:39+09:00,-600,14600,116.0217,0
M0016,3152,2026-08-22,2026-08-22T19:33:07+09:00,-500,14700,116.6461,0
M0016,3152,2026-08-22,2026-08-22T20:12:13+09:00,-800,14400,117.2978,0
M0016,3152,2026-08-22,2026-08-22T21:01:31+09:00,-1300,13900,118.1194,0
M0016,3152,2026-08-22,2026-08-22T21:39:25+09:00,-1500,13700,118.7511,0
M0016,3152,2026-08-22,2026-08-22T22:28:43+09:00,-2100,13100,119.5728,0
M0016,3152,2026-08-23,2026-08-23T10:53:53+09:00,-100,13100,119.5728,1
M0016,3152,2026-08-23,2026-08-23T11:29:03+09:00,-700,12500,120.1589,0
M0016,3152,2026-08-23,2026-08-23T12:03:35+09:00,-800,12400,120.7344,0
M0016,3152,2026-08-23,2026-08-23T12:36:41+09:00,-1500,11700,121.2861,0
M0016,3152,2026-08-23,2026-08-23T13:07:01+09:00,-1300,11900,121.7917,0
M0016,3152,2026-08-23,2026-08-23T13:35:29+09:00,-1700,11500,122.2661,0
M0016,3152,2026-08-23,2026-08-23T14:10:53+09:00,0,13200,122.8561,0
M0016,3152,2026-08-23,2026-08-23T14:54:04+09:00,500,13700,123.5758,0
M0016,3152,2026-08-23,2026-08-23T16:08:15+09:00,200,13400,124.8122,0
M0016,3152,2026-08-23,2026-08-23T16:54:35+09:00,500,13700,125.5844,0
M0016,3152,2026-08-23,2026-08-23T17:31:47+09:00,100,13300,126.2044,0
M0016,3152,2026-08-23,2026-08-23T18:09:27+09:00,-800,12400,126.8322,0
M0016,3152,2026-08-23,2026-08-23T18:55:58+09:00,-700,12500,127.6075,0
M0016,3152,2026-08-23,2026-08-23T19:33:57+09:00,-1300,11900,128.2406,0
M0016,3152,2026-08-23,2026-08-23T20:12:39+09:00,-2500,10700,128.8856,0
M0016,3152,2026-08-23,2026-08-23T21:39:29+09:00,-2400,10800,130.3328,0
M0016,3152,2026-08-24,2026-08-24T10:54:29+09:00,-200,10800,130.3328,1
M0016,3152,2026-08-24,2026-08-24T11:29:08+09:00,500,11500,130.9103,0
M0016,3152,2026-08-24,2026-08-24T12:03:33+09:00,0,11000,131.4839,0
M0016,3152,2026-08-24,2026-08-24T12:36:23+09:00,-100,10900,132.0311,0
M0016,3152,2026-08-24,2026-08-24T13:10:11+09:00,800,11800,132.5944,0
M0016,3152,2026-08-24,2026-08-24T13:57:31+09:00,1400,12400,133.3833,0
M0016,3152,2026-08-24,2026-08-24T14:31:29+09:00,1000,12000,133.9494,0
M0016,3152,2026-08-24,2026-08-24T15:06:59+09:00,200,11200,134.5411,0
M0016,3152,2026-08-24,2026-08-24T15:35:54+09:00,-400,10600,135.0231,0
M0016,3152,2026-08-24,2026-08-24T16:05:39+09:00,300,11300,135.5189,0
M0016,3152,2026-08-24,2026-08-24T16:40:02+09:00,-100,10900,136.0919,0
M0016,3152,2026-08-24,2026-08-24T18:02:01+09:00,100,11100,137.4583,0
M0016,3152,2026-08-24,2026-08-24T18:37:29+09:00,-500,10500,138.0494,0
M0016,3152,2026-08-24,2026-08-24T19:13:25+09:00,-1300,9700,138.6483,0
M0016,3152,2026-08-24,2026-08-24T20:00:37+09:00,-900,10100,139.4350,0
M0016,3152,2026-08-24,2026-08-24T20:36:01+09:00,-400,10600,140.0250,0
M0016,3152,2026-08-24,2026-08-24T21:13:01+09:00,-1700,9300,140.6417,0
M0016,3152,2026-08-24,2026-08-24T22:34:35+09:00,-1900,9100,142.0011,0
M0016,3152,2026-08-25,2026-08-25T10:53:53+09:00,-200,9100,142.0011,1
M0016,3152,2026-08-25,2026-08-25T11:29:03+09:00,-100,9200,142.5872,0
M0016,3152,2026-08-25,2026-08-25T12:03:47+09:00,2500,11800,143.1661,0
M0016,3152,2026-08-25,2026-08-25T12:36:43+09:00,2100,11400,143.7150,0
M0016,3152,2026-08-25,2026-08-25T13:06:33+09:00,1600,10900,144.2122,0
M0016,3152,2026-08-25,2026-08-25T13:34:33+09:00,900,10200,144.6789,0
M0016,3152,2026-08-25,2026-08-25T14:09:29+09:00,300,9600,145.2611,0
M0016,3152,2026-08-25,2026-08-25T17:05:09+09:00,-100,9200,148.1889,0
M0016,3152,2026-08-25,2026-08-25T17:30:51+09:00,0,9300,148.6172,0
M0016,3152,2026-08-25,2026-08-25T18:07:23+09:00,800,10100,149.2261,0
M0016,3152,2026-08-25,2026-08-25T20:40:03+09:00,0,9300,151.7706,0
M0016,3152,2026-08-25,2026-08-25T21:28:25+09:00,2400,11700,152.5767,0
M0016,3152,2026-08-25,2026-08-25T22:05:51+09:00,4900,14200,153.2006,0
M0016,3152,2026-08-25,2026-08-25T22:39:15+09:00,4300,13600,153.7572,0
M0016,3152,2026-08-25,2026-08-25T23:34:49+09:00,4500,13800,154.6833,0
M0016,3152,2026-08-26,2026-08-26T10:53:07+09:00,0,13800,154.6833,1
M0016,3152,2026-08-26,2026-08-26T14:04:55+09:00,800,14600,157.8800,0
M0016,3152,2026-08-26,2026-08-26T14:37:55+09:00,2400,16200,158.4300,0
M0016,3152,2026-08-26,2026-08-26T15:12:25+09:00,4400,18200,159.0050,0
M0016,3152,2026-08-26,2026-08-26T15:57:47+09:00,3900,17700,159.7611,0
M0016,3152,2026-08-26,2026-08-26T16:31:31+09:00,3700,17500,160.3233,0
M0016,3152,2026-08-26,2026-08-26T17:35:49+09:00,3300,17100,161.3950,0
M0016,3152,2026-08-26,2026-08-26T18:38:31+09:00,3000,16800,162.4400,0
M0016,3152,2026-08-26,2026-08-26T19:20:17+09:00,2700,16500,163.1361,0
M0016,3152,2026-08-26,2026-08-26T20:01:09+09:00,2000,15800,163.8172,0
M0016,3152,2026-08-26,2026-08-26T21:13:13+09:00,1500,15300,165.0183,0
M0016,3152,2026-08-26,2026-08-26T22:00:53+09:00,800,14600,165.8128,0
M0016,3152,2026-08-26,2026-08-26T22:36:49+09:00,700,14500,166.4117,0
M0016,3152,2026-08-27,2026-08-27T10:54:19+09:00,-100,14500,166.4117,1
M0016,3152,2026-08-27,2026-08-27T11:28:53+09:00,-800,13800,166.9878,0
M0016,3152,2026-08-27,2026-08-27T12:03:19+09:00,-1200,13400,167.5617,0
M0016,3152,2026-08-27,2026-08-27T12:36:15+09:00,-1900,12700,168.1106,0
M0016,3152,2026-08-27,2026-08-27T13:07:43+09:00,-1300,13300,168.6350,0
M0016,3152,2026-08-27,2026-08-27T13:35:23+09:00,-2000,12600,169.0961,0
M0016,3152,2026-08-27,2026-08-27T14:07:15+09:00,-1600,13000,169.6272,0
M0016,3152,2026-08-27,2026-08-27T14:41:06+09:00,-1400,13200,170.1914,0
M0016,3152,2026-08-27,2026-08-27T15:26:49+09:00,-1700,12900,170.9533,0
M0016,3152,2026-08-27,2026-08-27T16:02:47+09:00,-500,14100,171.5528,0
M0016,3152,2026-08-27,2026-08-27T17:33:23+09:00,-700,13900,173.0628,0
M0016,3152,2026-08-27,2026-08-27T18:09:51+09:00,-1900,12700,173.6706,0
M0016,3152,2026-08-27,2026-08-27T18:53:03+09:00,-1600,13000,174.3906,0
M0016,3152,2026-08-27,2026-08-27T20:08:01+09:00,-1800,12800,175.6400,0
M0016,3152,2026-08-27,2026-08-27T20:44:41+09:00,-2900,11700,176.2511,0
M0016,3152,2026-08-27,2026-08-27T21:32:59+09:00,-3000,11600,177.0561,0
M0016,3152,2026-08-27,2026-08-27T22:09:51+09:00,-3500,11100,177.6706,0
M0016,3152,2026-08-28,2026-08-28T10:54:45+09:00,0,11100,177.6706,1
M0016,3152,2026-08-28,2026-08-28T11:29:35+09:00,400,11500,178.2511,0
M0016,3152,2026-08-28,2026-08-28T12:36:55+09:00,1200,12300,179.3733,0
M0016,3152,2026-08-28,2026-08-28T13:07:27+09:00,400,11500,179.8822,0
M0016,3152,2026-08-28,2026-08-28T13:35:41+09:00,500,11600,180.3528,0
M0016,3152,2026-08-28,2026-08-28T14:51:34+09:00,300,11400,181.6175,0
M0016,3152,2026-08-28,2026-08-28T15:26:59+09:00,0,11100,182.2078,0
M0016,3152,2026-08-28,2026-08-28T16:03:29+09:00,-200,10900,182.8161,0
M0016,3152,2026-08-28,2026-08-28T16:38:15+09:00,-700,10400,183.3956,0
M0016,3152,2026-08-28,2026-08-28T19:37:02+09:00,-1100,10000,186.3753,0
M0016,3152,2026-08-28,2026-08-28T20:14:11+09:00,-2300,8800,186.9944,0
M0016,3152,2026-08-28,2026-08-28T21:00:55+09:00,-2900,8200,187.7733,0
M0016,3152,2026-08-28,2026-08-28T21:36:25+09:00,-3600,7500,188.3650,0
M0016,3152,2026-08-28,2026-08-28T22:13:23+09:00,-2900,8200,188.9811,0
M0016,3152,2026-08-29,2026-08-29T10:54:15+09:00,-100,8200,188.9811,1
M0016,3152,2026-08-29,2026-08-29T11:29:35+09:00,-600,7700,189.5700,0
M0016,3152,2026-08-29,2026-08-29T12:04:02+09:00,-1300,7000,190.1442,0
M0016,3152,2026-08-29,2026-08-29T12:37:17+09:00,-1100,7200,190.6983,0
M0016,3152,2026-08-29,2026-08-29T13:08:43+09:00,1300,9600,191.2222,0
M0016,3152,2026-08-29,2026-08-29T14:08:01+09:00,1400,9700,192.2106,0
M0016,3152,2026-08-29,2026-08-29T14:42:31+09:00,200,8500,192.7856,0
M0016,3152,2026-08-29,2026-08-29T15:28:43+09:00,900,9200,193.5556,0
M0016,3152,2026-08-29,2026-08-29T16:05:41+09:00,100,8400,194.1717,0
M0016,3152,2026-08-29,2026-08-29T16:38:29+09:00,700,9000,194.7183,0
M0016,3152,2026-08-29,2026-08-29T17:36:27+09:00,200,8500,195.6844,0
M0016,3152,2026-08-29,2026-08-29T18:13:47+09:00,500,8800,196.3067,0
M0016,3152,2026-08-29,2026-08-29T19:38:11+09:00,600,8900,197.7133,0
M0016,3152,2026-08-29,2026-08-29T20:25:59+09:00,300,8600,198.5100,0
M0016,3152,2026-08-29,2026-08-29T21:05:49+09:00,3100,11400,199.1739,0
M0016,3152,2026-08-29,2026-08-29T21:43:07+09:00,3400,11700,199.7956,0
M0016,3152,2026-08-29,2026-08-29T22:32:31+09:00,2600,10900,200.6189,0
M0016,3152,2026-08-29,2026-08-29T23:11:51+09:00,2700,11000,201.2744,0
M0017,3153,2026-08-11,2026-08-11T10:53:13+09:00,-100,-100,0.0000,1
M0017,3153,2026-08-11,2026-08-11T11:28:39+09:00,-700,-700,0.5906,0
M0017,3153,2026-08-11,2026-08-11T12:02:43+09:00,-1400,-1400,1.1583,0
M0017,3153,2026-08-11,2026-08-11T12:36:02+09:00,-1700,-1700,1.7136,0
M0017,3153,2026-08-11,2026-08-11T13:06:25+09:00,-1900,-1900,2.2200,0
M0017,3153,2026-08-11,2026-08-11T13:34:33+09:00,-2300,-2300,2.6889,0
M0017,3153,2026-08-11,2026-08-11T14:09:42+09:00,-3800,-3800,3.2747,0
M0017,3153,2026-08-11,2026-08-11T14:50:37+09:00,-4300,-4300,3.9567,0
M0017,3153,2026-08-11,2026-08-11T15:29:09+09:00,-4700,-4700,4.5989,0
M0017,3153,2026-08-11,2026-08-11T16:05:23+09:00,-4200,-4200,5.2028,0
M0017,3153,2026-08-11,2026-08-11T16:40:17+09:00,-3900,-3900,5.7844,0
M0017,3153,2026-08-11,2026-08-11T17:28:47+09:00,-3000,-3000,6.5928,0
M0017,3153,2026-08-11,2026-08-11T18:06:29+09:00,-3100,-3100,7.2211,0
M0017,3153,2026-08-11,2026-08-11T18:41:47+09:00,-4100,-4100,7.8094,0
M0017,3153,2026-08-11,2026-08-11T19:30:51+09:00,-4200,-4200,8.6272,0
M0017,3153,2026-08-11,2026-08-11T20:08:57+09:00,-4000,-4000,9.2622,0
M0017,3153,2026-08-12,2026-08-12T10:53:47+09:00,-100,-4000,9.2622,1
M0017,3153,2026-08-12,2026-08-12T11:28:45+09:00,400,-3500,9.8450,0
M0017,3153,2026-08-12,2026-08-12T12:02:51+09:00,0,-3900,10.4133,0
M0017,3153,2026-08-12,2026-08-12T12:36:01+09:00,-500,-4400,10.9661,0
M0017,3153,2026-08-12,2026-08-12T13:06:31+09:00,-1200,-5100,11.4744,0
M0017,3153,2026-08-12,2026-08-12T13:35:53+09:00,-100,-4000,11.9639,0
M0017,3153,2026-08-12,2026-08-12T14:11:01+09:00,-800,-4700,12.5494,0
M0017,3153,2026-08-12,2026-08-12T14:56:33+09:00,-1000,-4900,13.3083,0
M0017,3153,2026-08-12,2026-08-12T15:31:45+09:00,-500,-4400,13.8950,0
M0017,3153,2026-08-12,2026-08-12T16:07:57+09:00,700,-3200,14.4983,0
M0017,3153,2026-08-12,2026-08-12T16:35:17+09:00,500,-3400,14.9539,0
M0017,3153,2026-08-12,2026-08-12T17:01:31+09:00,1000,-2900,15.3911,0
M0017,3153,2026-08-12,2026-08-12T17:36:51+09:00,900,-3000,15.9800,0
M0017,3153,2026-08-12,2026-08-12T18:14:03+09:00,-200,-4100,16.6000,0
M0017,3153,2026-08-12,2026-08-12T19:01:02+09:00,-900,-4800,17.3831,0
M0017,3153,2026-08-12,2026-08-12T19:36:51+09:00,-1600,-5500,17.9800,0
M0017,3153,2026-08-12,2026-08-12T20:14:43+09:00,-900,-4800,18.6111,0
M0017,3153,2026-08-12,2026-08-12T21:03:27+09:00,-600,-4500,19.4233,0
M0017,3153,2026-08-13,2026-08-13T10:54:54+09:00,-100,-4500,19.4233,1
M0017,3153,2026-08-13,2026-08-13T11:29:13+09:00,-600,-5000,19.9953,0
M0017,3153,2026-08-13,2026-08-13T12:03:39+09:00,-1100,-5500,20.5692,0
M0017,3153,2026-08-13,2026-08-13T13:09:39+09:00,-2000,-6400,21.6692,0
M0017,3153,2026-08-13,2026-08-13T14:35:09+09:00,-2300,-6700,23.0942,0
M0017,3153,2026-08-13,2026-08-13T15:11:23+09:00,-2200,-6600,23.6981,0
M0017,3153,2026-08-13,2026-08-13T15:58:27+09:00,-2700,-7100,24.4825,0
M0017,3153,2026-08-13,2026-08-13T16:33:27+09:00,-2900,-7300,25.0658,0
M0017,3153,2026-08-13,2026-08-13T17:10:25+09:00,-300,-4700,25.6819,0
M0017,3153,2026-08-13,2026-08-13T17:59:47+09:00,-400,-4800,26.5047,0
M0017,3153,2026-08-13,2026-08-13T18:36:04+09:00,-1100,-5500,27.1094,0
M0017,3153,2026-08-13,2026-08-13T19:14:33+09:00,-1300,-5700,27.7508,0
M0017,3153,2026-08-13,2026-08-13T20:02:43+09:00,-1600,-6000,28.5536,0
M0017,3153,2026-08-13,2026-08-13T20:39:10+09:00,-800,-5200,29.1611,0
M0017,3153,2026-08-13,2026-08-13T21:23:43+09:00,-400,-4800,29.9036,0
M0017,3153,2026-08-14,2026-08-14T10:54:41+09:00,-200,-4800,29.9036,1
M0017,3153,2026-08-14,2026-08-14T11:29:45+09:00,400,-4200,30.4881,0
M0017,3153,2026-08-14,2026-08-14T12:04:15+09:00,0,-4600,31.0631,0
M0017,3153,2026-08-14,2026-08-14T12:37:28+09:00,-300,-4900,31.6167,0
M0017,3153,2026-08-14,2026-08-14T13:06:37+09:00,-700,-5300,32.1025,0
M0017,3153,2026-08-14,2026-08-14T13:35:02+09:00,-1500,-6100,32.5761,0
M0017,3153,2026-08-14,2026-08-14T14:10:37+09:00,-2000,-6600,33.1692,0
M0017,3153,2026-08-14,2026-08-14T14:55:41+09:00,-2700,-7300,33.9203,0
M0017,3153,2026-08-14,2026-08-14T16:08:02+09:00,-3100,-7700,35.1261,0
M0017,3153,2026-08-14,2026-08-14T16:41:57+09:00,-2700,-7300,35.6914,0
M0017,3153,2026-08-14,2026-08-14T17:30:37+09:00,-2500,-7100,36.5025,0
M0017,3153,2026-08-14,2026-08-14T20:09:17+09:00,-3700,-8300,39.1469,0
M0017,3153,2026-08-14,2026-08-14T20:55:41+09:00,-3900,-8500,39.9203,0
M0017,3153,2026-08-14,2026-08-14T21:33:02+09:00,-3800,-8400,40.5428,0
M0017,3153,2026-08-15,2026-08-15T10:54:13+09:00,-200,-8400,40.5428,1
M0017,3153,2026-08-15,2026-08-15T11:29:09+09:00,-500,-8700,41.1250,0
M0017,3153,2026-08-15,2026-08-15T12:03:27+09:00,-1200,-9400,41.6967,0
M0017,3153,2026-08-15,2026-08-15T12:36:37+09:00,-1700,-9900,42.2494,0
M0017,3153,2026-08-15,2026-08-15T13:08:49+09:00,-2000,-10200,42.7861,0
M0017,3153,2026-08-15,2026-08-15T14:01:55+09:00,700,-7500,43.6711,0
M0017,3153,2026-08-15,2026-08-15T14:36:09+09:00,1800,-6400,44.2417,0
M0017,3153,2026-08-15,2026-08-15T15:11:53+09:00,2200,-6000,44.8372,0
M0017,3153,2026-08-15,2026-08-15T15:58:43+09:00,1600,-6600,45.6178,0
M0017,3153,2026-08-15,2026-08-15T16:34:01+09:00,1000,-7200,46.2061,0
M0017,3153,2026-08-15,2026-08-15T17:11:17+09:00,-200,-8400,46.8272,0
M0017,3153,2026-08-15,2026-08-15T17:58:39+09:00,1600,-6600,47.6167,0
M0017,3153,2026-08-15,2026-08-15T18:35:13+09:00,1500,-6700,48.2261,0
M0017,3153,2026-08-15,2026-08-15T19:12:53+09:00,700,-7500,48.8539,0
M0017,3153,2026-08-15,2026-08-15T20:01:19+09:00,0,-8200,49.6611,0
M0017,3153,2026-08-15,2026-08-15T20:38:25+09:00,-400,-8600,50.2794,0
M0017,3153,2026-08-15,2026-08-15T21:25:49+09:00,2400,-5800,51.0694,0
M0017,3153,2026-08-15,2026-08-15T22:04:23+09:00,4200,-4000,51.7122,0
M0017,3153,2026-08-15,2026-08-15T22:41:53+09:00,4100,-4100,52.3372,0
M0017,3153,2026-08-16,2026-08-16T10:53:41+09:00,-100,-4100,52.3372,1
M0017,3153,2026-08-16,2026-08-16T11:28:27+09:00,-700,-4700,52.9167,0
M0017,3153,2026-08-16,2026-08-16T12:02:27+09:00,-100,-4100,53.4833,0
M0017,3153,2026-08-16,2026-08-16T12:35:49+09:00,-700,-4700,54.0394,0
M0017,3153,2026-08-16,2026-08-16T13:06:49+09:00,-1300,-5300,54.5561,0
M0017,3153,2026-08-16,2026-08-16T13:36:19+09:00,-1900,-5900,55.0478,0
M0017,3153,2026-08-16,2026-08-16T14:09:21+09:00,-2600,-6600,55.5983,0
M0017,3153,2026-08-16,2026-08-16T15:29:10+09:00,-2100,-6100,56.9286,0
M0017,3153,2026-08-16,2026-08-16T16:05:23+09:00,-2800,-6800,57.5322,0
M0017,3153,2026-08-16,2026-08-16T16:39:55+09:00,-3900,-7900,58.1078,0
M0017,3153,2026-08-16,2026-08-16T17:30:17+09:00,-3800,-7800,58.9472,0
M0017,3153,2026-08-16,2026-08-16T18:07:35+09:00,-4400,-8400,59.5689,0
M0017,3153,2026-08-16,2026-08-16T18:38:25+09:00,-4300,-8300,60.0828,0
M0017,3153,2026-08-16,2026-08-16T19:40:19+09:00,-4600,-8600,61.1144,0
M0017,3153,2026-08-16,2026-08-16T20:25:39+09:00,-4300,-8300,61.8700,0
M0017,3153,2026-08-17,2026-08-17T10:52:31+09:00,0,-8300,61.8700,1
M0017,3153,2026-08-17,2026-08-17T11:28:29+09:00,-800,-9100,62.4694,0
M0017,3153,2026-08-17,2026-08-17T12:02:23+09:00,-900,-9200,63.0344,0
M0017,3153,2026-08-17,2026-08-17T14:36:43+09:00,-1200,-9500,65.6067,0
M0017,3153,2026-08-17,2026-08-17T15:11:21+09:00,-400,-8700,66.1839,0
M0017,3153,2026-08-17,2026-08-17T19:59:55+09:00,-1100,-9400,70.9933,0
M0017,3153,2026-08-17,2026-08-17T20:35:21+09:00,-1500,-9800,71.5839,0
M0017,3153,2026-08-17,2026-08-17T21:13:05+09:00,-400,-8700,72.2128,0
M0017,3153,2026-08-17,2026-08-17T21:59:13+09:00,0,-8300,72.9817,0
M0017,3153,2026-08-17,2026-08-17T22:34:49+09:00,-200,-8500,73.5750,0
M0017,3153,2026-08-17,2026-08-17T23:11:50+09:00,900,-7400,74.1919,0
M0017,3153,2026-08-18,2026-08-18T10:52:51+09:00,100,-7400,74.1919,1
M0017,3153,2026-08-18,2026-08-18T11:28:45+09:00,-500,-8000,74.7903,0
M0017,3153,2026-08-18,2026-08-18T12:02:47+09:00,-400,-7900,75.3575,0
M0017,3153,2026-08-18,2026-08-18T12:35:21+09:00,-900,-8400,75.9003,0
M0017,3153,2026-08-18,2026-08-18T13:07:37+09:00,100,-7400,76.4381,0
M0017,3153,2026-08-18,2026-08-18T13:35:43+09:00,500,-7000,76.9064,0
M0017,3153,2026-08-18,2026-08-18T14:04:28+09:00,600,-6900,77.3856,0
M0017,3153,2026-08-18,2026-08-18T14:37:28+09:00,2400,-5100,77.9356,0
M0017,3153,2026-08-18,2026-08-18T15:11:53+09:00,5400,-2100,78.5092,0
M0017,3153,2026-08-18,2026-08-18T15:59:35+09:00,5300,-2200,79.3042,0
M0017,3153,2026-08-18,2026-08-18T16:33:08+09:00,5400,-2100,79.8633,0
M0017,3153,2026-08-18,2026-08-18T17:08:27+09:00,6300,-1200,80.4519,0
M0017,3153,2026-08-18,2026-08-18T17:59:01+09:00,7500,0,81.2947,0
M0017,3153,2026-08-18,2026-08-18T18:33:31+09:00,6900,-600,81.8697,0
M0017,3153,2026-08-18,2026-08-18T19:09:25+09:00,6200,-1300,82.4681,0
M0017,3153,2026-08-18,2026-08-18T19:59:53+09:00,5600,-1900,83.3092,0
M0017,3153,2026-08-18,2026-08-18T20:35:25+09:00,6100,-1400,83.9014,0
M0017,3153,2026-08-18,2026-08-18T21:11:41+09:00,6400,-1100,84.5058,0
M0017,3153,2026-08-18,2026-08-18T21:57:39+09:00,5900,-1600,85.2719,0
M0017,3153,2026-08-18,2026-08-18T22:33:27+09:00,6100,-1400,85.8686,0
M0017,3153,2026-08-19,2026-08-19T10:53:31+09:00,0,-1400,85.8686,1
M0017,3153,2026-08-19,2026-08-19T15:26:59+09:00,-500,-1900,90.4264,0
M0017,3153,2026-08-19,2026-08-19T16:02:55+09:00,-100,-1500,91.0253,0
M0017,3153,2026-08-19,2026-08-19T16:36:50+09:00,-600,-2000,91.5906,0
M0017,3153,2026-08-19,2026-08-19T18:08:43+09:00,-300,-1700,93.1219,0
M0017,3153,2026-08-19,2026-08-19T18:50:27+09:00,500,-900,93.8175,0
M0017,3153,2026-08-19,2026-08-19T19:28:55+09:00,2800,1400,94.4586,0
M0017,3153,2026-08-19,2026-08-19T20:39:17+09:00,6200,4800,95.6314,0
M0017,3153,2026-08-19,2026-08-19T21:30:39+09:00,6600,5200,96.4875,0
M0017,3153,2026-08-20,2026-08-20T10:52:57+09:00,-300,5200,96.4875,1
M0017,3153,2026-08-20,2026-08-20T11:28:53+09:00,-500,5000,97.0864,0
M0017,3153,2026-08-20,2026-08-20T12:02:37+09:00,-1300,4200,97.6486,0
M0017,3153,2026-08-20,2026-08-20T12:35:01+09:00,-1900,3600,98.1886,0
M0017,3153,2026-08-20,2026-08-20T13:07:39+09:00,-2600,2900,98.7325,0
M0017,3153,2026-08-20,2026-08-20T13:36:17+09:00,-3200,2300,99.2097,0
M0017,3153,2026-08-20,2026-08-20T14:02:59+09:00,-1800,3700,99.6547,0
M0017,3153,2026-08-20,2026-08-20T14:35:37+09:00,-1300,4200,100.1986,0
M0017,3153,2026-08-20,2026-08-20T19:39:23+09:00,-1800,3700,105.2614,0
M0017,3153,2026-08-20,2026-08-20T20:28:35+09:00,-1300,4200,106.0814,0
M0017,3153,2026-08-20,2026-08-20T21:05:21+09:00,-200,5300,106.6942,0
M0017,3153,2026-08-22,2026-08-22T10:54:29+09:00,-100,5300,106.6942,1
M0017,3153,2026-08-22,2026-08-22T11:28:57+09:00,-300,5100,107.2686,0
M0017,3153,2026-08-22,2026-08-22T12:03:41+09:00,100,5500,107.8475,0
M0017,3153,2026-08-22,2026-08-22T12:36:35+09:00,-500,4900,108.3958,0
M0017,3153,2026-08-22,2026-08-22T13:08:43+09:00,1500,6900,108.9314,0
M0017,3153,2026-08-22,2026-08-22T14:05:49+09:00,4500,9900,109.8831,0
M0017,3153,2026-08-22,2026-08-22T14:40:51+09:00,6700,12100,110.4669,0
M0017,3153,2026-08-22,2026-08-22T15:30:07+09:00,7200,12600,111.2881,0
M0017,3153,2026-08-22,2026-08-22T16:07:19+09:00,7100,12500,111.9081,0
M0017,3153,2026-08-22,2026-08-22T16:43:29+09:00,6600,12000,112.5108,0
M0017,3153,2026-08-22,2026-08-22T17:31:13+09:00,7300,12700,113.3064,0
M0017,3153,2026-08-22,2026-08-22T18:09:45+09:00,5900,11300,113.9486,0
M0017,3153,2026-08-22,2026-08-22T18:55:39+09:00,7400,12800,114.7136,0
M0017,3153,2026-08-22,2026-08-22T19:33:07+09:00,8100,13500,115.3381,0
M0017,3153,2026-08-22,2026-08-22T20:12:13+09:00,6800,12200,115.9897,0
M0017,3153,2026-08-22,2026-08-22T21:01:31+09:00,6200,11600,116.8114,0
M0017,3153,2026-08-22,2026-08-22T21:39:25+09:00,9800,15200,117.4431,0
M0017,3153,2026-08-22,2026-08-22T22:28:43+09:00,10200,15600,118.2647,0
M0017,3153,2026-08-23,2026-08-23T10:53:53+09:00,-200,15600,118.2647,1
M0017,3153,2026-08-23,2026-08-23T11:29:03+09:00,-900,14900,118.8508,0
M0017,3153,2026-08-23,2026-08-23T12:03:35+09:00,-500,15300,119.4264,0
M0017,3153,2026-08-23,2026-08-23T12:36:41+09:00,-800,15000,119.9781,0
M0017,3153,2026-08-23,2026-08-23T13:07:01+09:00,-300,15500,120.4836,0
M0017,3153,2026-08-23,2026-08-23T13:35:29+09:00,-600,15200,120.9581,0
M0017,3153,2026-08-23,2026-08-23T14:10:53+09:00,-1100,14700,121.5481,0
M0017,3153,2026-08-23,2026-08-23T14:54:04+09:00,-1000,14800,122.2678,0
M0017,3153,2026-08-23,2026-08-23T15:31:31+09:00,-900,14900,122.8919,0
M0017,3153,2026-08-23,2026-08-23T16:08:15+09:00,-1500,14300,123.5042,0
M0017,3153,2026-08-23,2026-08-23T16:54:35+09:00,-2000,13800,124.2764,0
M0017,3153,2026-08-23,2026-08-23T17:31:47+09:00,-1000,14800,124.8964,0
M0017,3153,2026-08-23,2026-08-23T18:09:27+09:00,-1700,14100,125.5242,0
M0017,3153,2026-08-23,2026-08-23T18:55:58+09:00,-2300,13500,126.2994,0
M0017,3153,2026-08-23,2026-08-23T19:33:57+09:00,-2100,13700,126.9325,0
M0017,3153,2026-08-23,2026-08-23T20:12:39+09:00,-2200,13600,127.5775,0
M0017,3153,2026-08-23,2026-08-23T21:01:31+09:00,-2900,12900,128.3919,0
M0017,3153,2026-08-23,2026-08-23T21:39:29+09:00,-3300,12500,129.0247,0
M0017,3153,2026-08-24,2026-08-24T10:54:29+09:00,-100,12500,129.0247,1
M0017,3153,2026-08-24,2026-08-24T11:29:08+09:00,-800,11800,129.6022,0
M0017,3153,2026-08-24,2026-08-24T12:03:33+09:00,-500,12100,130.1758,0
M0017,3153,2026-08-24,2026-08-24T12:36:23+09:00,-700,11900,130.7231,0
M0017,3153,2026-08-24,2026-08-24T13:57:31+09:00,-800,11800,132.0753,0
M0017,3153,2026-08-24,2026-08-24T14:31:29+09:00,-1400,11200,132.6414,0
M0017,3153,2026-08-24,2026-08-24T15:06:59+09:00,-1700,10900,133.2331,0
M0017,3153,2026-08-24,2026-08-24T15:35:54+09:00,-1600,11000,133.7150,0
M0017,3153,2026-08-24,2026-08-24T16:05:39+09:00,-1900,10700,134.2108,0
M0017,3153,2026-08-24,2026-08-24T16:40:02+09:00,-400,12200,134.7839,0
M0017,3153,2026-08-24,2026-08-24T17:23:02+09:00,1700,14300,135.5006,0
M0017,3153,2026-08-24,2026-08-24T18:02:01+09:00,4400,17000,136.1503,0
M0017,3153,2026-08-24,2026-08-24T18:37:29+09:00,6600,19200,136.7414,0
M0017,3153,2026-08-24,2026-08-24T19:13:25+09:00,8000,20600,137.3403,0
M0017,3153,2026-08-24,2026-08-24T20:00:37+09:00,7200,19800,138.1269,0
M0017,3153,2026-08-24,2026-08-24T20:36:01+09:00,7900,20500,138.7169,0
M0017,3153,2026-08-24,2026-08-24T21:13:01+09:00,7300,19900,139.3336,0
M0017,3153,2026-08-24,2026-08-24T21:58:51+09:00,7000,19600,140.0975,0
M0017,3153,2026-08-24,2026-08-24T23:12:02+09:00,7300,19900,141.3172,0
M0017,3153,2026-08-25,2026-08-25T10:53:53+09:00,0,19900,141.3172,1
M0017,3153,2026-08-25,2026-08-25T13:06:33+09:00,-700,19200,143.5283,0
M0017,3153,2026-08-25,2026-08-25T14:09:29+09:00,-1100,18800,144.5772,0
M0017,3153,2026-08-25,2026-08-25T14:50:35+09:00,-1400,18500,145.2622,0
M0017,3153,2026-08-25,2026-08-25T15:27:09+09:00,-1600,18300,145.8717,0
M0017,3153,2026-08-25,2026-08-25T16:37:33+09:00,-2200,17700,147.0450,0
M0017,3153,2026-08-25,2026-08-25T17:05:09+09:00,-1900,18000,147.5050,0
M0017,3153,2026-08-25,2026-08-25T18:42:17+09:00,-2100,17800,149.1239,0
M0017,3153,2026-08-25,2026-08-25T19:28:31+09:00,-2700,17200,149.8944,0
M0017,3153,2026-08-25,2026-08-25T20:05:21+09:00,-3100,16800,150.5083,0
M0017,3153,2026-08-25,2026-08-25T20:40:03+09:00,-3500,16400,151.0867,0
M0017,3153,2026-08-25,2026-08-25T21:28:25+09:00,-4000,15900,151.8928,0
M0017,3153,2026-08-25,2026-08-25T22:05:51+09:00,-4300,15600,152.5167,0
M0017,3153,2026-08-25,2026-08-25T22:39:15+09:00,-1800,18100,153.0733,0
M0017,3153,2026-08-25,2026-08-25T23:34:49+09:00,-1900,18000,153.9994,0
M0017,3153,2026-08-26,2026-08-26T10:53:07+09:00,0,18000,153.9994,1
M0017,3153,2026-08-26,2026-08-26T12:02:31+09:00,-200,17800,155.1561,0
M0017,3153,2026-08-26,2026-08-26T12:34:47+09:00,0,18000,155.6939,0
M0017,3153,2026-08-26,2026-08-26T13:07:13+09:00,2600,20600,156.2344,0
M0017,3153,2026-08-26,2026-08-26T13:35:35+09:00,2800,20800,156.7072,0
M0017,3153,2026-08-26,2026-08-26T14:37:55+09:00,2900,20900,157.7461,0
M0017,3153,2026-08-26,2026-08-26T15:57:47+09:00,2400,20400,159.0772,0
M0017,3153,2026-08-26,2026-08-26T16:31:31+09:00,3200,21200,159.6394,0
M0017,3153,2026-08-26,2026-08-26T17:07:27+09:00,2700,20700,160.2383,0
M0017,3153,2026-08-26,2026-08-26T17:35:49+09:00,2300,20300,160.7111,0
M0017,3153,2026-08-26,2026-08-26T18:03:25+09:00,1600,19600,161.1711,0
M0017,3153,2026-08-26,2026-08-26T18:38:31+09:00,1000,19000,161.7561,0
M0017,3153,2026-08-26,2026-08-26T19:20:17+09:00,700,18700,162.4522,0
M0017,3153,2026-08-26,2026-08-26T20:01:09+09:00,1200,19200,163.1333,0
M0017,3153,2026-08-26,2026-08-26T20:36:21+09:00,900,18900,163.7200,0
M0017,3153,2026-08-26,2026-08-26T21:13:13+09:00,3800,21800,164.3344,0
M0017,3153,2026-08-26,2026-08-26T22:00:53+09:00,3300,21300,165.1289,0
M0017,3153,2026-08-26,2026-08-26T22:36:49+09:00,3200,21200,165.7278,0
M0017,3153,2026-08-27,2026-08-27T10:54:19+09:00,0,21200,165.7278,1
M0017,3153,2026-08-27,2026-08-27T13:35:23+09:00,-600,20600,168.4122,0
M0017,3153,2026-08-27,2026-08-27T16:02:47+09:00,-700,20500,170.8689,0
M0017,3153,2026-08-27,2026-08-27T17:04:59+09:00,-900,20300,171.9056,0
M0017,3153,2026-08-27,2026-08-27T17:33:23+09:00,-300,20900,172.3789,0
M0017,3153,2026-08-27,2026-08-27T20:44:41+09:00,-500,20700,175.5672,0
M0017,3153,2026-08-27,2026-08-27T21:32:59+09:00,-800,20400,176.3722,0
M0017,3153,2026-08-27,2026-08-27T22:09:51+09:00,-1300,19900,176.9867,0
M0017,3153,2026-08-27,2026-08-27T22:54:35+09:00,-1700,19500,177.7322,0
M0017,3153,2026-08-27,2026-08-27T23:32:28+09:00,-2100,19100,178.3636,0
M0017,3153,2026-08-28,2026-08-28T10:54:45+09:00,0,19100,178.3636,1
M0017,3153,2026-08-28,2026-08-28T12:04:21+09:00,-300,18800,179.5236,0
M0017,3153,2026-08-28,2026-08-28T13:07:27+09:00,1900,21000,180.5753,0
M0017,3153,2026-08-28,2026-08-28T13:35:41+09:00,2900,22000,181.0458,0
M0017,3153,2026-08-28,2026-08-28T14:09:41+09:00,2300,21400,181.6125,0
M0017,3153,2026-08-28,2026-08-28T14:51:34+09:00,1900,21000,182.3106,0
M0017,3153,2026-08-28,2026-08-28T15:26:59+09:00,2000,21100,182.9008,0
M0017,3153,2026-08-28,2026-08-28T16:03:29+09:00,2100,21200,183.5092,0
M0017,3153,2026-08-28,2026-08-28T16:38:15+09:00,1000,20100,184.0886,0
M0017,3153,2026-08-28,2026-08-28T17:29:15+09:00,1600,20700,184.9386,0
M0017,3153,2026-08-28,2026-08-28T18:38:39+09:00,900,20000,186.0953,0
M0017,3153,2026-08-28,2026-08-28T19:37:02+09:00,1400,20500,187.0683,0
M0017,3153,2026-08-28,2026-08-28T20:14:11+09:00,300,19400,187.6875,0
M0017,3153,2026-08-28,2026-08-28T21:00:55+09:00,-400,18700,188.4664,0
M0017,3153,2026-08-28,2026-08-28T21:36:25+09:00,-1000,18100,189.0581,0
M0017,3153,2026-08-28,2026-08-28T22:13:23+09:00,-1600,17500,189.6742,0
M0017,3153,2026-08-28,2026-08-28T23:02:02+09:00,-2200,16900,190.4850,0
M0017,3153,2026-08-28,2026-08-28T23:38:43+09:00,-1600,17500,191.0964,0
M0017,3153,2026-08-29,2026-08-29T10:54:15+09:00,-100,17500,191.0964,1
M0017,3153,2026-08-29,2026-08-29T11:29:35+09:00,-900,16700,191.6853,0
M0017,3153,2026-08-29,2026-08-29T12:04:02+09:00,-300,17300,192.2594,0
M0017,3153,2026-08-29,2026-08-29T12:37:17+09:00,100,17700,192.8136,0
M0017,3153,2026-08-29,2026-08-29T14:08:01+09:00,-400,17200,194.3258,0
M0017,3153,2026-08-29,2026-08-29T14:42:31+09:00,-600,17000,194.9008,0
M0017,3153,2026-08-29,2026-08-29T15:28:43+09:00,-1000,16600,195.6708,0
M0017,3153,2026-08-29,2026-08-29T16:05:41+09:00,0,17600,196.2869,0
M0017,3153,2026-08-29,2026-08-29T16:38:29+09:00,2600,20200,196.8336,0
M0017,3153,2026-08-29,2026-08-29T17:36:27+09:00,2500,20100,197.7997,0
M0017,3153,2026-08-29,2026-08-29T18:13:47+09:00,1300,18900,198.4219,0
M0017,3153,2026-08-29,2026-08-29T19:01:11+09:00,1100,18700,199.2119,0
M0017,3153,2026-08-29,2026-08-29T19:38:11+09:00,3200,20800,199.8286,0
M0017,3153,2026-08-29,2026-08-29T21:05:49+09:00,3400,21000,201.2892,0
M0017,3153,2026-08-29,2026-08-29T21:43:07+09:00,2200,19800,201.9108,0
M0017,3153,2026-08-29,2026-08-29T22:32:31+09:00,1700,19300,202.7342,0
M0018,3154,2026-08-11,2026-08-11T10:53:13+09:00,-100,-100,0.0000,1
M0018,3154,2026-08-11,2026-08-11T11:28:39+09:00,1100,1100,0.5906,0
M0018,3154,2026-08-11,2026-08-11T12:02:43+09:00,3600,3600,1.1583,0
M0018,3154,2026-08-11,2026-08-11T12:36:02+09:00,4300,4300,1.7136,0
M0018,3154,2026-08-11,2026-08-11T13:06:25+09:00,3900,3900,2.2200,0
M0018,3154,2026-08-11,2026-08-11T13:34:33+09:00,3500,3500,2.6889,0
M0018,3154,2026-08-11,2026-08-11T14:09:42+09:00,2300,2300,3.2747,0
M0018,3154,2026-08-11,2026-08-11T14:50:37+09:00,1600,1600,3.9567,0
M0018,3154,2026-08-11,2026-08-11T15:29:09+09:00,2000,2000,4.5989,0
M0018,3154,2026-08-11,2026-08-11T16:05:23+09:00,2500,2500,5.2028,0
M0018,3154,2026-08-11,2026-08-11T16:40:17+09:00,2000,2000,5.7844,0
M0018,3154,2026-08-11,2026-08-11T17:28:47+09:00,1600,1600,6.5928,0
M0018,3154,2026-08-11,2026-08-11T18:06:29+09:00,2200,2200,7.2211,0
M0018,3154,2026-08-11,2026-08-11T18:41:47+09:00,4800,4800,7.8094,0
M0018,3154,2026-08-11,2026-08-11T19:30:51+09:00,4400,4400,8.6272,0
M0018,3154,2026-08-11,2026-08-11T20:08:57+09:00,4000,4000,9.2622,0
M0018,3154,2026-08-11,2026-08-11T21:03:30+09:00,3500,3500,10.1714,0
M0018,3154,2026-08-11,2026-08-11T21:39:59+09:00,3400,3400,10.7794,0
M0018,3154,2026-08-12,2026-08-12T10:53:47+09:00,-200,3400,10.7794,1
M0018,3154,2026-08-12,2026-08-12T11:28:45+09:00,-700,2900,11.3622,0
M0018,3154,2026-08-12,2026-08-12T12:02:51+09:00,-1300,2300,11.9306,0
M0018,3154,2026-08-12,2026-08-12T12:36:01+09:00,-1000,2600,12.4833,0
M0018,3154,2026-08-12,2026-08-12T13:06:31+09:00,1500,5100,12.9917,0
M0018,3154,2026-08-12,2026-08-12T13:35:53+09:00,3100,6700,13.4811,0
M0018,3154,2026-08-12,2026-08-12T14:11:01+09:00,3600,7200,14.0667,0
M0018,3154,2026-08-12,2026-08-12T14:56:33+09:00,3000,6600,14.8256,0
M0018,3154,2026-08-12,2026-08-12T15:31:45+09:00,2300,5900,15.4122,0
M0018,3154,2026-08-12,2026-08-12T16:07:57+09:00,2200,5800,16.0156,0
M0018,3154,2026-08-12,2026-08-12T16:35:17+09:00,1600,5200,16.4711,0
M0018,3154,2026-08-12,2026-08-12T17:01:31+09:00,1500,5100,16.9083,0
M0018,3154,2026-08-12,2026-08-12T17:36:51+09:00,800,4400,17.4972,0
M0018,3154,2026-08-12,2026-08-12T18:14:03+09:00,600,4200,18.1172,0
M0018,3154,2026-08-12,2026-08-12T19:01:02+09:00,100,3700,18.9003,0
M0018,3154,2026-08-12,2026-08-12T20:14:43+09:00,700,4300,20.1283,0
M0018,3154,2026-08-12,2026-08-12T21:39:31+09:00,600,4200,21.5417,0
M0018,3154,2026-08-13,2026-08-13T10:54:54+09:00,-100,4200,21.5417,1
M0018,3154,2026-08-13,2026-08-13T11:29:13+09:00,1000,5300,22.1136,0
M0018,3154,2026-08-13,2026-08-13T12:03:39+09:00,2300,6600,22.6875,0
M0018,3154,2026-08-13,2026-08-13T13:09:39+09:00,1900,6200,23.7875,0
M0018,3154,2026-08-13,2026-08-13T14:00:59+09:00,4000,8300,24.6431,0
M0018,3154,2026-08-13,2026-08-13T14:35:09+09:00,3600,7900,25.2125,0
M0018,3154,2026-08-13,2026-08-13T15:11:23+09:00,2600,6900,25.8164,0
M0018,3154,2026-08-13,2026-08-13T16:33:27+09:00,2000,6300,27.1842,0
M0018,3154,2026-08-13,2026-08-13T17:10:25+09:00,1000,5300,27.8003,0
M0018,3154,2026-08-13,2026-08-13T17:59:47+09:00,800,5100,28.6231,0
M0018,3154,2026-08-13,2026-08-13T18:36:04+09:00,1300,5600,29.2278,0
M0018,3154,2026-08-13,2026-08-13T19:14:33+09:00,1100,5400,29.8692,0
M0018,3154,2026-08-13,2026-08-13T20:02:43+09:00,600,4900,30.6719,0
M0018,3154,2026-08-13,2026-08-13T20:39:10+09:00,500,4800,31.2794,0
M0018,3154,2026-08-13,2026-08-13T22:03:35+09:00,800,5100,32.6864,0
M0018,3154,2026-08-14,2026-08-14T10:54:41+09:00,0,5100,32.6864,1
M0018,3154,2026-08-14,2026-08-14T11:29:45+09:00,-300,4800,33.2708,0
M0018,3154,2026-08-14,2026-08-14T12:04:15+09:00,-700,4400,33.8458,0
M0018,3154,2026-08-14,2026-08-14T12:37:28+09:00,-1400,3700,34.3994,0
M0018,3154,2026-08-14,2026-08-14T13:06:37+09:00,-1700,3400,34.8853,0
M0018,3154,2026-08-14,2026-08-14T13:35:02+09:00,-2100,3000,35.3589,0
M0018,3154,2026-08-14,2026-08-14T14:10:37+09:00,1400,6500,35.9519,0
M0018,3154,2026-08-14,2026-08-14T14:55:41+09:00,2800,7900,36.7031,0
M0018,3154,2026-08-14,2026-08-14T15:31:41+09:00,2700,7800,37.3031,0
M0018,3154,2026-08-14,2026-08-14T16:08:02+09:00,3800,8900,37.9089,0
M0018,3154,2026-08-14,2026-08-14T16:41:57+09:00,7800,12900,38.4742,0
M0018,3154,2026-08-14,2026-08-14T17:30:37+09:00,8900,14000,39.2853,0
M0018,3154,2026-08-14,2026-08-14T18:07:43+09:00,9500,14600,39.9036,0
M0018,3154,2026-08-14,2026-08-14T18:43:04+09:00,8600,13700,40.4928,0
M0018,3154,2026-08-14,2026-08-14T19:31:33+09:00,9200,14300,41.3008,0
M0018,3154,2026-08-14,2026-08-14T20:09:17+09:00,8100,13200,41.9297,0
M0018,3154,2026-08-14,2026-08-14T20:55:41+09:00,8000,13100,42.7031,0
M0018,3154,2026-08-14,2026-08-14T21:33:02+09:00,8300,13400,43.3256,0
M0018,3154,2026-08-15,2026-08-15T10:54:13+09:00,-100,13400,43.3256,1
M0018,3154,2026-08-15,2026-08-15T11:29:09+09:00,-200,13300,43.9078,0
M0018,3154,2026-08-15,2026-08-15T12:03:27+09:00,-700,12800,44.4794,0
M0018,3154,2026-08-15,2026-08-15T12:36:37+09:00,-900,12600,45.0322,0
M0018,3154,2026-08-15,2026-08-15T13:08:49+09:00,0,13500,45.5689,0
M0018,3154,2026-08-15,2026-08-15T14:01:55+09:00,1100,14600,46.4539,0
M0018,3154,2026-08-15,2026-08-15T14:36:09+09:00,500,14000,47.0244,0
M0018,3154,2026-08-15,2026-08-15T15:11:53+09:00,900,14400,47.6200,0
M0018,3154,2026-08-15,2026-08-15T15:58:43+09:00,1000,14500,48.4006,0
M0018,3154,2026-08-15,2026-08-15T16:34:01+09:00,1900,15400,48.9889,0
M0018,3154,2026-08-15,2026-08-15T17:11:17+09:00,1200,14700,49.6100,0
M0018,3154,2026-08-15,2026-08-15T17:58:39+09:00,1600,15100,50.3994,0
M0018,3154,2026-08-15,2026-08-15T19:12:53+09:00,300,13800,51.6367,0
M0018,3154,2026-08-15,2026-08-15T20:01:19+09:00,0,13500,52.4439,0
M0018,3154,2026-08-15,2026-08-15T20:38:25+09:00,1900,15400,53.0622,0
M0018,3154,2026-08-15,2026-08-15T21:25:49+09:00,1700,15200,53.8522,0
M0018,3154,2026-08-15,2026-08-15T22:04:23+09:00,1000,14500,54.4950,0
M0018,3154,2026-08-15,2026-08-15T22:41:53+09:00,1400,14900,55.1200,0
M0018,3154,2026-08-16,2026-08-16T10:53:41+09:00,-200,14900,55.1200,1
M0018,3154,2026-08-16,2026-08-16T11:28:27+09:00,400,15500,55.6994,0
M0018,3154,2026-08-16,2026-08-16T12:02:27+09:00,200,15300,56.2661,0
M0018,3154,2026-08-16,2026-08-16T12:35:49+09:00,-400,14700,56.8222,0
M0018,3154,2026-08-16,2026-08-16T13:06:49+09:00,-500,14600,57.3389,0
M0018,3154,2026-08-16,2026-08-16T13:36:19+09:00,-1100,14000,57.8306,0
M0018,3154,2026-08-16,2026-08-16T14:09:21+09:00,-2300,12800,58.3811,0
M0018,3154,2026-08-16,2026-08-16T14:51:21+09:00,-1600,13500,59.0811,0
M0018,3154,2026-08-16,2026-08-16T15:29:10+09:00,-1900,13200,59.7114,0
M0018,3154,2026-08-16,2026-08-16T16:05:23+09:00,-2100,13000,60.3150,0
M0018,3154,2026-08-16,2026-08-16T16:39:55+09:00,-2700,12400,60.8906,0
M0018,3154,2026-08-16,2026-08-16T17:30:17+09:00,-3500,11600,61.7300,0
M0018,3154,2026-08-16,2026-08-16T18:07:35+09:00,-1700,13400,62.3517,0
M0018,3154,2026-08-16,2026-08-16T18:38:25+09:00,-900,14200,62.8656,0
M0018,3154,2026-08-16,2026-08-16T19:40:19+09:00,-1300,13800,63.8972,0
M0018,3154,2026-08-16,2026-08-16T20:25:39+09:00,-1700,13400,64.6528,0
M0018,3154,2026-08-16,2026-08-16T21:04:51+09:00,100,15200,65.3061,0
M0018,3154,2026-08-16,2026-08-16T21:42:13+09:00,200,15300,65.9289,0
M0018,3154,2026-08-17,2026-08-17T10:52:31+09:00,-100,15300,65.9289,1
M0018,3154,2026-08-17,2026-08-17T11:28:29+09:00,300,15700,66.5283,0
M0018,3154,2026-08-17,2026-08-17T12:02:23+09:00,600,16000,67.0933,0
M0018,3154,2026-08-17,2026-08-17T12:34:35+09:00,3100,18500,67.6300,0
M0018,3154,2026-08-17,2026-08-17T13:07:15+09:00,3900,19300,68.1744,0
M0018,3154,2026-08-17,2026-08-17T13:35:21+09:00,4600,20000,68.6428,0
M0018,3154,2026-08-17,2026-08-17T14:03:11+09:00,4100,19500,69.1067,0
M0018,3154,2026-08-17,2026-08-17T14:36:43+09:00,4300,19700,69.6656,0
M0018,3154,2026-08-17,2026-08-17T15:11:21+09:00,4000,19400,70.2428,0
M0018,3154,2026-08-17,2026-08-17T15:59:33+09:00,4800,20200,71.0461,0
M0018,3154,2026-08-17,2026-08-17T16:33:27+09:00,4300,19700,71.6111,0
M0018,3154,2026-08-17,2026-08-17T17:58:27+09:00,4000,19400,73.0278,0
M0018,3154,2026-08-17,2026-08-17T18:33:03+09:00,3400,18800,73.6044,0
M0018,3154,2026-08-17,2026-08-17T19:09:23+09:00,3500,18900,74.2100,0
M0018,3154,2026-08-17,2026-08-17T19:59:55+09:00,2900,18300,75.0522,0
M0018,3154,2026-08-17,2026-08-17T20:35:21+09:00,3600,19000,75.6428,0
M0018,3154,2026-08-17,2026-08-17T21:59:13+09:00,3700,19100,77.0406,0
M0018,3154,2026-08-17,2026-08-17T22:34:49+09:00,4000,19400,77.6339,0
M0018,3154,2026-08-18,2026-08-18T10:52:51+09:00,0,19400,77.6339,1
M0018,3154,2026-08-18,2026-08-18T11:28:45+09:00,-400,19000,78.2322,0
M0018,3154,2026-08-18,2026-08-18T12:02:47+09:00,-700,18700,78.7994,0
M0018,3154,2026-08-18,2026-08-18T12:35:21+09:00,-800,18600,79.3422,0
M0018,3154,2026-08-18,2026-08-18T15:11:53+09:00,-900,18500,81.9511,0
M0018,3154,2026-08-18,2026-08-18T15:59:35+09:00,-400,19000,82.7461,0
M0018,3154,2026-08-18,2026-08-18T17:08:27+09:00,-800,18600,83.8939,0
M0018,3154,2026-08-18,2026-08-18T17:59:01+09:00,400,19800,84.7367,0
M0018,3154,2026-08-18,2026-08-18T18:33:31+09:00,-200,19200,85.3117,0
M0018,3154,2026-08-18,2026-08-18T19:09:25+09:00,-100,19300,85.9100,0
M0018,3154,2026-08-18,2026-08-18T19:59:53+09:00,-900,18500,86.7511,0
M0018,3154,2026-08-18,2026-08-18T20:35:25+09:00,-1200,18200,87.3433,0
M0018,3154,2026-08-18,2026-08-18T21:11:41+09:00,-1400,18000,87.9478,0
M0018,3154,2026-08-19,2026-08-19T10:53:31+09:00,0,18000,87.9478,1
M0018,3154,2026-08-19,2026-08-19T13:35:01+09:00,-500,17500,90.6394,0
M0018,3154,2026-08-19,2026-08-19T15:26:59+09:00,-700,17300,92.5056,0
M0018,3154,2026-08-19,2026-08-19T16:02:55+09:00,-1200,16800,93.1044,0
M0018,3154,2026-08-19,2026-08-19T16:36:50+09:00,-1000,17000,93.6697,0
M0018,3154,2026-08-19,2026-08-19T18:08:43+09:00,-1300,16700,95.2011,0
M0018,3154,2026-08-19,2026-08-19T18:50:27+09:00,-1800,16200,95.8967,0
M0018,3154,2026-08-19,2026-08-19T19:28:55+09:00,-2400,15600,96.5378,0
M0018,3154,2026-08-19,2026-08-19T20:05:19+09:00,-3300,14700,97.1444,0
M0018,3154,2026-08-19,2026-08-19T20:39:17+09:00,-3800,14200,97.7106,0
M0018,3154,2026-08-19,2026-08-19T21:30:39+09:00,-4000,14000,98.5667,0
M0018,3154,2026-08-19,2026-08-19T22:07:17+09:00,-4400,13600,99.1772,0
M0018,3154,2026-08-20,2026-08-20T10:52:57+09:00,0,13600,99.1772,1
M0018,3154,2026-08-20,2026-08-20T14:35:37+09:00,-100,13500,102.8883,0
M0018,3154,2026-08-20,2026-08-20T15:09:59+09:00,-200,13400,103.4611,0
M0018,3154,2026-08-20,2026-08-20T15:59:19+09:00,-500,13100,104.2833,0
M0018,3154,2026-08-20,2026-08-20T16:32:33+09:00,-1200,12400,104.8372,0
M0018,3154,2026-08-20,2026-08-20T17:07:41+09:00,-800,12800,105.4228,0
M0018,3154,2026-08-20,2026-08-20T18:28:21+09:00,-900,12700,106.7672,0
M0018,3154,2026-08-20,2026-08-20T19:04:37+09:00,-1100,12500,107.3717,0
M0018,3154,2026-08-20,2026-08-20T19:39:23+09:00,-1300,12300,107.9511,0
M0018,3154,2026-08-20,2026-08-20T21:40:19+09:00,-2000,11600,109.9667,0
M0018,3154,2026-08-20,2026-08-20T23:07:51+09:00,-2200,11400,111.4256,0
M0018,3154,2026-08-20,2026-08-20T23:43:01+09:00,-2500,11100,112.0117,0
M0018,3154,2026-08-22,2026-08-22T10:54:29+09:00,-100,11100,112.0117,1
M0018,3154,2026-08-22,2026-08-22T11:28:57+09:00,-300,10900,112.5861,0
M0018,3154,2026-08-22,2026-08-22T12:03:41+09:00,-400,10800,113.1650,0
M0018,3154,2026-08-22,2026-08-22T12:36:35+09:00,1700,12900,113.7133,0
M0018,3154,2026-08-22,2026-08-22T13:08:43+09:00,800,12000,114.2489,0
M0018,3154,2026-08-22,2026-08-22T14:05:49+09:00,400,11600,115.2006,0
M0018,3154,2026-08-22,2026-08-22T14:40:51+09:00,-200,11000,115.7844,0
M0018,3154,2026-08-22,2026-08-22T16:07:19+09:00,-700,10500,117.2256,0
M0018,3154,2026-08-22,2026-08-22T16:43:29+09:00,-400,10800,117.8283,0
M0018,3154,2026-08-22,2026-08-22T18:09:45+09:00,-1200,10000,119.2661,0
M0018,3154,2026-08-22,2026-08-22T18:55:39+09:00,-100,11100,120.0311,0
M0018,3154,2026-08-22,2026-08-22T19:33:07+09:00,1600,12800,120.6556,0
M0018,3154,2026-08-22,2026-08-22T20:12:13+09:00,500,11700,121.3072,0
M0018,3154,2026-08-22,2026-08-22T21:01:31+09:00,-100,11100,122.1289,0
M0018,3154,2026-08-22,2026-08-22T21:39:25+09:00,600,11800,122.7606,0
M0018,3154,2026-08-23,2026-08-23T10:53:53+09:00,-100,11800,122.7606,1
M0018,3154,2026-08-23,2026-08-23T11:29:03+09:00,-800,11100,123.3467,0
M0018,3154,2026-08-23,2026-08-23T12:03:35+09:00,-900,11000,123.9222,0
M0018,3154,2026-08-23,2026-08-23T12:36:41+09:00,-100,11800,124.4739,0
M0018,3154,2026-08-23,2026-08-23T13:07:01+09:00,-300,11600,124.9794,0
M0018,3154,2026-08-23,2026-08-23T13:35:29+09:00,-1000,10900,125.4539,0
M0018,3154,2026-08-23,2026-08-23T14:10:53+09:00,-600,11300,126.0439,0
M0018,3154,2026-08-23,2026-08-23T15:31:31+09:00,-900,11000,127.3878,0
M0018,3154,2026-08-23,2026-08-23T16:08:15+09:00,-1700,10200,128.0000,0
M0018,3154,2026-08-23,2026-08-23T16:54:35+09:00,-1900,10000,128.7722,0
M0018,3154,2026-08-23,2026-08-23T17:31:47+09:00,-2200,9700,129.3922,0
M0018,3154,2026-08-23,2026-08-23T18:55:58+09:00,-2700,9200,130.7953,0
M0018,3154,2026-08-23,2026-08-23T19:33:57+09:00,-2600,9300,131.4283,0
M0018,3154,2026-08-23,2026-08-23T20:12:39+09:00,-2300,9600,132.0733,0
M0018,3154,2026-08-24,2026-08-24T10:54:29+09:00,-200,9600,132.0733,1
M0018,3154,2026-08-24,2026-08-24T11:29:08+09:00,-400,9400,132.6508,0
M0018,3154,2026-08-24,2026-08-24T12:03:33+09:00,-900,8900,133.2244,0
M0018,3154,2026-08-24,2026-08-24T12:36:23+09:00,-1700,8100,133.7717,0
M0018,3154,2026-08-24,2026-08-24T13:10:11+09:00,-2100,7700,134.3350,0
M0018,3154,2026-08-24,2026-08-24T13:57:31+09:00,-1500,8300,135.1239,0
M0018,3154,2026-08-24,2026-08-24T15:06:59+09:00,-2100,7700,136.2817,0
M0018,3154,2026-08-24,2026-08-24T15:35:54+09:00,-1700,8100,136.7636,0
M0018,3154,2026-08-24,2026-08-24T16:05:39+09:00,-1800,8000,137.2594,0
M0018,3154,2026-08-24,2026-08-24T16:40:02+09:00,-1600,8200,137.8325,0
M0018,3154,2026-08-24,2026-08-24T17:23:02+09:00,-2200,7600,138.5492,0
M0018,3154,2026-08-24,2026-08-24T18:02:01+09:00,-2600,7200,139.1989,0
M0018,3154,2026-08-24,2026-08-24T18:37:29+09:00,-2100,7700,139.7900,0
M0018,3154,2026-08-24,2026-08-24T19:13:25+09:00,-3400,6400,140.3889,0
M0018,3154,2026-08-24,2026-08-24T20:00:37+09:00,-3900,5900,141.1756,0
M0018,3154,2026-08-24,2026-08-24T20:36:01+09:00,-4300,5500,141.7656,0
M0018,3154,2026-08-24,2026-08-24T21:13:01+09:00,-4400,5400,142.3822,0
M0018,3154,2026-08-25,2026-08-25T10:53:53+09:00,0,5400,142.3822,1
M0018,3154,2026-08-25,2026-08-25T12:03:47+09:00,-200,5200,143.5472,0
M0018,3154,2026-08-25,2026-08-25T12:36:43+09:00,-800,4600,144.0961,0
M0018,3154,2026-08-25,2026-08-25T13:06:33+09:00,-900,4500,144.5933,0
M0018,3154,2026-08-25,2026-08-25T18:42:17+09:00,-1600,3800,150.1889,0
M0018,3154,2026-08-25,2026-08-25T19:28:31+09:00,-1800,3600,150.9594,0
M0018,3154,2026-08-25,2026-08-25T20:05:21+09:00,-2000,3400,151.5733,0
M0018,3154,2026-08-25,2026-08-25T22:05:51+09:00,-1400,4000,153.5817,0
M0018,3154,2026-08-25,2026-08-25T22:39:15+09:00,-1100,4300,154.1383,0
M0018,3154,2026-08-26,2026-08-26T10:53:07+09:00,-200,4300,154.1383,1
M0018,3154,2026-08-26,2026-08-26T11:28:33+09:00,-800,3700,154.7289,0
M0018,3154,2026-08-26,2026-08-26T12:02:31+09:00,-500,4000,155.2950,0
M0018,3154,2026-08-26,2026-08-26T18:38:31+09:00,-800,3700,161.8950,0
M0018,3154,2026-08-26,2026-08-26T19:20:17+09:00,-700,3800,162.5911,0
M0018,3154,2026-08-26,2026-08-26T20:01:09+09:00,-400,4100,163.2722,0
M0018,3154,2026-08-26,2026-08-26T20:36:21+09:00,-600,3900,163.8589,0
M0018,3154,2026-08-26,2026-08-26T21:13:13+09:00,-1100,3400,164.4733,0
M0018,3154,2026-08-26,2026-08-26T22:00:53+09:00,-1600,2900,165.2678,0
M0018,3154,2026-08-27,2026-08-27T10:54:19+09:00,0,2900,165.2678,1
M0018,3154,2026-08-27,2026-08-27T12:03:19+09:00,-300,2600,166.4178,0
M0018,3154,2026-08-27,2026-08-27T14:41:06+09:00,-700,2200,169.0475,0
M0018,3154,2026-08-27,2026-08-27T15:26:49+09:00,-1000,1900,169.8094,0
M0018,3154,2026-08-27,2026-08-27T16:02:47+09:00,-1200,1700,170.4089,0
M0018,3154,2026-08-27,2026-08-27T17:04:59+09:00,-1900,1000,171.4456,0
M0018,3154,2026-08-27,2026-08-27T17:33:23+09:00,-2500,400,171.9189,0
M0018,3154,2026-08-27,2026-08-27T20:44:41+09:00,-2700,200,175.1072,0
M0018,3154,2026-08-27,2026-08-27T22:09:51+09:00,-3100,-200,176.5267,0
M0018,3154,2026-08-27,2026-08-27T22:54:35+09:00,-3500,-600,177.2722,0
M0018,3154,2026-08-27,2026-08-27T23:32:28+09:00,-3400,-500,177.9036,0
M0018,3154,2026-08-28,2026-08-28T10:54:45+09:00,0,-500,177.9036,1
M0018,3154,2026-08-28,2026-08-28T11:29:35+09:00,-300,-800,178.4842,0
M0018,3154,2026-08-28,2026-08-28T14:09:41+09:00,-900,-1400,181.1525,0
M0018,3154,2026-08-28,2026-08-28T14:51:34+09:00,-1500,-2000,181.8506,0
M0018,3154,2026-08-28,2026-08-28T15:26:59+09:00,-1200,-1700,182.4408,0
M0018,3154,2026-08-28,2026-08-28T17:29:15+09:00,-1600,-2100,184.4786,0
M0018,3154,2026-08-28,2026-08-28T20:14:11+09:00,-2800,-3300,187.2275,0
M0018,3154,2026-08-28,2026-08-28T21:00:55+09:00,-2600,-3100,188.0064,0
M0018,3154,2026-08-28,2026-08-28T21:36:25+09:00,-3000,-3500,188.5981,0
M0018,3154,2026-08-28,2026-08-28T22:13:23+09:00,-3200,-3700,189.2142,0
M0018,3154,2026-08-29,2026-08-29T10:54:15+09:00,0,-3700,189.2142,1
M0018,3154,2026-08-29,2026-08-29T11:29:35+09:00,-600,-4300,189.8031,0
M0018,3154,2026-08-29,2026-08-29T12:04:02+09:00,-400,-4100,190.3772,0
M0018,3154,2026-08-29,2026-08-29T12:37:17+09:00,-1200,-4900,190.9314,0
M0018,3154,2026-08-29,2026-08-29T13:08:43+09:00,-2000,-5700,191.4553,0
M0018,3154,2026-08-29,2026-08-29T14:08:01+09:00,-2600,-6300,192.4436,0
M0018,3154,2026-08-29,2026-08-29T14:42:31+09:00,-4000,-7700,193.0186,0
M0018,3154,2026-08-29,2026-08-29T15:28:43+09:00,-4500,-8200,193.7886,0
M0018,3154,2026-08-29,2026-08-29T16:05:41+09:00,-4000,-7700,194.4047,0
M0018,3154,2026-08-29,2026-08-29T16:38:29+09:00,-5400,-9100,194.9514,0
M0018,3154,2026-08-29,2026-08-29T17:36:27+09:00,-5700,-9400,195.9175,0
M0018,3154,2026-08-29,2026-08-29T18:13:47+09:00,-5800,-9500,196.5397,0
M0018,3154,2026-08-29,2026-08-29T19:01:11+09:00,-5600,-9300,197.3297,0
M0018,3154,2026-08-29,2026-08-29T19:38:11+09:00,-6400,-10100,197.9464,0
M0018,3154,2026-08-29,2026-08-29T20:25:59+09:00,-6300,-10000,198.7431,0
M0018,3154,2026-08-29,2026-08-29T21:05:49+09:00,-6500,-10200,199.4069,0
M0018,3154,2026-08-29,2026-08-29T21:43:07+09:00,-7500,-11200,200.0286,0
M0018,3154,2026-08-29,2026-08-29T22:32:31+09:00,-7900,-11600,200.8519,0
M0019,3155,2026-08-11,2026-08-11T10:53:13+09:00,-100,-100,0.0000,1
M0019,3155,2026-08-11,2026-08-11T11:28:39+09:00,-600,-600,0.5906,0
M0019,3155,2026-08-11,2026-08-11T12:02:43+09:00,400,400,1.1583,0
M0019,3155,2026-08-11,2026-08-11T12:36:02+09:00,-200,-200,1.7136,0
M0019,3155,2026-08-11,2026-08-11T13:06:25+09:00,-700,-700,2.2200,0
M0019,3155,2026-08-11,2026-08-11T14:09:42+09:00,-1400,-1400,3.2747,0
M0019,3155,2026-08-11,2026-08-11T14:50:37+09:00,-1700,-1700,3.9567,0
M0019,3155,2026-08-11,2026-08-11T15:29:09+09:00,-2300,-2300,4.5989,0
M0019,3155,2026-08-11,2026-08-11T16:40:17+09:00,-2500,-2500,5.7844,0
M0019,3155,2026-08-11,2026-08-11T17:28:47+09:00,-3200,-3200,6.5928,0
M0019,3155,2026-08-11,2026-08-11T18:06:29+09:00,-3000,-3000,7.2211,0
M0019,3155,2026-08-11,2026-08-11T19:30:51+09:00,-3100,-3100,8.6272,0
M0019,3155,2026-08-11,2026-08-11T20:08:57+09:00,-4100,-4100,9.2622,0
M0019,3155,2026-08-11,2026-08-11T21:03:30+09:00,-4800,-4800,10.1714,0
M0019,3155,2026-08-11,2026-08-11T21:39:59+09:00,-5900,-5900,10.7794,0
M0019,3155,2026-08-11,2026-08-11T22:25:23+09:00,-6100,-6100,11.5361,0
M0019,3155,2026-08-12,2026-08-12T10:53:47+09:00,0,-6100,11.5361,1
M0019,3155,2026-08-12,2026-08-12T12:36:01+09:00,-400,-6500,13.2400,0
M0019,3155,2026-08-12,2026-08-12T13:06:31+09:00,0,-6100,13.7483,0
M0019,3155,2026-08-12,2026-08-12T13:35:53+09:00,400,-5700,14.2378,0
M0019,3155,2026-08-12,2026-08-12T14:11:01+09:00,200,-5900,14.8233,0
M0019,3155,2026-08-12,2026-08-12T14:56:33+09:00,-100,-6200,15.5822,0
M0019,3155,2026-08-12,2026-08-12T16:07:57+09:00,200,-5900,16.7722,0
M0019,3155,2026-08-12,2026-08-12T16:35:17+09:00,-200,-6300,17.2278,0
M0019,3155,2026-08-12,2026-08-12T17:36:51+09:00,-500,-6600,18.2539,0
M0019,3155,2026-08-12,2026-08-12T18:14:03+09:00,-900,-7000,18.8739,0
M0019,3155,2026-08-12,2026-08-12T19:36:51+09:00,-1100,-7200,20.2539,0
M0019,3155,2026-08-12,2026-08-12T20:14:43+09:00,-1400,-7500,20.8850,0
M0019,3155,2026-08-13,2026-08-13T10:54:54+09:00,100,-7500,20.8850,1
M0019,3155,2026-08-13,2026-08-13T11:29:13+09:00,-400,-8000,21.4569,0
M0019,3155,2026-08-13,2026-08-13T12:03:39+09:00,-1000,-8600,22.0308,0
M0019,3155,2026-08-13,2026-08-13T12:36:57+09:00,-1500,-9100,22.5858,0
M0019,3155,2026-08-13,2026-08-13T13:09:39+09:00,1100,-6500,23.1308,0
M0019,3155,2026-08-13,2026-08-13T14:00:59+09:00,900,-6700,23.9864,0
M0019,3155,2026-08-13,2026-08-13T14:35:09+09:00,2700,-4900,24.5558,0
M0019,3155,2026-08-13,2026-08-13T15:11:23+09:00,5600,-2000,25.1597,0
M0019,3155,2026-08-13,2026-08-13T15:58:27+09:00,6700,-900,25.9442,0
M0019,3155,2026-08-13,2026-08-13T16:33:27+09:00,6900,-700,26.5275,0
M0019,3155,2026-08-13,2026-08-13T17:10:25+09:00,5800,-1800,27.1436,0
M0019,3155,2026-08-13,2026-08-13T18:36:04+09:00,5500,-2100,28.5711,0
M0019,3155,2026-08-13,2026-08-13T19:14:33+09:00,5000,-2600,29.2125,0
M0019,3155,2026-08-13,2026-08-13T20:02:43+09:00,4200,-3400,30.0153,0
M0019,3155,2026-08-13,2026-08-13T20:39:10+09:00,3100,-4500,30.6228,0
M0019,3155,2026-08-13,2026-08-13T21:23:43+09:00,2900,-4700,31.3653,0
M0019,3155,2026-08-13,2026-08-13T22:03:35+09:00,2600,-5000,32.0297,0
M0019,3155,2026-08-13,2026-08-13T22:40:21+09:00,2000,-5600,32.6425,0
M0019,3155,2026-08-14,2026-08-14T10:54:41+09:00,-100,-5600,32.6425,1
M0019,3155,2026-08-14,2026-08-14T11:29:45+09:00,-300,-5800,33.2269,0
M0019,3155,2026-08-14,2026-08-14T12:04:15+09:00,400,-5100,33.8019,0
M0019,3155,2026-08-14,2026-08-14T13:06:37+09:00,-100,-5600,34.8414,0
M0019,3155,2026-08-14,2026-08-14T13:35:02+09:00,-400,-5900,35.3150,0
M0019,3155,2026-08-14,2026-08-14T14:10:37+09:00,300,-5200,35.9081,0
M0019,3155,2026-08-14,2026-08-14T14:55:41+09:00,800,-4700,36.6592,0
M0019,3155,2026-08-14,2026-08-14T15:31:41+09:00,200,-5300,37.2592,0
M0019,3155,2026-08-14,2026-08-14T16:08:02+09:00,-400,-5900,37.8650,0
M0019,3155,2026-08-14,2026-08-14T16:41:57+09:00,-200,-5700,38.4303,0
M0019,3155,2026-08-14,2026-08-14T17:30:37+09:00,-700,-6200,39.2414,0
M0019,3155,2026-08-14,2026-08-14T18:43:04+09:00,-300,-5800,40.4489,0
M0019,3155,2026-08-14,2026-08-14T19:31:33+09:00,-400,-5900,41.2569,0
M0019,3155,2026-08-14,2026-08-14T20:09:17+09:00,-1400,-6900,41.8858,0
M0019,3155,2026-08-14,2026-08-14T20:55:41+09:00,-700,-6200,42.6592,0
M0019,3155,2026-08-14,2026-08-14T21:33:02+09:00,-900,-6400,43.2817,0
M0019,3155,2026-08-14,2026-08-14T22:11:45+09:00,-1200,-6700,43.9269,0
M0019,3155,2026-08-14,2026-08-14T23:00:09+09:00,-1900,-7400,44.7336,0
M0019,3155,2026-08-14,2026-08-14T23:38:17+09:00,-2100,-7600,45.3692,0
M0019,3155,2026-08-15,2026-08-15T10:54:13+09:00,-100,-7600,45.3692,1
M0019,3155,2026-08-15,2026-08-15T11:29:09+09:00,300,-7200,45.9514,0
M0019,3155,2026-08-15,2026-08-15T12:03:27+09:00,600,-6900,46.5231,0
M0019,3155,2026-08-15,2026-08-15T12:36:37+09:00,100,-7400,47.0758,0
M0019,3155,2026-08-15,2026-08-15T13:08:49+09:00,-600,-8100,47.6125,0
M0019,3155,2026-08-15,2026-08-15T14:01:55+09:00,-1000,-8500,48.4975,0
M0019,3155,2026-08-15,2026-08-15T14:36:09+09:00,-700,-8200,49.0681,0
M0019,3155,2026-08-15,2026-08-15T15:11:53+09:00,-100,-7600,49.6636,0
M0019,3155,2026-08-15,2026-08-15T15:58:43+09:00,0,-7500,50.4442,0
M0019,3155,2026-08-15,2026-08-15T16:34:01+09:00,-400,-7900,51.0325,0
M0019,3155,2026-08-15,2026-08-15T17:11:17+09:00,-1100,-8600,51.6536,0
M0019,3155,2026-08-15,2026-08-15T17:58:39+09:00,800,-6700,52.4431,0
M0019,3155,2026-08-15,2026-08-15T18:35:13+09:00,300,-7200,53.0525,0
M0019,3155,2026-08-15,2026-08-15T19:12:53+09:00,-700,-8200,53.6803,0
M0019,3155,2026-08-15,2026-08-15T20:01:19+09:00,-1200,-8700,54.4875,0
M0019,3155,2026-08-15,2026-08-15T20:38:25+09:00,-1600,-9100,55.1058,0
M0019,3155,2026-08-15,2026-08-15T21:25:49+09:00,-2200,-9700,55.8958,0
M0019,3155,2026-08-15,2026-08-15T22:04:23+09:00,-2900,-10400,56.5386,0
M0019,3155,2026-08-15,2026-08-15T22:41:53+09:00,1200,-6300,57.1636,0
M0019,3155,2026-08-15,2026-08-15T23:30:39+09:00,2000,-5500,57.9764,0
M0019,3155,2026-08-16,2026-08-16T10:53:41+09:00,-100,-5500,57.9764,1
M0019,3155,2026-08-16,2026-08-16T11:28:27+09:00,-600,-6000,58.5558,0
M0019,3155,2026-08-16,2026-08-16T12:02:27+09:00,-1200,-6600,59.1225,0
M0019,3155,2026-08-16,2026-08-16T12:35:49+09:00,-1700,-7100,59.6786,0
M0019,3155,2026-08-16,2026-08-16T13:06:49+09:00,-2300,-7700,60.1953,0
M0019,3155,2026-08-16,2026-08-16T14:09:21+09:00,-2800,-8200,61.2375,0
M0019,3155,2026-08-16,2026-08-16T14:51:21+09:00,-3400,-8800,61.9375,0
M0019,3155,2026-08-16,2026-08-16T15:29:10+09:00,-3600,-9000,62.5678,0
M0019,3155,2026-08-16,2026-08-16T16:05:23+09:00,-2800,-8200,63.1714,0
M0019,3155,2026-08-16,2026-08-16T16:39:55+09:00,-4100,-9500,63.7469,0
M0019,3155,2026-08-16,2026-08-16T17:30:17+09:00,-4700,-10100,64.5864,0
M0019,3155,2026-08-16,2026-08-16T18:07:35+09:00,-5400,-10800,65.2081,0
M0019,3155,2026-08-16,2026-08-16T18:38:25+09:00,-3700,-9100,65.7219,0
M0019,3155,2026-08-16,2026-08-16T19:40:19+09:00,-3900,-9300,66.7536,0
M0019,3155,2026-08-17,2026-08-17T10:52:31+09:00,0,-9300,66.7536,1
M0019,3155,2026-08-17,2026-08-17T12:02:23+09:00,-200,-9500,67.9181,0
M0019,3155,2026-08-17,2026-08-17T12:34:35+09:00,-600,-9900,68.4547,0
M0019,3155,2026-08-17,2026-08-17T13:07:15+09:00,-900,-10200,68.9992,0
M0019,3155,2026-08-17,2026-08-17T13:35:21+09:00,-1000,-10300,69.4675,0
M0019,3155,2026-08-17,2026-08-17T14:36:43+09:00,-1200,-10500,70.4903,0
M0019,3155,2026-08-17,2026-08-17T15:11:21+09:00,-1900,-11200,71.0675,0
M0019,3155,2026-08-17,2026-08-17T16:33:27+09:00,-2200,-11500,72.4358,0
M0019,3155,2026-08-17,2026-08-17T17:09:07+09:00,-3100,-12400,73.0303,0
M0019,3155,2026-08-17,2026-08-17T17:58:27+09:00,-2400,-11700,73.8525,0
M0019,3155,2026-08-18,2026-08-18T10:52:51+09:00,-100,-11700,73.8525,1
M0019,3155,2026-08-18,2026-08-18T12:02:47+09:00,2400,-9200,75.0181,0
M0019,3155,2026-08-18,2026-08-18T12:35:21+09:00,3400,-8200,75.5608,0
M0019,3155,2026-08-18,2026-08-18T13:07:37+09:00,4000,-7600,76.0986,0
M0019,3155,2026-08-18,2026-08-18T13:35:43+09:00,6400,-5200,76.5669,0
M0019,3155,2026-08-18,2026-08-18T14:04:28+09:00,7500,-4100,77.0461,0
M0019,3155,2026-08-18,2026-08-18T14:37:28+09:00,7000,-4600,77.5961,0
M0019,3155,2026-08-18,2026-08-18T15:11:53+09:00,8100,-3500,78.1697,0
M0019,3155,2026-08-18,2026-08-18T15:59:35+09:00,7300,-4300,78.9647,0
M0019,3155,2026-08-18,2026-08-18T17:08:27+09:00,6100,-5500,80.1125,0
M0019,3155,2026-08-18,2026-08-18T17:59:01+09:00,5600,-6000,80.9553,0
M0019,3155,2026-08-18,2026-08-18T18:33:31+09:00,6500,-5100,81.5303,0
M0019,3155,2026-08-18,2026-08-18T19:09:25+09:00,6100,-5500,82.1286,0
M0019,3155,2026-08-18,2026-08-18T19:59:53+09:00,5600,-6000,82.9697,0
M0019,3155,2026-08-18,2026-08-18T20:35:25+09:00,5900,-5700,83.5619,0
M0019,3155,2026-08-18,2026-08-18T21:11:41+09:00,5500,-6100,84.1664,0
M0019,3155,2026-08-19,2026-08-19T10:53:31+09:00,0,-6100,84.1664,1
M0019,3155,2026-08-19,2026-08-19T15:26:59+09:00,400,-5700,88.7242,0
M0019,3155,2026-08-19,2026-08-19T16:02:55+09:00,200,-5900,89.3231,0
M0019,3155,2026-08-19,2026-08-19T17:32:35+09:00,500,-5600,90.8175,0
M0019,3155,2026-08-19,2026-08-19T20:05:19+09:00,-300,-6400,93.3631,0
M0019,3155,2026-08-19,2026-08-19T20:39:17+09:00,-400,-6500,93.9292,0
M0019,3155,2026-08-20,2026-08-20T10:52:57+09:00,-200,-6500,93.9292,1
M0019,3155,2026-08-20,2026-08-20T11:28:53+09:00,-300,-6600,94.5281,0
M0019,3155,2026-08-20,2026-08-20T12:02:37+09:00,-200,-6500,95.0903,0
M0019,3155,2026-08-20,2026-08-20T12:35:01+09:00,1500,-4800,95.6303,0
M0019,3155,2026-08-20,2026-08-20T13:07:39+09:00,800,-5500,96.1742,0
M0019,3155,2026-08-20,2026-08-20T13:36:17+09:00,100,-6200,96.6514,0
M0019,3155,2026-08-20,2026-08-20T14:02:59+09:00,500,-5800,97.0964,0
M0019,3155,2026-08-20,2026-08-20T14:35:37+09:00,200,-6100,97.6403,0
M0019,3155,2026-08-20,2026-08-20T15:09:59+09:00,400,-5900,98.2131,0
M0019,3155,2026-08-20,2026-08-20T16:32:33+09:00,-100,-6400,99.5892,0
M0019,3155,2026-08-20,2026-08-20T17:07:41+09:00,100,-6200,100.1747,0
M0019,3155,2026-08-20,2026-08-20T17:42:01+09:00,-1400,-7700,100.7469,0
M0019,3155,2026-08-20,2026-08-20T18:28:21+09:00,-1100,-7400,101.5192,0
M0019,3155,2026-08-20,2026-08-20T19:04:37+09:00,-1500,-7800,102.1236,0
M0019,3155,2026-08-20,2026-08-20T19:39:23+09:00,0,-6300,102.7031,0
M0019,3155,2026-08-20,2026-08-20T20:28:35+09:00,2800,-3500,103.5231,0
M0019,3155,2026-08-20,2026-08-20T21:05:21+09:00,4500,-1800,104.1358,0
M0019,3155,2026-08-20,2026-08-20T21:40:19+09:00,4200,-2100,104.7186,0
M0019,3155,2026-08-20,2026-08-20T22:30:04+09:00,4100,-2200,105.5478,0
M0019,3155,2026-08-20,2026-08-20T23:07:51+09:00,3900,-2400,106.1775,0
M0019,3155,2026-08-22,2026-08-22T10:54:29+09:00,-200,-2400,106.1775,1
M0019,3155,2026-08-22,2026-08-22T11:28:57+09:00,-900,-3100,106.7519,0
M0019,3155,2026-08-22,2026-08-22T12:03:41+09:00,-700,-2900,107.3308,0
M0019,3155,2026-08-22,2026-08-22T12:36:35+09:00,300,-1900,107.8792,0
M0019,3155,2026-08-22,2026-08-22T13:08:43+09:00,-300,-2500,108.4147,0
M0019,3155,2026-08-22,2026-08-22T14:05:49+09:00,0,-2200,109.3664,0
M0019,3155,2026-08-22,2026-08-22T14:40:51+09:00,-600,-2800,109.9503,0
M0019,3155,2026-08-22,2026-08-22T15:30:07+09:00,-1400,-3600,110.7714,0
M0019,3155,2026-08-22,2026-08-22T16:07:19+09:00,-1700,-3900,111.3914,0
M0019,3155,2026-08-22,2026-08-22T17:31:13+09:00,-1900,-4100,112.7897,0
M0019,3155,2026-08-22,2026-08-22T18:09:45+09:00,-1600,-3800,113.4319,0
M0019,3155,2026-08-22,2026-08-22T18:55:39+09:00,-2100,-4300,114.1969,0
M0019,3155,2026-08-22,2026-08-22T19:33:07+09:00,-700,-2900,114.8214,0
M0019,3155,2026-08-22,2026-08-22T20:12:13+09:00,0,-2200,115.4731,0
M0019,3155,2026-08-22,2026-08-22T21:01:31+09:00,200,-2000,116.2947,0
M0019,3155,2026-08-23,2026-08-23T10:53:53+09:00,-100,-2000,116.2947,1
M0019,3155,2026-08-23,2026-08-23T11:29:03+09:00,-800,-2700,116.8808,0
M0019,3155,2026-08-23,2026-08-23T12:36:41+09:00,-400,-2300,118.0081,0
M0019,3155,2026-08-23,2026-08-23T13:07:01+09:00,400,-1500,118.5136,0
M0019,3155,2026-08-23,2026-08-23T13:35:29+09:00,2400,500,118.9881,0
M0019,3155,2026-08-23,2026-08-23T14:10:53+09:00,5300,3400,119.5781,0
M0019,3155,2026-08-23,2026-08-23T14:54:04+09:00,4800,2900,120.2978,0
M0019,3155,2026-08-23,2026-08-23T15:31:31+09:00,4300,2400,120.9219,0
M0019,3155,2026-08-23,2026-08-23T16:08:15+09:00,3900,2000,121.5342,0
M0019,3155,2026-08-23,2026-08-23T16:54:35+09:00,3800,1900,122.3064,0
M0019,3155,2026-08-23,2026-08-23T17:31:47+09:00,3400,1500,122.9264,0
M0019,3155,2026-08-23,2026-08-23T18:55:58+09:00,3300,1400,124.3294,0
M0019,3155,2026-08-23,2026-08-23T19:33:57+09:00,3600,1700,124.9625,0
M0019,3155,2026-08-23,2026-08-23T20:12:39+09:00,4400,2500,125.6075,0
M0019,3155,2026-08-23,2026-08-23T21:39:29+09:00,4300,2400,127.0547,0
M0019,3155,2026-08-24,2026-08-24T10:54:29+09:00,0,2400,127.0547,1
M0019,3155,2026-08-24,2026-08-24T11:29:08+09:00,400,2800,127.6322,0
M0019,3155,2026-08-24,2026-08-24T12:03:33+09:00,0,2400,128.2058,0
M0019,3155,2026-08-24,2026-08-24T12:36:23+09:00,-800,1600,128.7531,0
M0019,3155,2026-08-24,2026-08-24T13:10:11+09:00,1600,4000,129.3164,0
M0019,3155,2026-08-24,2026-08-24T13:57:31+09:00,4000,6400,130.1053,0
M0019,3155,2026-08-24,2026-08-24T14:31:29+09:00,5300,7700,130.6714,0
M0019,3155,2026-08-24,2026-08-24T15:06:59+09:00,4900,7300,131.2631,0
M0019,3155,2026-08-24,2026-08-24T15:35:54+09:00,4500,6900,131.7450,0
M0019,3155,2026-08-24,2026-08-24T16:05:39+09:00,4400,6800,132.2408,0
M0019,3155,2026-08-24,2026-08-24T16:40:02+09:00,4300,6700,132.8139,0
M0019,3155,2026-08-24,2026-08-24T17:23:02+09:00,3600,6000,133.5306,0
M0019,3155,2026-08-24,2026-08-24T18:02:01+09:00,3200,5600,134.1803,0
M0019,3155,2026-08-24,2026-08-24T18:37:29+09:00,2700,5100,134.7714,0
M0019,3155,2026-08-24,2026-08-24T19:13:25+09:00,2000,4400,135.3703,0
M0019,3155,2026-08-24,2026-08-24T20:00:37+09:00,2500,4900,136.1569,0
M0019,3155,2026-08-24,2026-08-24T20:36:01+09:00,3300,5700,136.7469,0
M0019,3155,2026-08-24,2026-08-24T21:13:01+09:00,4300,6700,137.3636,0
M0019,3155,2026-08-25,2026-08-25T10:53:53+09:00,-100,6700,137.3636,1
M0019,3155,2026-08-25,2026-08-25T11:29:03+09:00,-600,6200,137.9497,0
M0019,3155,2026-08-25,2026-08-25T12:03:47+09:00,-1400,5400,138.5286,0
M0019,3155,2026-08-25,2026-08-25T12:36:43+09:00,-2100,4700,139.0775,0
M0019,3155,2026-08-25,2026-08-25T13:06:33+09:00,-2000,4800,139.5747,0
M0019,3155,2026-08-25,2026-08-25T13:34:33+09:00,100,6900,140.0414,0
M0019,3155,2026-08-25,2026-08-25T14:09:29+09:00,1700,8500,140.6236,0
M0019,3155,2026-08-25,2026-08-25T20:05:21+09:00,1200,8000,146.5547,0
M0019,3155,2026-08-25,2026-08-25T20:40:03+09:00,600,7400,147.1331,0
M0019,3155,2026-08-25,2026-08-25T21:28:25+09:00,500,7300,147.9392,0
M0019,3155,2026-08-25,2026-08-25T22:05:51+09:00,0,6800,148.5631,0
M0019,3155,2026-08-25,2026-08-25T22:39:15+09:00,-1000,5800,149.1197,0
M0019,3155,2026-08-26,2026-08-26T10:53:07+09:00,0,5800,149.1197,1
M0019,3155,2026-08-26,2026-08-26T13:07:13+09:00,-500,5300,151.3547,0
M0019,3155,2026-08-26,2026-08-26T13:35:35+09:00,100,5900,151.8275,0
M0019,3155,2026-08-26,2026-08-26T14:04:55+09:00,-100,5700,152.3164,0
M0019,3155,2026-08-26,2026-08-26T20:01:09+09:00,-500,5300,158.2536,0
M0019,3155,2026-08-26,2026-08-26T20:36:21+09:00,-1100,4700,158.8403,0
M0019,3155,2026-08-26,2026-08-26T21:13:13+09:00,-900,4900,159.4547,0
M0019,3155,2026-08-26,2026-08-26T22:00:53+09:00,-100,5700,160.2492,0
M0019,3155,2026-08-27,2026-08-27T10:54:19+09:00,0,5700,160.2492,1
M0019,3155,2026-08-27,2026-08-27T12:36:15+09:00,-400,5300,161.9481,0
M0019,3155,2026-08-27,2026-08-27T13:07:43+09:00,-800,4900,162.4725,0
M0019,3155,2026-08-27,2026-08-27T13:35:23+09:00,-1300,4400,162.9336,0
M0019,3155,2026-08-27,2026-08-27T14:41:06+09:00,-1700,4000,164.0289,0
M0019,3155,2026-08-27,2026-08-27T18:09:51+09:00,-1900,3800,167.5081,0
M0019,3155,2026-08-27,2026-08-27T20:08:01+09:00,-2100,3600,169.4775,0
M0019,3155,2026-08-27,2026-08-27T20:44:41+09:00,-2600,3100,170.0886,0
M0019,3155,2026-08-28,2026-08-28T10:54:45+09:00,0,3100,170.0886,1
M0019,3155,2026-08-28,2026-08-28T11:29:35+09:00,100,3200,170.6692,0
M0019,3155,2026-08-28,2026-08-28T12:04:21+09:00,300,3400,171.2486,0
M0019,3155,2026-08-28,2026-08-28T12:36:55+09:00,-100,3000,171.7914,0
M0019,3155,2026-08-28,2026-08-28T13:07:27+09:00,300,3400,172.3003,0
M0019,3155,2026-08-28,2026-08-28T14:51:34+09:00,0,3100,174.0356,0
M0019,3155,2026-08-28,2026-08-28T15:26:59+09:00,700,3800,174.6258,0
M0019,3155,2026-08-28,2026-08-28T16:03:29+09:00,900,4000,175.2342,0
M0019,3155,2026-08-28,2026-08-28T18:05:37+09:00,600,3700,177.2697,0
M0019,3155,2026-08-28,2026-08-28T18:38:39+09:00,-300,2800,177.8203,0
M0019,3155,2026-08-28,2026-08-28T19:37:02+09:00,300,3400,178.7933,0
M0019,3155,2026-08-28,2026-08-28T20:14:11+09:00,0,3100,179.4125,0
M0019,3155,2026-08-28,2026-08-28T21:00:55+09:00,2200,5300,180.1914,0
M0019,3155,2026-08-28,2026-08-28T21:36:25+09:00,2500,5600,180.7831,0
M0019,3155,2026-08-28,2026-08-28T22:13:23+09:00,2900,6000,181.3992,0
M0019,3155,2026-08-29,2026-08-29T10:54:15+09:00,-200,6000,181.3992,1
M0019,3155,2026-08-29,2026-08-29T11:29:35+09:00,-700,5500,181.9881,0
M0019,3155,2026-08-29,2026-08-29T12:04:02+09:00,-900,5300,182.5622,0
M0019,3155,2026-08-29,2026-08-29T12:37:17+09:00,-700,5500,183.1164,0
M0019,3155,2026-08-29,2026-08-29T13:08:43+09:00,-1100,5100,183.6403,0
M0019,3155,2026-08-29,2026-08-29T14:08:01+09:00,-1700,4500,184.6286,0
M0019,3155,2026-08-29,2026-08-29T14:42:31+09:00,-2000,4200,185.2036,0
M0019,3155,2026-08-29,2026-08-29T15:28:43+09:00,-1600,4600,185.9736,0
M0019,3155,2026-08-29,2026-08-29T16:38:29+09:00,-1400,4800,187.1364,0
M0019,3155,2026-08-29,2026-08-29T17:36:27+09:00,-2000,4200,188.1025,0
M0019,3155,2026-08-29,2026-08-29T18:13:47+09:00,-1800,4400,188.7247,0
M0019,3155,2026-08-29,2026-08-29T19:01:11+09:00,-2500,3700,189.5147,0
M0019,3155,2026-08-29,2026-08-29T19:38:11+09:00,-2900,3300,190.1314,0
M0019,3155,2026-08-29,2026-08-29T21:05:49+09:00,-2800,3400,191.5919,0
M0019,3155,2026-08-29,2026-08-29T21:43:07+09:00,-2500,3700,192.2136,0
M0019,3155,2026-08-29,2026-08-29T22:32:31+09:00,-2600,3600,193.0369,0
M0020,3156,2026-08-11,2026-08-11T10:53:13+09:00,-100,-100,0.0000,1
M0020,3156,2026-08-11,2026-08-11T11:28:39+09:00,-200,-200,0.5906,0
M0020,3156,2026-08-11,2026-08-11T12:02:43+09:00,-800,-800,1.1583,0
M0020,3156,2026-08-11,2026-08-11T12:36:02+09:00,-900,-900,1.7136,0
M0020,3156,2026-08-11,2026-08-11T13:06:25+09:00,-1500,-1500,2.2200,0
M0020,3156,2026-08-11,2026-08-11T13:34:33+09:00,-1100,-1100,2.6889,0
M0020,3156,2026-08-11,2026-08-11T14:09:42+09:00,1600,1600,3.2747,0
M0020,3156,2026-08-11,2026-08-11T14:50:37+09:00,1700,1700,3.9567,0
M0020,3156,2026-08-11,2026-08-11T16:05:23+09:00,1100,1100,5.2028,0
M0020,3156,2026-08-11,2026-08-11T16:40:17+09:00,900,900,5.7844,0
M0020,3156,2026-08-11,2026-08-11T17:28:47+09:00,1200,1200,6.5928,0
M0020,3156,2026-08-11,2026-08-11T18:06:29+09:00,1400,1400,7.2211,0
M0020,3156,2026-08-11,2026-08-11T18:41:47+09:00,1500,1500,7.8094,0
M0020,3156,2026-08-11,2026-08-11T19:30:51+09:00,1000,1000,8.6272,0
M0020,3156,2026-08-11,2026-08-11T20:08:57+09:00,200,200,9.2622,0
M0020,3156,2026-08-11,2026-08-11T21:03:30+09:00,2300,2300,10.1714,0
M0020,3156,2026-08-11,2026-08-11T21:39:59+09:00,5600,5600,10.7794,0
M0020,3156,2026-08-12,2026-08-12T10:53:47+09:00,0,5600,10.7794,1
M0020,3156,2026-08-12,2026-08-12T12:02:51+09:00,-300,5300,11.9306,0
M0020,3156,2026-08-12,2026-08-12T12:36:01+09:00,-900,4700,12.4833,0
M0020,3156,2026-08-12,2026-08-12T13:06:31+09:00,1300,6900,12.9917,0
M0020,3156,2026-08-12,2026-08-12T13:35:53+09:00,3600,9200,13.4811,0
M0020,3156,2026-08-12,2026-08-12T14:11:01+09:00,7200,12800,14.0667,0
M0020,3156,2026-08-12,2026-08-12T15:31:45+09:00,7100,12700,15.4122,0
M0020,3156,2026-08-12,2026-08-12T16:07:57+09:00,7500,13100,16.0156,0
M0020,3156,2026-08-12,2026-08-12T16:35:17+09:00,8100,13700,16.4711,0
M0020,3156,2026-08-12,2026-08-12T17:01:31+09:00,7400,13000,16.9083,0
M0020,3156,2026-08-12,2026-08-12T18:14:03+09:00,6800,12400,18.1172,0
M0020,3156,2026-08-12,2026-08-12T19:01:02+09:00,7600,13200,18.9003,0
M0020,3156,2026-08-12,2026-08-12T19:36:51+09:00,7900,13500,19.4972,0
M0020,3156,2026-08-12,2026-08-12T20:14:43+09:00,7700,13300,20.1283,0
M0020,3156,2026-08-12,2026-08-12T21:03:27+09:00,7100,12700,20.9406,0
M0020,3156,2026-08-12,2026-08-12T21:39:31+09:00,7300,12900,21.5417,0
M0020,3156,2026-08-13,2026-08-13T10:54:54+09:00,0,12900,21.5417,1
M0020,3156,2026-08-13,2026-08-13T11:29:13+09:00,-400,12500,22.1136,0
M0020,3156,2026-08-13,2026-08-13T12:36:57+09:00,-1100,11800,23.2425,0
M0020,3156,2026-08-13,2026-08-13T13:09:39+09:00,-1600,11300,23.7875,0
M0020,3156,2026-08-13,2026-08-13T14:00:59+09:00,-1900,11000,24.6431,0
M0020,3156,2026-08-13,2026-08-13T15:58:27+09:00,-2100,10800,26.6008,0
M0020,3156,2026-08-13,2026-08-13T17:10:25+09:00,-3100,9800,27.8003,0
M0020,3156,2026-08-13,2026-08-13T18:36:04+09:00,-3300,9600,29.2278,0
M0020,3156,2026-08-13,2026-08-13T19:14:33+09:00,-4700,8200,29.8692,0
M0020,3156,2026-08-13,2026-08-13T20:39:10+09:00,-5200,7700,31.2794,0
M0020,3156,2026-08-14,2026-08-14T10:54:41+09:00,-100,7700,31.2794,1
M0020,3156,2026-08-14,2026-08-14T11:29:45+09:00,-800,7000,31.8639,0
M0020,3156,2026-08-14,2026-08-14T12:04:15+09:00,-600,7200,32.4389,0
M0020,3156,2026-08-14,2026-08-14T12:37:28+09:00,-1000,6800,32.9925,0
M0020,3156,2026-08-14,2026-08-14T13:06:37+09:00,-1700,6100,33.4783,0
M0020,3156,2026-08-14,2026-08-14T13:35:02+09:00,-2000,5800,33.9519,0
M0020,3156,2026-08-14,2026-08-14T14:10:37+09:00,-3100,4700,34.5450,0
M0020,3156,2026-08-14,2026-08-14T14:55:41+09:00,-3700,4100,35.2961,0
M0020,3156,2026-08-14,2026-08-14T15:31:41+09:00,-2900,4900,35.8961,0
M0020,3156,2026-08-14,2026-08-14T16:08:02+09:00,-600,7200,36.5019,0
M0020,3156,2026-08-14,2026-08-14T16:41:57+09:00,3300,11100,37.0672,0
M0020,3156,2026-08-14,2026-08-14T17:30:37+09:00,4300,12100,37.8783,0
M0020,3156,2026-08-14,2026-08-14T18:07:43+09:00,3700,11500,38.4967,0
M0020,3156,2026-08-14,2026-08-14T18:43:04+09:00,2500,10300,39.0858,0
M0020,3156,2026-08-14,2026-08-14T19:31:33+09:00,3100,10900,39.8939,0
M0020,3156,2026-08-14,2026-08-14T20:09:17+09:00,2400,10200,40.5228,0
M0020,3156,2026-08-14,2026-08-14T20:55:41+09:00,1700,9500,41.2961,0
M0020,3156,2026-08-14,2026-08-14T21:33:02+09:00,1600,9400,41.9186,0
M0020,3156,2026-08-14,2026-08-14T22:11:45+09:00,900,8700,42.5639,0
M0020,3156,2026-08-15,2026-08-15T10:54:13+09:00,0,8700,42.5639,1
M0020,3156,2026-08-15,2026-08-15T11:29:09+09:00,-200,8500,43.1461,0
M0020,3156,2026-08-15,2026-08-15T12:03:27+09:00,-500,8200,43.7178,0
M0020,3156,2026-08-15,2026-08-15T12:36:37+09:00,-900,7800,44.2706,0
M0020,3156,2026-08-15,2026-08-15T13:08:49+09:00,-1700,7000,44.8072,0
M0020,3156,2026-08-15,2026-08-15T14:01:55+09:00,-800,7900,45.6922,0
M0020,3156,2026-08-15,2026-08-15T14:36:09+09:00,400,9100,46.2628,0
M0020,3156,2026-08-15,2026-08-15T15:11:53+09:00,900,9600,46.8583,0
M0020,3156,2026-08-15,2026-08-15T15:58:43+09:00,1900,10600,47.6389,0
M0020,3156,2026-08-15,2026-08-15T16:34:01+09:00,1400,10100,48.2272,0
M0020,3156,2026-08-15,2026-08-15T17:11:17+09:00,4100,12800,48.8483,0
M0020,3156,2026-08-15,2026-08-15T17:58:39+09:00,4500,13200,49.6378,0
M0020,3156,2026-08-15,2026-08-15T18:35:13+09:00,6800,15500,50.2472,0
M0020,3156,2026-08-15,2026-08-15T19:12:53+09:00,6200,14900,50.8750,0
M0020,3156,2026-08-15,2026-08-15T20:01:19+09:00,6500,15200,51.6822,0
M0020,3156,2026-08-15,2026-08-15T20:38:25+09:00,5900,14600,52.3006,0
M0020,3156,2026-08-15,2026-08-15T21:25:49+09:00,8600,17300,53.0906,0
M0020,3156,2026-08-15,2026-08-15T22:04:23+09:00,11000,19700,53.7333,0
M0020,3156,2026-08-15,2026-08-15T22:41:53+09:00,13800,22500,54.3583,0
M0020,3156,2026-08-16,2026-08-16T10:53:41+09:00,-200,22500,54.3583,1
M0020,3156,2026-08-16,2026-08-16T11:28:27+09:00,0,22700,54.9378,0
M0020,3156,2026-08-16,2026-08-16T12:02:27+09:00,-200,22500,55.5044,0
M0020,3156,2026-08-16,2026-08-16T12:35:49+09:00,-700,22000,56.0606,0
M0020,3156,2026-08-16,2026-08-16T13:06:49+09:00,-500,22200,56.5772,0
M0020,3156,2026-08-16,2026-08-16T13:36:19+09:00,-1100,21600,57.0689,0
M0020,3156,2026-08-16,2026-08-16T14:09:21+09:00,-1500,21200,57.6194,0
M0020,3156,2026-08-16,2026-08-16T14:51:21+09:00,-2200,20500,58.3194,0
M0020,3156,2026-08-16,2026-08-16T15:29:10+09:00,-2500,20200,58.9497,0
M0020,3156,2026-08-16,2026-08-16T16:39:55+09:00,-3100,19600,60.1289,0
M0020,3156,2026-08-16,2026-08-16T17:30:17+09:00,-3700,19000,60.9683,0
M0020,3156,2026-08-16,2026-08-16T18:07:35+09:00,-3800,18900,61.5900,0
M0020,3156,2026-08-16,2026-08-16T18:38:25+09:00,-4900,17800,62.1039,0
M0020,3156,2026-08-16,2026-08-16T19:40:19+09:00,-6000,16700,63.1356,0
M0020,3156,2026-08-16,2026-08-16T20:25:39+09:00,-6200,16500,63.8911,0
M0020,3156,2026-08-17,2026-08-17T10:52:31+09:00,0,16500,63.8911,1
M0020,3156,2026-08-17,2026-08-17T13:07:15+09:00,-300,16200,66.1367,0
M0020,3156,2026-08-17,2026-08-17T13:35:21+09:00,-1000,15500,66.6050,0
M0020,3156,2026-08-17,2026-08-17T14:03:11+09:00,-900,15600,67.0689,0
M0020,3156,2026-08-17,2026-08-17T14:36:43+09:00,-1000,15500,67.6278,0
M0020,3156,2026-08-17,2026-08-17T19:09:23+09:00,-1900,14600,72.1722,0
M0020,3156,2026-08-17,2026-08-17T19:59:55+09:00,-1600,14900,73.0144,0
M0020,3156,2026-08-17,2026-08-17T20:35:21+09:00,-2100,14400,73.6050,0
M0020,3156,2026-08-17,2026-08-17T21:13:05+09:00,-1900,14600,74.2339,0
M0020,3156,2026-08-17,2026-08-17T21:59:13+09:00,-2600,13900,75.0028,0
M0020,3156,2026-08-17,2026-08-17T22:34:49+09:00,-2800,13700,75.5961,0
M0020,3156,2026-08-18,2026-08-18T10:52:51+09:00,0,13700,75.5961,1
M0020,3156,2026-08-18,2026-08-18T11:28:45+09:00,-700,13000,76.1944,0
M0020,3156,2026-08-18,2026-08-18T12:02:47+09:00,-200,13500,76.7617,0
M0020,3156,2026-08-18,2026-08-18T12:35:21+09:00,-400,13300,77.3044,0
M0020,3156,2026-08-18,2026-08-18T13:07:37+09:00,-600,13100,77.8422,0
M0020,3156,2026-08-18,2026-08-18T13:35:43+09:00,-1000,12700,78.3106,0
M0020,3156,2026-08-18,2026-08-18T14:04:28+09:00,400,14100,78.7897,0
M0020,3156,2026-08-18,2026-08-18T14:37:28+09:00,2100,15800,79.3397,0
M0020,3156,2026-08-18,2026-08-18T15:11:53+09:00,2500,16200,79.9133,0
M0020,3156,2026-08-18,2026-08-18T15:59:35+09:00,2100,15800,80.7083,0
M0020,3156,2026-08-18,2026-08-18T16:33:08+09:00,2600,16300,81.2675,0
M0020,3156,2026-08-18,2026-08-18T17:08:27+09:00,2500,16200,81.8561,0
M0020,3156,2026-08-18,2026-08-18T17:59:01+09:00,2400,16100,82.6989,0
M0020,3156,2026-08-18,2026-08-18T18:33:31+09:00,2600,16300,83.2739,0
M0020,3156,2026-08-18,2026-08-18T19:09:25+09:00,2100,15800,83.8722,0
M0020,3156,2026-08-18,2026-08-18T19:59:53+09:00,1500,15200,84.7133,0
M0020,3156,2026-08-18,2026-08-18T20:35:25+09:00,2400,16100,85.3056,0
M0020,3156,2026-08-18,2026-08-18T21:11:41+09:00,1300,15000,85.9100,0
M0020,3156,2026-08-18,2026-08-18T21:57:39+09:00,2000,15700,86.6761,0
M0020,3156,2026-08-18,2026-08-18T22:33:27+09:00,1900,15600,87.2728,0
M0020,3156,2026-08-19,2026-08-19T10:53:31+09:00,0,15600,87.2728,1
M0020,3156,2026-08-19,2026-08-19T14:09:06+09:00,-1100,14500,90.5325,0
M0020,3156,2026-08-19,2026-08-19T14:49:47+09:00,-600,15000,91.2106,0
M0020,3156,2026-08-19,2026-08-19T22:07:17+09:00,-700,14900,98.5022,0
M0020,3156,2026-08-19,2026-08-19T22:43:08+09:00,-1600,14000,99.0997,0
M0020,3156,2026-08-19,2026-08-19T23:29:49+09:00,-1100,14500,99.8778,0
M0020,3156,2026-08-20,2026-08-20T10:52:57+09:00,0,14500,99.8778,1
M0020,3156,2026-08-20,2026-08-20T15:09:59+09:00,-600,13900,104.1617,0
M0020,3156,2026-08-20,2026-08-20T17:42:01+09:00,0,14500,106.6956,0
M0020,3156,2026-08-20,2026-08-20T18:28:21+09:00,-300,14200,107.4678,0
M0020,3156,2026-08-20,2026-08-20T20:28:35+09:00,-800,13700,109.4717,0
M0020,3156,2026-08-20,2026-08-20T21:05:21+09:00,-1500,13000,110.0844,0
M0020,3156,2026-08-20,2026-08-20T21:40:19+09:00,-700,13800,110.6672,0
M0020,3156,2026-08-20,2026-08-20T22:30:04+09:00,-1300,13200,111.4964,0
M0020,3156,2026-08-20,2026-08-20T23:07:51+09:00,-900,13600,112.1261,0
M0020,3156,2026-08-22,2026-08-22T10:54:29+09:00,-100,13600,112.1261,1
M0020,3156,2026-08-22,2026-08-22T11:28:57+09:00,-700,13000,112.7006,0
M0020,3156,2026-08-22,2026-08-22T12:03:41+09:00,-900,12800,113.2794,0
M0020,3156,2026-08-22,2026-08-22T12:36:35+09:00,-100,13600,113.8278,0
M0020,3156,2026-08-22,2026-08-22T13:08:43+09:00,-1200,12500,114.3633,0
M0020,3156,2026-08-22,2026-08-22T14:05:49+09:00,-1400,12300,115.3150,0
M0020,3156,2026-08-22,2026-08-22T14:40:51+09:00,1100,14800,115.8989,0
M0020,3156,2026-08-22,2026-08-22T15:30:07+09:00,500,14200,116.7200,0
M0020,3156,2026-08-22,2026-08-22T16:07:19+09:00,-100,13600,117.3400,0
M0020,3156,2026-08-22,2026-08-22T16:43:29+09:00,2800,16500,117.9428,0
M0020,3156,2026-08-22,2026-08-22T17:31:13+09:00,3600,17300,118.7383,0
M0020,3156,2026-08-22,2026-08-22T18:09:45+09:00,3100,16800,119.3806,0
M0020,3156,2026-08-22,2026-08-22T18:55:39+09:00,2400,16100,120.1456,0
M0020,3156,2026-08-22,2026-08-22T19:33:07+09:00,2200,15900,120.7700,0
M0020,3156,2026-08-22,2026-08-22T20:12:13+09:00,1800,15500,121.4217,0
M0020,3156,2026-08-22,2026-08-22T21:01:31+09:00,2400,16100,122.2433,0
M0020,3156,2026-08-22,2026-08-22T21:39:25+09:00,1800,15500,122.8750,0
M0020,3156,2026-08-22,2026-08-22T22:28:43+09:00,1300,15000,123.6967,0
M0020,3156,2026-08-22,2026-08-22T23:08:15+09:00,700,14400,124.3556,0
M0020,3156,2026-08-23,2026-08-23T10:53:53+09:00,-300,14400,124.3556,1
M0020,3156,2026-08-23,2026-08-23T11:29:03+09:00,-800,13900,124.9417,0
M0020,3156,2026-08-23,2026-08-23T12:03:35+09:00,-1400,13300,125.5172,0
M0020,3156,2026-08-23,2026-08-23T12:36:41+09:00,-1000,13700,126.0689,0
M0020,3156,2026-08-23,2026-08-23T13:07:01+09:00,-1300,13400,126.5744,0
M0020,3156,2026-08-23,2026-08-23T13:35:29+09:00,-1400,13300,127.0489,0
M0020,3156,2026-08-23,2026-08-23T14:10:53+09:00,-1900,12800,127.6389,0
M0020,3156,2026-08-23,2026-08-23T14:54:04+09:00,-1000,13700,128.3586,0
M0020,3156,2026-08-23,2026-08-23T15:31:31+09:00,100,14800,128.9828,0
M0020,3156,2026-08-23,2026-08-23T16:08:15+09:00,800,15500,129.5950,0
M0020,3156,2026-08-23,2026-08-23T16:54:35+09:00,300,15000,130.3672,0
M0020,3156,2026-08-23,2026-08-23T17:31:47+09:00,200,14900,130.9872,0
M0020,3156,2026-08-23,2026-08-23T18:09:27+09:00,1600,16300,131.6150,0
M0020,3156,2026-08-23,2026-08-23T18:55:58+09:00,1200,15900,132.3903,0
M0020,3156,2026-08-23,2026-08-23T19:33:57+09:00,1500,16200,133.0233,0
M0020,3156,2026-08-23,2026-08-23T20:12:39+09:00,1000,15700,133.6683,0
M0020,3156,2026-08-23,2026-08-23T21:01:31+09:00,400,15100,134.4828,0
M0020,3156,2026-08-24,2026-08-24T10:54:29+09:00,-100,15100,134.4828,1
M0020,3156,2026-08-24,2026-08-24T11:29:08+09:00,-600,14600,135.0603,0
M0020,3156,2026-08-24,2026-08-24T12:03:33+09:00,-1200,14000,135.6339,0
M0020,3156,2026-08-24,2026-08-24T12:36:23+09:00,-1800,13400,136.1811,0
M0020,3156,2026-08-24,2026-08-24T13:10:11+09:00,-2900,12300,136.7444,0
M0020,3156,2026-08-24,2026-08-24T13:57:31+09:00,-2600,12600,137.5333,0
M0020,3156,2026-08-24,2026-08-24T14:31:29+09:00,-3200,12000,138.0994,0
M0020,3156,2026-08-24,2026-08-24T15:06:59+09:00,-3600,11600,138.6911,0
M0020,3156,2026-08-24,2026-08-24T15:35:54+09:00,-3700,11500,139.1731,0
M0020,3156,2026-08-24,2026-08-24T16:05:39+09:00,-3200,12000,139.6689,0
M0020,3156,2026-08-24,2026-08-24T17:23:02+09:00,-3100,12100,140.9586,0
M0020,3156,2026-08-24,2026-08-24T18:02:01+09:00,-3600,11600,141.6083,0
M0020,3156,2026-08-24,2026-08-24T18:37:29+09:00,-4200,11000,142.1994,0
M0020,3156,2026-08-24,2026-08-24T19:13:25+09:00,-3600,11600,142.7983,0
M0020,3156,2026-08-24,2026-08-24T20:00:37+09:00,-4100,11100,143.5850,0
M0020,3156,2026-08-24,2026-08-24T20:36:01+09:00,-4000,11200,144.1750,0
M0020,3156,2026-08-24,2026-08-24T21:13:01+09:00,-4100,11100,144.7917,0
M0020,3156,2026-08-24,2026-08-24T21:58:51+09:00,-2300,12900,145.5556,0
M0020,3156,2026-08-24,2026-08-24T22:34:35+09:00,-2600,12600,146.1511,0
M0020,3156,2026-08-24,2026-08-24T23:12:02+09:00,-2900,12300,146.7753,0
M0020,3156,2026-08-25,2026-08-25T10:53:53+09:00,-100,12300,146.7753,1
M0020,3156,2026-08-25,2026-08-25T12:03:47+09:00,-300,12100,147.9403,0
M0020,3156,2026-08-25,2026-08-25T12:36:43+09:00,-200,12200,148.4892,0
M0020,3156,2026-08-25,2026-08-25T13:34:33+09:00,-600,11800,149.4531,0
M0020,3156,2026-08-25,2026-08-25T14:09:29+09:00,-1100,11300,150.0353,0
M0020,3156,2026-08-25,2026-08-25T18:07:23+09:00,-1200,11200,154.0003,0
M0020,3156,2026-08-25,2026-08-25T18:42:17+09:00,-500,11900,154.5819,0
M0020,3156,2026-08-25,2026-08-25T19:28:31+09:00,-900,11500,155.3525,0
M0020,3156,2026-08-25,2026-08-25T20:05:21+09:00,-1600,10800,155.9664,0
M0020,3156,2026-08-25,2026-08-25T20:40:03+09:00,200,12600,156.5447,0
M0020,3156,2026-08-26,2026-08-26T10:53:07+09:00,0,12600,156.5447,1
M0020,3156,2026-08-26,2026-08-26T11:28:33+09:00,600,13200,157.1353,0
M0020,3156,2026-08-26,2026-08-26T12:02:31+09:00,1700,14300,157.7014,0
M0020,3156,2026-08-26,2026-08-26T12:34:47+09:00,3700,16300,158.2392,0
M0020,3156,2026-08-26,2026-08-26T13:07:13+09:00,4300,16900,158.7797,0
M0020,3156,2026-08-26,2026-08-26T13:35:35+09:00,3600,16200,159.2525,0
M0020,3156,2026-08-26,2026-08-26T14:04:55+09:00,4000,16600,159.7414,0
M0020,3156,2026-08-26,2026-08-26T14:37:55+09:00,4200,16800,160.2914,0
M0020,3156,2026-08-26,2026-08-26T15:12:25+09:00,5200,17800,160.8664,0
M0020,3156,2026-08-26,2026-08-26T15:57:47+09:00,6400,19000,161.6225,0
M0020,3156,2026-08-26,2026-08-26T16:31:31+09:00,6000,18600,162.1847,0
M0020,3156,2026-08-26,2026-08-26T17:07:27+09:00,5400,18000,162.7836,0
M0020,3156,2026-08-26,2026-08-26T18:03:25+09:00,5600,18200,163.7164,0
M0020,3156,2026-08-26,2026-08-26T18:38:31+09:00,7300,19900,164.3014,0
M0020,3156,2026-08-26,2026-08-26T19:20:17+09:00,9000,21600,164.9975,0
M0020,3156,2026-08-26,2026-08-26T20:01:09+09:00,10300,22900,165.6786,0
M0020,3156,2026-08-26,2026-08-26T20:36:21+09:00,10500,23100,166.2653,0
M0020,3156,2026-08-26,2026-08-26T21:13:13+09:00,9300,21900,166.8797,0
M0020,3156,2026-08-26,2026-08-26T22:00:53+09:00,10200,22800,167.6742,0
M0020,3156,2026-08-27,2026-08-27T10:54:19+09:00,0,22800,167.6742,1
M0020,3156,2026-08-27,2026-08-27T11:28:53+09:00,-400,22400,168.2503,0
M0020,3156,2026-08-27,2026-08-27T12:03:19+09:00,-500,22300,168.8242,0
M0020,3156,2026-08-27,2026-08-27T13:35:23+09:00,-900,21900,170.3586,0
M0020,3156,2026-08-27,2026-08-27T14:07:15+09:00,-1300,21500,170.8897,0
M0020,3156,2026-08-27,2026-08-27T14:41:06+09:00,-900,21900,171.4539,0
M0020,3156,2026-08-27,2026-08-27T16:02:47+09:00,-300,22500,172.8153,0
M0020,3156,2026-08-27,2026-08-27T16:36:51+09:00,-900,21900,173.3831,0
M0020,3156,2026-08-27,2026-08-27T17:04:59+09:00,-1500,21300,173.8519,0
M0020,3156,2026-08-27,2026-08-27T17:33:23+09:00,-1900,20900,174.3253,0
M0020,3156,2026-08-27,2026-08-27T18:09:51+09:00,-2000,20800,174.9331,0
M0020,3156,2026-08-27,2026-08-27T21:32:59+09:00,-2200,20600,178.3186,0
M0020,3156,2026-08-27,2026-08-27T22:09:51+09:00,-2000,20800,178.9331,0
M0020,3156,2026-08-28,2026-08-28T10:54:45+09:00,-200,20800,178.9331,1
M0020,3156,2026-08-28,2026-08-28T11:29:35+09:00,-500,20500,179.5136,0
M0020,3156,2026-08-28,2026-08-28T12:04:21+09:00,-900,20100,180.0931,0
M0020,3156,2026-08-28,2026-08-28T12:36:55+09:00,-1500,19500,180.6358,0
M0020,3156,2026-08-28,2026-08-28T13:07:27+09:00,-1800,19200,181.1447,0
M0020,3156,2026-08-28,2026-08-28T14:09:41+09:00,-1500,19500,182.1819,0
M0020,3156,2026-08-28,2026-08-28T15:26:59+09:00,-1800,19200,183.4703,0
M0020,3156,2026-08-28,2026-08-28T16:38:15+09:00,-2900,18100,184.6581,0
M0020,3156,2026-08-28,2026-08-28T18:38:39+09:00,-3100,17900,186.6647,0
M0020,3156,2026-08-28,2026-08-28T20:14:11+09:00,-4000,17000,188.2569,0
M0020,3156,2026-08-28,2026-08-28T21:00:55+09:00,-4600,16400,189.0358,0
M0020,3156,2026-08-28,2026-08-28T21:36:25+09:00,-4800,16200,189.6275,0
M0020,3156,2026-08-28,2026-08-28T22:13:23+09:00,-5200,15800,190.2436,0
M0020,3156,2026-08-29,2026-08-29T10:54:15+09:00,0,15800,190.2436,1
M0020,3156,2026-08-29,2026-08-29T11:29:35+09:00,1100,16900,190.8325,0
M0020,3156,2026-08-29,2026-08-29T12:04:02+09:00,1700,17500,191.4067,0
M0020,3156,2026-08-29,2026-08-29T12:37:17+09:00,1500,17300,191.9608,0
M0020,3156,2026-08-29,2026-08-29T13:08:43+09:00,1800,17600,192.4847,0
M0020,3156,2026-08-29,2026-08-29T14:42:31+09:00,500,16300,194.0481,0
M0020,3156,2026-08-29,2026-08-29T15:28:43+09:00,300,16100,194.8181,0
M0020,3156,2026-08-29,2026-08-29T16:05:41+09:00,-400,15400,195.4342,0
M0020,3156,2026-08-29,2026-08-29T16:38:29+09:00,-300,15500,195.9808,0
M0020,3156,2026-08-29,2026-08-29T17:36:27+09:00,-600,15200,196.9469,0
M0020,3156,2026-08-29,2026-08-29T18:13:47+09:00,-300,15500,197.5692,0
M0020,3156,2026-08-29,2026-08-29T19:01:11+09:00,-1000,14800,198.3592,0
M0020,3156,2026-08-29,2026-08-29T20:25:59+09:00,-1500,14300,199.7725,0
M0020,3156,2026-08-29,2026-08-29T21:05:49+09:00,-2200,13600,200.4364,0
M0020,3156,2026-08-29,2026-08-29T21:43:07+09:00,-2700,13100,201.0581,0
M0020,3156,2026-08-29,2026-08-29T22:32:31+09:00,-3200,12600,201.8814,0
M0020,3156,2026-08-29,2026-08-29T23:11:51+09:00,-2600,13200,202.5369,0
M0021,3157,2026-08-11,2026-08-11T10:53:13+09:00,-100,-100,0.0000,1
M0021,3157,2026-08-11,2026-08-11T11:28:39+09:00,400,400,0.5906,0
M0021,3157,2026-08-11,2026-08-11T12:02:43+09:00,100,100,1.1583,0
M0021,3157,2026-08-11,2026-08-11T13:06:25+09:00,-500,-500,2.2200,0
M0021,3157,2026-08-11,2026-08-11T13:34:33+09:00,-1300,-1300,2.6889,0
M0021,3157,2026-08-11,2026-08-11T14:09:42+09:00,-1500,-1500,3.2747,0
M0021,3157,2026-08-11,2026-08-11T14:50:37+09:00,-2200,-2200,3.9567,0
M0021,3157,2026-08-11,2026-08-11T15:29:09+09:00,-2300,-2300,4.5989,0
M0021,3157,2026-08-11,2026-08-11T16:05:23+09:00,-2800,-2800,5.2028,0
M0021,3157,2026-08-11,2026-08-11T16:40:17+09:00,-2600,-2600,5.7844,0
M0021,3157,2026-08-11,2026-08-11T17:28:47+09:00,-2800,-2800,6.5928,0
M0021,3157,2026-08-11,2026-08-11T18:06:29+09:00,-3200,-3200,7.2211,0
M0021,3157,2026-08-11,2026-08-11T18:41:47+09:00,-3700,-3700,7.8094,0
M0021,3157,2026-08-11,2026-08-11T19:30:51+09:00,-4300,-4300,8.6272,0
M0021,3157,2026-08-11,2026-08-11T20:08:57+09:00,-4600,-4600,9.2622,0
M0021,3157,2026-08-11,2026-08-11T21:03:30+09:00,-4700,-4700,10.1714,0
M0021,3157,2026-08-11,2026-08-11T21:39:59+09:00,-5200,-5200,10.7794,0
M0021,3157,2026-08-11,2026-08-11T22:25:23+09:00,-5800,-5800,11.5361,0
M0021,3157,2026-08-11,2026-08-11T23:04:47+09:00,-6500,-6500,12.1928,0
M0021,3157,2026-08-11,2026-08-11T23:43:02+09:00,-6600,-6600,12.8303,0
M0021,3157,2026-08-12,2026-08-12T10:53:47+09:00,-100,-6600,12.8303,1
M0021,3157,2026-08-12,2026-08-12T11:28:45+09:00,-300,-6800,13.4131,0
M0021,3157,2026-08-12,2026-08-12T12:02:51+09:00,-900,-7400,13.9814,0
M0021,3157,2026-08-12,2026-08-12T12:36:01+09:00,-1500,-8000,14.5342,0
M0021,3157,2026-08-12,2026-08-12T13:06:31+09:00,-2000,-8500,15.0425,0
M0021,3157,2026-08-12,2026-08-12T13:35:53+09:00,-2200,-8700,15.5319,0
M0021,3157,2026-08-12,2026-08-12T14:11:01+09:00,-2500,-9000,16.1175,0
M0021,3157,2026-08-12,2026-08-12T14:56:33+09:00,-2200,-8700,16.8764,0
M0021,3157,2026-08-13,2026-08-13T10:54:54+09:00,-100,-8700,16.8764,1
M0021,3157,2026-08-13,2026-08-13T11:29:13+09:00,-600,-9200,17.4483,0
M0021,3157,2026-08-13,2026-08-13T12:03:39+09:00,-800,-9400,18.0222,0
M0021,3157,2026-08-13,2026-08-13T13:09:39+09:00,-400,-9000,19.1222,0
M0021,3157,2026-08-13,2026-08-13T14:00:59+09:00,-900,-9500,19.9778,0
M0021,3157,2026-08-13,2026-08-13T14:35:09+09:00,-800,-9400,20.5472,0
M0021,3157,2026-08-13,2026-08-13T15:11:23+09:00,-600,-9200,21.1511,0
M0021,3157,2026-08-13,2026-08-13T15:58:27+09:00,0,-8600,21.9356,0
M0021,3157,2026-08-13,2026-08-13T16:33:27+09:00,-200,-8800,22.5189,0
M0021,3157,2026-08-13,2026-08-13T17:10:25+09:00,-500,-9100,23.1350,0
M0021,3157,2026-08-13,2026-08-13T17:59:47+09:00,-1000,-9600,23.9578,0
M0021,3157,2026-08-13,2026-08-13T19:14:33+09:00,-1700,-10300,25.2039,0
M0021,3157,2026-08-13,2026-08-13T20:02:43+09:00,-2000,-10600,26.0067,0
M0021,3157,2026-08-13,2026-08-13T20:39:10+09:00,-1500,-10100,26.6142,0
M0021,3157,2026-08-13,2026-08-13T21:23:43+09:00,-1600,-10200,27.3567,0
M0021,3157,2026-08-13,2026-08-13T22:40:21+09:00,-2400,-11000,28.6339,0
M0021,3157,2026-08-13,2026-08-13T23:29:55+09:00,-2700,-11300,29.4600,0
M0021,3157,2026-08-14,2026-08-14T10:54:41+09:00,-200,-11300,29.4600,1
M0021,3157,2026-08-14,2026-08-14T11:29:45+09:00,500,-10600,30.0444,0
M0021,3157,2026-08-14,2026-08-14T12:04:15+09:00,100,-11000,30.6194,0
M0021,3157,2026-08-14,2026-08-14T12:37:28+09:00,0,-11100,31.1731,0
M0021,3157,2026-08-14,2026-08-14T13:06:37+09:00,-400,-11500,31.6589,0
M0021,3157,2026-08-14,2026-08-14T13:35:02+09:00,-800,-11900,32.1325,0
M0021,3157,2026-08-14,2026-08-14T14:10:37+09:00,-1900,-13000,32.7256,0
M0021,3157,2026-08-14,2026-08-14T14:55:41+09:00,-700,-11800,33.4767,0
M0021,3157,2026-08-14,2026-08-14T15:31:41+09:00,1600,-9500,34.0767,0
M0021,3157,2026-08-14,2026-08-14T16:08:02+09:00,2800,-8300,34.6825,0
M0021,3157,2026-08-14,2026-08-14T16:41:57+09:00,5000,-6100,35.2478,0
M0021,3157,2026-08-14,2026-08-14T17:30:37+09:00,4600,-6500,36.0589,0
M0021,3157,2026-08-14,2026-08-14T18:43:04+09:00,3500,-7600,37.2664,0
M0021,3157,2026-08-14,2026-08-14T19:31:33+09:00,3000,-8100,38.0744,0
M0021,3157,2026-08-14,2026-08-14T20:09:17+09:00,4900,-6200,38.7033,0
M0021,3157,2026-08-14,2026-08-14T20:55:41+09:00,4500,-6600,39.4767,0
M0021,3157,2026-08-14,2026-08-14T21:33:02+09:00,5300,-5800,40.0992,0
M0021,3157,2026-08-15,2026-08-15T10:54:13+09:00,-200,-5800,40.0992,1
M0021,3157,2026-08-15,2026-08-15T11:29:09+09:00,-800,-6400,40.6814,0
M0021,3157,2026-08-15,2026-08-15T12:03:27+09:00,-1500,-7100,41.2531,0
M0021,3157,2026-08-15,2026-08-15T12:36:37+09:00,-1300,-6900,41.8058,0
M0021,3157,2026-08-15,2026-08-15T13:08:49+09:00,-2200,-7800,42.3425,0
M0021,3157,2026-08-15,2026-08-15T14:01:55+09:00,-2700,-8300,43.2275,0
M0021,3157,2026-08-15,2026-08-15T14:36:09+09:00,-1500,-7100,43.7981,0
M0021,3157,2026-08-15,2026-08-15T15:11:53+09:00,-1900,-7500,44.3936,0
M0021,3157,2026-08-15,2026-08-15T15:58:43+09:00,-2200,-7800,45.1742,0
M0021,3157,2026-08-15,2026-08-15T16:34:01+09:00,-2600,-8200,45.7625,0
M0021,3157,2026-08-15,2026-08-15T17:11:17+09:00,-300,-5900,46.3836,0
M0021,3157,2026-08-15,2026-08-15T17:58:39+09:00,-500,-6100,47.1731,0
M0021,3157,2026-08-15,2026-08-15T18:35:13+09:00,-800,-6400,47.7825,0
M0021,3157,2026-08-15,2026-08-15T19:12:53+09:00,-1000,-6600,48.4103,0
M0021,3157,2026-08-15,2026-08-15T20:01:19+09:00,-1500,-7100,49.2175,0
M0021,3157,2026-08-15,2026-08-15T20:38:25+09:00,-2000,-7600,49.8358,0
M0021,3157,2026-08-15,2026-08-15T21:25:49+09:00,-2500,-8100,50.6258,0
M0021,3157,2026-08-15,2026-08-15T22:04:23+09:00,-2200,-7800,51.2686,0
M0021,3157,2026-08-16,2026-08-16T10:53:41+09:00,-100,-7800,51.2686,1
M0021,3157,2026-08-16,2026-08-16T11:28:27+09:00,300,-7400,51.8481,0
M0021,3157,2026-08-16,2026-08-16T12:02:27+09:00,-200,-7900,52.4147,0
M0021,3157,2026-08-16,2026-08-16T12:35:49+09:00,-800,-8500,52.9708,0
M0021,3157,2026-08-16,2026-08-16T13:06:49+09:00,-1600,-9300,53.4875,0
M0021,3157,2026-08-16,2026-08-16T13:36:19+09:00,-1400,-9100,53.9792,0
M0021,3157,2026-08-16,2026-08-16T14:09:21+09:00,-2100,-9800,54.5297,0
M0021,3157,2026-08-16,2026-08-16T14:51:21+09:00,-2700,-10400,55.2297,0
M0021,3157,2026-08-16,2026-08-16T15:29:10+09:00,-2800,-10500,55.8600,0
M0021,3157,2026-08-16,2026-08-16T16:05:23+09:00,-300,-8000,56.4636,0
M0021,3157,2026-08-16,2026-08-16T16:39:55+09:00,-600,-8300,57.0392,0
M0021,3157,2026-08-16,2026-08-16T17:30:17+09:00,-1200,-8900,57.8786,0
M0021,3157,2026-08-16,2026-08-16T18:07:35+09:00,-1300,-9000,58.5003,0
M0021,3157,2026-08-16,2026-08-16T18:38:25+09:00,-1700,-9400,59.0142,0
M0021,3157,2026-08-16,2026-08-16T19:40:19+09:00,-2300,-10000,60.0458,0
M0021,3157,2026-08-16,2026-08-16T20:25:39+09:00,-2200,-9900,60.8014,0
M0021,3157,2026-08-16,2026-08-16T21:04:51+09:00,-900,-8600,61.4547,0
M0021,3157,2026-08-16,2026-08-16T21:42:13+09:00,2100,-5600,62.0775,0
M0021,3157,2026-08-17,2026-08-17T10:52:31+09:00,-100,-5600,62.0775,1
M0021,3157,2026-08-17,2026-08-17T12:02:23+09:00,200,-5300,63.2419,0
M0021,3157,2026-08-17,2026-08-17T13:07:15+09:00,-500,-6000,64.3231,0
M0021,3157,2026-08-17,2026-08-17T13:35:21+09:00,-1100,-6600,64.7914,0
M0021,3157,2026-08-17,2026-08-17T14:03:11+09:00,-1700,-7200,65.2553,0
M0021,3157,2026-08-17,2026-08-17T14:36:43+09:00,-2200,-7700,65.8142,0
M0021,3157,2026-08-17,2026-08-17T15:11:21+09:00,-2800,-8300,66.3914,0
M0021,3157,2026-08-17,2026-08-17T15:59:33+09:00,-3200,-8700,67.1947,0
M0021,3157,2026-08-17,2026-08-17T16:33:27+09:00,-3400,-8900,67.7597,0
M0021,3157,2026-08-17,2026-08-17T17:09:07+09:00,-3800,-9300,68.3542,0
M0021,3157,2026-08-17,2026-08-17T17:58:27+09:00,-4200,-9700,69.1764,0
M0021,3157,2026-08-17,2026-08-17T18:33:03+09:00,-4300,-9800,69.7531,0
M0021,3157,2026-08-17,2026-08-17T19:09:23+09:00,-4400,-9900,70.3586,0
M0021,3157,2026-08-17,2026-08-17T19:59:55+09:00,-3400,-8900,71.2008,0
M0021,3157,2026-08-17,2026-08-17T20:35:21+09:00,-2400,-7900,71.7914,0
M0021,3157,2026-08-17,2026-08-17T21:13:05+09:00,-1900,-7400,72.4203,0
M0021,3157,2026-08-17,2026-08-17T21:59:13+09:00,-2500,-8000,73.1892,0
M0021,3157,2026-08-17,2026-08-17T22:34:49+09:00,-2100,-7600,73.7825,0
M0021,3157,2026-08-17,2026-08-17T23:11:50+09:00,-100,-5600,74.3994,0
M0021,3157,2026-08-18,2026-08-18T10:52:51+09:00,-200,-5600,74.3994,1
M0021,3157,2026-08-18,2026-08-18T11:28:45+09:00,-1000,-6400,74.9978,0
M0021,3157,2026-08-18,2026-08-18T12:02:47+09:00,-1400,-6800,75.5650,0
M0021,3157,2026-08-18,2026-08-18T12:35:21+09:00,-1600,-7000,76.1078,0
M0021,3157,2026-08-18,2026-08-18T13:07:37+09:00,-1100,-6500,76.6456,0
M0021,3157,2026-08-18,2026-08-18T13:35:43+09:00,-1500,-6900,77.1139,0
M0021,3157,2026-08-18,2026-08-18T14:04:28+09:00,-1200,-6600,77.5931,0
M0021,3157,2026-08-18,2026-08-18T14:37:28+09:00,-1700,-7100,78.1431,0
M0021,3157,2026-08-18,2026-08-18T15:11:53+09:00,-2100,-7500,78.7167,0
M0021,3157,2026-08-18,2026-08-18T15:59:35+09:00,-2800,-8200,79.5117,0
M0021,3157,2026-08-18,2026-08-18T16:33:08+09:00,-2300,-7700,80.0708,0
M0021,3157,2026-08-18,2026-08-18T17:08:27+09:00,-3100,-8500,80.6594,0
M0021,3157,2026-08-18,2026-08-18T17:59:01+09:00,-2500,-7900,81.5022,0
M0021,3157,2026-08-18,2026-08-18T18:33:31+09:00,-1600,-7000,82.0772,0
M0021,3157,2026-08-18,2026-08-18T19:09:25+09:00,-1700,-7100,82.6756,0
M0021,3157,2026-08-18,2026-08-18T19:59:53+09:00,-1300,-6700,83.5167,0
M0021,3157,2026-08-18,2026-08-18T20:35:25+09:00,-1700,-7100,84.1089,0
M0021,3157,2026-08-18,2026-08-18T21:11:41+09:00,-2500,-7900,84.7133,0
M0021,3157,2026-08-18,2026-08-18T21:57:39+09:00,-3200,-8600,85.4794,0
M0021,3157,2026-08-18,2026-08-18T22:33:27+09:00,-2100,-7500,86.0761,0
M0021,3157,2026-08-18,2026-08-18T23:10:31+09:00,1300,-4100,86.6939,0
M0021,3157,2026-08-19,2026-08-19T10:53:31+09:00,0,-4100,86.6939,1
M0021,3157,2026-08-19,2026-08-19T12:02:25+09:00,1900,-2200,87.8422,0
M0021,3157,2026-08-19,2026-08-19T12:35:06+09:00,2100,-2000,88.3869,0
M0021,3157,2026-08-19,2026-08-19T13:06:21+09:00,1500,-2600,88.9078,0
M0021,3157,2026-08-19,2026-08-19T13:35:01+09:00,2300,-1800,89.3856,0
M0021,3157,2026-08-19,2026-08-19T17:06:11+09:00,2200,-1900,92.9050,0
M0021,3157,2026-08-19,2026-08-19T17:32:35+09:00,2600,-1500,93.3450,0
M0021,3157,2026-08-19,2026-08-19T18:08:43+09:00,1900,-2200,93.9472,0
M0021,3157,2026-08-19,2026-08-19T18:50:27+09:00,2000,-2100,94.6428,0
M0021,3157,2026-08-19,2026-08-19T19:28:55+09:00,1300,-2800,95.2839,0
M0021,3157,2026-08-19,2026-08-19T20:05:19+09:00,1200,-2900,95.8906,0
M0021,3157,2026-08-19,2026-08-19T20:39:17+09:00,400,-3700,96.4567,0
M0021,3157,2026-08-19,2026-08-19T21:30:39+09:00,-300,-4400,97.3128,0
M0021,3157,2026-08-19,2026-08-19T22:07:17+09:00,0,-4100,97.9233,0
M0021,3157,2026-08-19,2026-08-19T22:43:08+09:00,-1400,-5500,98.5208,0
M0021,3157,2026-08-19,2026-08-19T23:29:49+09:00,1000,-3100,99.2989,0
M0021,3157,2026-08-20,2026-08-20T10:52:57+09:00,0,-3100,99.2989,1
M0021,3157,2026-08-20,2026-08-20T12:02:37+09:00,-400,-3500,100.4600,0
M0021,3157,2026-08-20,2026-08-20T12:35:01+09:00,-1000,-4100,101.0000,0
M0021,3157,2026-08-20,2026-08-20T13:07:39+09:00,-1100,-4200,101.5439,0
M0021,3157,2026-08-20,2026-08-20T13:36:17+09:00,-300,-3400,102.0211,0
M0021,3157,2026-08-20,2026-08-20T14:02:59+09:00,-600,-3700,102.4661,0
M0021,3157,2026-08-20,2026-08-20T14:35:37+09:00,-1100,-4200,103.0100,0
M0021,3157,2026-08-20,2026-08-20T15:09:59+09:00,-2000,-5100,103.5828,0
M0021,3157,2026-08-20,2026-08-20T15:59:19+09:00,-1400,-4500,104.4050,0
M0021,3157,2026-08-20,2026-08-20T16:32:33+09:00,1200,-1900,104.9589,0
M0021,3157,2026-08-20,2026-08-20T17:07:41+09:00,2900,-200,105.5444,0
M0021,3157,2026-08-20,2026-08-20T19:04:37+09:00,2400,-700,107.4933,0
M0021,3157,2026-08-20,2026-08-20T19:39:23+09:00,2000,-1100,108.0728,0
M0021,3157,2026-08-20,2026-08-20T20:28:35+09:00,2700,-400,108.8928,0
M0021,3157,2026-08-20,2026-08-20T21:05:21+09:00,2100,-1000,109.5056,0
M0021,3157,2026-08-20,2026-08-20T21:40:19+09:00,1800,-1300,110.0883,0
M0021,3157,2026-08-20,2026-08-20T22:30:04+09:00,1900,-1200,110.9175,0
M0021,3157,2026-08-20,2026-08-20T23:07:51+09:00,2200,-900,111.5472,0
M0021,3157,2026-08-22,2026-08-22T10:54:29+09:00,-100,-900,111.5472,1
M0021,3157,2026-08-22,2026-08-22T11:28:57+09:00,-400,-1200,112.1217,0
M0021,3157,2026-08-22,2026-08-22T12:03:41+09:00,-900,-1700,112.7006,0
M0021,3157,2026-08-22,2026-08-22T12:36:35+09:00,200,-600,113.2489,0
M0021,3157,2026-08-22,2026-08-22T13:08:43+09:00,-300,-1100,113.7844,0
M0021,3157,2026-08-22,2026-08-22T14:05:49+09:00,-500,-1300,114.7361,0
M0021,3157,2026-08-22,2026-08-22T14:40:51+09:00,1700,900,115.3200,0
M0021,3157,2026-08-22,2026-08-22T15:30:07+09:00,1100,300,116.1411,0
M0021,3157,2026-08-22,2026-08-22T16:07:19+09:00,600,-200,116.7611,0
M0021,3157,2026-08-22,2026-08-22T16:43:29+09:00,100,-700,117.3639,0
M0021,3157,2026-08-22,2026-08-22T17:31:13+09:00,1100,300,118.1594,0
M0021,3157,2026-08-22,2026-08-22T18:09:45+09:00,600,-200,118.8017,0
M0021,3157,2026-08-22,2026-08-22T18:55:39+09:00,0,-800,119.5667,0
M0021,3157,2026-08-22,2026-08-22T19:33:07+09:00,-800,-1600,120.1911,0
M0021,3157,2026-08-22,2026-08-22T20:12:13+09:00,-1000,-1800,120.8428,0
M0021,3157,2026-08-22,2026-08-22T21:01:31+09:00,-1300,-2100,121.6644,0
M0021,3157,2026-08-22,2026-08-22T21:39:25+09:00,-2500,-3300,122.2961,0
M0021,3157,2026-08-22,2026-08-22T22:28:43+09:00,-2800,-3600,123.1178,0
M0021,3157,2026-08-23,2026-08-23T10:53:53+09:00,-200,-3600,123.1178,1
M0021,3157,2026-08-23,2026-08-23T11:29:03+09:00,-500,-3900,123.7039,0
M0021,3157,2026-08-23,2026-08-23T12:03:35+09:00,-1000,-4400,124.2794,0
M0021,3157,2026-08-23,2026-08-23T12:36:41+09:00,-1800,-5200,124.8311,0
M0021,3157,2026-08-23,2026-08-23T13:07:01+09:00,-2300,-5700,125.3367,0
M0021,3157,2026-08-23,2026-08-23T13:35:29+09:00,-3100,-6500,125.8111,0
M0021,3157,2026-08-23,2026-08-23T14:10:53+09:00,-4000,-7400,126.4011,0
M0021,3157,2026-08-23,2026-08-23T14:54:04+09:00,-2900,-6300,127.1208,0
M0021,3157,2026-08-23,2026-08-23T15:31:31+09:00,-1000,-4400,127.7450,0
M0021,3157,2026-08-23,2026-08-23T16:08:15+09:00,-2200,-5600,128.3572,0
M0021,3157,2026-08-23,2026-08-23T16:54:35+09:00,-2800,-6200,129.1294,0
M0021,3157,2026-08-23,2026-08-23T17:31:47+09:00,-2600,-6000,129.7494,0
M0021,3157,2026-08-23,2026-08-23T18:09:27+09:00,-500,-3900,130.3772,0
M0021,3157,2026-08-23,2026-08-23T19:33:57+09:00,-800,-4200,131.7856,0
M0021,3157,2026-08-23,2026-08-23T20:12:39+09:00,-300,-3700,132.4306,0
M0021,3157,2026-08-24,2026-08-24T10:54:29+09:00,-200,-3700,132.4306,1
M0021,3157,2026-08-24,2026-08-24T11:29:08+09:00,-700,-4200,133.0081,0
M0021,3157,2026-08-24,2026-08-24T12:03:33+09:00,300,-3200,133.5817,0
M0021,3157,2026-08-24,2026-08-24T12:36:23+09:00,2100,-1400,134.1289,0
M0021,3157,2026-08-24,2026-08-24T13:10:11+09:00,1900,-1600,134.6922,0
M0021,3157,2026-08-24,2026-08-24T13:57:31+09:00,2500,-1000,135.4811,0
M0021,3157,2026-08-24,2026-08-24T14:31:29+09:00,2200,-1300,136.0472,0
M0021,3157,2026-08-24,2026-08-24T15:06:59+09:00,2700,-800,136.6389,0
M0021,3157,2026-08-24,2026-08-24T16:05:39+09:00,2900,-600,137.6167,0
M0021,3157,2026-08-24,2026-08-24T16:40:02+09:00,2700,-800,138.1897,0
M0021,3157,2026-08-24,2026-08-24T17:23:02+09:00,2000,-1500,138.9064,0
M0021,3157,2026-08-24,2026-08-24T18:02:01+09:00,1300,-2200,139.5561,0
M0021,3157,2026-08-24,2026-08-24T18:37:29+09:00,2200,-1300,140.1472,0
M0021,3157,2026-08-24,2026-08-24T19:13:25+09:00,2300,-1200,140.7461,0
M0021,3157,2026-08-24,2026-08-24T20:00:37+09:00,1700,-1800,141.5328,0
M0021,3157,2026-08-24,2026-08-24T20:36:01+09:00,1400,-2100,142.1228,0
M0021,3157,2026-08-24,2026-08-24T21:13:01+09:00,2000,-1500,142.7394,0
M0021,3157,2026-08-24,2026-08-24T21:58:51+09:00,1800,-1700,143.5033,0
M0021,3157,2026-08-24,2026-08-24T22:34:35+09:00,1300,-2200,144.0989,0
M0021,3157,2026-08-24,2026-08-24T23:12:02+09:00,1700,-1800,144.7231,0
M0021,3157,2026-08-25,2026-08-25T10:53:53+09:00,0,-1800,144.7231,1
M0021,3157,2026-08-25,2026-08-25T11:29:03+09:00,-400,-2200,145.3092,0
M0021,3157,2026-08-25,2026-08-25T12:03:47+09:00,-1000,-2800,145.8881,0
M0021,3157,2026-08-25,2026-08-25T12:36:43+09:00,-900,-2700,146.4369,0
M0021,3157,2026-08-25,2026-08-25T14:09:29+09:00,-1200,-3000,147.9831,0
M0021,3157,2026-08-25,2026-08-25T14:50:35+09:00,-1900,-3700,148.6681,0
M0021,3157,2026-08-25,2026-08-25T15:27:09+09:00,0,-1800,149.2775,0
M0021,3157,2026-08-25,2026-08-25T16:03:02+09:00,100,-1700,149.8756,0
M0021,3157,2026-08-25,2026-08-25T16:37:33+09:00,500,-1300,150.4508,0
M0021,3157,2026-08-25,2026-08-25T17:05:09+09:00,700,-1100,150.9108,0
M0021,3157,2026-08-25,2026-08-25T17:30:51+09:00,-100,-1900,151.3392,0
M0021,3157,2026-08-25,2026-08-25T18:07:23+09:00,200,-1600,151.9481,0
M0021,3157,2026-08-25,2026-08-25T18:42:17+09:00,-200,-2000,152.5297,0
M0021,3157,2026-08-25,2026-08-25T19:28:31+09:00,-400,-2200,153.3003,0
M0021,3157,2026-08-25,2026-08-25T20:05:21+09:00,-600,-2400,153.9142,0
M0021,3157,2026-08-25,2026-08-25T20:40:03+09:00,-1100,-2900,154.4925,0
M0021,3157,2026-08-25,2026-08-25T21:28:25+09:00,-800,-2600,155.2986,0
M0021,3157,2026-08-25,2026-08-25T22:05:51+09:00,-900,-2700,155.9225,0
M0021,3157,2026-08-25,2026-08-25T22:39:15+09:00,-1100,-2900,156.4792,0
M0021,3157,2026-08-25,2026-08-25T23:34:49+09:00,-900,-2700,157.4053,0
M0021,3157,2026-08-26,2026-08-26T10:53:07+09:00,-200,-2700,157.4053,1
M0021,3157,2026-08-26,2026-08-26T11:28:33+09:00,-700,-3200,157.9958,0
M0021,3157,2026-08-26,2026-08-26T12:02:31+09:00,0,-2500,158.5619,0
M0021,3157,2026-08-26,2026-08-26T12:34:47+09:00,-500,-3000,159.0997,0
M0021,3157,2026-08-26,2026-08-26T13:07:13+09:00,-400,-2900,159.6403,0
M0021,3157,2026-08-26,2026-08-26T13:35:35+09:00,-900,-3400,160.1131,0
M0021,3157,2026-08-26,2026-08-26T14:04:55+09:00,-1000,-3500,160.6019,0
M0021,3157,2026-08-26,2026-08-26T15:12:25+09:00,-1700,-4200,161.7269,0
M0021,3157,2026-08-26,2026-08-26T15:57:47+09:00,-1900,-4400,162.4831,0
M0021,3157,2026-08-26,2026-08-26T16:31:31+09:00,-2500,-5000,163.0453,0
M0021,3157,2026-08-26,2026-08-26T17:07:27+09:00,-600,-3100,163.6442,0
M0021,3157,2026-08-26,2026-08-26T17:35:49+09:00,1700,-800,164.1169,0
M0021,3157,2026-08-26,2026-08-26T18:03:25+09:00,1600,-900,164.5769,0
M0021,3157,2026-08-26,2026-08-26T18:38:31+09:00,1700,-800,165.1619,0
M0021,3157,2026-08-26,2026-08-26T20:01:09+09:00,1600,-900,166.5392,0
M0021,3157,2026-08-26,2026-08-26T21:13:13+09:00,2300,-200,167.7403,0
M0021,3157,2026-08-26,2026-08-26T22:00:53+09:00,1900,-600,168.5347,0
M0021,3157,2026-08-27,2026-08-27T10:54:19+09:00,-200,-600,168.5347,1
M0021,3157,2026-08-27,2026-08-27T11:28:53+09:00,1200,800,169.1108,0
M0021,3157,2026-08-27,2026-08-27T12:03:19+09:00,1100,700,169.6847,0
M0021,3157,2026-08-27,2026-08-27T12:36:15+09:00,1000,600,170.2336,0
M0021,3157,2026-08-27,2026-08-27T13:07:43+09:00,300,-100,170.7581,0
M0021,3157,2026-08-27,2026-08-27T14:41:06+09:00,-800,-1200,172.3144,0
M0021,3157,2026-08-27,2026-08-27T15:26:49+09:00,-1400,-1800,173.0764,0
M0021,3157,2026-08-27,2026-08-27T16:02:47+09:00,-2000,-2400,173.6758,0
M0021,3157,2026-08-27,2026-08-27T16:36:51+09:00,-1300,-1700,174.2436,0
M0021,3157,2026-08-27,2026-08-27T17:33:23+09:00,-1500,-1900,175.1858,0
M0021,3157,2026-08-27,2026-08-27T19:30:47+09:00,-2100,-2500,177.1425,0
M0021,3157,2026-08-27,2026-08-27T20:08:01+09:00,-2700,-3100,177.7631,0
M0021,3157,2026-08-27,2026-08-27T20:44:41+09:00,-3100,-3500,178.3742,0
M0021,3157,2026-08-27,2026-08-27T21:32:59+09:00,-3900,-4300,179.1792,0
M0021,3157,2026-08-27,2026-08-27T22:09:51+09:00,-4400,-4800,179.7936,0
M0021,3157,2026-08-28,2026-08-28T10:54:45+09:00,-100,-4800,179.7936,1
M0021,3157,2026-08-28,2026-08-28T11:29:35+09:00,700,-4000,180.3742,0
M0021,3157,2026-08-28,2026-08-28T12:04:21+09:00,0,-4700,180.9536,0
M0021,3157,2026-08-28,2026-08-28T12:36:55+09:00,100,-4600,181.4964,0
M0021,3157,2026-08-28,2026-08-28T13:07:27+09:00,2300,-2400,182.0053,0
M0021,3157,2026-08-28,2026-08-28T13:35:41+09:00,1600,-3100,182.4758,0
M0021,3157,2026-08-28,2026-08-28T14:09:41+09:00,4100,-600,183.0425,0
M0021,3157,2026-08-28,2026-08-28T14:51:34+09:00,6300,1600,183.7406,0
M0021,3157,2026-08-28,2026-08-28T15:26:59+09:00,8800,4100,184.3308,0
M0021,3157,2026-08-28,2026-08-28T16:03:29+09:00,9500,4800,184.9392,0
M0021,3157,2026-08-28,2026-08-28T16:38:15+09:00,9200,4500,185.5186,0
M0021,3157,2026-08-28,2026-08-28T17:29:15+09:00,9300,4600,186.3686,0
M0021,3157,2026-08-28,2026-08-28T18:38:39+09:00,8500,3800,187.5253,0
M0021,3157,2026-08-28,2026-08-28T19:37:02+09:00,9200,4500,188.4983,0
M0021,3157,2026-08-28,2026-08-28T20:14:11+09:00,8800,4100,189.1175,0
M0021,3157,2026-08-28,2026-08-28T21:00:55+09:00,8300,3600,189.8964,0
M0021,3157,2026-08-28,2026-08-28T21:36:25+09:00,8600,3900,190.4881,0
M0021,3157,2026-08-28,2026-08-28T22:13:23+09:00,8200,3500,191.1042,0
M0021,3157,2026-08-28,2026-08-28T23:02:02+09:00,8400,3700,191.9150,0
M0021,3157,2026-08-29,2026-08-29T10:54:15+09:00,-200,3700,191.9150,1
M0021,3157,2026-08-29,2026-08-29T11:29:35+09:00,-700,3200,192.5039,0
M0021,3157,2026-08-29,2026-08-29T12:04:02+09:00,-1500,2400,193.0781,0
M0021,3157,2026-08-29,2026-08-29T12:37:17+09:00,-2200,1700,193.6322,0
M0021,3157,2026-08-29,2026-08-29T13:08:43+09:00,-2400,1500,194.1561,0
M0021,3157,2026-08-29,2026-08-29T14:08:01+09:00,-3000,900,195.1444,0
M0021,3157,2026-08-29,2026-08-29T14:42:31+09:00,0,3900,195.7194,0
M0021,3157,2026-08-29,2026-08-29T15:28:43+09:00,-500,3400,196.4894,0
M0021,3157,2026-08-29,2026-08-29T16:05:41+09:00,-800,3100,197.1056,0
M0021,3157,2026-08-29,2026-08-29T16:38:29+09:00,-1600,2300,197.6522,0
M0021,3157,2026-08-29,2026-08-29T17:36:27+09:00,-2100,1800,198.6183,0
M0021,3157,2026-08-29,2026-08-29T18:13:47+09:00,-2000,1900,199.2406,0
M0021,3157,2026-08-29,2026-08-29T19:01:11+09:00,-1500,2400,200.0306,0
M0021,3157,2026-08-29,2026-08-29T19:38:11+09:00,-1900,2000,200.6472,0
M0021,3157,2026-08-29,2026-08-29T20:25:59+09:00,-2000,1900,201.4439,0
M0021,3157,2026-08-29,2026-08-29T21:05:49+09:00,-2800,1100,202.1078,0
M0021,3157,2026-08-29,2026-08-29T21:43:07+09:00,-3300,600,202.7294,0
M0022,3158,2026-08-11,2026-08-11T10:53:13+09:00,-200,-200,0.0000,1
M0022,3158,2026-08-11,2026-08-11T11:28:39+09:00,-800,-800,0.5906,0
M0022,3158,2026-08-11,2026-08-11T12:02:43+09:00,-1300,-1300,1.1583,0
M0022,3158,2026-08-11,2026-08-11T12:36:02+09:00,-1200,-1200,1.7136,0
M0022,3158,2026-08-11,2026-08-11T13:06:25+09:00,-1800,-1800,2.2200,0
M0022,3158,2026-08-11,2026-08-11T13:34:33+09:00,-1100,-1100,2.6889,0
M0022,3158,2026-08-11,2026-08-11T14:09:42+09:00,600,600,3.2747,0
M0022,3158,2026-08-11,2026-08-11T14:50:37+09:00,0,0,3.9567,0
M0022,3158,2026-08-11,2026-08-11T15:29:09+09:00,-400,-400,4.5989,0
M0022,3158,2026-08-11,2026-08-11T16:05:23+09:00,-100,-100,5.2028,0
M0022,3158,2026-08-11,2026-08-11T16:40:17+09:00,200,200,5.7844,0
M0022,3158,2026-08-11,2026-08-11T17:28:47+09:00,0,0,6.5928,0
M0022,3158,2026-08-11,2026-08-11T18:06:29+09:00,-100,-100,7.2211,0
M0022,3158,2026-08-11,2026-08-11T18:41:47+09:00,-1200,-1200,7.8094,0
M0022,3158,2026-08-11,2026-08-11T19:30:51+09:00,-800,-800,8.6272,0
M0022,3158,2026-08-11,2026-08-11T20:08:57+09:00,-1600,-1600,9.2622,0
M0022,3158,2026-08-11,2026-08-11T21:03:30+09:00,-2300,-2300,10.1714,0
M0022,3158,2026-08-11,2026-08-11T21:39:59+09:00,-2900,-2900,10.7794,0
M0022,3158,2026-08-11,2026-08-11T22:25:23+09:00,-2700,-2700,11.5361,0
M0022,3158,2026-08-12,2026-08-12T10:53:47+09:00,-200,-2700,11.5361,1
M0022,3158,2026-08-12,2026-08-12T11:28:45+09:00,-900,-3400,12.1189,0
M0022,3158,2026-08-12,2026-08-12T13:35:53+09:00,-1600,-4100,14.2378,0
M0022,3158,2026-08-12,2026-08-12T14:11:01+09:00,-1300,-3800,14.8233,0
M0022,3158,2026-08-12,2026-08-12T14:56:33+09:00,-2000,-4500,15.5822,0
M0022,3158,2026-08-12,2026-08-12T15:31:45+09:00,-2600,-5100,16.1689,0
M0022,3158,2026-08-12,2026-08-12T16:07:57+09:00,-2500,-5000,16.7722,0
M0022,3158,2026-08-12,2026-08-12T21:03:27+09:00,-2800,-5300,21.6972,0
M0022,3158,2026-08-12,2026-08-12T21:39:31+09:00,-2300,-4800,22.2983,0
M0022,3158,2026-08-13,2026-08-13T10:54:54+09:00,-100,-4800,22.2983,1
M0022,3158,2026-08-13,2026-08-13T11:29:13+09:00,-400,-5100,22.8703,0
M0022,3158,2026-08-13,2026-08-13T12:03:39+09:00,-900,-5600,23.4442,0
M0022,3158,2026-08-13,2026-08-13T12:36:57+09:00,-1500,-6200,23.9992,0
M0022,3158,2026-08-13,2026-08-13T13:09:39+09:00,-2600,-7300,24.5442,0
M0022,3158,2026-08-13,2026-08-13T14:00:59+09:00,-3200,-7900,25.3997,0
M0022,3158,2026-08-13,2026-08-13T14:35:09+09:00,-3100,-7800,25.9692,0
M0022,3158,2026-08-13,2026-08-13T15:11:23+09:00,-3200,-7900,26.5731,0
M0022,3158,2026-08-13,2026-08-13T15:58:27+09:00,-2900,-7600,27.3575,0
M0022,3158,2026-08-13,2026-08-13T16:33:27+09:00,-3000,-7700,27.9408,0
M0022,3158,2026-08-13,2026-08-13T17:10:25+09:00,-3500,-8200,28.5569,0
M0022,3158,2026-08-13,2026-08-13T17:59:47+09:00,-4200,-8900,29.3797,0
M0022,3158,2026-08-13,2026-08-13T19:14:33+09:00,-1100,-5800,30.6258,0
M0022,3158,2026-08-13,2026-08-13T20:02:43+09:00,-300,-5000,31.4286,0
M0022,3158,2026-08-13,2026-08-13T20:39:10+09:00,-1500,-6200,32.0361,0
M0022,3158,2026-08-13,2026-08-13T21:23:43+09:00,-1200,-5900,32.7786,0
M0022,3158,2026-08-13,2026-08-13T22:03:35+09:00,-900,-5600,33.4431,0
M0022,3158,2026-08-14,2026-08-14T10:54:41+09:00,-100,-5600,33.4431,1
M0022,3158,2026-08-14,2026-08-14T11:29:45+09:00,600,-4900,34.0275,0
M0022,3158,2026-08-14,2026-08-14T12:04:15+09:00,2000,-3500,34.6025,0
M0022,3158,2026-08-14,2026-08-14T12:37:28+09:00,2400,-3100,35.1561,0
M0022,3158,2026-08-14,2026-08-14T13:06:37+09:00,3500,-2000,35.6419,0
M0022,3158,2026-08-14,2026-08-14T13:35:02+09:00,5700,200,36.1156,0
M0022,3158,2026-08-14,2026-08-14T14:10:37+09:00,8000,2500,36.7086,0
M0022,3158,2026-08-14,2026-08-14T14:55:41+09:00,8500,3000,37.4597,0
M0022,3158,2026-08-14,2026-08-14T15:31:41+09:00,8300,2800,38.0597,0
M0022,3158,2026-08-14,2026-08-14T16:08:02+09:00,7700,2200,38.6656,0
M0022,3158,2026-08-14,2026-08-14T16:41:57+09:00,6400,900,39.2308,0
M0022,3158,2026-08-14,2026-08-14T17:30:37+09:00,7300,1800,40.0419,0
M0022,3158,2026-08-14,2026-08-14T18:07:43+09:00,8100,2600,40.6603,0
M0022,3158,2026-08-14,2026-08-14T18:43:04+09:00,8000,2500,41.2494,0
M0022,3158,2026-08-14,2026-08-14T19:31:33+09:00,7700,2200,42.0575,0
M0022,3158,2026-08-14,2026-08-14T20:09:17+09:00,8300,2800,42.6864,0
M0022,3158,2026-08-14,2026-08-14T20:55:41+09:00,7700,2200,43.4597,0
M0022,3158,2026-08-14,2026-08-14T21:33:02+09:00,7200,1700,44.0822,0
M0022,3158,2026-08-14,2026-08-14T22:11:45+09:00,6700,1200,44.7275,0
M0022,3158,2026-08-14,2026-08-14T23:00:09+09:00,7300,1800,45.5342,0
M0022,3158,2026-08-15,2026-08-15T10:54:13+09:00,-100,1800,45.5342,1
M0022,3158,2026-08-15,2026-08-15T11:29:09+09:00,-300,1600,46.1164,0
M0022,3158,2026-08-15,2026-08-15T12:03:27+09:00,-1100,800,46.6881,0
M0022,3158,2026-08-15,2026-08-15T12:36:37+09:00,-100,1800,47.2408,0
M0022,3158,2026-08-15,2026-08-15T13:08:49+09:00,2000,3900,47.7775,0
M0022,3158,2026-08-15,2026-08-15T14:36:09+09:00,1500,3400,49.2331,0
M0022,3158,2026-08-15,2026-08-15T15:11:53+09:00,2000,3900,49.8286,0
M0022,3158,2026-08-15,2026-08-15T15:58:43+09:00,1200,3100,50.6092,0
M0022,3158,2026-08-15,2026-08-15T16:34:01+09:00,2200,4100,51.1975,0
M0022,3158,2026-08-15,2026-08-15T17:11:17+09:00,3800,5700,51.8186,0
M0022,3158,2026-08-15,2026-08-15T17:58:39+09:00,3300,5200,52.6081,0
M0022,3158,2026-08-15,2026-08-15T18:35:13+09:00,5100,7000,53.2175,0
M0022,3158,2026-08-15,2026-08-15T19:12:53+09:00,5000,6900,53.8453,0
M0022,3158,2026-08-15,2026-08-15T20:01:19+09:00,4300,6200,54.6525,0
M0022,3158,2026-08-15,2026-08-15T20:38:25+09:00,3800,5700,55.2708,0
M0022,3158,2026-08-15,2026-08-15T21:25:49+09:00,3900,5800,56.0608,0
M0022,3158,2026-08-15,2026-08-15T22:04:23+09:00,3600,5500,56.7036,0
M0022,3158,2026-08-15,2026-08-15T22:41:53+09:00,2700,4600,57.3286,0
M0022,3158,2026-08-15,2026-08-15T23:30:39+09:00,3700,5600,58.1414,0
M0022,3158,2026-08-16,2026-08-16T10:53:41+09:00,-100,5600,58.1414,1
M0022,3158,2026-08-16,2026-08-16T11:28:27+09:00,700,6400,58.7208,0
M0022,3158,2026-08-16,2026-08-16T12:02:27+09:00,300,6000,59.2875,0
M0022,3158,2026-08-16,2026-08-16T12:35:49+09:00,-300,5400,59.8436,0
M0022,3158,2026-08-16,2026-08-16T13:06:49+09:00,-900,4800,60.3603,0
M0022,3158,2026-08-16,2026-08-16T13:36:19+09:00,-1500,4200,60.8519,0
M0022,3158,2026-08-16,2026-08-16T14:09:21+09:00,-2200,3500,61.4025,0
M0022,3158,2026-08-16,2026-08-16T14:51:21+09:00,-1300,4400,62.1025,0
M0022,3158,2026-08-16,2026-08-16T15:29:10+09:00,-700,5000,62.7328,0
M0022,3158,2026-08-16,2026-08-16T16:05:23+09:00,-1300,4400,63.3364,0
M0022,3158,2026-08-16,2026-08-16T16:39:55+09:00,3800,9500,63.9119,0
M0022,3158,2026-08-16,2026-08-16T17:30:17+09:00,6200,11900,64.7514,0
M0022,3158,2026-08-16,2026-08-16T18:07:35+09:00,6800,12500,65.3731,0
M0022,3158,2026-08-16,2026-08-16T18:38:25+09:00,6600,12300,65.8869,0
M0022,3158,2026-08-16,2026-08-16T19:40:19+09:00,5900,11600,66.9186,0
M0022,3158,2026-08-16,2026-08-16T20:25:39+09:00,5400,11100,67.6742,0
M0022,3158,2026-08-16,2026-08-16T21:04:51+09:00,5800,11500,68.3275,0
M0022,3158,2026-08-16,2026-08-16T21:42:13+09:00,5300,11000,68.9503,0
M0022,3158,2026-08-17,2026-08-17T10:52:31+09:00,-100,11000,68.9503,1
M0022,3158,2026-08-17,2026-08-17T11:28:29+09:00,-900,10200,69.5497,0
M0022,3158,2026-08-17,2026-08-17T12:02:23+09:00,-700,10400,70.1147,0
M0022,3158,2026-08-17,2026-08-17T12:34:35+09:00,-300,10800,70.6514,0
M0022,3158,2026-08-17,2026-08-17T15:11:21+09:00,-1300,9800,73.2642,0
M0022,3158,2026-08-17,2026-08-17T15:59:33+09:00,-1500,9600,74.0675,0
M0022,3158,2026-08-17,2026-08-17T16:33:27+09:00,-1900,9200,74.6325,0
M0022,3158,2026-08-17,2026-08-17T18:33:03+09:00,-2200,8900,76.6258,0
M0022,3158,2026-08-17,2026-08-17T19:09:23+09:00,-1700,9400,77.2314,0
M0022,3158,2026-08-17,2026-08-17T19:59:55+09:00,-2400,8700,78.0736,0
M0022,3158,2026-08-17,2026-08-17T20:35:21+09:00,-3100,8000,78.6642,0
M0022,3158,2026-08-17,2026-08-17T21:13:05+09:00,-2900,8200,79.2931,0
M0022,3158,2026-08-18,2026-08-18T10:52:51+09:00,-100,8200,79.2931,1
M0022,3158,2026-08-18,2026-08-18T11:28:45+09:00,-600,7700,79.8914,0
M0022,3158,2026-08-18,2026-08-18T12:02:47+09:00,-1200,7100,80.4586,0
M0022,3158,2026-08-18,2026-08-18T12:35:21+09:00,-200,8100,81.0014,0
M0022,3158,2026-08-18,2026-08-18T15:59:35+09:00,-900,7400,84.4053,0
M0022,3158,2026-08-18,2026-08-18T16:33:08+09:00,-1200,7100,84.9644,0
M0022,3158,2026-08-18,2026-08-18T17:08:27+09:00,-1000,7300,85.5531,0
M0022,3158,2026-08-18,2026-08-18T17:59:01+09:00,-1400,6900,86.3958,0
M0022,3158,2026-08-18,2026-08-18T18:33:31+09:00,-1200,7100,86.9708,0
M0022,3158,2026-08-18,2026-08-18T19:09:25+09:00,-1400,6900,87.5692,0
M0022,3158,2026-08-18,2026-08-18T19:59:53+09:00,-1800,6500,88.4103,0
M0022,3158,2026-08-18,2026-08-18T20:35:25+09:00,-2200,6100,89.0025,0
M0022,3158,2026-08-18,2026-08-18T21:11:41+09:00,-1300,7000,89.6069,0
M0022,3158,2026-08-19,2026-08-19T10:53:31+09:00,-200,7000,89.6069,1
M0022,3158,2026-08-19,2026-08-19T11:28:23+09:00,300,7500,90.1881,0
M0022,3158,2026-08-19,2026-08-19T12:02:25+09:00,200,7400,90.7553,0
M0022,3158,2026-08-19,2026-08-19T12:35:06+09:00,300,7500,91.3000,0
M0022,3158,2026-08-19,2026-08-19T13:06:21+09:00,1000,8200,91.8208,0
M0022,3158,2026-08-19,2026-08-19T13:35:01+09:00,300,7500,92.2986,0
M0022,3158,2026-08-19,2026-08-19T14:09:06+09:00,-500,6700,92.8667,0
M0022,3158,2026-08-19,2026-08-19T19:28:55+09:00,-1000,6200,98.1969,0
M0022,3158,2026-08-19,2026-08-19T20:05:19+09:00,-1900,5300,98.8036,0
M0022,3158,2026-08-19,2026-08-19T20:39:17+09:00,-2200,5000,99.3697,0
M0022,3158,2026-08-19,2026-08-19T21:30:39+09:00,-2300,4900,100.2258,0
M0022,3158,2026-08-20,2026-08-20T10:52:57+09:00,0,4900,100.2258,1
M0022,3158,2026-08-20,2026-08-20T11:28:53+09:00,-300,4600,100.8247,0
M0022,3158,2026-08-20,2026-08-20T12:02:37+09:00,-500,4400,101.3869,0
M0022,3158,2026-08-20,2026-08-20T12:35:01+09:00,-100,4800,101.9269,0
M0022,3158,2026-08-20,2026-08-20T13:07:39+09:00,-500,4400,102.4708,0
M0022,3158,2026-08-20,2026-08-20T15:09:59+09:00,800,5700,104.5097,0
M0022,3158,2026-08-20,2026-08-20T15:59:19+09:00,200,5100,105.3319,0
M0022,3158,2026-08-20,2026-08-20T16:32:33+09:00,500,5400,105.8858,0
M0022,3158,2026-08-20,2026-08-20T17:07:41+09:00,-100,4800,106.4714,0
M0022,3158,2026-08-20,2026-08-20T17:42:01+09:00,0,4900,107.0436,0
M0022,3158,2026-08-20,2026-08-20T18:28:21+09:00,-300,4600,107.8158,0
M0022,3158,2026-08-20,2026-08-20T19:04:37+09:00,100,5000,108.4203,0
M0022,3158,2026-08-20,2026-08-20T19:39:23+09:00,-1200,3700,108.9997,0
M0022,3158,2026-08-20,2026-08-20T20:28:35+09:00,-500,4400,109.8197,0
M0022,3158,2026-08-20,2026-08-20T21:05:21+09:00,-1100,3800,110.4325,0
M0022,3158,2026-08-20,2026-08-20T21:40:19+09:00,-1900,3000,111.0153,0
M0022,3158,2026-08-20,2026-08-20T22:30:04+09:00,-1500,3400,111.8444,0
M0022,3158,2026-08-22,2026-08-22T10:54:29+09:00,-100,3400,111.8444,1
M0022,3158,2026-08-22,2026-08-22T11:28:57+09:00,-200,3300,112.4189,0
M0022,3158,2026-08-22,2026-08-22T12:03:41+09:00,-800,2700,112.9978,0
M0022,3158,2026-08-22,2026-08-22T12:36:35+09:00,-1200,2300,113.5461,0
M0022,3158,2026-08-22,2026-08-22T13:08:43+09:00,-400,3100,114.0817,0
M0022,3158,2026-08-22,2026-08-22T14:40:51+09:00,-200,3300,115.6172,0
M0022,3158,2026-08-22,2026-08-22T15:30:07+09:00,1600,5100,116.4383,0
M0022,3158,2026-08-22,2026-08-22T16:07:19+09:00,3700,7200,117.0583,0
M0022,3158,2026-08-22,2026-08-22T16:43:29+09:00,4400,7900,117.6611,0
M0022,3158,2026-08-22,2026-08-22T17:31:13+09:00,4100,7600,118.4567,0
M0022,3158,2026-08-22,2026-08-22T18:09:45+09:00,5200,8700,119.0989,0
M0022,3158,2026-08-22,2026-08-22T18:55:39+09:00,6100,9600,119.8639,0
M0022,3158,2026-08-22,2026-08-22T19:33:07+09:00,5700,9200,120.4883,0
M0022,3158,2026-08-22,2026-08-22T20:12:13+09:00,8400,11900,121.1400,0
M0022,3158,2026-08-22,2026-08-22T21:01:31+09:00,7800,11300,121.9617,0
M0022,3158,2026-08-22,2026-08-22T21:39:25+09:00,6800,10300,122.5933,0
M0022,3158,2026-08-22,2026-08-22T22:28:43+09:00,7000,10500,123.4150,0
M0022,3158,2026-08-23,2026-08-23T10:53:53+09:00,-100,10500,123.4150,1
M0022,3158,2026-08-23,2026-08-23T11:29:03+09:00,-400,10200,124.0011,0
M0022,3158,2026-08-23,2026-08-23T12:03:35+09:00,-1000,9600,124.5767,0
M0022,3158,2026-08-23,2026-08-23T12:36:41+09:00,-500,10100,125.1283,0
M0022,3158,2026-08-23,2026-08-23T13:07:01+09:00,-600,10000,125.6339,0
M0022,3158,2026-08-23,2026-08-23T13:35:29+09:00,-1100,9500,126.1083,0
M0022,3158,2026-08-23,2026-08-23T14:10:53+09:00,-1500,9100,126.6983,0
M0022,3158,2026-08-23,2026-08-23T14:54:04+09:00,-100,10500,127.4181,0
M0022,3158,2026-08-23,2026-08-23T15:31:31+09:00,100,10700,128.0422,0
M0022,3158,2026-08-23,2026-08-23T16:08:15+09:00,-1100,9500,128.6544,0
M0022,3158,2026-08-23,2026-08-23T16:54:35+09:00,-500,10100,129.4267,0
M0022,3158,2026-08-23,2026-08-23T17:31:47+09:00,-800,9800,130.0467,0
M0022,3158,2026-08-23,2026-08-23T18:09:27+09:00,-1100,9500,130.6744,0
M0022,3158,2026-08-23,2026-08-23T18:55:58+09:00,-1300,9300,131.4497,0
M0022,3158,2026-08-23,2026-08-23T20:12:39+09:00,-300,10300,132.7278,0
M0022,3158,2026-08-24,2026-08-24T10:54:29+09:00,-100,10300,132.7278,1
M0022,3158,2026-08-24,2026-08-24T11:29:08+09:00,-400,10000,133.3053,0
M0022,3158,2026-08-24,2026-08-24T12:03:33+09:00,-200,10200,133.8789,0
M0022,3158,2026-08-24,2026-08-24T12:36:23+09:00,2000,12400,134.4261,0
M0022,3158,2026-08-24,2026-08-24T13:10:11+09:00,4000,14400,134.9894,0
M0022,3158,2026-08-24,2026-08-24T13:57:31+09:00,4300,14700,135.7783,0
M0022,3158,2026-08-24,2026-08-24T14:31:29+09:00,4000,14400,136.3444,0
M0022,3158,2026-08-24,2026-08-24T15:35:54+09:00,3700,14100,137.4181,0
M0022,3158,2026-08-24,2026-08-24T16:05:39+09:00,3900,14300,137.9139,0
M0022,3158,2026-08-24,2026-08-24T16:40:02+09:00,3500,13900,138.4869,0
M0022,3158,2026-08-24,2026-08-24T17:23:02+09:00,2700,13100,139.2036,0
M0022,3158,2026-08-24,2026-08-24T18:02:01+09:00,2200,12600,139.8533,0
M0022,3158,2026-08-24,2026-08-24T18:37:29+09:00,2300,12700,140.4444,0
M0022,3158,2026-08-24,2026-08-24T19:13:25+09:00,2600,13000,141.0433,0
M0022,3158,2026-08-24,2026-08-24T20:00:37+09:00,2100,12500,141.8300,0
M0022,3158,2026-08-24,2026-08-24T20:36:01+09:00,2000,12400,142.4200,0
M0022,3158,2026-08-24,2026-08-24T21:13:01+09:00,1900,12300,143.0367,0
M0022,3158,2026-08-25,2026-08-25T10:53:53+09:00,-200,12300,143.0367,1
M0022,3158,2026-08-25,2026-08-25T11:29:03+09:00,-100,12400,143.6228,0
M0022,3158,2026-08-25,2026-08-25T12:03:47+09:00,-400,12100,144.2017,0
M0022,3158,2026-08-25,2026-08-25T12:36:43+09:00,-1000,11500,144.7506,0
M0022,3158,2026-08-25,2026-08-25T13:06:33+09:00,-100,12400,145.2478,0
M0022,3158,2026-08-25,2026-08-25T13:34:33+09:00,-800,11700,145.7144,0
M0022,3158,2026-08-25,2026-08-25T14:09:29+09:00,900,13400,146.2967,0
M0022,3158,2026-08-25,2026-08-25T14:50:35+09:00,3600,16100,146.9817,0
M0022,3158,2026-08-25,2026-08-25T15:27:09+09:00,4500,17000,147.5911,0
M0022,3158,2026-08-25,2026-08-25T16:03:02+09:00,4000,16500,148.1892,0
M0022,3158,2026-08-25,2026-08-25T16:37:33+09:00,3600,16100,148.7644,0
M0022,3158,2026-08-25,2026-08-25T17:05:09+09:00,3100,15600,149.2244,0
M0022,3158,2026-08-25,2026-08-25T17:30:51+09:00,3400,15900,149.6528,0
M0022,3158,2026-08-25,2026-08-25T18:07:23+09:00,3600,16100,150.2617,0
M0022,3158,2026-08-25,2026-08-25T18:42:17+09:00,3100,15600,150.8433,0
M0022,3158,2026-08-25,2026-08-25T20:05:21+09:00,3200,15700,152.2278,0
M0022,3158,2026-08-25,2026-08-25T20:40:03+09:00,2100,14600,152.8061,0
M0022,3158,2026-08-25,2026-08-25T21:28:25+09:00,2900,15400,153.6122,0
M0022,3158,2026-08-25,2026-08-25T22:05:51+09:00,2600,15100,154.2361,0
M0022,3158,2026-08-26,2026-08-26T10:53:07+09:00,-100,15100,154.2361,1
M0022,3158,2026-08-26,2026-08-26T11:28:33+09:00,-700,14500,154.8267,0
M0022,3158,2026-08-26,2026-08-26T12:02:31+09:00,-200,15000,155.3928,0
M0022,3158,2026-08-26,2026-08-26T12:34:47+09:00,-400,14800,155.9306,0
M0022,3158,2026-08-26,2026-08-26T13:07:13+09:00,-500,14700,156.4711,0
M0022,3158,2026-08-26,2026-08-26T13:35:35+09:00,-900,14300,156.9439,0
M0022,3158,2026-08-26,2026-08-26T14:04:55+09:00,-1600,13600,157.4328,0
M0022,3158,2026-08-26,2026-08-26T14:37:55+09:00,-1000,14200,157.9828,0
M0022,3158,2026-08-26,2026-08-26T15:12:25+09:00,-300,14900,158.5578,0
M0022,3158,2026-08-26,2026-08-26T15:57:47+09:00,-900,14300,159.3139,0
M0022,3158,2026-08-26,2026-08-26T16:31:31+09:00,-600,14600,159.8761,0
M0022,3158,2026-08-26,2026-08-26T17:35:49+09:00,-1200,14000,160.9478,0
M0022,3158,2026-08-26,2026-08-26T18:38:31+09:00,-1800,13400,161.9928,0
M0022,3158,2026-08-26,2026-08-26T19:20:17+09:00,-2500,12700,162.6889,0
M0022,3158,2026-08-26,2026-08-26T20:01:09+09:00,-2100,13100,163.3700,0
M0022,3158,2026-08-26,2026-08-26T20:36:21+09:00,-1500,13700,163.9567,0
M0022,3158,2026-08-26,2026-08-26T21:13:13+09:00,-700,14500,164.5711,0
M0022,3158,2026-08-27,2026-08-27T10:54:19+09:00,-200,14500,164.5711,1
M0022,3158,2026-08-27,2026-08-27T11:28:53+09:00,-900,13800,165.1472,0
M0022,3158,2026-08-27,2026-08-27T12:03:19+09:00,-600,14100,165.7211,0
M0022,3158,2026-08-28,2026-08-28T10:54:45+09:00,-100,14100,165.7211,1
M0022,3158,2026-08-28,2026-08-28T11:29:35+09:00,1300,15500,166.3017,0
M0022,3158,2026-08-28,2026-08-28T12:04:21+09:00,2000,16200,166.8811,0
M0022,3158,2026-08-28,2026-08-28T12:36:55+09:00,2400,16600,167.4239,0
M0022,3158,2026-08-28,2026-08-28T13:35:41+09:00,2200,16400,168.4033,0
M0022,3158,2026-08-28,2026-08-28T14:09:41+09:00,1600,15800,168.9700,0
M0022,3158,2026-08-28,2026-08-28T14:51:34+09:00,1300,15500,169.6681,0
M0022,3158,2026-08-28,2026-08-28T15:26:59+09:00,900,15100,170.2583,0
M0022,3158,2026-08-28,2026-08-28T16:03:29+09:00,400,14600,170.8667,0
M0022,3158,2026-08-28,2026-08-28T16:38:15+09:00,1100,15300,171.4461,0
M0022,3158,2026-08-28,2026-08-28T17:29:15+09:00,500,14700,172.2961,0
M0022,3158,2026-08-28,2026-08-28T18:05:37+09:00,2000,16200,172.9022,0
M0022,3158,2026-08-28,2026-08-28T18:38:39+09:00,3100,17300,173.4528,0
M0022,3158,2026-08-28,2026-08-28T19:37:02+09:00,2600,16800,174.4258,0
M0022,3158,2026-08-28,2026-08-28T20:14:11+09:00,4500,18700,175.0450,0
M0022,3158,2026-08-28,2026-08-28T21:00:55+09:00,4300,18500,175.8239,0
M0022,3158,2026-08-28,2026-08-28T21:36:25+09:00,3500,17700,176.4156,0
M0022,3158,2026-08-28,2026-08-28T22:13:23+09:00,3100,17300,177.0317,0
M0022,3158,2026-08-29,2026-08-29T10:54:15+09:00,-200,17300,177.0317,1
M0022,3158,2026-08-29,2026-08-29T11:29:35+09:00,-600,16900,177.6206,0
M0022,3158,2026-08-29,2026-08-29T12:04:02+09:00,-900,16600,178.1947,0
M0022,3158,2026-08-29,2026-08-29T12:37:17+09:00,-1400,16100,178.7489,0
M0022,3158,2026-08-29,2026-08-29T13:08:43+09:00,-900,16600,179.2728,0
M0022,3158,2026-08-29,2026-08-29T14:08:01+09:00,-1400,16100,180.2611,0
M0022,3158,2026-08-29,2026-08-29T14:42:31+09:00,-2100,15400,180.8361,0
M0022,3158,2026-08-29,2026-08-29T15:28:43+09:00,-2500,15000,181.6061,0
M0022,3158,2026-08-29,2026-08-29T16:05:41+09:00,-2800,14700,182.2222,0
M0022,3158,2026-08-29,2026-08-29T16:38:29+09:00,-3700,13800,182.7689,0
M0022,3158,2026-08-29,2026-08-29T17:36:27+09:00,-3600,13900,183.7350,0
M0022,3158,2026-08-29,2026-08-29T18:13:47+09:00,-4100,13400,184.3572,0
M0022,3158,2026-08-29,2026-08-29T19:01:11+09:00,-4000,13500,185.1472,0
M0022,3158,2026-08-29,2026-08-29T19:38:11+09:00,-5000,12500,185.7639,0
M0022,3158,2026-08-29,2026-08-29T20:25:59+09:00,-5400,12100,186.5606,0
M0022,3158,2026-08-29,2026-08-29T21:05:49+09:00,-5600,11900,187.2244,0
M0022,3158,2026-08-29,2026-08-29T21:43:07+09:00,-5200,12300,187.8461,0
M0022,3158,2026-08-29,2026-08-29T22:32:31+09:00,-5500,12000,188.6694,0
M0022,3158,2026-08-29,2026-08-29T23:11:51+09:00,-5600,11900,189.3250,0
M0023,3159,2026-08-11,2026-08-11T10:53:13+09:00,-200,-200,0.0000,1
M0023,3159,2026-08-11,2026-08-11T11:28:39+09:00,-800,-800,0.5906,0
M0023,3159,2026-08-11,2026-08-11T12:02:43+09:00,-1300,-1300,1.1583,0
M0023,3159,2026-08-11,2026-08-11T12:36:02+09:00,-1800,-1800,1.7136,0
M0023,3159,2026-08-11,2026-08-11T13:06:25+09:00,-2300,-2300,2.2200,0
M0023,3159,2026-08-11,2026-08-11T14:09:42+09:00,-1800,-1800,3.2747,0
M0023,3159,2026-08-11,2026-08-11T14:50:37+09:00,-2400,-2400,3.9567,0
M0023,3159,2026-08-11,2026-08-11T15:29:09+09:00,-2700,-2700,4.5989,0
M0023,3159,2026-08-11,2026-08-11T16:05:23+09:00,-3300,-3300,5.2028,0
M0023,3159,2026-08-11,2026-08-11T16:40:17+09:00,-2800,-2800,5.7844,0
M0023,3159,2026-08-11,2026-08-11T17:28:47+09:00,-1400,-1400,6.5928,0
M0023,3159,2026-08-11,2026-08-11T18:06:29+09:00,300,300,7.2211,0
M0023,3159,2026-08-11,2026-08-11T18:41:47+09:00,2900,2900,7.8094,0
M0023,3159,2026-08-11,2026-08-11T19:30:51+09:00,3200,3200,8.6272,0
M0023,3159,2026-08-11,2026-08-11T20:08:57+09:00,2600,2600,9.2622,0
M0023,3159,2026-08-11,2026-08-11T21:03:30+09:00,2100,2100,10.1714,0
M0023,3159,2026-08-12,2026-08-12T10:53:47+09:00,0,2100,10.1714,1
M0023,3159,2026-08-12,2026-08-12T12:02:51+09:00,-200,1900,11.3225,0
M0023,3159,2026-08-12,2026-08-12T12:36:01+09:00,-900,1200,11.8753,0
M0023,3159,2026-08-12,2026-08-12T13:06:31+09:00,-1600,500,12.3836,0
M0023,3159,2026-08-12,2026-08-12T13:35:53+09:00,-1100,1000,12.8731,0
M0023,3159,2026-08-12,2026-08-12T14:11:01+09:00,-800,1300,13.4586,0
M0023,3159,2026-08-12,2026-08-12T16:35:17+09:00,-1000,1100,15.8631,0
M0023,3159,2026-08-12,2026-08-12T17:01:31+09:00,-1400,700,16.3003,0
M0023,3159,2026-08-12,2026-08-12T17:36:51+09:00,-1900,200,16.8892,0
M0023,3159,2026-08-12,2026-08-12T18:14:03+09:00,-1700,400,17.5092,0
M0023,3159,2026-08-12,2026-08-12T19:01:02+09:00,-1900,200,18.2922,0
M0023,3159,2026-08-12,2026-08-12T19:36:51+09:00,-2200,-100,18.8892,0
M0023,3159,2026-08-12,2026-08-12T20:14:43+09:00,-1700,400,19.5203,0
M0023,3159,2026-08-12,2026-08-12T21:03:27+09:00,800,2900,20.3325,0
M0023,3159,2026-08-12,2026-08-12T21:39:31+09:00,4000,6100,20.9336,0
M0023,3159,2026-08-13,2026-08-13T10:54:54+09:00,-100,6100,20.9336,1
M0023,3159,2026-08-13,2026-08-13T11:29:13+09:00,-500,5700,21.5056,0
M0023,3159,2026-08-13,2026-08-13T12:03:39+09:00,-1100,5100,22.0794,0
M0023,3159,2026-08-13,2026-08-13T12:36:57+09:00,-1800,4400,22.6344,0
M0023,3159,2026-08-13,2026-08-13T13:09:39+09:00,-2100,4100,23.1794,0
M0023,3159,2026-08-13,2026-08-13T14:00:59+09:00,-1500,4700,24.0350,0
M0023,3159,2026-08-13,2026-08-13T14:35:09+09:00,-1600,4600,24.6044,0
M0023,3159,2026-08-13,2026-08-13T15:11:23+09:00,-1900,4300,25.2083,0
M0023,3159,2026-08-13,2026-08-13T15:58:27+09:00,-2600,3600,25.9928,0
M0023,3159,2026-08-13,2026-08-13T16:33:27+09:00,-3100,3100,26.5761,0
M0023,3159,2026-08-13,2026-08-13T17:10:25+09:00,-3600,2600,27.1922,0
M0023,3159,2026-08-13,2026-08-13T19:14:33+09:00,-4500,1700,29.2611,0
M0023,3159,2026-08-13,2026-08-13T20:02:43+09:00,-3800,2400,30.0639,0
M0023,3159,2026-08-13,2026-08-13T20:39:10+09:00,-4500,1700,30.6714,0
M0023,3159,2026-08-13,2026-08-13T21:23:43+09:00,-4600,1600,31.4139,0
M0023,3159,2026-08-13,2026-08-13T22:03:35+09:00,-4800,1400,32.0783,0
M0023,3159,2026-08-13,2026-08-13T22:40:21+09:00,-5300,900,32.6911,0
M0023,3159,2026-08-14,2026-08-14T10:54:41+09:00,0,900,32.6911,1
M0023,3159,2026-08-14,2026-08-14T11:29:45+09:00,-700,200,33.2756,0
M0023,3159,2026-08-14,2026-08-14T12:04:15+09:00,-1300,-400,33.8506,0
M0023,3159,2026-08-14,2026-08-14T12:37:28+09:00,-1100,-200,34.4042,0
M0023,3159,2026-08-14,2026-08-14T13:06:37+09:00,-1500,-600,34.8900,0
M0023,3159,2026-08-14,2026-08-14T13:35:02+09:00,-800,100,35.3636,0
M0023,3159,2026-08-14,2026-08-14T14:10:37+09:00,100,1000,35.9567,0
M0023,3159,2026-08-14,2026-08-14T14:55:41+09:00,1600,2500,36.7078,0
M0023,3159,2026-08-14,2026-08-14T15:31:41+09:00,2400,3300,37.3078,0
M0023,3159,2026-08-14,2026-08-14T16:08:02+09:00,4600,5500,37.9136,0
M0023,3159,2026-08-14,2026-08-14T16:41:57+09:00,6100,7000,38.4789,0
M0023,3159,2026-08-14,2026-08-14T17:30:37+09:00,5800,6700,39.2900,0
M0023,3159,2026-08-14,2026-08-14T18:07:43+09:00,5200,6100,39.9083,0
M0023,3159,2026-08-14,2026-08-14T18:43:04+09:00,6900,7800,40.4975,0
M0023,3159,2026-08-14,2026-08-14T19:31:33+09:00,6400,7300,41.3056,0
M0023,3159,2026-08-14,2026-08-14T20:09:17+09:00,6600,7500,41.9344,0
M0023,3159,2026-08-14,2026-08-14T20:55:41+09:00,5900,6800,42.7078,0
M0023,3159,2026-08-14,2026-08-14T21:33:02+09:00,5300,6200,43.3303,0
M0023,3159,2026-08-14,2026-08-14T22:11:45+09:00,6400,7300,43.9756,0
M0023,3159,2026-08-14,2026-08-14T23:00:09+09:00,5800,6700,44.7822,0
M0023,3159,2026-08-15,2026-08-15T10:54:13+09:00,-100,6700,44.7822,1
M0023,3159,2026-08-15,2026-08-15T11:29:09+09:00,-300,6500,45.3644,0
M0023,3159,2026-08-15,2026-08-15T12:03:27+09:00,2100,8900,45.9361,0
M0023,3159,2026-08-15,2026-08-15T12:36:37+09:00,4500,11300,46.4889,0
M0023,3159,2026-08-15,2026-08-15T13:08:49+09:00,6000,12800,47.0256,0
M0023,3159,2026-08-15,2026-08-15T14:01:55+09:00,6100,12900,47.9106,0
M0023,3159,2026-08-15,2026-08-15T14:36:09+09:00,6000,12800,48.4811,0
M0023,3159,2026-08-15,2026-08-15T15:11:53+09:00,5700,12500,49.0767,0
M0023,3159,2026-08-15,2026-08-15T15:58:43+09:00,7700,14500,49.8572,0
M0023,3159,2026-08-15,2026-08-15T16:34:01+09:00,9600,16400,50.4456,0
M0023,3159,2026-08-15,2026-08-15T17:11:17+09:00,10600,17400,51.0667,0
M0023,3159,2026-08-15,2026-08-15T17:58:39+09:00,10900,17700,51.8561,0
M0023,3159,2026-08-15,2026-08-15T18:35:13+09:00,10200,17000,52.4656,0
M0023,3159,2026-08-15,2026-08-15T19:12:53+09:00,9900,16700,53.0933,0
M0023,3159,2026-08-15,2026-08-15T20:01:19+09:00,9300,16100,53.9006,0
M0023,3159,2026-08-15,2026-08-15T20:38:25+09:00,8300,15100,54.5189,0
M0023,3159,2026-08-15,2026-08-15T21:25:49+09:00,9200,16000,55.3089,0
M0023,3159,2026-08-15,2026-08-15T22:41:53+09:00,10000,16800,56.5767,0
M0023,3159,2026-08-15,2026-08-15T23:30:39+09:00,12400,19200,57.3894,0
M0023,3159,2026-08-16,2026-08-16T10:53:41+09:00,-100,19200,57.3894,1
M0023,3159,2026-08-16,2026-08-16T11:28:27+09:00,300,19600,57.9689,0
M0023,3159,2026-08-16,2026-08-16T12:02:27+09:00,-400,18900,58.5356,0
M0023,3159,2026-08-16,2026-08-16T12:35:49+09:00,-900,18400,59.0917,0
M0023,3159,2026-08-16,2026-08-16T13:06:49+09:00,-700,18600,59.6083,0
M0023,3159,2026-08-16,2026-08-16T13:36:19+09:00,-1200,18100,60.1000,0
M0023,3159,2026-08-16,2026-08-16T14:09:21+09:00,-1400,17900,60.6506,0
M0023,3159,2026-08-16,2026-08-16T14:51:21+09:00,-600,18700,61.3506,0
M0023,3159,2026-08-16,2026-08-16T15:29:10+09:00,-1100,18200,61.9808,0
M0023,3159,2026-08-16,2026-08-16T16:05:23+09:00,100,19400,62.5844,0
M0023,3159,2026-08-16,2026-08-16T16:39:55+09:00,3200,22500,63.1600,0
M0023,3159,2026-08-16,2026-08-16T17:30:17+09:00,2700,22000,63.9994,0
M0023,3159,2026-08-16,2026-08-16T18:07:35+09:00,2200,21500,64.6211,0
M0023,3159,2026-08-16,2026-08-16T18:38:25+09:00,1900,21200,65.1350,0
M0023,3159,2026-08-16,2026-08-16T19:40:19+09:00,1100,20400,66.1667,0
M0023,3159,2026-08-16,2026-08-16T20:25:39+09:00,1300,20600,66.9222,0
M0023,3159,2026-08-16,2026-08-16T21:04:51+09:00,500,19800,67.5756,0
M0023,3159,2026-08-16,2026-08-16T21:42:13+09:00,600,19900,68.1983,0
M0023,3159,2026-08-17,2026-08-17T10:52:31+09:00,0,19900,68.1983,1
M0023,3159,2026-08-17,2026-08-17T11:28:29+09:00,100,20000,68.7978,0
M0023,3159,2026-08-17,2026-08-17T12:02:23+09:00,0,19900,69.3628,0
M0023,3159,2026-08-17,2026-08-17T12:34:35+09:00,-200,19700,69.8994,0
M0023,3159,2026-08-17,2026-08-17T13:07:15+09:00,-900,19000,70.4439,0
M0023,3159,2026-08-17,2026-08-17T13:35:21+09:00,-1300,18600,70.9122,0
M0023,3159,2026-08-17,2026-08-17T14:03:11+09:00,-500,19400,71.3761,0
M0023,3159,2026-08-17,2026-08-17T17:09:07+09:00,-600,19300,74.4750,0
M0023,3159,2026-08-17,2026-08-17T17:58:27+09:00,-1200,18700,75.2972,0
M0023,3159,2026-08-17,2026-08-17T18:33:03+09:00,-1900,18000,75.8739,0
M0023,3159,2026-08-17,2026-08-17T19:09:23+09:00,-900,19000,76.4794,0
M0023,3159,2026-08-17,2026-08-17T21:13:05+09:00,-1200,18700,78.5411,0
M0023,3159,2026-08-17,2026-08-17T21:59:13+09:00,-1900,18000,79.3100,0
M0023,3159,2026-08-17,2026-08-17T22:34:49+09:00,-2200,17700,79.9033,0
M0023,3159,2026-08-17,2026-08-17T23:11:50+09:00,-2000,17900,80.5203,0
M0023,3159,2026-08-18,2026-08-18T10:52:51+09:00,-200,17900,80.5203,1
M0023,3159,2026-08-18,2026-08-18T11:28:45+09:00,-900,17200,81.1186,0
M0023,3159,2026-08-18,2026-08-18T12:02:47+09:00,-500,17600,81.6858,0
M0023,3159,2026-08-18,2026-08-18T12:35:21+09:00,-1100,17000,82.2286,0
M0023,3159,2026-08-18,2026-08-18T13:07:37+09:00,-1300,16800,82.7664,0
M0023,3159,2026-08-18,2026-08-18T14:04:28+09:00,-1700,16400,83.7139,0
M0023,3159,2026-08-18,2026-08-18T14:37:28+09:00,-1200,16900,84.2639,0
M0023,3159,2026-08-18,2026-08-18T15:11:53+09:00,1400,19500,84.8375,0
M0023,3159,2026-08-18,2026-08-18T16:33:08+09:00,3600,21700,86.1917,0
M0023,3159,2026-08-18,2026-08-18T17:08:27+09:00,3700,21800,86.7803,0
M0023,3159,2026-08-18,2026-08-18T17:59:01+09:00,3100,21200,87.6231,0
M0023,3159,2026-08-18,2026-08-18T18:33:31+09:00,2700,20800,88.1981,0
M0023,3159,2026-08-18,2026-08-18T19:09:25+09:00,4500,22600,88.7964,0
M0023,3159,2026-08-18,2026-08-18T19:59:53+09:00,5100,23200,89.6375,0
M0023,3159,2026-08-18,2026-08-18T21:11:41+09:00,4700,22800,90.8342,0
M0023,3159,2026-08-18,2026-08-18T21:57:39+09:00,5100,23200,91.6003,0
M0023,3159,2026-08-18,2026-08-18T22:33:27+09:00,4800,22900,92.1969,0
M0023,3159,2026-08-19,2026-08-19T10:53:31+09:00,0,22900,92.1969,1
M0023,3159,2026-08-19,2026-08-19T17:06:11+09:00,-100,22800,98.4081,0
M0023,3159,2026-08-19,2026-08-19T17:32:35+09:00,0,22900,98.8481,0
M0023,3159,2026-08-19,2026-08-19T18:08:43+09:00,-800,22100,99.4503,0
M0023,3159,2026-08-19,2026-08-19T19:28:55+09:00,-1200,21700,100.7869,0
M0023,3159,2026-08-19,2026-08-19T20:05:19+09:00,-500,22400,101.3936,0
M0023,3159,2026-08-19,2026-08-19T20:39:17+09:00,-400,22500,101.9597,0
M0023,3159,2026-08-20,2026-08-20T10:52:57+09:00,0,22500,101.9597,1
M0023,3159,2026-08-20,2026-08-20T13:36:17+09:00,-100,22400,104.6819,0
M0023,3159,2026-08-20,2026-08-20T14:02:59+09:00,-800,21700,105.1269,0
M0023,3159,2026-08-20,2026-08-20T14:35:37+09:00,-1100,21400,105.6708,0
M0023,3159,2026-08-20,2026-08-20T15:09:59+09:00,-800,21700,106.2436,0
M0023,3159,2026-08-20,2026-08-20T21:05:21+09:00,-1100,21400,112.1664,0
M0023,3159,2026-08-20,2026-08-20T21:40:19+09:00,-1800,20700,112.7492,0
M0023,3159,2026-08-22,2026-08-22T10:54:29+09:00,0,20700,112.7492,1
M0023,3159,2026-08-22,2026-08-22T11:28:57+09:00,-700,20000,113.3236,0
M0023,3159,2026-08-22,2026-08-22T12:03:41+09:00,-1400,19300,113.9025,0
M0023,3159,2026-08-22,2026-08-22T12:36:35+09:00,-1900,18800,114.4508,0
M0023,3159,2026-08-22,2026-08-22T13:08:43+09:00,-2600,18100,114.9864,0
M0023,3159,2026-08-22,2026-08-22T14:05:49+09:00,-3100,17600,115.9381,0
M0023,3159,2026-08-22,2026-08-22T14:40:51+09:00,-600,20100,116.5219,0
M0023,3159,2026-08-22,2026-08-22T15:30:07+09:00,-1200,19500,117.3431,0
M0023,3159,2026-08-22,2026-08-22T16:07:19+09:00,500,21200,117.9631,0
M0023,3159,2026-08-22,2026-08-22T16:43:29+09:00,700,21400,118.5658,0
M0023,3159,2026-08-22,2026-08-22T17:31:13+09:00,900,21600,119.3614,0
M0023,3159,2026-08-22,2026-08-22T18:09:45+09:00,400,21100,120.0036,0
M0023,3159,2026-08-22,2026-08-22T18:55:39+09:00,500,21200,120.7686,0
M0023,3159,2026-08-22,2026-08-22T19:33:07+09:00,100,20800,121.3931,0
M0023,3159,2026-08-22,2026-08-22T20:12:13+09:00,-900,19800,122.0447,0
M0023,3159,2026-08-22,2026-08-22T21:01:31+09:00,-1400,19300,122.8664,0
M0023,3159,2026-08-22,2026-08-22T21:39:25+09:00,-2600,18100,123.4981,0
M0023,3159,2026-08-23,2026-08-23T10:53:53+09:00,-200,18100,123.4981,1
M0023,3159,2026-08-23,2026-08-23T11:29:03+09:00,0,18300,124.0842,0
M0023,3159,2026-08-23,2026-08-23T12:03:35+09:00,500,18800,124.6597,0
M0023,3159,2026-08-23,2026-08-23T12:36:41+09:00,100,18400,125.2114,0
M0023,3159,2026-08-23,2026-08-23T13:07:01+09:00,-600,17700,125.7169,0
M0023,3159,2026-08-23,2026-08-23T13:35:29+09:00,-800,17500,126.1914,0
M0023,3159,2026-08-23,2026-08-23T14:10:53+09:00,700,19000,126.7814,0
M0023,3159,2026-08-23,2026-08-23T14:54:04+09:00,1400,19700,127.5011,0
M0023,3159,2026-08-23,2026-08-23T15:31:31+09:00,800,19100,128.1253,0
M0023,3159,2026-08-23,2026-08-23T16:08:15+09:00,600,18900,128.7375,0
M0023,3159,2026-08-23,2026-08-23T16:54:35+09:00,300,18600,129.5097,0
M0023,3159,2026-08-23,2026-08-23T17:31:47+09:00,-500,17800,130.1297,0
M0023,3159,2026-08-23,2026-08-23T18:09:27+09:00,-700,17600,130.7575,0
M0023,3159,2026-08-23,2026-08-23T18:55:58+09:00,-1200,17100,131.5328,0
M0023,3159,2026-08-23,2026-08-23T19:33:57+09:00,500,18800,132.1658,0
M0023,3159,2026-08-23,2026-08-23T20:12:39+09:00,800,19100,132.8108,0
M0023,3159,2026-08-23,2026-08-23T21:01:31+09:00,1200,19500,133.6253,0
M0023,3159,2026-08-24,2026-08-24T10:54:29+09:00,-100,19500,133.6253,1
M0023,3159,2026-08-24,2026-08-24T11:29:08+09:00,-700,18900,134.2028,0
M0023,3159,2026-08-24,2026-08-24T12:03:33+09:00,-200,19400,134.7764,0
M0023,3159,2026-08-24,2026-08-24T12:36:23+09:00,-900,18700,135.3236,0
M0023,3159,2026-08-24,2026-08-24T13:10:11+09:00,-300,19300,135.8869,0
M0023,3159,2026-08-24,2026-08-24T13:57:31+09:00,-800,18800,136.6758,0
M0023,3159,2026-08-24,2026-08-24T14:31:29+09:00,-1400,18200,137.2419,0
M0023,3159,2026-08-24,2026-08-24T15:06:59+09:00,-1300,18300,137.8336,0
M0023,3159,2026-08-24,2026-08-24T15:35:54+09:00,-1200,18400,138.3156,0
M0023,3159,2026-08-24,2026-08-24T16:05:39+09:00,-600,19000,138.8114,0
M0023,3159,2026-08-24,2026-08-24T16:40:02+09:00,-300,19300,139.3844,0
M0023,3159,2026-08-24,2026-08-24T17:23:02+09:00,200,19800,140.1011,0
M0023,3159,2026-08-24,2026-08-24T18:02:01+09:00,-200,19400,140.7508,0
M0023,3159,2026-08-24,2026-08-24T18:37:29+09:00,-600,19000,141.3419,0
M0023,3159,2026-08-24,2026-08-24T19:13:25+09:00,-500,19100,141.9408,0
M0023,3159,2026-08-24,2026-08-24T20:00:37+09:00,-300,19300,142.7275,0
M0023,3159,2026-08-24,2026-08-24T20:36:01+09:00,-800,18800,143.3175,0
M0023,3159,2026-08-24,2026-08-24T21:13:01+09:00,2000,21600,143.9342,0
M0023,3159,2026-08-24,2026-08-24T21:58:51+09:00,3200,22800,144.6981,0
M0023,3159,2026-08-25,2026-08-25T10:53:53+09:00,-100,22800,144.6981,1
M0023,3159,2026-08-25,2026-08-25T11:29:03+09:00,-700,22200,145.2842,0
M0023,3159,2026-08-25,2026-08-25T12:03:47+09:00,100,23000,145.8631,0
M0023,3159,2026-08-25,2026-08-25T16:37:33+09:00,0,22900,150.4258,0
M0023,3159,2026-08-25,2026-08-25T18:07:23+09:00,-200,22700,151.9231,0
M0023,3159,2026-08-25,2026-08-25T18:42:17+09:00,1900,24800,152.5047,0
M0023,3159,2026-08-25,2026-08-25T19:28:31+09:00,3700,26600,153.2753,0
M0023,3159,2026-08-25,2026-08-25T20:05:21+09:00,3400,26300,153.8892,0
M0023,3159,2026-08-25,2026-08-25T20:40:03+09:00,3100,26000,154.4675,0
M0023,3159,2026-08-25,2026-08-25T21:28:25+09:00,3900,26800,155.2736,0
M0023,3159,2026-08-25,2026-08-25T22:05:51+09:00,4600,27500,155.8975,0
M0023,3159,2026-08-25,2026-08-25T22:39:15+09:00,3600,26500,156.4542,0
M0023,3159,2026-08-25,2026-08-25T23:34:49+09:00,3500,26400,157.3803,0
M0023,3159,2026-08-26,2026-08-26T10:53:07+09:00,0,26400,157.3803,1
M0023,3159,2026-08-26,2026-08-26T12:34:47+09:00,-200,26200,159.0747,0
M0023,3159,2026-08-26,2026-08-26T13:07:13+09:00,100,26500,159.6153,0
M0023,3159,2026-08-26,2026-08-26T14:37:55+09:00,-500,25900,161.1269,0
M0023,3159,2026-08-26,2026-08-26T15:12:25+09:00,-700,25700,161.7019,0
M0023,3159,2026-08-26,2026-08-26T18:38:31+09:00,200,26600,165.1369,0
M0023,3159,2026-08-26,2026-08-26T19:20:17+09:00,-300,26100,165.8331,0
M0023,3159,2026-08-26,2026-08-26T20:01:09+09:00,200,26600,166.5142,0
M0023,3159,2026-08-26,2026-08-26T20:36:21+09:00,-400,26000,167.1008,0
M0023,3159,2026-08-26,2026-08-26T21:13:13+09:00,-500,25900,167.7153,0
M0023,3159,2026-08-26,2026-08-26T22:00:53+09:00,-900,25500,168.5097,0
M0023,3159,2026-08-27,2026-08-27T10:54:19+09:00,0,25500,168.5097,1
M0023,3159,2026-08-27,2026-08-27T12:03:19+09:00,-300,25200,169.6597,0
M0023,3159,2026-08-27,2026-08-27T12:36:15+09:00,-1000,24500,170.2086,0
M0023,3159,2026-08-27,2026-08-27T13:07:43+09:00,-1100,24400,170.7331,0
M0023,3159,2026-08-27,2026-08-27T13:35:23+09:00,-1400,24100,171.1942,0
M0023,3159,2026-08-27,2026-08-27T14:07:15+09:00,-1900,23600,171.7253,0
M0023,3159,2026-08-27,2026-08-27T14:41:06+09:00,-1600,23900,172.2894,0
M0023,3159,2026-08-27,2026-08-27T17:33:23+09:00,-1900,23600,175.1608,0
M0023,3159,2026-08-27,2026-08-27T18:09:51+09:00,-2100,23400,175.7686,0
M0023,3159,2026-08-27,2026-08-27T18:53:03+09:00,-1400,24100,176.4886,0
M0023,3159,2026-08-27,2026-08-27T20:44:41+09:00,-1900,23600,178.3492,0
M0023,3159,2026-08-27,2026-08-27T21:32:59+09:00,-2200,23300,179.1542,0
M0023,3159,2026-08-27,2026-08-27T22:09:51+09:00,-2300,23200,179.7686,0
M0023,3159,2026-08-28,2026-08-28T10:54:45+09:00,100,23200,179.7686,1
M0023,3159,2026-08-28,2026-08-28T11:29:35+09:00,-300,22800,180.3492,0
M0023,3159,2026-08-28,2026-08-28T12:04:21+09:00,-500,22600,180.9286,0
M0023,3159,2026-08-28,2026-08-28T12:36:55+09:00,-800,22300,181.4714,0
M0023,3159,2026-08-28,2026-08-28T14:09:41+09:00,-700,22400,183.0175,0
M0023,3159,2026-08-28,2026-08-28T14:51:34+09:00,-500,22600,183.7156,0
M0023,3159,2026-08-28,2026-08-28T15:26:59+09:00,-800,22300,184.3058,0
M0023,3159,2026-08-28,2026-08-28T16:03:29+09:00,-1300,21800,184.9142,0
M0023,3159,2026-08-28,2026-08-28T18:38:39+09:00,-1200,21900,187.5003,0
M0023,3159,2026-08-28,2026-08-28T19:37:02+09:00,-1700,21400,188.4733,0
M0023,3159,2026-08-28,2026-08-28T20:14:11+09:00,-2900,20200,189.0925,0
M0023,3159,2026-08-28,2026-08-28T21:00:55+09:00,-3100,20000,189.8714,0
M0023,3159,2026-08-28,2026-08-28T21:36:25+09:00,-3500,19600,190.4631,0
M0023,3159,2026-08-28,2026-08-28T22:13:23+09:00,-4700,18400,191.0792,0
M0023,3159,2026-08-28,2026-08-28T23:02:02+09:00,-4800,18300,191.8900,0
M0023,3159,2026-08-29,2026-08-29T10:54:15+09:00,-200,18300,191.8900,1
M0023,3159,2026-08-29,2026-08-29T11:29:35+09:00,-800,17700,192.4789,0
M0023,3159,2026-08-29,2026-08-29T12:04:02+09:00,-400,18100,193.0531,0
M0023,3159,2026-08-29,2026-08-29T12:37:17+09:00,-1000,17500,193.6072,0
M0023,3159,2026-08-29,2026-08-29T13:08:43+09:00,-1500,17000,194.1311,0
M0023,3159,2026-08-29,2026-08-29T14:08:01+09:00,-1800,16700,195.1194,0
M0023,3159,2026-08-29,2026-08-29T15:28:43+09:00,-1500,17000,196.4644,0
M0023,3159,2026-08-29,2026-08-29T16:05:41+09:00,-1900,16600,197.0806,0
M0023,3159,2026-08-29,2026-08-29T16:38:29+09:00,-1300,17200,197.6272,0
M0023,3159,2026-08-29,2026-08-29T17:36:27+09:00,600,19100,198.5933,0
M0023,3159,2026-08-29,2026-08-29T18:13:47+09:00,1700,20200,199.2156,0
M0023,3159,2026-08-29,2026-08-29T19:01:11+09:00,1900,20400,200.0056,0
M0023,3159,2026-08-29,2026-08-29T21:05:49+09:00,1100,19600,202.0828,0
M0023,3159,2026-08-29,2026-08-29T21:43:07+09:00,900,19400,202.7044,0
M0023,3159,2026-08-29,2026-08-29T22:32:31+09:00,1400,19900,203.5278,0
M0024,3160,2026-08-11,2026-08-11T10:53:13+09:00,200,200,0.0000,1
M0024,3160,2026-08-11,2026-08-11T11:28:39+09:00,-200,-200,0.5906,0
M0024,3160,2026-08-11,2026-08-11T12:02:43+09:00,2200,2200,1.1583,0
M0024,3160,2026-08-11,2026-08-11T12:36:02+09:00,5000,5000,1.7136,0
M0024,3160,2026-08-11,2026-08-11T13:06:25+09:00,4600,4600,2.2200,0
M0024,3160,2026-08-11,2026-08-11T13:34:33+09:00,4400,4400,2.6889,0
M0024,3160,2026-08-11,2026-08-11T14:09:42+09:00,3700,3700,3.2747,0
M0024,3160,2026-08-11,2026-08-11T16:05:23+09:00,3100,3100,5.2028,0
M0024,3160,2026-08-11,2026-08-11T16:40:17+09:00,3200,3200,5.7844,0
M0024,3160,2026-08-11,2026-08-11T17:28:47+09:00,5800,5800,6.5928,0
M0024,3160,2026-08-11,2026-08-11T18:06:29+09:00,5100,5100,7.2211,0
M0024,3160,2026-08-11,2026-08-11T18:41:47+09:00,5600,5600,7.8094,0
M0024,3160,2026-08-11,2026-08-11T19:30:51+09:00,5900,5900,8.6272,0
M0024,3160,2026-08-11,2026-08-11T20:08:57+09:00,5300,5300,9.2622,0
M0024,3160,2026-08-11,2026-08-11T21:39:59+09:00,5200,5200,10.7794,0
M0024,3160,2026-08-11,2026-08-11T22:25:23+09:00,5600,5600,11.5361,0
M0024,3160,2026-08-12,2026-08-12T10:53:47+09:00,0,5600,11.5361,1
M0024,3160,2026-08-12,2026-08-12T13:06:31+09:00,-100,5500,13.7483,0
M0024,3160,2026-08-12,2026-08-12T13:35:53+09:00,0,5600,14.2378,0
M0024,3160,2026-08-12,2026-08-12T14:11:01+09:00,1600,7200,14.8233,0
M0024,3160,2026-08-12,2026-08-12T14:56:33+09:00,1400,7000,15.5822,0
M0024,3160,2026-08-12,2026-08-12T15:31:45+09:00,1000,6600,16.1689,0
M0024,3160,2026-08-13,2026-08-13T10:54:54+09:00,-100,6600,16.1689,1
M0024,3160,2026-08-13,2026-08-13T11:29:13+09:00,-500,6200,16.7408,0
M0024,3160,2026-08-13,2026-08-13T12:03:39+09:00,1100,7800,17.3147,0
M0024,3160,2026-08-13,2026-08-13T12:36:57+09:00,900,7600,17.8697,0
M0024,3160,2026-08-13,2026-08-13T13:09:39+09:00,800,7500,18.4147,0
M0024,3160,2026-08-13,2026-08-13T14:00:59+09:00,100,6800,19.2703,0
M0024,3160,2026-08-13,2026-08-13T14:35:09+09:00,-200,6500,19.8397,0
M0024,3160,2026-08-13,2026-08-13T15:11:23+09:00,400,7100,20.4436,0
M0024,3160,2026-08-13,2026-08-13T15:58:27+09:00,600,7300,21.2281,0
M0024,3160,2026-08-13,2026-08-13T16:33:27+09:00,3300,10000,21.8114,0
M0024,3160,2026-08-13,2026-08-13T17:10:25+09:00,3900,10600,22.4275,0
M0024,3160,2026-08-13,2026-08-13T17:59:47+09:00,5000,11700,23.2503,0
M0024,3160,2026-08-13,2026-08-13T18:36:04+09:00,5500,12200,23.8550,0
M0024,3160,2026-08-13,2026-08-13T19:14:33+09:00,5400,12100,24.4964,0
M0024,3160,2026-08-13,2026-08-13T20:02:43+09:00,5900,12600,25.2992,0
M0024,3160,2026-08-13,2026-08-13T20:39:10+09:00,6600,13300,25.9067,0
M0024,3160,2026-08-13,2026-08-13T21:23:43+09:00,5900,12600,26.6492,0
M0024,3160,2026-08-13,2026-08-13T22:03:35+09:00,5300,12000,27.3136,0
M0024,3160,2026-08-13,2026-08-13T22:40:21+09:00,5000,11700,27.9264,0
M0024,3160,2026-08-14,2026-08-14T10:54:41+09:00,-100,11700,27.9264,1
M0024,3160,2026-08-14,2026-08-14T11:29:45+09:00,-400,11400,28.5108,0
M0024,3160,2026-08-14,2026-08-14T12:04:15+09:00,-800,11000,29.0858,0
M0024,3160,2026-08-14,2026-08-14T12:37:28+09:00,-1000,10800,29.6394,0
M0024,3160,2026-08-14,2026-08-14T13:06:37+09:00,-1400,10400,30.1253,0
M0024,3160,2026-08-14,2026-08-14T13:35:02+09:00,-2000,9800,30.5989,0
M0024,3160,2026-08-14,2026-08-14T14:10:37+09:00,2400,14200,31.1919,0
M0024,3160,2026-08-14,2026-08-14T14:55:41+09:00,3000,14800,31.9431,0
M0024,3160,2026-08-14,2026-08-14T15:31:41+09:00,2700,14500,32.5431,0
M0024,3160,2026-08-14,2026-08-14T16:08:02+09:00,2500,14300,33.1489,0
M0024,3160,2026-08-14,2026-08-14T16:41:57+09:00,1600,13400,33.7142,0
M0024,3160,2026-08-14,2026-08-14T17:30:37+09:00,1000,12800,34.5253,0
M0024,3160,2026-08-14,2026-08-14T18:07:43+09:00,400,12200,35.1436,0
M0024,3160,2026-08-14,2026-08-14T18:43:04+09:00,-600,11200,35.7328,0
M0024,3160,2026-08-14,2026-08-14T19:31:33+09:00,-1300,10500,36.5408,0
M0024,3160,2026-08-14,2026-08-14T20:55:41+09:00,-1800,10000,37.9431,0
M0024,3160,2026-08-14,2026-08-14T21:33:02+09:00,-2300,9500,38.5656,0
M0024,3160,2026-08-14,2026-08-14T22:11:45+09:00,-3400,8400,39.2108,0
M0024,3160,2026-08-14,2026-08-14T23:00:09+09:00,-3600,8200,40.0175,0
M0024,3160,2026-08-15,2026-08-15T10:54:13+09:00,-200,8200,40.0175,1
M0024,3160,2026-08-15,2026-08-15T11:29:09+09:00,-800,7600,40.5997,0
M0024,3160,2026-08-15,2026-08-15T12:03:27+09:00,-1400,7000,41.1714,0
M0024,3160,2026-08-15,2026-08-15T12:36:37+09:00,-2100,6300,41.7242,0
M0024,3160,2026-08-15,2026-08-15T13:08:49+09:00,-2900,5500,42.2608,0
M0024,3160,2026-08-15,2026-08-15T14:01:55+09:00,-3000,5400,43.1458,0
M0024,3160,2026-08-15,2026-08-15T14:36:09+09:00,-3200,5200,43.7164,0
M0024,3160,2026-08-15,2026-08-15T15:11:53+09:00,-4600,3800,44.3119,0
M0024,3160,2026-08-15,2026-08-15T15:58:43+09:00,-5000,3400,45.0925,0
M0024,3160,2026-08-15,2026-08-15T16:34:01+09:00,-5600,2800,45.6808,0
M0024,3160,2026-08-15,2026-08-15T17:11:17+09:00,-6800,1600,46.3019,0
M0024,3160,2026-08-15,2026-08-15T17:58:39+09:00,-7400,1000,47.0914,0
M0024,3160,2026-08-15,2026-08-15T18:35:13+09:00,-7700,700,47.7008,0
M0024,3160,2026-08-15,2026-08-15T19:12:53+09:00,-7800,600,48.3286,0
M0024,3160,2026-08-15,2026-08-15T20:01:19+09:00,-8300,100,49.1358,0
M0024,3160,2026-08-15,2026-08-15T20:38:25+09:00,-9700,-1300,49.7542,0
M0024,3160,2026-08-15,2026-08-15T21:25:49+09:00,-8100,300,50.5442,0
M0024,3160,2026-08-15,2026-08-15T22:04:23+09:00,-5600,2800,51.1869,0
M0024,3160,2026-08-15,2026-08-15T22:41:53+09:00,-2100,6300,51.8119,0
M0024,3160,2026-08-15,2026-08-15T23:30:39+09:00,-2700,5700,52.6247,0
M0024,3160,2026-08-16,2026-08-16T10:53:41+09:00,-100,5700,52.6247,1
M0024,3160,2026-08-16,2026-08-16T11:28:27+09:00,-800,5000,53.2042,0
M0024,3160,2026-08-16,2026-08-16T12:02:27+09:00,-1100,4700,53.7708,0
M0024,3160,2026-08-16,2026-08-16T12:35:49+09:00,-1000,4800,54.3269,0
M0024,3160,2026-08-16,2026-08-16T13:06:49+09:00,-1400,4400,54.8436,0
M0024,3160,2026-08-16,2026-08-16T13:36:19+09:00,-800,5000,55.3353,0
M0024,3160,2026-08-16,2026-08-16T14:09:21+09:00,-1900,3900,55.8858,0
M0024,3160,2026-08-16,2026-08-16T14:51:21+09:00,-1300,4500,56.5858,0
M0024,3160,2026-08-16,2026-08-16T15:29:10+09:00,-1900,3900,57.2161,0
M0024,3160,2026-08-16,2026-08-16T16:05:23+09:00,-1600,4200,57.8197,0
M0024,3160,2026-08-16,2026-08-16T16:39:55+09:00,-1800,4000,58.3953,0
M0024,3160,2026-08-16,2026-08-16T17:30:17+09:00,-1500,4300,59.2347,0
M0024,3160,2026-08-16,2026-08-16T18:38:25+09:00,-2500,3300,60.3703,0
M0024,3160,2026-08-16,2026-08-16T19:40:19+09:00,-2200,3600,61.4019,0
M0024,3160,2026-08-16,2026-08-16T20:25:39+09:00,-2100,3700,62.1575,0
M0024,3160,2026-08-17,2026-08-17T10:52:31+09:00,0,3700,62.1575,1
M0024,3160,2026-08-17,2026-08-17T12:34:35+09:00,-200,3500,63.8586,0
M0024,3160,2026-08-17,2026-08-17T13:07:15+09:00,-1000,2700,64.4031,0
M0024,3160,2026-08-17,2026-08-17T13:35:21+09:00,-1400,2300,64.8714,0
M0024,3160,2026-08-17,2026-08-17T14:03:11+09:00,-2000,1700,65.3353,0
M0024,3160,2026-08-17,2026-08-17T14:36:43+09:00,-1900,1800,65.8942,0
M0024,3160,2026-08-17,2026-08-17T15:11:21+09:00,-2500,1200,66.4714,0
M0024,3160,2026-08-17,2026-08-17T17:09:07+09:00,-2400,1300,68.4342,0
M0024,3160,2026-08-17,2026-08-17T17:58:27+09:00,-600,3100,69.2564,0
M0024,3160,2026-08-17,2026-08-17T18:33:03+09:00,1700,5400,69.8331,0
M0024,3160,2026-08-17,2026-08-17T19:09:23+09:00,2600,6300,70.4386,0
M0024,3160,2026-08-17,2026-08-17T19:59:55+09:00,2700,6400,71.2808,0
M0024,3160,2026-08-17,2026-08-17T20:35:21+09:00,2100,5800,71.8714,0
M0024,3160,2026-08-17,2026-08-17T21:13:05+09:00,2600,6300,72.5003,0
M0024,3160,2026-08-17,2026-08-17T21:59:13+09:00,2400,6100,73.2692,0
M0024,3160,2026-08-17,2026-08-17T22:34:49+09:00,2000,5700,73.8625,0
M0024,3160,2026-08-18,2026-08-18T10:52:51+09:00,-100,5700,73.8625,1
M0024,3160,2026-08-18,2026-08-18T11:28:45+09:00,-800,5000,74.4608,0
M0024,3160,2026-08-18,2026-08-18T12:02:47+09:00,-1400,4400,75.0281,0
M0024,3160,2026-08-18,2026-08-18T12:35:21+09:00,-1900,3900,75.5708,0
M0024,3160,2026-08-18,2026-08-18T13:07:37+09:00,-2100,3700,76.1086,0
M0024,3160,2026-08-18,2026-08-18T13:35:43+09:00,-1100,4700,76.5769,0
M0024,3160,2026-08-18,2026-08-18T19:09:25+09:00,-1300,4500,82.1386,0
M0024,3160,2026-08-18,2026-08-18T19:59:53+09:00,-2000,3800,82.9797,0
M0024,3160,2026-08-18,2026-08-18T20:35:25+09:00,-1900,3900,83.5719,0
M0024,3160,2026-08-18,2026-08-18T21:11:41+09:00,-2700,3100,84.1764,0
M0024,3160,2026-08-18,2026-08-18T21:57:39+09:00,-3200,2600,84.9425,0
M0024,3160,2026-08-19,2026-08-19T10:53:31+09:00,0,2600,84.9425,1
M0024,3160,2026-08-19,2026-08-19T12:35:06+09:00,-100,2500,86.6356,0
M0024,3160,2026-08-19,2026-08-19T13:06:21+09:00,-400,2200,87.1564,0
M0024,3160,2026-08-19,2026-08-19T13:35:01+09:00,-500,2100,87.6342,0
M0024,3160,2026-08-19,2026-08-19T14:09:06+09:00,-200,2400,88.2022,0
M0024,3160,2026-08-19,2026-08-19T17:06:11+09:00,-300,2300,91.1536,0
M0024,3160,2026-08-19,2026-08-19T18:08:43+09:00,500,3100,92.1958,0
M0024,3160,2026-08-19,2026-08-19T19:28:55+09:00,600,3200,93.5325,0
M0024,3160,2026-08-19,2026-08-19T20:05:19+09:00,0,2600,94.1392,0
M0024,3160,2026-08-19,2026-08-19T20:39:17+09:00,800,3400,94.7053,0
M0024,3160,2026-08-19,2026-08-19T21:30:39+09:00,300,2900,95.5614,0
M0024,3160,2026-08-19,2026-08-19T22:07:17+09:00,-200,2400,96.1719,0
M0024,3160,2026-08-19,2026-08-19T22:43:08+09:00,-500,2100,96.7694,0
M0024,3160,2026-08-20,2026-08-20T10:52:57+09:00,0,2100,96.7694,1
M0024,3160,2026-08-20,2026-08-20T12:35:01+09:00,-100,2000,98.4706,0
M0024,3160,2026-08-20,2026-08-20T13:07:39+09:00,-800,1300,99.0144,0
M0024,3160,2026-08-20,2026-08-20T13:36:17+09:00,-1500,600,99.4917,0
M0024,3160,2026-08-20,2026-08-20T14:02:59+09:00,-1400,700,99.9367,0
M0024,3160,2026-08-20,2026-08-20T15:09:59+09:00,-1100,1000,101.0533,0
M0024,3160,2026-08-20,2026-08-20T15:59:19+09:00,-1200,900,101.8756,0
M0024,3160,2026-08-20,2026-08-20T16:32:33+09:00,-1300,800,102.4294,0
M0024,3160,2026-08-20,2026-08-20T17:07:41+09:00,-1500,600,103.0150,0
M0024,3160,2026-08-20,2026-08-20T17:42:01+09:00,-1900,200,103.5872,0
M0024,3160,2026-08-20,2026-08-20T18:28:21+09:00,-1400,700,104.3594,0
M0024,3160,2026-08-20,2026-08-20T19:04:37+09:00,-2000,100,104.9639,0
M0024,3160,2026-08-20,2026-08-20T19:39:23+09:00,-2800,-700,105.5433,0
M0024,3160,2026-08-20,2026-08-20T20:28:35+09:00,-3000,-900,106.3633,0
M0024,3160,2026-08-20,2026-08-20T21:05:21+09:00,-3400,-1300,106.9761,0
M0024,3160,2026-08-22,2026-08-22T10:54:29+09:00,0,-1300,106.9761,1
M0024,3160,2026-08-22,2026-08-22T11:28:57+09:00,-300,-1600,107.5506,0
M0024,3160,2026-08-22,2026-08-22T12:03:41+09:00,-900,-2200,108.1294,0
M0024,3160,2026-08-22,2026-08-22T12:36:35+09:00,-1000,-2300,108.6778,0
M0024,3160,2026-08-22,2026-08-22T13:08:43+09:00,-600,-1900,109.2133,0
M0024,3160,2026-08-22,2026-08-22T14:05:49+09:00,-1100,-2400,110.1650,0
M0024,3160,2026-08-22,2026-08-22T14:40:51+09:00,-2500,-3800,110.7489,0
M0024,3160,2026-08-22,2026-08-22T15:30:07+09:00,-1800,-3100,111.5700,0
M0024,3160,2026-08-22,2026-08-22T16:07:19+09:00,-2500,-3800,112.1900,0
M0024,3160,2026-08-22,2026-08-22T16:43:29+09:00,-3200,-4500,112.7928,0
M0024,3160,2026-08-22,2026-08-22T17:31:13+09:00,-3700,-5000,113.5883,0
M0024,3160,2026-08-22,2026-08-22T18:09:45+09:00,-4500,-5800,114.2306,0
M0024,3160,2026-08-22,2026-08-22T18:55:39+09:00,-4000,-5300,114.9956,0
M0024,3160,2026-08-22,2026-08-22T19:33:07+09:00,-4200,-5500,115.6200,0
M0024,3160,2026-08-22,2026-08-22T20:12:13+09:00,-5300,-6600,116.2717,0
M0024,3160,2026-08-22,2026-08-22T21:01:31+09:00,-4800,-6100,117.0933,0
M0024,3160,2026-08-22,2026-08-22T23:08:15+09:00,-4400,-5700,119.2056,0
M0024,3160,2026-08-23,2026-08-23T10:53:53+09:00,-100,-5700,119.2056,1
M0024,3160,2026-08-23,2026-08-23T11:29:03+09:00,600,-5000,119.7917,0
M0024,3160,2026-08-23,2026-08-23T12:03:35+09:00,-100,-5700,120.3672,0
M0024,3160,2026-08-23,2026-08-23T12:36:41+09:00,100,-5500,120.9189,0
M0024,3160,2026-08-23,2026-08-23T13:07:01+09:00,-600,-6200,121.4244,0
M0024,3160,2026-08-23,2026-08-23T13:35:29+09:00,-1300,-6900,121.8989,0
M0024,3160,2026-08-23,2026-08-23T14:10:53+09:00,-600,-6200,122.4889,0
M0024,3160,2026-08-23,2026-08-23T14:54:04+09:00,-1200,-6800,123.2086,0
M0024,3160,2026-08-23,2026-08-23T15:31:31+09:00,-1300,-6900,123.8328,0
M0024,3160,2026-08-23,2026-08-23T16:08:15+09:00,-1500,-7100,124.4450,0
M0024,3160,2026-08-23,2026-08-23T16:54:35+09:00,-2100,-7700,125.2172,0
M0024,3160,2026-08-23,2026-08-23T17:31:47+09:00,-2800,-8400,125.8372,0
M0024,3160,2026-08-23,2026-08-23T18:09:27+09:00,-3500,-9100,126.4650,0
M0024,3160,2026-08-23,2026-08-23T18:55:58+09:00,-3400,-9000,127.2403,0
M0024,3160,2026-08-23,2026-08-23T19:33:57+09:00,-4100,-9700,127.8733,0
M0024,3160,2026-08-23,2026-08-23T20:12:39+09:00,-3900,-9500,128.5183,0
M0024,3160,2026-08-23,2026-08-23T21:01:31+09:00,-1400,-7000,129.3328,0
M0024,3160,2026-08-23,2026-08-23T21:39:29+09:00,0,-5600,129.9656,0
M0024,3160,2026-08-24,2026-08-24T10:54:29+09:00,-200,-5600,129.9656,1
M0024,3160,2026-08-24,2026-08-24T12:03:33+09:00,1500,-3900,131.1167,0
M0024,3160,2026-08-24,2026-08-24T12:36:23+09:00,900,-4500,131.6639,0
M0024,3160,2026-08-24,2026-08-24T13:10:11+09:00,400,-5000,132.2272,0
M0024,3160,2026-08-24,2026-08-24T13:57:31+09:00,700,-4700,133.0161,0
M0024,3160,2026-08-24,2026-08-24T15:06:59+09:00,2300,-3100,134.1739,0
M0024,3160,2026-08-24,2026-08-24T15:35:54+09:00,2800,-2600,134.6558,0
M0024,3160,2026-08-24,2026-08-24T16:05:39+09:00,2600,-2800,135.1517,0
M0024,3160,2026-08-24,2026-08-24T16:40:02+09:00,1800,-3600,135.7247,0
M0024,3160,2026-08-24,2026-08-24T17:23:02+09:00,2100,-3300,136.4414,0
M0024,3160,2026-08-24,2026-08-24T18:02:01+09:00,2500,-2900,137.0911,0
M0024,3160,2026-08-24,2026-08-24T18:37:29+09:00,2100,-3300,137.6822,0
M0024,3160,2026-08-24,2026-08-24T19:13:25+09:00,1700,-3700,138.2811,0
M0024,3160,2026-08-24,2026-08-24T20:00:37+09:00,1100,-4300,139.0678,0
M0024,3160,2026-08-24,2026-08-24T20:36:01+09:00,1300,-4100,139.6578,0
M0024,3160,2026-08-24,2026-08-24T21:13:01+09:00,3100,-2300,140.2744,0
M0024,3160,2026-08-24,2026-08-24T21:58:51+09:00,2700,-2700,141.0383,0
M0024,3160,2026-08-24,2026-08-24T22:34:35+09:00,2400,-3000,141.6339,0
M0024,3160,2026-08-25,2026-08-25T10:53:53+09:00,0,-3000,141.6339,1
M0024,3160,2026-08-25,2026-08-25T12:36:43+09:00,-300,-3300,143.3478,0
M0024,3160,2026-08-25,2026-08-25T13:06:33+09:00,-900,-3900,143.8450,0
M0024,3160,2026-08-25,2026-08-25T13:34:33+09:00,-500,-3500,144.3117,0
M0024,3160,2026-08-25,2026-08-25T18:07:23+09:00,-700,-3700,148.8589,0
M0024,3160,2026-08-25,2026-08-25T18:42:17+09:00,-400,-3400,149.4406,0
M0024,3160,2026-08-25,2026-08-25T19:28:31+09:00,-500,-3500,150.2111,0
M0024,3160,2026-08-25,2026-08-25T20:05:21+09:00,-800,-3800,150.8250,0
M0024,3160,2026-08-25,2026-08-25T20:40:03+09:00,-700,-3700,151.4033,0
M0024,3160,2026-08-25,2026-08-25T21:28:25+09:00,-1100,-4100,152.2094,0
M0024,3160,2026-08-25,2026-08-25T22:05:51+09:00,-1300,-4300,152.8333,0
M0024,3160,2026-08-25,2026-08-25T22:39:15+09:00,-1500,-4500,153.3900,0
M0024,3160,2026-08-26,2026-08-26T10:53:07+09:00,0,-4500,153.3900,1
M0024,3160,2026-08-26,2026-08-26T12:34:47+09:00,300,-4200,155.0844,0
M0024,3160,2026-08-26,2026-08-26T13:07:13+09:00,100,-4400,155.6250,0
M0024,3160,2026-08-26,2026-08-26T13:35:35+09:00,-500,-5000,156.0978,0
M0024,3160,2026-08-26,2026-08-26T14:04:55+09:00,100,-4400,156.5867,0
M0024,3160,2026-08-26,2026-08-26T14:37:55+09:00,-400,-4900,157.1367,0
M0024,3160,2026-08-26,2026-08-26T15:12:25+09:00,-500,-5000,157.7117,0
M0024,3160,2026-08-26,2026-08-26T15:57:47+09:00,-700,-5200,158.4678,0
M0024,3160,2026-08-26,2026-08-26T16:31:31+09:00,-1000,-5500,159.0300,0
M0024,3160,2026-08-26,2026-08-26T17:07:27+09:00,-1200,-5700,159.6289,0
M0024,3160,2026-08-26,2026-08-26T17:35:49+09:00,-700,-5200,160.1017,0
M0024,3160,2026-08-26,2026-08-26T18:38:31+09:00,-1500,-6000,161.1467,0
M0024,3160,2026-08-26,2026-08-26T19:20:17+09:00,-2000,-6500,161.8428,0
M0024,3160,2026-08-26,2026-08-26T20:01:09+09:00,-2500,-7000,162.5239,0
M0024,3160,2026-08-26,2026-08-26T21:13:13+09:00,-3200,-7700,163.7250,0
M0024,3160,2026-08-26,2026-08-26T22:00:53+09:00,-3100,-7600,164.5194,0
M0024,3160,2026-08-26,2026-08-26T22:36:49+09:00,-2500,-7000,165.1183,0
M0024,3160,2026-08-27,2026-08-27T10:54:19+09:00,0,-7000,165.1183,1
M0024,3160,2026-08-27,2026-08-27T12:36:15+09:00,-100,-7100,166.8172,0
M0024,3160,2026-08-27,2026-08-27T13:07:43+09:00,0,-7000,167.3417,0
M0024,3160,2026-08-27,2026-08-27T13:35:23+09:00,-400,-7400,167.8028,0
M0024,3160,2026-08-27,2026-08-27T14:07:15+09:00,700,-6300,168.3339,0
M0024,3160,2026-08-27,2026-08-27T14:41:06+09:00,-500,-7500,168.8981,0
M0024,3160,2026-08-27,2026-08-27T15:26:49+09:00,-1100,-8100,169.6600,0
M0024,3160,2026-08-27,2026-08-27T16:02:47+09:00,-300,-7300,170.2594,0
M0024,3160,2026-08-28,2026-08-28T10:54:45+09:00,0,-7300,170.2594,1
M0024,3160,2026-08-28,2026-08-28T11:29:35+09:00,-300,-7600,170.8400,0
M0024,3160,2026-08-28,2026-08-28T12:04:21+09:00,-100,-7400,171.4194,0
M0024,3160,2026-08-28,2026-08-28T12:36:55+09:00,400,-6900,171.9622,0
M0024,3160,2026-08-28,2026-08-28T13:07:27+09:00,0,-7300,172.4711,0
M0024,3160,2026-08-28,2026-08-28T13:35:41+09:00,-500,-7800,172.9417,0
M0024,3160,2026-08-28,2026-08-28T14:09:41+09:00,-800,-8100,173.5083,0
M0024,3160,2026-08-28,2026-08-28T14:51:34+09:00,-900,-8200,174.2064,0
M0024,3160,2026-08-28,2026-08-28T15:26:59+09:00,-400,-7700,174.7967,0
M0024,3160,2026-08-28,2026-08-28T16:03:29+09:00,2100,-5200,175.4050,0
M0024,3160,2026-08-28,2026-08-28T16:38:15+09:00,6100,-1200,175.9844,0
M0024,3160,2026-08-28,2026-08-28T17:29:15+09:00,7800,500,176.8344,0
M0024,3160,2026-08-28,2026-08-28T18:05:37+09:00,8400,1100,177.4406,0
M0024,3160,2026-08-28,2026-08-28T18:38:39+09:00,7600,300,177.9911,0
M0024,3160,2026-08-28,2026-08-28T19:37:02+09:00,7800,500,178.9642,0
M0024,3160,2026-08-28,2026-08-28T20:14:11+09:00,6600,-700,179.5833,0
M0024,3160,2026-08-28,2026-08-28T21:00:55+09:00,6800,-500,180.3622,0
M0024,3160,2026-08-28,2026-08-28T22:13:23+09:00,7300,0,181.5700,0
M0024,3160,2026-08-28,2026-08-28T23:02:02+09:00,8800,1500,182.3808,0
M0024,3160,2026-08-29,2026-08-29T10:54:15+09:00,-100,1500,182.3808,1
M0024,3160,2026-08-29,2026-08-29T11:29:35+09:00,-700,900,182.9697,0
M0024,3160,2026-08-29,2026-08-29T12:04:02+09:00,-500,1100,183.5439,0
M0024,3160,2026-08-29,2026-08-29T12:37:17+09:00,-1100,500,184.0981,0
M0024,3160,2026-08-29,2026-08-29T13:08:43+09:00,-1000,600,184.6219,0
M0024,3160,2026-08-29,2026-08-29T14:08:01+09:00,-600,1000,185.6103,0
M0024,3160,2026-08-29,2026-08-29T14:42:31+09:00,-200,1400,186.1853,0
M0024,3160,2026-08-29,2026-08-29T15:28:43+09:00,2000,3600,186.9553,0
M0024,3160,2026-08-29,2026-08-29T16:05:41+09:00,1800,3400,187.5714,0
M0024,3160,2026-08-29,2026-08-29T16:38:29+09:00,3500,5100,188.1181,0
M0024,3160,2026-08-29,2026-08-29T17:36:27+09:00,3900,5500,189.0842,0
M0024,3160,2026-08-29,2026-08-29T18:13:47+09:00,3400,5000,189.7064,0
M0024,3160,2026-08-29,2026-08-29T19:01:11+09:00,4100,5700,190.4964,0
M0024,3160,2026-08-29,2026-08-29T19:38:11+09:00,4800,6400,191.1131,0
M0024,3160,2026-08-29,2026-08-29T20:25:59+09:00,5400,7000,191.9097,0
M0024,3160,2026-08-29,2026-08-29T21:05:49+09:00,4500,6100,192.5736,0
M0024,3160,2026-08-29,2026-08-29T21:43:07+09:00,4200,5800,193.1953,0
M0024,3160,2026-08-29,2026-08-29T22:32:31+09:00,3500,5100,194.0186,0
M0024,3160,2026-08-29,2026-08-29T23:11:51+09:00,3700,5300,194.6742,0
M0025,3161,2026-08-11,2026-08-11T10:53:13+09:00,-100,-100,0.0000,1
M0025,3161,2026-08-11,2026-08-11T11:28:39+09:00,300,300,0.5906,0
M0025,3161,2026-08-11,2026-08-11T12:02:43+09:00,0,0,1.1583,0
M0025,3161,2026-08-11,2026-08-11T12:36:02+09:00,-700,-700,1.7136,0
M0025,3161,2026-08-11,2026-08-11T13:06:25+09:00,700,700,2.2200,0
M0025,3161,2026-08-11,2026-08-11T13:34:33+09:00,600,600,2.6889,0
M0025,3161,2026-08-11,2026-08-11T14:09:42+09:00,300,300,3.2747,0
M0025,3161,2026-08-11,2026-08-11T14:50:37+09:00,100,100,3.9567,0
M0025,3161,2026-08-11,2026-08-11T15:29:09+09:00,0,0,4.5989,0
M0025,3161,2026-08-11,2026-08-11T16:05:23+09:00,-700,-700,5.2028,0
M0025,3161,2026-08-11,2026-08-11T16:40:17+09:00,-1500,-1500,5.7844,0
M0025,3161,2026-08-11,2026-08-11T17:28:47+09:00,-800,-800,6.5928,0
M0025,3161,2026-08-11,2026-08-11T19:30:51+09:00,-1400,-1400,8.6272,0
M0025,3161,2026-08-11,2026-08-11T20:08:57+09:00,-2000,-2000,9.2622,0
M0025,3161,2026-08-11,2026-08-11T21:03:30+09:00,-200,-200,10.1714,0
M0025,3161,2026-08-11,2026-08-11T21:39:59+09:00,600,600,10.7794,0
M0025,3161,2026-08-12,2026-08-12T10:53:47+09:00,-100,600,10.7794,1
M0025,3161,2026-08-12,2026-08-12T11:28:45+09:00,-300,400,11.3622,0
M0025,3161,2026-08-12,2026-08-12T12:02:51+09:00,-600,100,11.9306,0
M0025,3161,2026-08-12,2026-08-12T12:36:01+09:00,-1000,-300,12.4833,0
M0025,3161,2026-08-12,2026-08-12T13:06:31+09:00,-1800,-1100,12.9917,0
M0025,3161,2026-08-12,2026-08-12T14:11:01+09:00,-1300,-600,14.0667,0
M0025,3161,2026-08-12,2026-08-12T14:56:33+09:00,-1200,-500,14.8256,0
M0025,3161,2026-08-12,2026-08-12T16:35:17+09:00,-1500,-800,16.4711,0
M0025,3161,2026-08-12,2026-08-12T17:01:31+09:00,-900,-200,16.9083,0
M0025,3161,2026-08-12,2026-08-12T17:36:51+09:00,-1600,-900,17.4972,0
M0025,3161,2026-08-12,2026-08-12T19:36:51+09:00,-2100,-1400,19.4972,0
M0025,3161,2026-08-12,2026-08-12T20:14:43+09:00,-2400,-1700,20.1283,0
M0025,3161,2026-08-13,2026-08-13T10:54:54+09:00,0,-1700,20.1283,1
M0025,3161,2026-08-13,2026-08-13T11:29:13+09:00,-700,-2400,20.7003,0
M0025,3161,2026-08-13,2026-08-13T12:03:39+09:00,-1200,-2900,21.2742,0
M0025,3161,2026-08-13,2026-08-13T12:36:57+09:00,1200,-500,21.8292,0
M0025,3161,2026-08-13,2026-08-13T13:09:39+09:00,2900,1200,22.3742,0
M0025,3161,2026-08-13,2026-08-13T14:00:59+09:00,2500,800,23.2297,0
M0025,3161,2026-08-13,2026-08-13T15:11:23+09:00,1500,-200,24.4031,0
M0025,3161,2026-08-13,2026-08-13T15:58:27+09:00,1400,-300,25.1875,0
M0025,3161,2026-08-13,2026-08-13T16:33:27+09:00,1700,0,25.7708,0
M0025,3161,2026-08-13,2026-08-13T17:10:25+09:00,2000,300,26.3869,0
M0025,3161,2026-08-13,2026-08-13T17:59:47+09:00,2500,800,27.2097,0
M0025,3161,2026-08-13,2026-08-13T18:36:04+09:00,2200,500,27.8144,0
M0025,3161,2026-08-13,2026-08-13T19:14:33+09:00,3200,1500,28.4558,0
M0025,3161,2026-08-13,2026-08-13T20:39:10+09:00,3300,1600,29.8661,0
M0025,3161,2026-08-13,2026-08-13T21:23:43+09:00,3400,1700,30.6086,0
M0025,3161,2026-08-13,2026-08-13T22:03:35+09:00,2900,1200,31.2731,0
M0025,3161,2026-08-13,2026-08-13T22:40:21+09:00,2800,1100,31.8858,0
M0025,3161,2026-08-14,2026-08-14T10:54:41+09:00,-100,1100,31.8858,1
M0025,3161,2026-08-14,2026-08-14T12:04:15+09:00,2000,3200,33.0453,0
M0025,3161,2026-08-14,2026-08-14T12:37:28+09:00,1400,2600,33.5989,0
M0025,3161,2026-08-14,2026-08-14T13:06:37+09:00,900,2100,34.0847,0
M0025,3161,2026-08-14,2026-08-14T13:35:02+09:00,100,1300,34.5583,0
M0025,3161,2026-08-14,2026-08-14T14:10:37+09:00,800,2000,35.1514,0
M0025,3161,2026-08-14,2026-08-14T14:55:41+09:00,300,1500,35.9025,0
M0025,3161,2026-08-14,2026-08-14T15:31:41+09:00,200,1400,36.5025,0
M0025,3161,2026-08-14,2026-08-14T16:08:02+09:00,600,1800,37.1083,0
M0025,3161,2026-08-14,2026-08-14T16:41:57+09:00,3200,4400,37.6736,0
M0025,3161,2026-08-14,2026-08-14T17:30:37+09:00,3300,4500,38.4847,0
M0025,3161,2026-08-14,2026-08-14T18:07:43+09:00,3100,4300,39.1031,0
M0025,3161,2026-08-14,2026-08-14T18:43:04+09:00,2400,3600,39.6922,0
M0025,3161,2026-08-14,2026-08-14T19:31:33+09:00,5000,6200,40.5003,0
M0025,3161,2026-08-14,2026-08-14T20:09:17+09:00,7300,8500,41.1292,0
M0025,3161,2026-08-14,2026-08-14T20:55:41+09:00,10100,11300,41.9025,0
M0025,3161,2026-08-14,2026-08-14T21:33:02+09:00,12600,13800,42.5250,0
M0025,3161,2026-08-14,2026-08-14T22:11:45+09:00,14900,16100,43.1703,0
M0025,3161,2026-08-14,2026-08-14T23:00:09+09:00,14800,16000,43.9769,0
M0025,3161,2026-08-14,2026-08-14T23:38:17+09:00,14600,15800,44.6125,0
M0025,3161,2026-08-15,2026-08-15T10:54:13+09:00,-100,15800,44.6125,1
M0025,3161,2026-08-15,2026-08-15T11:29:09+09:00,-600,15300,45.1947,0
M0025,3161,2026-08-15,2026-08-15T12:03:27+09:00,-1100,14800,45.7664,0
M0025,3161,2026-08-15,2026-08-15T12:36:37+09:00,-900,15000,46.3192,0
M0025,3161,2026-08-15,2026-08-15T13:08:49+09:00,-1200,14700,46.8558,0
M0025,3161,2026-08-15,2026-08-15T14:01:55+09:00,-1700,14200,47.7408,0
M0025,3161,2026-08-15,2026-08-15T14:36:09+09:00,-2300,13600,48.3114,0
M0025,3161,2026-08-15,2026-08-15T15:11:53+09:00,-1900,14000,48.9069,0
M0025,3161,2026-08-15,2026-08-15T15:58:43+09:00,-2000,13900,49.6875,0
M0025,3161,2026-08-15,2026-08-15T16:34:01+09:00,-2500,13400,50.2758,0
M0025,3161,2026-08-15,2026-08-15T17:11:17+09:00,-2300,13600,50.8969,0
M0025,3161,2026-08-15,2026-08-15T17:58:39+09:00,-2400,13500,51.6864,0
M0025,3161,2026-08-15,2026-08-15T18:35:13+09:00,-2800,13100,52.2958,0
M0025,3161,2026-08-15,2026-08-15T19:12:53+09:00,-3900,12000,52.9236,0
M0025,3161,2026-08-15,2026-08-15T20:01:19+09:00,-4000,11900,53.7308,0
M0025,3161,2026-08-15,2026-08-15T20:38:25+09:00,-3500,12400,54.3492,0
M0025,3161,2026-08-16,2026-08-16T10:53:41+09:00,0,12400,54.3492,1
M0025,3161,2026-08-16,2026-08-16T11:28:27+09:00,-700,11700,54.9286,0
M0025,3161,2026-08-16,2026-08-16T12:02:27+09:00,-1200,11200,55.4953,0
M0025,3161,2026-08-16,2026-08-16T12:35:49+09:00,-1800,10600,56.0514,0
M0025,3161,2026-08-16,2026-08-16T13:06:49+09:00,-1500,10900,56.5681,0
M0025,3161,2026-08-16,2026-08-16T13:36:19+09:00,-1600,10800,57.0597,0
M0025,3161,2026-08-16,2026-08-16T14:09:21+09:00,-2300,10100,57.6103,0
M0025,3161,2026-08-16,2026-08-16T14:51:21+09:00,-2900,9500,58.3103,0
M0025,3161,2026-08-16,2026-08-16T16:05:23+09:00,-3500,8900,59.5442,0
M0025,3161,2026-08-16,2026-08-16T16:39:55+09:00,-4600,7800,60.1197,0
M0025,3161,2026-08-16,2026-08-16T17:30:17+09:00,-5000,7400,60.9592,0
M0025,3161,2026-08-16,2026-08-16T18:38:25+09:00,-5800,6600,62.0947,0
M0025,3161,2026-08-16,2026-08-16T19:40:19+09:00,-6400,6000,63.1264,0
M0025,3161,2026-08-16,2026-08-16T20:25:39+09:00,-6800,5600,63.8819,0
M0025,3161,2026-08-16,2026-08-16T21:04:51+09:00,-6700,5700,64.5353,0
M0025,3161,2026-08-16,2026-08-16T21:42:13+09:00,-6300,6100,65.1581,0
M0025,3161,2026-08-17,2026-08-17T10:52:31+09:00,0,6100,65.1581,1
M0025,3161,2026-08-17,2026-08-17T11:28:29+09:00,-600,5500,65.7575,0
M0025,3161,2026-08-17,2026-08-17T12:02:23+09:00,300,6400,66.3225,0
M0025,3161,2026-08-17,2026-08-17T15:59:33+09:00,-400,5700,70.2753,0
M0025,3161,2026-08-17,2026-08-17T16:33:27+09:00,-1000,5100,70.8403,0
M0025,3161,2026-08-17,2026-08-17T17:09:07+09:00,-1100,5000,71.4347,0
M0025,3161,2026-08-17,2026-08-17T17:58:27+09:00,-1200,4900,72.2569,0
M0025,3161,2026-08-17,2026-08-17T18:33:03+09:00,-1400,4700,72.8336,0
M0025,3161,2026-08-17,2026-08-17T19:59:55+09:00,-1600,4500,74.2814,0
M0025,3161,2026-08-17,2026-08-17T20:35:21+09:00,-2000,4100,74.8719,0
M0025,3161,2026-08-17,2026-08-17T21:13:05+09:00,-1600,4500,75.5008,0
M0025,3161,2026-08-17,2026-08-17T21:59:13+09:00,-200,5900,76.2697,0
M0025,3161,2026-08-17,2026-08-17T22:34:49+09:00,400,6500,76.8631,0
M0025,3161,2026-08-17,2026-08-17T23:11:50+09:00,-100,6000,77.4800,0
M0025,3161,2026-08-18,2026-08-18T10:52:51+09:00,-200,6000,77.4800,1
M0025,3161,2026-08-18,2026-08-18T11:28:45+09:00,200,6400,78.0783,0
M0025,3161,2026-08-18,2026-08-18T12:02:47+09:00,-600,5600,78.6456,0
M0025,3161,2026-08-18,2026-08-18T12:35:21+09:00,-800,5400,79.1883,0
M0025,3161,2026-08-18,2026-08-18T13:07:37+09:00,-1200,5000,79.7261,0
M0025,3161,2026-08-18,2026-08-18T13:35:43+09:00,-1000,5200,80.1944,0
M0025,3161,2026-08-18,2026-08-18T14:37:28+09:00,-1300,4900,81.2236,0
M0025,3161,2026-08-18,2026-08-18T15:11:53+09:00,1600,7800,81.7972,0
M0025,3161,2026-08-18,2026-08-18T15:59:35+09:00,3600,9800,82.5922,0
M0025,3161,2026-08-18,2026-08-18T17:08:27+09:00,2900,9100,83.7400,0
M0025,3161,2026-08-18,2026-08-18T19:09:25+09:00,2500,8700,85.7561,0
M0025,3161,2026-08-18,2026-08-18T19:59:53+09:00,1700,7900,86.5972,0
M0025,3161,2026-08-18,2026-08-18T20:35:25+09:00,1900,8100,87.1894,0
M0025,3161,2026-08-18,2026-08-18T21:11:41+09:00,2600,8800,87.7939,0
M0025,3161,2026-08-18,2026-08-18T21:57:39+09:00,2100,8300,88.5600,0
M0025,3161,2026-08-18,2026-08-18T22:33:27+09:00,1900,8100,89.1567,0
M0025,3161,2026-08-18,2026-08-18T23:10:31+09:00,2100,8300,89.7744,0
M0025,3161,2026-08-19,2026-08-19T10:53:31+09:00,0,8300,89.7744,1
M0025,3161,2026-08-19,2026-08-19T13:35:01+09:00,-300,8000,92.4661,0
M0025,3161,2026-08-19,2026-08-19T14:09:06+09:00,-1100,7200,93.0342,0
M0025,3161,2026-08-19,2026-08-19T14:49:47+09:00,-200,8100,93.7122,0
M0025,3161,2026-08-19,2026-08-19T15:26:59+09:00,-400,7900,94.3322,0
M0025,3161,2026-08-19,2026-08-19T16:02:55+09:00,-900,7400,94.9311,0
M0025,3161,2026-08-19,2026-08-19T16:36:50+09:00,-1200,7100,95.4964,0
M0025,3161,2026-08-19,2026-08-19T20:39:17+09:00,-900,7400,99.5372,0
M0025,3161,2026-08-19,2026-08-19T21:30:39+09:00,-1600,6700,100.3933,0
M0025,3161,2026-08-19,2026-08-19T22:07:17+09:00,200,8500,101.0039,0
M0025,3161,2026-08-19,2026-08-19T22:43:08+09:00,3100,11400,101.6014,0
M0025,3161,2026-08-20,2026-08-20T10:52:57+09:00,0,11400,101.6014,1
M0025,3161,2026-08-20,2026-08-20T12:02:37+09:00,100,11500,102.7625,0
M0025,3161,2026-08-20,2026-08-20T12:35:01+09:00,500,11900,103.3025,0
M0025,3161,2026-08-20,2026-08-20T14:35:37+09:00,-100,11300,105.3125,0
M0025,3161,2026-08-20,2026-08-20T15:09:59+09:00,-1200,10200,105.8853,0
M0025,3161,2026-08-20,2026-08-20T15:59:19+09:00,-1800,9600,106.7075,0
M0025,3161,2026-08-20,2026-08-20T16:32:33+09:00,-2300,9100,107.2614,0
M0025,3161,2026-08-20,2026-08-20T17:07:41+09:00,-2800,8600,107.8469,0
M0025,3161,2026-08-20,2026-08-20T17:42:01+09:00,-2200,9200,108.4192,0
M0025,3161,2026-08-20,2026-08-20T19:04:37+09:00,-2300,9100,109.7958,0
M0025,3161,2026-08-20,2026-08-20T19:39:23+09:00,-3100,8300,110.3753,0
M0025,3161,2026-08-20,2026-08-20T20:28:35+09:00,-2900,8500,111.1953,0
M0025,3161,2026-08-20,2026-08-20T21:05:21+09:00,-600,10800,111.8081,0
M0025,3161,2026-08-20,2026-08-20T21:40:19+09:00,-1200,10200,112.3908,0
M0025,3161,2026-08-20,2026-08-20T22:30:04+09:00,-900,10500,113.2200,0
M0025,3161,2026-08-20,2026-08-20T23:07:51+09:00,-1200,10200,113.8497,0
M0025,3161,2026-08-20,2026-08-20T23:43:01+09:00,-1400,10000,114.4358,0
M0025,3161,2026-08-22,2026-08-22T10:54:29+09:00,-100,10000,114.4358,1
M0025,3161,2026-08-22,2026-08-22T11:28:57+09:00,-600,9500,115.0103,0
M0025,3161,2026-08-22,2026-08-22T12:03:41+09:00,1700,11800,115.5892,0
M0025,3161,2026-08-22,2026-08-22T12:36:35+09:00,4400,14500,116.1375,0
M0025,3161,2026-08-22,2026-08-22T13:08:43+09:00,6200,16300,116.6731,0
M0025,3161,2026-08-22,2026-08-22T14:05:49+09:00,8900,19000,117.6247,0
M0025,3161,2026-08-22,2026-08-22T14:40:51+09:00,10400,20500,118.2086,0
M0025,3161,2026-08-22,2026-08-22T15:30:07+09:00,9900,20000,119.0297,0
M0025,3161,2026-08-22,2026-08-22T16:07:19+09:00,10400,20500,119.6497,0
M0025,3161,2026-08-22,2026-08-22T16:43:29+09:00,10500,20600,120.2525,0
M0025,3161,2026-08-22,2026-08-22T17:31:13+09:00,10700,20800,121.0481,0
M0025,3161,2026-08-22,2026-08-22T18:09:45+09:00,9500,19600,121.6903,0
M0025,3161,2026-08-22,2026-08-22T18:55:39+09:00,9000,19100,122.4553,0
M0025,3161,2026-08-22,2026-08-22T19:33:07+09:00,8400,18500,123.0797,0
M0025,3161,2026-08-22,2026-08-22T20:12:13+09:00,8600,18700,123.7314,0
M0025,3161,2026-08-22,2026-08-22T21:01:31+09:00,8300,18400,124.5531,0
M0025,3161,2026-08-22,2026-08-22T21:39:25+09:00,7700,17800,125.1847,0
M0025,3161,2026-08-22,2026-08-22T22:28:43+09:00,7900,18000,126.0064,0
M0025,3161,2026-08-22,2026-08-22T23:08:15+09:00,10800,20900,126.6653,0
M0025,3161,2026-08-23,2026-08-23T10:53:53+09:00,-100,20900,126.6653,1
M0025,3161,2026-08-23,2026-08-23T12:36:41+09:00,-900,20100,128.3786,0
M0025,3161,2026-08-23,2026-08-23T13:35:29+09:00,-1500,19500,129.3586,0
M0025,3161,2026-08-23,2026-08-23T14:10:53+09:00,400,21400,129.9486,0
M0025,3161,2026-08-23,2026-08-23T14:54:04+09:00,-200,20800,130.6683,0
M0025,3161,2026-08-23,2026-08-23T15:31:31+09:00,-700,20300,131.2925,0
M0025,3161,2026-08-23,2026-08-23T16:08:15+09:00,-2000,19000,131.9047,0
M0025,3161,2026-08-23,2026-08-23T17:31:47+09:00,-2400,18600,133.2969,0
M0025,3161,2026-08-23,2026-08-23T18:09:27+09:00,-3100,17900,133.9247,0
M0025,3161,2026-08-23,2026-08-23T18:55:58+09:00,-3600,17400,134.7000,0
M0025,3161,2026-08-23,2026-08-23T19:33:57+09:00,-4100,16900,135.3331,0
M0025,3161,2026-08-23,2026-08-23T20:12:39+09:00,-4000,17000,135.9781,0
M0025,3161,2026-08-23,2026-08-23T21:01:31+09:00,-4700,16300,136.7925,0
M0025,3161,2026-08-23,2026-08-23T21:39:29+09:00,-3200,17800,137.4253,0
M0025,3161,2026-08-23,2026-08-23T22:26:19+09:00,-3000,18000,138.2058,0
M0025,3161,2026-08-23,2026-08-23T23:06:27+09:00,-2800,18200,138.8747,0
M0025,3161,2026-08-24,2026-08-24T10:54:29+09:00,-100,18200,138.8747,1
M0025,3161,2026-08-24,2026-08-24T11:29:08+09:00,-600,17700,139.4522,0
M0025,3161,2026-08-24,2026-08-24T12:03:33+09:00,-900,17400,140.0258,0
M0025,3161,2026-08-24,2026-08-24T12:36:23+09:00,-1200,17100,140.5731,0
M0025,3161,2026-08-24,2026-08-24T13:10:11+09:00,-1300,17000,141.1364,0
M0025,3161,2026-08-24,2026-08-24T13:57:31+09:00,-1700,16600,141.9253,0
M0025,3161,2026-08-24,2026-08-24T14:31:29+09:00,-2400,15900,142.4914,0
M0025,3161,2026-08-24,2026-08-24T15:35:54+09:00,-2700,15600,143.5650,0
M0025,3161,2026-08-24,2026-08-24T16:05:39+09:00,-2900,15400,144.0608,0
M0025,3161,2026-08-24,2026-08-24T16:40:02+09:00,-1000,17300,144.6339,0
M0025,3161,2026-08-24,2026-08-24T17:23:02+09:00,-1200,17100,145.3506,0
M0025,3161,2026-08-24,2026-08-24T18:02:01+09:00,-1300,17000,146.0003,0
M0025,3161,2026-08-24,2026-08-24T18:37:29+09:00,-2000,16300,146.5914,0
M0025,3161,2026-08-24,2026-08-24T19:13:25+09:00,-2400,15900,147.1903,0
M0025,3161,2026-08-24,2026-08-24T20:00:37+09:00,-2100,16200,147.9769,0
M0025,3161,2026-08-24,2026-08-24T20:36:01+09:00,-2200,16100,148.5669,0
M0025,3161,2026-08-24,2026-08-24T21:13:01+09:00,-1300,17000,149.1836,0
M0025,3161,2026-08-24,2026-08-24T21:58:51+09:00,-1400,16900,149.9475,0
M0025,3161,2026-08-25,2026-08-25T10:53:53+09:00,0,16900,149.9475,1
M0025,3161,2026-08-25,2026-08-25T12:36:43+09:00,-100,16800,151.6614,0
M0025,3161,2026-08-25,2026-08-25T13:06:33+09:00,500,17400,152.1586,0
M0025,3161,2026-08-25,2026-08-25T13:34:33+09:00,1000,17900,152.6253,0
M0025,3161,2026-08-25,2026-08-25T14:09:29+09:00,600,17500,153.2075,0
M0025,3161,2026-08-25,2026-08-25T14:50:35+09:00,400,17300,153.8925,0
M0025,3161,2026-08-25,2026-08-25T15:27:09+09:00,300,17200,154.5019,0
M0025,3161,2026-08-25,2026-08-25T16:03:02+09:00,-200,16700,155.1000,0
M0025,3161,2026-08-25,2026-08-25T16:37:33+09:00,-900,16000,155.6753,0
M0025,3161,2026-08-25,2026-08-25T17:05:09+09:00,1100,18000,156.1353,0
M0025,3161,2026-08-25,2026-08-25T17:30:51+09:00,1200,18100,156.5636,0
M0025,3161,2026-08-25,2026-08-25T18:07:23+09:00,800,17700,157.1725,0
M0025,3161,2026-08-25,2026-08-25T18:42:17+09:00,-200,16700,157.7542,0
M0025,3161,2026-08-25,2026-08-25T20:05:21+09:00,-400,16500,159.1386,0
M0025,3161,2026-08-25,2026-08-25T20:40:03+09:00,-300,16600,159.7169,0
M0025,3161,2026-08-25,2026-08-25T21:28:25+09:00,-700,16200,160.5231,0
M0025,3161,2026-08-25,2026-08-25T22:05:51+09:00,-1100,15800,161.1469,0
M0025,3161,2026-08-25,2026-08-25T22:39:15+09:00,-600,16300,161.7036,0
M0025,3161,2026-08-26,2026-08-26T10:53:07+09:00,-200,16300,161.7036,1
M0025,3161,2026-08-26,2026-08-26T11:28:33+09:00,400,16900,162.2942,0
M0025,3161,2026-08-26,2026-08-26T12:02:31+09:00,2100,18600,162.8603,0
M0025,3161,2026-08-26,2026-08-26T12:34:47+09:00,2300,18800,163.3981,0
M0025,3161,2026-08-26,2026-08-26T13:07:13+09:00,1500,18000,163.9386,0
M0025,3161,2026-08-26,2026-08-26T13:35:35+09:00,1800,18300,164.4114,0
M0025,3161,2026-08-26,2026-08-26T14:37:55+09:00,2000,18500,165.4503,0
M0025,3161,2026-08-26,2026-08-26T15:12:25+09:00,5100,21600,166.0253,0
M0025,3161,2026-08-26,2026-08-26T15:57:47+09:00,8200,24700,166.7814,0
M0025,3161,2026-08-26,2026-08-26T16:31:31+09:00,8800,25300,167.3436,0
M0025,3161,2026-08-26,2026-08-26T17:07:27+09:00,8300,24800,167.9425,0
M0025,3161,2026-08-26,2026-08-26T17:35:49+09:00,9000,25500,168.4153,0
M0025,3161,2026-08-26,2026-08-26T18:03:25+09:00,8500,25000,168.8753,0
M0025,3161,2026-08-26,2026-08-26T18:38:31+09:00,7200,23700,169.4603,0
M0025,3161,2026-08-26,2026-08-26T19:20:17+09:00,9100,25600,170.1564,0
M0025,3161,2026-08-26,2026-08-26T20:01:09+09:00,9400,25900,170.8375,0
M0025,3161,2026-08-26,2026-08-26T20:36:21+09:00,9700,26200,171.4242,0
M0025,3161,2026-08-26,2026-08-26T21:13:13+09:00,8900,25400,172.0386,0
M0025,3161,2026-08-26,2026-08-26T22:00:53+09:00,8700,25200,172.8331,0
M0025,3161,2026-08-26,2026-08-26T22:36:49+09:00,11300,27800,173.4319,0
M0025,3161,2026-08-26,2026-08-26T23:12:01+09:00,15900,32400,174.0186,0
M0025,3161,2026-08-27,2026-08-27T10:54:19+09:00,0,32400,174.0186,1
M0025,3161,2026-08-27,2026-08-27T11:28:53+09:00,600,33000,174.5947,0
M0025,3161,2026-08-27,2026-08-27T12:03:19+09:00,500,32900,175.1686,0
M0025,3161,2026-08-27,2026-08-27T12:36:15+09:00,400,32800,175.7175,0
M0025,3161,2026-08-27,2026-08-27T19:30:47+09:00,300,32700,182.6264,0
M0025,3161,2026-08-27,2026-08-27T20:08:01+09:00,-400,32000,183.2469,0
M0025,3161,2026-08-27,2026-08-27T20:44:41+09:00,-500,31900,183.8581,0
M0025,3161,2026-08-28,2026-08-28T10:54:45+09:00,-100,31900,183.8581,1
M0025,3161,2026-08-28,2026-08-28T11:29:35+09:00,-700,31300,184.4386,0
M0025,3161,2026-08-28,2026-08-28T12:04:21+09:00,-800,31200,185.0181,0
M0025,3161,2026-08-28,2026-08-28T12:36:55+09:00,-1400,30600,185.5608,0
M0025,3161,2026-08-28,2026-08-28T13:07:27+09:00,-2100,29900,186.0697,0
M0025,3161,2026-08-28,2026-08-28T13:35:41+09:00,-1300,30700,186.5403,0
M0025,3161,2026-08-28,2026-08-28T17:29:15+09:00,-1700,30300,190.4331,0
M0025,3161,2026-08-28,2026-08-28T18:05:37+09:00,-2300,29700,191.0392,0
M0025,3161,2026-08-28,2026-08-28T18:38:39+09:00,-2400,29600,191.5897,0
M0025,3161,2026-08-28,2026-08-28T19:37:02+09:00,-2700,29300,192.5628,0
M0025,3161,2026-08-28,2026-08-28T20:14:11+09:00,-3500,28500,193.1819,0
M0025,3161,2026-08-28,2026-08-28T21:00:55+09:00,-4100,27900,193.9608,0
M0025,3161,2026-08-28,2026-08-28T21:36:25+09:00,-4800,27200,194.5525,0
M0025,3161,2026-08-28,2026-08-28T22:13:23+09:00,-4400,27600,195.1686,0
M0025,3161,2026-08-29,2026-08-29T10:54:15+09:00,-100,27600,195.1686,1
M0025,3161,2026-08-29,2026-08-29T11:29:35+09:00,-400,27300,195.7575,0
M0025,3161,2026-08-29,2026-08-29T12:37:17+09:00,200,27900,196.8858,0
M0025,3161,2026-08-29,2026-08-29T13:08:43+09:00,-700,27000,197.4097,0
M0025,3161,2026-08-29,2026-08-29T14:08:01+09:00,-600,27100,198.3981,0
M0025,3161,2026-08-29,2026-08-29T14:42:31+09:00,900,28600,198.9731,0
M0025,3161,2026-08-29,2026-08-29T16:05:41+09:00,100,27800,200.3592,0
M0025,3161,2026-08-29,2026-08-29T16:38:29+09:00,200,27900,200.9058,0
M0025,3161,2026-08-29,2026-08-29T17:36:27+09:00,-300,27400,201.8719,0
M0025,3161,2026-08-29,2026-08-29T18:13:47+09:00,-1000,26700,202.4942,0
M0025,3161,2026-08-29,2026-08-29T19:01:11+09:00,1400,29100,203.2842,0
M0025,3161,2026-08-29,2026-08-29T19:38:11+09:00,3200,30900,203.9008,0
M0025,3161,2026-08-29,2026-08-29T20:25:59+09:00,5600,33300,204.6975,0
M0025,3161,2026-08-29,2026-08-29T21:05:49+09:00,6800,34500,205.3614,0
M0025,3161,2026-08-29,2026-08-29T21:43:07+09:00,5600,33300,205.9831,0
M0025,3161,2026-08-29,2026-08-29T22:32:31+09:00,4900,32600,206.8064,0
M0025,3161,2026-08-29,2026-08-29T23:11:51+09:00,5500,33200,207.4619,0
M0026,3162,2026-08-11,2026-08-11T10:53:13+09:00,-100,-100,0.0000,1
M0026,3162,2026-08-11,2026-08-11T11:28:39+09:00,-500,-500,0.5906,0
M0026,3162,2026-08-11,2026-08-11T12:02:43+09:00,-400,-400,1.1583,0
M0026,3162,2026-08-11,2026-08-11T12:36:02+09:00,-800,-800,1.7136,0
M0026,3162,2026-08-11,2026-08-11T13:06:25+09:00,-1400,-1400,2.2200,0
M0026,3162,2026-08-11,2026-08-11T13:34:33+09:00,-2000,-2000,2.6889,0
M0026,3162,2026-08-11,2026-08-11T14:09:42+09:00,-1300,-1300,3.2747,0
M0026,3162,2026-08-11,2026-08-11T14:50:37+09:00,-1500,-1500,3.9567,0
M0026,3162,2026-08-11,2026-08-11T15:29:09+09:00,-2200,-2200,4.5989,0
M0026,3162,2026-08-11,2026-08-11T16:05:23+09:00,-2000,-2000,5.2028,0
M0026,3162,2026-08-11,2026-08-11T16:40:17+09:00,-3100,-3100,5.7844,0
M0026,3162,2026-08-11,2026-08-11T17:28:47+09:00,-3900,-3900,6.5928,0
M0026,3162,2026-08-11,2026-08-11T18:06:29+09:00,-3200,-3200,7.2211,0
M0026,3162,2026-08-11,2026-08-11T18:41:47+09:00,-3900,-3900,7.8094,0
M0026,3162,2026-08-11,2026-08-11T19:30:51+09:00,-4000,-4000,8.6272,0
M0026,3162,2026-08-11,2026-08-11T20:08:57+09:00,-4700,-4700,9.2622,0
M0026,3162,2026-08-11,2026-08-11T21:39:59+09:00,-4100,-4100,10.7794,0
M0026,3162,2026-08-12,2026-08-12T10:53:47+09:00,-200,-4100,10.7794,1
M0026,3162,2026-08-12,2026-08-12T11:28:45+09:00,700,-3200,11.3622,0
M0026,3162,2026-08-12,2026-08-12T12:02:51+09:00,100,-3800,11.9306,0
M0026,3162,2026-08-12,2026-08-12T12:36:01+09:00,-600,-4500,12.4833,0
M0026,3162,2026-08-12,2026-08-12T13:06:31+09:00,-500,-4400,12.9917,0
M0026,3162,2026-08-12,2026-08-12T17:01:31+09:00,-1000,-4900,16.9083,0
M0026,3162,2026-08-12,2026-08-12T17:36:51+09:00,-1600,-5500,17.4972,0
M0026,3162,2026-08-12,2026-08-12T18:14:03+09:00,-2100,-6000,18.1172,0
M0026,3162,2026-08-13,2026-08-13T10:54:54+09:00,0,-6000,18.1172,1
M0026,3162,2026-08-13,2026-08-13T11:29:13+09:00,-600,-6600,18.6892,0
M0026,3162,2026-08-13,2026-08-13T12:03:39+09:00,-400,-6400,19.2631,0
M0026,3162,2026-08-13,2026-08-13T12:36:57+09:00,-700,-6700,19.8181,0
M0026,3162,2026-08-13,2026-08-13T13:09:39+09:00,-1700,-7700,20.3631,0
M0026,3162,2026-08-13,2026-08-13T15:11:23+09:00,-1300,-7300,22.3919,0
M0026,3162,2026-08-13,2026-08-13T16:33:27+09:00,-2100,-8100,23.7597,0
M0026,3162,2026-08-13,2026-08-13T17:10:25+09:00,-3300,-9300,24.3758,0
M0026,3162,2026-08-13,2026-08-13T17:59:47+09:00,-3800,-9800,25.1986,0
M0026,3162,2026-08-13,2026-08-13T18:36:04+09:00,-4500,-10500,25.8033,0
M0026,3162,2026-08-13,2026-08-13T19:14:33+09:00,-4400,-10400,26.4447,0
M0026,3162,2026-08-13,2026-08-13T20:02:43+09:00,-3600,-9600,27.2475,0
M0026,3162,2026-08-13,2026-08-13T20:39:10+09:00,-4800,-10800,27.8550,0
M0026,3162,2026-08-13,2026-08-13T21:23:43+09:00,-4900,-10900,28.5975,0
M0026,3162,2026-08-13,2026-08-13T22:03:35+09:00,-5200,-11200,29.2619,0
M0026,3162,2026-08-13,2026-08-13T22:40:21+09:00,-5500,-11500,29.8747,0
M0026,3162,2026-08-14,2026-08-14T10:54:41+09:00,-100,-11500,29.8747,1
M0026,3162,2026-08-14,2026-08-14T11:29:45+09:00,-800,-12200,30.4592,0
M0026,3162,2026-08-14,2026-08-14T12:04:15+09:00,400,-11000,31.0342,0
M0026,3162,2026-08-14,2026-08-14T12:37:28+09:00,2600,-8800,31.5878,0
M0026,3162,2026-08-14,2026-08-14T13:06:37+09:00,2400,-9000,32.0736,0
M0026,3162,2026-08-14,2026-08-14T13:35:02+09:00,2000,-9400,32.5472,0
M0026,3162,2026-08-14,2026-08-14T14:10:37+09:00,2600,-8800,33.1403,0
M0026,3162,2026-08-14,2026-08-14T14:55:41+09:00,2100,-9300,33.8914,0
M0026,3162,2026-08-14,2026-08-14T15:31:41+09:00,1700,-9700,34.4914,0
M0026,3162,2026-08-14,2026-08-14T16:08:02+09:00,1300,-10100,35.0972,0
M0026,3162,2026-08-14,2026-08-14T16:41:57+09:00,1200,-10200,35.6625,0
M0026,3162,2026-08-14,2026-08-14T17:30:37+09:00,1800,-9600,36.4736,0
M0026,3162,2026-08-14,2026-08-14T18:07:43+09:00,1100,-10300,37.0919,0
M0026,3162,2026-08-14,2026-08-14T19:31:33+09:00,1400,-10000,38.4892,0
M0026,3162,2026-08-14,2026-08-14T20:09:17+09:00,100,-11300,39.1181,0
M0026,3162,2026-08-14,2026-08-14T20:55:41+09:00,-100,-11500,39.8914,0
M0026,3162,2026-08-14,2026-08-14T21:33:02+09:00,-600,-12000,40.5139,0
M0026,3162,2026-08-14,2026-08-14T22:11:45+09:00,-1700,-13100,41.1592,0
M0026,3162,2026-08-14,2026-08-14T23:00:09+09:00,0,-11400,41.9658,0
M0026,3162,2026-08-15,2026-08-15T10:54:13+09:00,-100,-11400,41.9658,1
M0026,3162,2026-08-15,2026-08-15T11:29:09+09:00,0,-11300,42.5481,0
M0026,3162,2026-08-15,2026-08-15T12:03:27+09:00,-600,-11900,43.1197,0
M0026,3162,2026-08-15,2026-08-15T12:36:37+09:00,-300,-11600,43.6725,0
M0026,3162,2026-08-15,2026-08-15T13:08:49+09:00,-1100,-12400,44.2092,0
M0026,3162,2026-08-15,2026-08-15T14:01:55+09:00,900,-10400,45.0942,0
M0026,3162,2026-08-15,2026-08-15T14:36:09+09:00,600,-10700,45.6647,0
M0026,3162,2026-08-15,2026-08-15T15:11:53+09:00,2000,-9300,46.2603,0
M0026,3162,2026-08-15,2026-08-15T15:58:43+09:00,1600,-9700,47.0408,0
M0026,3162,2026-08-15,2026-08-15T16:34:01+09:00,1300,-10000,47.6292,0
M0026,3162,2026-08-15,2026-08-15T17:11:17+09:00,600,-10700,48.2503,0
M0026,3162,2026-08-15,2026-08-15T17:58:39+09:00,1800,-9500,49.0397,0
M0026,3162,2026-08-15,2026-08-15T18:35:13+09:00,3600,-7700,49.6492,0
M0026,3162,2026-08-15,2026-08-15T19:12:53+09:00,3300,-8000,50.2769,0
M0026,3162,2026-08-15,2026-08-15T20:38:25+09:00,3600,-7700,51.7025,0
M0026,3162,2026-08-15,2026-08-15T21:25:49+09:00,3100,-8200,52.4925,0
M0026,3162,2026-08-15,2026-08-15T22:04:23+09:00,3200,-8100,53.1353,0
M0026,3162,2026-08-15,2026-08-15T22:41:53+09:00,7500,-3800,53.7603,0
M0026,3162,2026-08-15,2026-08-15T23:30:39+09:00,7700,-3600,54.5731,0
M0026,3162,2026-08-16,2026-08-16T10:53:41+09:00,-200,-3600,54.5731,1
M0026,3162,2026-08-16,2026-08-16T11:28:27+09:00,1300,-2100,55.1525,0
M0026,3162,2026-08-16,2026-08-16T12:02:27+09:00,2100,-1300,55.7192,0
M0026,3162,2026-08-16,2026-08-16T12:35:49+09:00,1600,-1800,56.2753,0
M0026,3162,2026-08-16,2026-08-16T13:06:49+09:00,900,-2500,56.7919,0
M0026,3162,2026-08-16,2026-08-16T13:36:19+09:00,500,-2900,57.2836,0
M0026,3162,2026-08-16,2026-08-16T14:09:21+09:00,600,-2800,57.8342,0
M0026,3162,2026-08-16,2026-08-16T14:51:21+09:00,-200,-3600,58.5342,0
M0026,3162,2026-08-16,2026-08-16T16:05:23+09:00,-900,-4300,59.7681,0
M0026,3162,2026-08-16,2026-08-16T17:30:17+09:00,-800,-4200,61.1831,0
M0026,3162,2026-08-16,2026-08-16T18:07:35+09:00,-1300,-4700,61.8047,0
M0026,3162,2026-08-16,2026-08-16T18:38:25+09:00,-1100,-4500,62.3186,0
M0026,3162,2026-08-16,2026-08-16T19:40:19+09:00,-800,-4200,63.3503,0
M0026,3162,2026-08-16,2026-08-16T20:25:39+09:00,-900,-4300,64.1058,0
M0026,3162,2026-08-16,2026-08-16T21:04:51+09:00,-1600,-5000,64.7592,0
M0026,3162,2026-08-16,2026-08-16T21:42:13+09:00,-200,-3600,65.3819,0
M0026,3162,2026-08-16,2026-08-16T22:32:01+09:00,-300,-3700,66.2119,0
M0026,3162,2026-08-17,2026-08-17T10:52:31+09:00,0,-3700,66.2119,1
M0026,3162,2026-08-17,2026-08-17T12:34:35+09:00,100,-3600,67.9131,0
M0026,3162,2026-08-17,2026-08-17T13:07:15+09:00,1000,-2700,68.4575,0
M0026,3162,2026-08-17,2026-08-17T15:11:21+09:00,1400,-2300,70.5258,0
M0026,3162,2026-08-17,2026-08-17T17:09:07+09:00,1300,-2400,72.4886,0
M0026,3162,2026-08-17,2026-08-17T17:58:27+09:00,1100,-2600,73.3108,0
M0026,3162,2026-08-17,2026-08-17T18:33:03+09:00,400,-3300,73.8875,0
M0026,3162,2026-08-17,2026-08-17T19:09:23+09:00,0,-3700,74.4931,0
M0026,3162,2026-08-17,2026-08-17T19:59:55+09:00,-700,-4400,75.3353,0
M0026,3162,2026-08-17,2026-08-17T20:35:21+09:00,-1300,-5000,75.9258,0
M0026,3162,2026-08-17,2026-08-17T21:13:05+09:00,-700,-4400,76.5547,0
M0026,3162,2026-08-18,2026-08-18T10:52:51+09:00,-100,-4400,76.5547,1
M0026,3162,2026-08-18,2026-08-18T11:28:45+09:00,-800,-5100,77.1531,0
M0026,3162,2026-08-18,2026-08-18T12:02:47+09:00,600,-3700,77.7203,0
M0026,3162,2026-08-18,2026-08-18T12:35:21+09:00,500,-3800,78.2631,0
M0026,3162,2026-08-18,2026-08-18T13:07:37+09:00,1100,-3200,78.8008,0
M0026,3162,2026-08-18,2026-08-18T15:11:53+09:00,300,-4000,80.8719,0
M0026,3162,2026-08-18,2026-08-18T15:59:35+09:00,1000,-3300,81.6669,0
M0026,3162,2026-08-18,2026-08-18T16:33:08+09:00,200,-4100,82.2261,0
M0026,3162,2026-08-18,2026-08-18T17:08:27+09:00,1800,-2500,82.8147,0
M0026,3162,2026-08-18,2026-08-18T17:59:01+09:00,3000,-1300,83.6575,0
M0026,3162,2026-08-18,2026-08-18T19:09:25+09:00,2200,-2100,84.8308,0
M0026,3162,2026-08-18,2026-08-18T19:59:53+09:00,4700,400,85.6719,0
M0026,3162,2026-08-18,2026-08-18T20:35:25+09:00,5200,900,86.2642,0
M0026,3162,2026-08-18,2026-08-18T21:11:41+09:00,5100,800,86.8686,0
M0026,3162,2026-08-19,2026-08-19T10:53:31+09:00,0,800,86.8686,1
M0026,3162,2026-08-19,2026-08-19T13:35:01+09:00,-300,500,89.5603,0
M0026,3162,2026-08-19,2026-08-19T14:09:06+09:00,-1100,-300,90.1283,0
M0026,3162,2026-08-19,2026-08-19T14:49:47+09:00,-900,-100,90.8064,0
M0026,3162,2026-08-19,2026-08-19T15:26:59+09:00,-1500,-700,91.4264,0
M0026,3162,2026-08-19,2026-08-19T16:02:55+09:00,300,1100,92.0253,0
M0026,3162,2026-08-19,2026-08-19T16:36:50+09:00,2600,3400,92.5906,0
M0026,3162,2026-08-19,2026-08-19T17:06:11+09:00,5200,6000,93.0797,0
M0026,3162,2026-08-19,2026-08-19T17:32:35+09:00,7200,8000,93.5197,0
M0026,3162,2026-08-19,2026-08-19T18:08:43+09:00,6600,7400,94.1219,0
M0026,3162,2026-08-19,2026-08-19T18:50:27+09:00,6500,7300,94.8175,0
M0026,3162,2026-08-19,2026-08-19T19:28:55+09:00,6400,7200,95.4586,0
M0026,3162,2026-08-19,2026-08-19T20:05:19+09:00,6000,6800,96.0653,0
M0026,3162,2026-08-19,2026-08-19T20:39:17+09:00,5300,6100,96.6314,0
M0026,3162,2026-08-19,2026-08-19T21:30:39+09:00,4900,5700,97.4875,0
M0026,3162,2026-08-19,2026-08-19T22:07:17+09:00,5300,6100,98.0981,0
M0026,3162,2026-08-19,2026-08-19T22:43:08+09:00,6900,7700,98.6956,0
M0026,3162,2026-08-20,2026-08-20T10:52:57+09:00,0,7700,98.6956,1
M0026,3162,2026-08-20,2026-08-20T13:07:39+09:00,-200,7500,100.9406,0
M0026,3162,2026-08-20,2026-08-20T13:36:17+09:00,-100,7600,101.4178,0
M0026,3162,2026-08-20,2026-08-20T14:02:59+09:00,-300,7400,101.8628,0
M0026,3162,2026-08-20,2026-08-20T15:09:59+09:00,-500,7200,102.9794,0
M0026,3162,2026-08-20,2026-08-20T15:59:19+09:00,-1200,6500,103.8017,0
M0026,3162,2026-08-20,2026-08-20T16:32:33+09:00,-1500,6200,104.3556,0
M0026,3162,2026-08-20,2026-08-20T17:07:41+09:00,-1600,6100,104.9411,0
M0026,3162,2026-08-20,2026-08-20T17:42:01+09:00,-1500,6200,105.5133,0
M0026,3162,2026-08-20,2026-08-20T19:04:37+09:00,-1000,6700,106.8900,0
M0026,3162,2026-08-20,2026-08-20T19:39:23+09:00,1300,9000,107.4694,0
M0026,3162,2026-08-20,2026-08-20T20:28:35+09:00,1400,9100,108.2894,0
M0026,3162,2026-08-20,2026-08-20T21:05:21+09:00,900,8600,108.9022,0
M0026,3162,2026-08-20,2026-08-20T21:40:19+09:00,600,8300,109.4850,0
M0026,3162,2026-08-20,2026-08-20T22:30:04+09:00,800,8500,110.3142,0
M0026,3162,2026-08-22,2026-08-22T10:54:29+09:00,-100,8500,110.3142,1
M0026,3162,2026-08-22,2026-08-22T11:28:57+09:00,-500,8100,110.8886,0
M0026,3162,2026-08-22,2026-08-22T12:03:41+09:00,-800,7800,111.4675,0
M0026,3162,2026-08-22,2026-08-22T12:36:35+09:00,-1400,7200,112.0158,0
M0026,3162,2026-08-22,2026-08-22T13:08:43+09:00,-2200,6400,112.5514,0
M0026,3162,2026-08-22,2026-08-22T14:05:49+09:00,-2900,5700,113.5031,0
M0026,3162,2026-08-22,2026-08-22T14:40:51+09:00,-2700,5900,114.0869,0
M0026,3162,2026-08-22,2026-08-22T15:30:07+09:00,-3400,5200,114.9081,0
M0026,3162,2026-08-22,2026-08-22T16:07:19+09:00,-3800,4800,115.5281,0
M0026,3162,2026-08-22,2026-08-22T16:43:29+09:00,-3600,5000,116.1308,0
M0026,3162,2026-08-22,2026-08-22T17:31:13+09:00,-4200,4400,116.9264,0
M0026,3162,2026-08-22,2026-08-22T18:09:45+09:00,-3100,5500,117.5686,0
M0026,3162,2026-08-22,2026-08-22T18:55:39+09:00,-3500,5100,118.3336,0
M0026,3162,2026-08-22,2026-08-22T19:33:07+09:00,-4000,4600,118.9581,0
M0026,3162,2026-08-22,2026-08-22T20:12:13+09:00,-1000,7600,119.6097,0
M0026,3162,2026-08-22,2026-08-22T21:01:31+09:00,-1600,7000,120.4314,0
M0026,3162,2026-08-22,2026-08-22T21:39:25+09:00,-2100,6500,121.0631,0
M0026,3162,2026-08-22,2026-08-22T22:28:43+09:00,-2700,5900,121.8847,0
M0026,3162,2026-08-22,2026-08-22T23:08:15+09:00,-2000,6600,122.5436,0
M0026,3162,2026-08-23,2026-08-23T10:53:53+09:00,-200,6600,122.5436,1
M0026,3162,2026-08-23,2026-08-23T11:29:03+09:00,-400,6400,123.1297,0
M0026,3162,2026-08-23,2026-08-23T12:03:35+09:00,-900,5900,123.7053,0
M0026,3162,2026-08-23,2026-08-23T12:36:41+09:00,-800,6000,124.2569,0
M0026,3162,2026-08-23,2026-08-23T13:07:01+09:00,-500,6300,124.7625,0
M0026,3162,2026-08-23,2026-08-23T13:35:29+09:00,-200,6600,125.2369,0
M0026,3162,2026-08-23,2026-08-23T14:10:53+09:00,-700,6100,125.8269,0
M0026,3162,2026-08-23,2026-08-23T14:54:04+09:00,-1300,5500,126.5467,0
M0026,3162,2026-08-23,2026-08-23T15:31:31+09:00,-1800,5000,127.1708,0
M0026,3162,2026-08-23,2026-08-23T16:08:15+09:00,-2500,4300,127.7831,0
M0026,3162,2026-08-23,2026-08-23T16:54:35+09:00,-2800,4000,128.5553,0
M0026,3162,2026-08-23,2026-08-23T17:31:47+09:00,-3500,3300,129.1753,0
M0026,3162,2026-08-23,2026-08-23T18:09:27+09:00,-4100,2700,129.8031,0
M0026,3162,2026-08-23,2026-08-23T18:55:58+09:00,-4500,2300,130.5783,0
M0026,3162,2026-08-23,2026-08-23T19:33:57+09:00,-4400,2400,131.2114,0
M0026,3162,2026-08-23,2026-08-23T20:12:39+09:00,-4500,2300,131.8564,0
M0026,3162,2026-08-24,2026-08-24T10:54:29+09:00,-100,2300,131.8564,1
M0026,3162,2026-08-24,2026-08-24T11:29:08+09:00,400,2800,132.4339,0
M0026,3162,2026-08-24,2026-08-24T12:03:33+09:00,0,2400,133.0075,0
M0026,3162,2026-08-24,2026-08-24T12:36:23+09:00,1200,3600,133.5547,0
M0026,3162,2026-08-24,2026-08-24T13:10:11+09:00,-100,2300,134.1181,0
M0026,3162,2026-08-24,2026-08-24T14:31:29+09:00,-200,2200,135.4731,0
M0026,3162,2026-08-24,2026-08-24T15:06:59+09:00,200,2600,136.0647,0
M0026,3162,2026-08-24,2026-08-24T15:35:54+09:00,1100,3500,136.5467,0
M0026,3162,2026-08-24,2026-08-24T16:05:39+09:00,700,3100,137.0425,0
M0026,3162,2026-08-24,2026-08-24T16:40:02+09:00,-100,2300,137.6156,0
M0026,3162,2026-08-24,2026-08-24T17:23:02+09:00,100,2500,138.3322,0
M0026,3162,2026-08-24,2026-08-24T18:02:01+09:00,-500,1900,138.9819,0
M0026,3162,2026-08-24,2026-08-24T18:37:29+09:00,-700,1700,139.5731,0
M0026,3162,2026-08-24,2026-08-24T19:13:25+09:00,-400,2000,140.1719,0
M0026,3162,2026-08-24,2026-08-24T20:00:37+09:00,100,2500,140.9586,0
M0026,3162,2026-08-24,2026-08-24T20:36:01+09:00,-500,1900,141.5486,0
M0026,3162,2026-08-24,2026-08-24T21:13:01+09:00,-400,2000,142.1653,0
M0026,3162,2026-08-25,2026-08-25T10:53:53+09:00,-200,2000,142.1653,1
M0026,3162,2026-08-25,2026-08-25T11:29:03+09:00,-100,2100,142.7514,0
M0026,3162,2026-08-25,2026-08-25T12:03:47+09:00,-600,1600,143.3303,0
M0026,3162,2026-08-25,2026-08-25T12:36:43+09:00,-1200,1000,143.8792,0
M0026,3162,2026-08-25,2026-08-25T13:06:33+09:00,-1700,500,144.3764,0
M0026,3162,2026-08-25,2026-08-25T13:34:33+09:00,-2200,0,144.8431,0
M0026,3162,2026-08-25,2026-08-25T14:09:29+09:00,-2500,-300,145.4253,0
M0026,3162,2026-08-25,2026-08-25T14:50:35+09:00,-2800,-600,146.1103,0
M0026,3162,2026-08-25,2026-08-25T15:27:09+09:00,-3000,-800,146.7197,0
M0026,3162,2026-08-25,2026-08-25T17:05:09+09:00,-3100,-900,148.3531,0
M0026,3162,2026-08-25,2026-08-25T19:28:31+09:00,-3500,-1300,150.7425,0
M0026,3162,2026-08-25,2026-08-25T20:05:21+09:00,-4200,-2000,151.3564,0
M0026,3162,2026-08-25,2026-08-25T20:40:03+09:00,-5000,-2800,151.9347,0
M0026,3162,2026-08-25,2026-08-25T23:34:49+09:00,-4900,-2700,154.8475,0
M0026,3162,2026-08-26,2026-08-26T10:53:07+09:00,0,-2700,154.8475,1
M0026,3162,2026-08-26,2026-08-26T12:02:31+09:00,-100,-2800,156.0042,0
M0026,3162,2026-08-26,2026-08-26T12:34:47+09:00,500,-2200,156.5419,0
M0026,3162,2026-08-26,2026-08-26T13:07:13+09:00,100,-2600,157.0825,0
M0026,3162,2026-08-26,2026-08-26T13:35:35+09:00,-400,-3100,157.5553,0
M0026,3162,2026-08-26,2026-08-26T16:31:31+09:00,-800,-3500,160.4875,0
M0026,3162,2026-08-26,2026-08-26T17:07:27+09:00,-1500,-4200,161.0864,0
M0026,3162,2026-08-26,2026-08-26T17:35:49+09:00,-2000,-4700,161.5592,0
M0026,3162,2026-08-26,2026-08-26T18:03:25+09:00,-1100,-3800,162.0192,0
M0026,3162,2026-08-26,2026-08-26T18:38:31+09:00,-1700,-4400,162.6042,0
M0026,3162,2026-08-26,2026-08-26T20:01:09+09:00,-1900,-4600,163.9814,0
M0026,3162,2026-08-26,2026-08-26T20:36:21+09:00,-2300,-5000,164.5681,0
M0026,3162,2026-08-26,2026-08-26T21:13:13+09:00,-2900,-5600,165.1825,0
M0026,3162,2026-08-26,2026-08-26T22:00:53+09:00,-3300,-6000,165.9769,0
M0026,3162,2026-08-26,2026-08-26T22:36:49+09:00,-2300,-5000,166.5758,0
M0026,3162,2026-08-27,2026-08-27T10:54:19+09:00,0,-5000,166.5758,1
M0026,3162,2026-08-27,2026-08-27T12:36:15+09:00,100,-4900,168.2747,0
M0026,3162,2026-08-27,2026-08-27T13:07:43+09:00,0,-5000,168.7992,0
M0026,3162,2026-08-27,2026-08-27T13:35:23+09:00,-600,-5600,169.2603,0
M0026,3162,2026-08-27,2026-08-27T14:07:15+09:00,-1200,-6200,169.7914,0
M0026,3162,2026-08-27,2026-08-27T15:26:49+09:00,-700,-5700,171.1175,0
M0026,3162,2026-08-27,2026-08-27T17:33:23+09:00,-1000,-6000,173.2269,0
M0026,3162,2026-08-27,2026-08-27T18:09:51+09:00,-1400,-6400,173.8347,0
M0026,3162,2026-08-27,2026-08-27T18:53:03+09:00,-1700,-6700,174.5547,0
M0026,3162,2026-08-27,2026-08-27T19:30:47+09:00,-1500,-6500,175.1836,0
M0026,3162,2026-08-28,2026-08-28T10:54:45+09:00,-100,-6500,175.1836,1
M0026,3162,2026-08-28,2026-08-28T11:29:35+09:00,-300,-6700,175.7642,0
M0026,3162,2026-08-28,2026-08-28T12:04:21+09:00,100,-6300,176.3436,0
M0026,3162,2026-08-28,2026-08-28T12:36:55+09:00,-400,-6800,176.8864,0
M0026,3162,2026-08-28,2026-08-28T13:07:27+09:00,-900,-7300,177.3953,0
M0026,3162,2026-08-28,2026-08-28T13:35:41+09:00,-600,-7000,177.8658,0
M0026,3162,2026-08-28,2026-08-28T19:37:02+09:00,-900,-7300,183.8883,0
M0026,3162,2026-08-28,2026-08-28T20:14:11+09:00,1400,-5000,184.5075,0
M0026,3162,2026-08-28,2026-08-28T21:00:55+09:00,4000,-2400,185.2864,0
M0026,3162,2026-08-28,2026-08-28T21:36:25+09:00,4500,-1900,185.8781,0
M0026,3162,2026-08-28,2026-08-28T22:13:23+09:00,4000,-2400,186.4942,0
M0026,3162,2026-08-29,2026-08-29T10:54:15+09:00,-100,-2400,186.4942,1
M0026,3162,2026-08-29,2026-08-29T11:29:35+09:00,0,-2300,187.0831,0
M0026,3162,2026-08-29,2026-08-29T12:04:02+09:00,-600,-2900,187.6572,0
M0026,3162,2026-08-29,2026-08-29T12:37:17+09:00,-1100,-3400,188.2114,0
M0026,3162,2026-08-29,2026-08-29T13:08:43+09:00,-1700,-4000,188.7353,0
M0026,3162,2026-08-29,2026-08-29T14:08:01+09:00,-2100,-4400,189.7236,0
M0026,3162,2026-08-29,2026-08-29T15:28:43+09:00,-2600,-4900,191.0686,0
M0026,3162,2026-08-29,2026-08-29T16:38:29+09:00,-2400,-4700,192.2314,0
M0026,3162,2026-08-29,2026-08-29T17:36:27+09:00,-2900,-5200,193.1975,0
M0026,3162,2026-08-29,2026-08-29T18:13:47+09:00,-3900,-6200,193.8197,0
M0026,3162,2026-08-29,2026-08-29T19:01:11+09:00,-4100,-6400,194.6097,0
M0026,3162,2026-08-29,2026-08-29T19:38:11+09:00,-4300,-6600,195.2264,0
M0026,3162,2026-08-29,2026-08-29T20:25:59+09:00,-3500,-5800,196.0231,0
M0026,3162,2026-08-29,2026-08-29T21:05:49+09:00,-4100,-6400,196.6869,0
M0026,3162,2026-08-29,2026-08-29T21:43:07+09:00,-4500,-6800,197.3086,0
M0026,3162,2026-08-29,2026-08-29T22:32:31+09:00,-4600,-6900,198.1319,0
M0027,3163,2026-08-11,2026-08-11T10:53:13+09:00,-100,-100,0.0000,1
M0027,3163,2026-08-11,2026-08-11T11:28:39+09:00,-700,-700,0.5906,0
M0027,3163,2026-08-11,2026-08-11T12:02:43+09:00,-1400,-1400,1.1583,0
M0027,3163,2026-08-11,2026-08-11T12:36:02+09:00,-2000,-2000,1.7136,0
M0027,3163,2026-08-11,2026-08-11T13:06:25+09:00,-1500,-1500,2.2200,0
M0027,3163,2026-08-11,2026-08-11T13:34:33+09:00,200,200,2.6889,0
M0027,3163,2026-08-11,2026-08-11T14:09:42+09:00,2600,2600,3.2747,0
M0027,3163,2026-08-11,2026-08-11T14:50:37+09:00,2500,2500,3.9567,0
M0027,3163,2026-08-11,2026-08-11T16:05:23+09:00,2100,2100,5.2028,0
M0027,3163,2026-08-11,2026-08-11T16:40:17+09:00,2200,2200,5.7844,0
M0027,3163,2026-08-11,2026-08-11T17:28:47+09:00,4100,4100,6.5928,0
M0027,3163,2026-08-11,2026-08-11T18:06:29+09:00,4200,4200,7.2211,0
M0027,3163,2026-08-11,2026-08-11T18:41:47+09:00,3900,3900,7.8094,0
M0027,3163,2026-08-11,2026-08-11T19:30:51+09:00,6100,6100,8.6272,0
M0027,3163,2026-08-11,2026-08-11T20:08:57+09:00,10100,10100,9.2622,0
M0027,3163,2026-08-11,2026-08-11T21:03:30+09:00,10400,10400,10.1714,0
M0027,3163,2026-08-11,2026-08-11T21:39:59+09:00,9500,9500,10.7794,0
M0027,3163,2026-08-11,2026-08-11T22:25:23+09:00,9400,9400,11.5361,0
M0027,3163,2026-08-11,2026-08-11T23:04:47+09:00,9700,9700,12.1928,0
M0027,3163,2026-08-12,2026-08-12T10:53:47+09:00,0,9700,12.1928,1
M0027,3163,2026-08-12,2026-08-12T12:36:01+09:00,500,10200,13.8967,0
M0027,3163,2026-08-12,2026-08-12T13:35:53+09:00,3300,13000,14.8944,0
M0027,3163,2026-08-12,2026-08-12T14:11:01+09:00,4300,14000,15.4800,0
M0027,3163,2026-08-12,2026-08-12T14:56:33+09:00,4400,14100,16.2389,0
M0027,3163,2026-08-12,2026-08-12T15:31:45+09:00,5100,14800,16.8256,0
M0027,3163,2026-08-12,2026-08-12T16:07:57+09:00,4500,14200,17.4289,0
M0027,3163,2026-08-12,2026-08-12T16:35:17+09:00,4200,13900,17.8844,0
M0027,3163,2026-08-12,2026-08-12T17:01:31+09:00,4700,14400,18.3217,0
M0027,3163,2026-08-12,2026-08-12T17:36:51+09:00,4100,13800,18.9106,0
M0027,3163,2026-08-12,2026-08-12T18:14:03+09:00,3500,13200,19.5306,0
M0027,3163,2026-08-12,2026-08-12T19:01:02+09:00,3900,13600,20.3136,0
M0027,3163,2026-08-12,2026-08-12T21:03:27+09:00,4400,14100,22.3539,0
M0027,3163,2026-08-12,2026-08-12T21:39:31+09:00,4300,14000,22.9550,0
M0027,3163,2026-08-13,2026-08-13T10:54:54+09:00,-200,14000,22.9550,1
M0027,3163,2026-08-13,2026-08-13T11:29:13+09:00,-900,13300,23.5269,0
M0027,3163,2026-08-13,2026-08-13T12:03:39+09:00,-1000,13200,24.1008,0
M0027,3163,2026-08-13,2026-08-13T12:36:57+09:00,-1100,13100,24.6558,0
M0027,3163,2026-08-13,2026-08-13T13:09:39+09:00,-900,13300,25.2008,0
M0027,3163,2026-08-13,2026-08-13T14:00:59+09:00,-1600,12600,26.0564,0
M0027,3163,2026-08-13,2026-08-13T15:11:23+09:00,-900,13300,27.2297,0
M0027,3163,2026-08-13,2026-08-13T15:58:27+09:00,-1200,13000,28.0142,0
M0027,3163,2026-08-13,2026-08-13T16:33:27+09:00,-1900,12300,28.5975,0
M0027,3163,2026-08-13,2026-08-13T17:10:25+09:00,-2800,11400,29.2136,0
M0027,3163,2026-08-13,2026-08-13T17:59:47+09:00,-2000,12200,30.0364,0
M0027,3163,2026-08-13,2026-08-13T18:36:04+09:00,-2500,11700,30.6411,0
M0027,3163,2026-08-13,2026-08-13T19:14:33+09:00,-2300,11900,31.2825,0
M0027,3163,2026-08-13,2026-08-13T20:39:10+09:00,-3600,10600,32.6928,0
M0027,3163,2026-08-13,2026-08-13T21:23:43+09:00,-3400,10800,33.4353,0
M0027,3163,2026-08-13,2026-08-13T22:40:21+09:00,-3600,10600,34.7125,0
M0027,3163,2026-08-14,2026-08-14T10:54:41+09:00,-200,10600,34.7125,1
M0027,3163,2026-08-14,2026-08-14T11:29:45+09:00,-700,10100,35.2969,0
M0027,3163,2026-08-14,2026-08-14T12:04:15+09:00,500,11300,35.8719,0
M0027,3163,2026-08-14,2026-08-14T12:37:28+09:00,700,11500,36.4256,0
M0027,3163,2026-08-14,2026-08-14T13:06:37+09:00,400,11200,36.9114,0
M0027,3163,2026-08-14,2026-08-14T13:35:02+09:00,700,11500,37.3850,0
M0027,3163,2026-08-14,2026-08-14T14:10:37+09:00,-300,10500,37.9781,0
M0027,3163,2026-08-14,2026-08-14T14:55:41+09:00,200,11000,38.7292,0
M0027,3163,2026-08-14,2026-08-14T15:31:41+09:00,300,11100,39.3292,0
M0027,3163,2026-08-14,2026-08-14T16:08:02+09:00,1200,12000,39.9350,0
M0027,3163,2026-08-14,2026-08-14T16:41:57+09:00,2800,13600,40.5003,0
M0027,3163,2026-08-14,2026-08-14T18:07:43+09:00,2600,13400,41.9297,0
M0027,3163,2026-08-14,2026-08-14T18:43:04+09:00,2000,12800,42.5189,0
M0027,3163,2026-08-14,2026-08-14T19:31:33+09:00,1200,12000,43.3269,0
M0027,3163,2026-08-14,2026-08-14T20:09:17+09:00,600,11400,43.9558,0
M0027,3163,2026-08-14,2026-08-14T20:55:41+09:00,0,10800,44.7292,0
M0027,3163,2026-08-14,2026-08-14T21:33:02+09:00,-600,10200,45.3517,0
M0027,3163,2026-08-14,2026-08-14T22:11:45+09:00,-1100,9700,45.9969,0
M0027,3163,2026-08-14,2026-08-14T23:00:09+09:00,-1800,9000,46.8036,0
M0027,3163,2026-08-14,2026-08-14T23:38:17+09:00,-900,9900,47.4392,0
M0027,3163,2026-08-15,2026-08-15T10:54:13+09:00,-100,9900,47.4392,1
M0027,3163,2026-08-15,2026-08-15T11:29:09+09:00,-500,9500,48.0214,0
M0027,3163,2026-08-15,2026-08-15T12:03:27+09:00,-1200,8800,48.5931,0
M0027,3163,2026-08-15,2026-08-15T12:36:37+09:00,-1900,8100,49.1458,0
M0027,3163,2026-08-15,2026-08-15T14:01:55+09:00,-2000,8000,50.5675,0
M0027,3163,2026-08-15,2026-08-15T14:36:09+09:00,-2700,7300,51.1381,0
M0027,3163,2026-08-15,2026-08-15T15:11:53+09:00,-3400,6600,51.7336,0
M0027,3163,2026-08-15,2026-08-15T15:58:43+09:00,-4000,6000,52.5142,0
M0027,3163,2026-08-15,2026-08-15T16:34:01+09:00,-3600,6400,53.1025,0
M0027,3163,2026-08-15,2026-08-15T17:11:17+09:00,-4400,5600,53.7236,0
M0027,3163,2026-08-15,2026-08-15T17:58:39+09:00,-5100,4900,54.5131,0
M0027,3163,2026-08-15,2026-08-15T18:35:13+09:00,-5700,4300,55.1225,0
M0027,3163,2026-08-15,2026-08-15T19:12:53+09:00,-6800,3200,55.7503,0
M0027,3163,2026-08-15,2026-08-15T20:01:19+09:00,-5000,5000,56.5575,0
M0027,3163,2026-08-15,2026-08-15T20:38:25+09:00,-3800,6200,57.1758,0
M0027,3163,2026-08-15,2026-08-15T22:04:23+09:00,-4200,5800,58.6086,0
M0027,3163,2026-08-15,2026-08-15T22:41:53+09:00,-4300,5700,59.2336,0
M0027,3163,2026-08-16,2026-08-16T10:53:41+09:00,-100,5700,59.2336,1
M0027,3163,2026-08-16,2026-08-16T11:28:27+09:00,-700,5100,59.8131,0
M0027,3163,2026-08-16,2026-08-16T12:02:27+09:00,-800,5000,60.3797,0
M0027,3163,2026-08-16,2026-08-16T13:06:49+09:00,-1100,4700,61.4525,0
M0027,3163,2026-08-16,2026-08-16T13:36:19+09:00,-1600,4200,61.9442,0
M0027,3163,2026-08-16,2026-08-16T14:09:21+09:00,-400,5400,62.4947,0
M0027,3163,2026-08-16,2026-08-16T14:51:21+09:00,-500,5300,63.1947,0
M0027,3163,2026-08-16,2026-08-16T15:29:10+09:00,-1000,4800,63.8250,0
M0027,3163,2026-08-16,2026-08-16T16:05:23+09:00,500,6300,64.4286,0
M0027,3163,2026-08-16,2026-08-16T16:39:55+09:00,1600,7400,65.0042,0
M0027,3163,2026-08-16,2026-08-16T17:30:17+09:00,1500,7300,65.8436,0
M0027,3163,2026-08-16,2026-08-16T18:07:35+09:00,1400,7200,66.4653,0
M0027,3163,2026-08-16,2026-08-16T18:38:25+09:00,1900,7700,66.9792,0
M0027,3163,2026-08-16,2026-08-16T19:40:19+09:00,4900,10700,68.0108,0
M0027,3163,2026-08-16,2026-08-16T20:25:39+09:00,6000,11800,68.7664,0
M0027,3163,2026-08-16,2026-08-16T21:04:51+09:00,8800,14600,69.4197,0
M0027,3163,2026-08-16,2026-08-16T21:42:13+09:00,7800,13600,70.0425,0
M0027,3163,2026-08-16,2026-08-16T22:32:01+09:00,9500,15300,70.8725,0
M0027,3163,2026-08-17,2026-08-17T10:52:31+09:00,-100,15300,70.8725,1
M0027,3163,2026-08-17,2026-08-17T11:28:29+09:00,-600,14800,71.4719,0
M0027,3163,2026-08-17,2026-08-17T12:02:23+09:00,-300,15100,72.0369,0
M0027,3163,2026-08-17,2026-08-17T12:34:35+09:00,-400,15000,72.5736,0
M0027,3163,2026-08-17,2026-08-17T15:11:21+09:00,-800,14600,75.1864,0
M0027,3163,2026-08-17,2026-08-17T15:59:33+09:00,-1000,14400,75.9897,0
M0027,3163,2026-08-17,2026-08-17T16:33:27+09:00,-1300,14100,76.5547,0
M0027,3163,2026-08-17,2026-08-17T17:09:07+09:00,-2600,12800,77.1492,0
M0027,3163,2026-08-17,2026-08-17T17:58:27+09:00,-3300,12100,77.9714,0
M0027,3163,2026-08-17,2026-08-17T18:33:03+09:00,-3500,11900,78.5481,0
M0027,3163,2026-08-17,2026-08-17T19:09:23+09:00,-3900,11500,79.1536,0
M0027,3163,2026-08-17,2026-08-17T20:35:21+09:00,-4300,11100,80.5864,0
M0027,3163,2026-08-17,2026-08-17T21:13:05+09:00,-5400,10000,81.2153,0
M0027,3163,2026-08-17,2026-08-17T21:59:13+09:00,-6000,9400,81.9842,0
M0027,3163,2026-08-17,2026-08-17T22:34:49+09:00,-5500,9900,82.5775,0
M0027,3163,2026-08-18,2026-08-18T10:52:51+09:00,-200,9900,82.5775,1
M0027,3163,2026-08-18,2026-08-18T11:28:45+09:00,-900,9200,83.1758,0
M0027,3163,2026-08-18,2026-08-18T12:02:47+09:00,-1400,8700,83.7431,0
M0027,3163,2026-08-18,2026-08-18T12:35:21+09:00,-1900,8200,84.2858,0
M0027,3163,2026-08-18,2026-08-18T13:07:37+09:00,-2600,7500,84.8236,0
M0027,3163,2026-08-18,2026-08-18T13:35:43+09:00,-3100,7000,85.2919,0
M0027,3163,2026-08-18,2026-08-18T14:04:28+09:00,-2600,7500,85.7711,0
M0027,3163,2026-08-18,2026-08-18T14:37:28+09:00,-2500,7600,86.3211,0
M0027,3163,2026-08-18,2026-08-18T15:11:53+09:00,-3700,6400,86.8947,0
M0027,3163,2026-08-18,2026-08-18T15:59:35+09:00,-3100,7000,87.6897,0
M0027,3163,2026-08-18,2026-08-18T16:33:08+09:00,-1700,8400,88.2489,0
M0027,3163,2026-08-18,2026-08-18T20:35:25+09:00,-2000,8100,92.2869,0
M0027,3163,2026-08-18,2026-08-18T21:11:41+09:00,-3200,6900,92.8914,0
M0027,3163,2026-08-18,2026-08-18T21:57:39+09:00,-2600,7500,93.6575,0
M0027,3163,2026-08-18,2026-08-18T22:33:27+09:00,-3000,7100,94.2542,0
M0027,3163,2026-08-19,2026-08-19T10:53:31+09:00,0,7100,94.2542,1
M0027,3163,2026-08-19,2026-08-19T13:06:21+09:00,-100,7000,96.4681,0
M0027,3163,2026-08-19,2026-08-19T18:50:27+09:00,-600,6500,102.2031,0
M0027,3163,2026-08-19,2026-08-19T19:28:55+09:00,-1200,5900,102.8442,0
M0027,3163,2026-08-19,2026-08-19T20:05:19+09:00,-200,6900,103.4508,0
M0027,3163,2026-08-19,2026-08-19T20:39:17+09:00,200,7300,104.0169,0
M0027,3163,2026-08-20,2026-08-20T10:52:57+09:00,0,7300,104.0169,1
M0027,3163,2026-08-20,2026-08-20T14:35:37+09:00,-400,6900,107.7281,0
M0027,3163,2026-08-20,2026-08-20T15:09:59+09:00,-500,6800,108.3008,0
M0027,3163,2026-08-20,2026-08-20T15:59:19+09:00,400,7700,109.1231,0
M0027,3163,2026-08-20,2026-08-20T16:32:33+09:00,0,7300,109.6769,0
M0027,3163,2026-08-20,2026-08-20T19:39:23+09:00,-400,6900,112.7908,0
M0027,3163,2026-08-20,2026-08-20T20:28:35+09:00,-1100,6200,113.6108,0
M0027,3163,2026-08-20,2026-08-20T21:05:21+09:00,-300,7000,114.2236,0
M0027,3163,2026-08-20,2026-08-20T21:40:19+09:00,-800,6500,114.8064,0
M0027,3163,2026-08-20,2026-08-20T22:30:04+09:00,-100,7200,115.6356,0
M0027,3163,2026-08-22,2026-08-22T10:54:29+09:00,-100,7200,115.6356,1
M0027,3163,2026-08-22,2026-08-22T11:28:57+09:00,-700,6600,116.2100,0
M0027,3163,2026-08-22,2026-08-22T12:03:41+09:00,-100,7200,116.7889,0
M0027,3163,2026-08-22,2026-08-22T12:36:35+09:00,800,8100,117.3372,0
M0027,3163,2026-08-22,2026-08-22T13:08:43+09:00,700,8000,117.8728,0
M0027,3163,2026-08-22,2026-08-22T14:05:49+09:00,1300,8600,118.8244,0
M0027,3163,2026-08-22,2026-08-22T14:40:51+09:00,1200,8500,119.4083,0
M0027,3163,2026-08-22,2026-08-22T15:30:07+09:00,1000,8300,120.2294,0
M0027,3163,2026-08-22,2026-08-22T16:07:19+09:00,1600,8900,120.8494,0
M0027,3163,2026-08-22,2026-08-22T16:43:29+09:00,500,7800,121.4522,0
M0027,3163,2026-08-22,2026-08-22T17:31:13+09:00,0,7300,122.2478,0
M0027,3163,2026-08-22,2026-08-22T18:09:45+09:00,-1000,6300,122.8900,0
M0027,3163,2026-08-22,2026-08-22T18:55:39+09:00,-1500,5800,123.6550,0
M0027,3163,2026-08-22,2026-08-22T19:33:07+09:00,-2300,5000,124.2794,0
M0027,3163,2026-08-22,2026-08-22T20:12:13+09:00,-2800,4500,124.9311,0
M0027,3163,2026-08-22,2026-08-22T21:01:31+09:00,-3400,3900,125.7528,0
M0027,3163,2026-08-22,2026-08-22T21:39:25+09:00,-3200,4100,126.3844,0
M0027,3163,2026-08-23,2026-08-23T10:53:53+09:00,-200,4100,126.3844,1
M0027,3163,2026-08-23,2026-08-23T11:29:03+09:00,600,4900,126.9706,0
M0027,3163,2026-08-23,2026-08-23T12:03:35+09:00,400,4700,127.5461,0
M0027,3163,2026-08-23,2026-08-23T12:36:41+09:00,-100,4200,128.0978,0
M0027,3163,2026-08-23,2026-08-23T13:07:01+09:00,600,4900,128.6033,0
M0027,3163,2026-08-23,2026-08-23T13:35:29+09:00,200,4500,129.0778,0
M0027,3163,2026-08-23,2026-08-23T14:10:53+09:00,4000,8300,129.6678,0
M0027,3163,2026-08-23,2026-08-23T14:54:04+09:00,6200,10500,130.3875,0
M0027,3163,2026-08-23,2026-08-23T15:31:31+09:00,6100,10400,131.0117,0
M0027,3163,2026-08-23,2026-08-23T16:08:15+09:00,6600,10900,131.6239,0
M0027,3163,2026-08-23,2026-08-23T16:54:35+09:00,6000,10300,132.3961,0
M0027,3163,2026-08-23,2026-08-23T17:31:47+09:00,5500,9800,133.0161,0
M0027,3163,2026-08-23,2026-08-23T18:09:27+09:00,5800,10100,133.6439,0
M0027,3163,2026-08-23,2026-08-23T18:55:58+09:00,5200,9500,134.4192,0
M0027,3163,2026-08-23,2026-08-23T19:33:57+09:00,5100,9400,135.0522,0
M0027,3163,2026-08-23,2026-08-23T20:12:39+09:00,4900,9200,135.6972,0
M0027,3163,2026-08-23,2026-08-23T21:01:31+09:00,4500,8800,136.5117,0
M0027,3163,2026-08-23,2026-08-23T21:39:29+09:00,4400,8700,137.1444,0
M0027,3163,2026-08-24,2026-08-24T10:54:29+09:00,-100,8700,137.1444,1
M0027,3163,2026-08-24,2026-08-24T11:29:08+09:00,-800,8000,137.7219,0
M0027,3163,2026-08-24,2026-08-24T12:03:33+09:00,100,8900,138.2956,0
M0027,3163,2026-08-24,2026-08-24T12:36:23+09:00,-300,8500,138.8428,0
M0027,3163,2026-08-24,2026-08-24T13:10:11+09:00,-200,8600,139.4061,0
M0027,3163,2026-08-24,2026-08-24T13:57:31+09:00,-500,8300,140.1950,0
M0027,3163,2026-08-24,2026-08-24T14:31:29+09:00,-900,7900,140.7611,0
M0027,3163,2026-08-24,2026-08-24T15:06:59+09:00,-800,8000,141.3528,0
M0027,3163,2026-08-24,2026-08-24T15:35:54+09:00,-900,7900,141.8347,0
M0027,3163,2026-08-24,2026-08-24T16:05:39+09:00,-1300,7500,142.3306,0
M0027,3163,2026-08-24,2026-08-24T17:23:02+09:00,-2000,6800,143.6203,0
M0027,3163,2026-08-24,2026-08-24T18:02:01+09:00,-2200,6600,144.2700,0
M0027,3163,2026-08-24,2026-08-24T18:37:29+09:00,-2500,6300,144.8611,0
M0027,3163,2026-08-24,2026-08-24T19:13:25+09:00,-1300,7500,145.4600,0
M0027,3163,2026-08-24,2026-08-24T20:00:37+09:00,-1900,6900,146.2467,0
M0027,3163,2026-08-24,2026-08-24T20:36:01+09:00,-1100,7700,146.8367,0
M0027,3163,2026-08-24,2026-08-24T21:13:01+09:00,2700,11500,147.4533,0
M0027,3163,2026-08-24,2026-08-24T22:34:35+09:00,2200,11000,148.8128,0
M0027,3163,2026-08-24,2026-08-24T23:12:02+09:00,2500,11300,149.4369,0
M0027,3163,2026-08-25,2026-08-25T10:53:53+09:00,0,11300,149.4369,1
M0027,3163,2026-08-25,2026-08-25T12:36:43+09:00,100,11400,151.1508,0
M0027,3163,2026-08-25,2026-08-25T13:06:33+09:00,-800,10500,151.6481,0
M0027,3163,2026-08-25,2026-08-25T13:34:33+09:00,-1100,10200,152.1147,0
M0027,3163,2026-08-25,2026-08-25T14:09:29+09:00,-1900,9400,152.6969,0
M0027,3163,2026-08-25,2026-08-25T14:50:35+09:00,-2000,9300,153.3819,0
M0027,3163,2026-08-25,2026-08-25T17:05:09+09:00,-2100,9200,155.6247,0
M0027,3163,2026-08-25,2026-08-25T17:30:51+09:00,-2800,8500,156.0531,0
M0027,3163,2026-08-25,2026-08-25T18:07:23+09:00,-3500,7800,156.6619,0
M0027,3163,2026-08-25,2026-08-25T18:42:17+09:00,-3600,7700,157.2436,0
M0027,3163,2026-08-25,2026-08-25T20:40:03+09:00,-3300,8000,159.2064,0
M0027,3163,2026-08-25,2026-08-25T21:28:25+09:00,-2700,8600,160.0125,0
M0027,3163,2026-08-26,2026-08-26T10:53:07+09:00,-100,8600,160.0125,1
M0027,3163,2026-08-26,2026-08-26T11:28:33+09:00,-900,7800,160.6031,0
M0027,3163,2026-08-26,2026-08-26T12:02:31+09:00,-600,8100,161.1692,0
M0027,3163,2026-08-26,2026-08-26T13:07:13+09:00,-400,8300,162.2475,0
M0027,3163,2026-08-26,2026-08-26T19:20:17+09:00,-800,7900,168.4653,0
M0027,3163,2026-08-26,2026-08-26T20:36:21+09:00,-1400,7300,169.7331,0
M0027,3163,2026-08-26,2026-08-26T21:13:13+09:00,200,8900,170.3475,0
M0027,3163,2026-08-26,2026-08-26T22:00:53+09:00,700,9400,171.1419,0
M0027,3163,2026-08-26,2026-08-26T22:36:49+09:00,200,8900,171.7408,0
M0027,3163,2026-08-27,2026-08-27T10:54:19+09:00,0,8900,171.7408,1
M0027,3163,2026-08-27,2026-08-27T12:03:19+09:00,-200,8700,172.8908,0
M0027,3163,2026-08-27,2026-08-27T12:36:15+09:00,1100,10000,173.4397,0
M0027,3163,2026-08-27,2026-08-27T13:07:43+09:00,500,9400,173.9642,0
M0027,3163,2026-08-27,2026-08-27T13:35:23+09:00,100,9000,174.4253,0
M0027,3163,2026-08-27,2026-08-27T14:07:15+09:00,-600,8300,174.9564,0
M0027,3163,2026-08-27,2026-08-27T14:41:06+09:00,-700,8200,175.5206,0
M0027,3163,2026-08-27,2026-08-27T16:02:47+09:00,-1100,7800,176.8819,0
M0027,3163,2026-08-27,2026-08-27T16:36:51+09:00,-1900,7000,177.4497,0
M0027,3163,2026-08-27,2026-08-27T17:04:59+09:00,-1600,7300,177.9186,0
M0027,3163,2026-08-27,2026-08-27T19:30:47+09:00,-1900,7000,180.3486,0
M0027,3163,2026-08-27,2026-08-27T20:08:01+09:00,-1700,7200,180.9692,0
M0027,3163,2026-08-27,2026-08-27T20:44:41+09:00,-1800,7100,181.5803,0
M0027,3163,2026-08-28,2026-08-28T10:54:45+09:00,-100,7100,181.5803,1
M0027,3163,2026-08-28,2026-08-28T11:29:35+09:00,-800,6400,182.1608,0
M0027,3163,2026-08-28,2026-08-28T12:36:55+09:00,-500,6700,183.2831,0
M0027,3163,2026-08-28,2026-08-28T13:07:27+09:00,-100,7100,183.7919,0
M0027,3163,2026-08-28,2026-08-28T13:35:41+09:00,-700,6500,184.2625,0
M0027,3163,2026-08-28,2026-08-28T14:09:41+09:00,-1800,5400,184.8292,0
M0027,3163,2026-08-28,2026-08-28T14:51:34+09:00,-2500,4700,185.5272,0
M0027,3163,2026-08-28,2026-08-28T15:26:59+09:00,-2800,4400,186.1175,0
M0027,3163,2026-08-28,2026-08-28T16:03:29+09:00,-2400,4800,186.7258,0
M0027,3163,2026-08-28,2026-08-28T16:38:15+09:00,-2500,4700,187.3053,0
M0027,3163,2026-08-28,2026-08-28T17:29:15+09:00,-2700,4500,188.1553,0
M0027,3163,2026-08-28,2026-08-28T18:05:37+09:00,-1600,5600,188.7614,0
M0027,3163,2026-08-28,2026-08-28T18:38:39+09:00,1800,9000,189.3119,0
M0027,3163,2026-08-28,2026-08-28T19:37:02+09:00,1400,8600,190.2850,0
M0027,3163,2026-08-28,2026-08-28T20:14:11+09:00,1100,8300,190.9042,0
M0027,3163,2026-08-28,2026-08-28T21:00:55+09:00,600,7800,191.6831,0
M0027,3163,2026-08-28,2026-08-28T21:36:25+09:00,0,7200,192.2747,0
M0027,3163,2026-08-28,2026-08-28T22:13:23+09:00,-1000,6200,192.8908,0
M0027,3163,2026-08-28,2026-08-28T23:02:02+09:00,-200,7000,193.7017,0
M0027,3163,2026-08-29,2026-08-29T10:54:15+09:00,-100,7000,193.7017,1
M0027,3163,2026-08-29,2026-08-29T11:29:35+09:00,-400,6700,194.2906,0
M0027,3163,2026-08-29,2026-08-29T12:04:02+09:00,-100,7000,194.8647,0
M0027,3163,2026-08-29,2026-08-29T12:37:17+09:00,-700,6400,195.4189,0
M0027,3163,2026-08-29,2026-08-29T13:08:43+09:00,-1100,6000,195.9428,0
M0027,3163,2026-08-29,2026-08-29T14:08:01+09:00,-500,6600,196.9311,0
M0027,3163,2026-08-29,2026-08-29T14:42:31+09:00,-800,6300,197.5061,0
M0027,3163,2026-08-29,2026-08-29T15:28:43+09:00,-1500,5600,198.2761,0
M0027,3163,2026-08-29,2026-08-29T16:05:41+09:00,-2000,5100,198.8922,0
M0027,3163,2026-08-29,2026-08-29T17:36:27+09:00,-1800,5300,200.4050,0
M0027,3163,2026-08-29,2026-08-29T18:13:47+09:00,-2300,4800,201.0272,0
M0027,3163,2026-08-29,2026-08-29T19:01:11+09:00,-2900,4200,201.8172,0
M0027,3163,2026-08-29,2026-08-29T19:38:11+09:00,-2700,4400,202.4339,0
M0027,3163,2026-08-29,2026-08-29T21:05:49+09:00,-3000,4100,203.8944,0
M0027,3163,2026-08-29,2026-08-29T21:43:07+09:00,-3700,3400,204.5161,0
M0027,3163,2026-08-29,2026-08-29T22:32:31+09:00,-4100,3000,205.3394,0
M0027,3163,2026-08-29,2026-08-29T23:11:51+09:00,-4300,2800,205.9950,0
M0028,3164,2026-08-11,2026-08-11T10:53:13+09:00,-200,-200,0.0000,1
M0028,3164,2026-08-11,2026-08-11T11:28:39+09:00,-300,-300,0.5906,0
M0028,3164,2026-08-11,2026-08-11T12:02:43+09:00,-800,-800,1.1583,0
M0028,3164,2026-08-11,2026-08-11T12:36:02+09:00,-1200,-1200,1.7136,0
M0028,3164,2026-08-11,2026-08-11T13:06:25+09:00,-1700,-1700,2.2200,0
M0028,3164,2026-08-11,2026-08-11T13:34:33+09:00,-2400,-2400,2.6889,0
M0028,3164,2026-08-11,2026-08-11T14:09:42+09:00,-2200,-2200,3.2747,0
M0028,3164,2026-08-11,2026-08-11T14:50:37+09:00,-2900,-2900,3.9567,0
M0028,3164,2026-08-11,2026-08-11T15:29:09+09:00,-2600,-2600,4.5989,0
M0028,3164,2026-08-11,2026-08-11T16:05:23+09:00,-3100,-3100,5.2028,0
M0028,3164,2026-08-11,2026-08-11T16:40:17+09:00,-4200,-4200,5.7844,0
M0028,3164,2026-08-11,2026-08-11T17:28:47+09:00,-4600,-4600,6.5928,0
M0028,3164,2026-08-11,2026-08-11T18:41:47+09:00,-5500,-5500,7.8094,0
M0028,3164,2026-08-11,2026-08-11T19:30:51+09:00,-6100,-6100,8.6272,0
M0028,3164,2026-08-11,2026-08-11T20:08:57+09:00,-5200,-5200,9.2622,0
M0028,3164,2026-08-11,2026-08-11T21:03:30+09:00,-5900,-5900,10.1714,0
M0028,3164,2026-08-11,2026-08-11T21:39:59+09:00,-6400,-6400,10.7794,0
M0028,3164,2026-08-11,2026-08-11T22:25:23+09:00,-6900,-6900,11.5361,0
M0028,3164,2026-08-12,2026-08-12T10:53:47+09:00,-100,-6900,11.5361,1
M0028,3164,2026-08-12,2026-08-12T11:28:45+09:00,100,-6700,12.1189,0
M0028,3164,2026-08-12,2026-08-12T12:02:51+09:00,500,-6300,12.6872,0
M0028,3164,2026-08-12,2026-08-12T12:36:01+09:00,300,-6500,13.2400,0
M0028,3164,2026-08-12,2026-08-12T13:06:31+09:00,-400,-7200,13.7483,0
M0028,3164,2026-08-12,2026-08-12T13:35:53+09:00,400,-6400,14.2378,0
M0028,3164,2026-08-12,2026-08-12T14:11:01+09:00,4100,-2700,14.8233,0
M0028,3164,2026-08-12,2026-08-12T14:56:33+09:00,4000,-2800,15.5822,0
M0028,3164,2026-08-12,2026-08-12T15:31:45+09:00,3500,-3300,16.1689,0
M0028,3164,2026-08-12,2026-08-12T16:07:57+09:00,2700,-4100,16.7722,0
M0028,3164,2026-08-12,2026-08-12T16:35:17+09:00,2500,-4300,17.2278,0
M0028,3164,2026-08-12,2026-08-12T17:01:31+09:00,3600,-3200,17.6650,0
M0028,3164,2026-08-12,2026-08-12T17:36:51+09:00,3000,-3800,18.2539,0
M0028,3164,2026-08-12,2026-08-12T18:14:03+09:00,2700,-4100,18.8739,0
M0028,3164,2026-08-12,2026-08-12T19:01:02+09:00,2900,-3900,19.6569,0
M0028,3164,2026-08-12,2026-08-12T19:36:51+09:00,2300,-4500,20.2539,0
M0028,3164,2026-08-12,2026-08-12T20:14:43+09:00,1000,-5800,20.8850,0
M0028,3164,2026-08-12,2026-08-12T21:03:27+09:00,400,-6400,21.6972,0
M0028,3164,2026-08-12,2026-08-12T21:39:31+09:00,-100,-6900,22.2983,0
M0028,3164,2026-08-12,2026-08-12T22:26:01+09:00,-700,-7500,23.0733,0
M0028,3164,2026-08-12,2026-08-12T23:05:02+09:00,-900,-7700,23.7236,0
M0028,3164,2026-08-13,2026-08-13T10:54:54+09:00,-200,-7700,23.7236,1
M0028,3164,2026-08-13,2026-08-13T11:29:13+09:00,-700,-8200,24.2956,0
M0028,3164,2026-08-13,2026-08-13T12:03:39+09:00,-100,-7600,24.8694,0
M0028,3164,2026-08-13,2026-08-13T12:36:57+09:00,-700,-8200,25.4244,0
M0028,3164,2026-08-13,2026-08-13T13:09:39+09:00,-600,-8100,25.9694,0
M0028,3164,2026-08-13,2026-08-13T14:00:59+09:00,-700,-8200,26.8250,0
M0028,3164,2026-08-13,2026-08-13T14:35:09+09:00,-1100,-8600,27.3944,0
M0028,3164,2026-08-13,2026-08-13T15:11:23+09:00,-2000,-9500,27.9983,0
M0028,3164,2026-08-13,2026-08-13T16:33:27+09:00,-1400,-8900,29.3661,0
M0028,3164,2026-08-13,2026-08-13T17:10:25+09:00,200,-7300,29.9822,0
M0028,3164,2026-08-13,2026-08-13T17:59:47+09:00,600,-6900,30.8050,0
M0028,3164,2026-08-13,2026-08-13T18:36:04+09:00,2400,-5100,31.4097,0
M0028,3164,2026-08-13,2026-08-13T19:14:33+09:00,1900,-5600,32.0511,0
M0028,3164,2026-08-13,2026-08-13T20:02:43+09:00,1700,-5800,32.8539,0
M0028,3164,2026-08-13,2026-08-13T21:23:43+09:00,1300,-6200,34.2039,0
M0028,3164,2026-08-13,2026-08-13T22:03:35+09:00,1800,-5700,34.8683,0
M0028,3164,2026-08-14,2026-08-14T10:54:41+09:00,-100,-5700,34.8683,1
M0028,3164,2026-08-14,2026-08-14T11:29:45+09:00,-900,-6500,35.4528,0
M0028,3164,2026-08-14,2026-08-14T12:04:15+09:00,-1100,-6700,36.0278,0
M0028,3164,2026-08-14,2026-08-14T12:37:28+09:00,-1200,-6800,36.5814,0
M0028,3164,2026-08-14,2026-08-14T13:06:37+09:00,-1800,-7400,37.0672,0
M0028,3164,2026-08-14,2026-08-14T13:35:02+09:00,-2500,-8100,37.5408,0
M0028,3164,2026-08-14,2026-08-14T14:10:37+09:00,-2800,-8400,38.1339,0
M0028,3164,2026-08-14,2026-08-14T14:55:41+09:00,-3400,-9000,38.8850,0
M0028,3164,2026-08-14,2026-08-14T15:31:41+09:00,-3300,-8900,39.4850,0
M0028,3164,2026-08-14,2026-08-14T16:08:02+09:00,-2900,-8500,40.0908,0
M0028,3164,2026-08-14,2026-08-14T16:41:57+09:00,-2800,-8400,40.6561,0
M0028,3164,2026-08-14,2026-08-14T17:30:37+09:00,-3400,-9000,41.4672,0
M0028,3164,2026-08-14,2026-08-14T18:07:43+09:00,-3300,-8900,42.0856,0
M0028,3164,2026-08-14,2026-08-14T18:43:04+09:00,-3100,-8700,42.6747,0
M0028,3164,2026-08-14,2026-08-14T20:09:17+09:00,-3300,-8900,44.1117,0
M0028,3164,2026-08-14,2026-08-14T20:55:41+09:00,-2300,-7900,44.8850,0
M0028,3164,2026-08-14,2026-08-14T21:33:02+09:00,-2800,-8400,45.5075,0
M0028,3164,2026-08-15,2026-08-15T10:54:13+09:00,-100,-8400,45.5075,1
M0028,3164,2026-08-15,2026-08-15T11:29:09+09:00,-900,-9200,46.0897,0
M0028,3164,2026-08-15,2026-08-15T12:03:27+09:00,-1300,-9600,46.6614,0
M0028,3164,2026-08-15,2026-08-15T12:36:37+09:00,-2000,-10300,47.2142,0
M0028,3164,2026-08-15,2026-08-15T13:08:49+09:00,-2800,-11100,47.7508,0
M0028,3164,2026-08-15,2026-08-15T14:01:55+09:00,-2200,-10500,48.6358,0
M0028,3164,2026-08-15,2026-08-15T14:36:09+09:00,-3000,-11300,49.2064,0
M0028,3164,2026-08-15,2026-08-15T15:11:53+09:00,-3800,-12100,49.8019,0
M0028,3164,2026-08-15,2026-08-15T15:58:43+09:00,-4000,-12300,50.5825,0
M0028,3164,2026-08-15,2026-08-15T16:34:01+09:00,-4200,-12500,51.1708,0
M0028,3164,2026-08-15,2026-08-15T17:11:17+09:00,-5000,-13300,51.7919,0
M0028,3164,2026-08-15,2026-08-15T17:58:39+09:00,-5600,-13900,52.5814,0
M0028,3164,2026-08-15,2026-08-15T18:35:13+09:00,-6200,-14500,53.1908,0
M0028,3164,2026-08-15,2026-08-15T19:12:53+09:00,-7100,-15400,53.8186,0
M0028,3164,2026-08-15,2026-08-15T20:01:19+09:00,-7500,-15800,54.6258,0
M0028,3164,2026-08-15,2026-08-15T20:38:25+09:00,-5400,-13700,55.2442,0
M0028,3164,2026-08-16,2026-08-16T10:53:41+09:00,-100,-13700,55.2442,1
M0028,3164,2026-08-16,2026-08-16T11:28:27+09:00,-500,-14100,55.8236,0
M0028,3164,2026-08-16,2026-08-16T12:02:27+09:00,-900,-14500,56.3903,0
M0028,3164,2026-08-16,2026-08-16T12:35:49+09:00,-1400,-15000,56.9464,0
M0028,3164,2026-08-16,2026-08-16T13:06:49+09:00,-1100,-14700,57.4631,0
M0028,3164,2026-08-16,2026-08-16T13:36:19+09:00,-1000,-14600,57.9547,0
M0028,3164,2026-08-16,2026-08-16T14:09:21+09:00,-700,-14300,58.5053,0
M0028,3164,2026-08-16,2026-08-16T14:51:21+09:00,-800,-14400,59.2053,0
M0028,3164,2026-08-16,2026-08-16T16:05:23+09:00,-1500,-15100,60.4392,0
M0028,3164,2026-08-16,2026-08-16T16:39:55+09:00,-2200,-15800,61.0147,0
M0028,3164,2026-08-16,2026-08-16T17:30:17+09:00,-1900,-15500,61.8542,0
M0028,3164,2026-08-16,2026-08-16T18:07:35+09:00,-2700,-16300,62.4758,0
M0028,3164,2026-08-16,2026-08-16T18:38:25+09:00,-2400,-16000,62.9897,0
M0028,3164,2026-08-16,2026-08-16T19:40:19+09:00,-1800,-15400,64.0214,0
M0028,3164,2026-08-16,2026-08-16T20:25:39+09:00,-1500,-15100,64.7769,0
M0028,3164,2026-08-16,2026-08-16T21:04:51+09:00,-100,-13700,65.4303,0
M0028,3164,2026-08-16,2026-08-16T21:42:13+09:00,0,-13600,66.0531,0
M0028,3164,2026-08-16,2026-08-16T22:32:01+09:00,600,-13000,66.8831,0
M0028,3164,2026-08-17,2026-08-17T10:52:31+09:00,0,-13000,66.8831,1
M0028,3164,2026-08-17,2026-08-17T12:02:23+09:00,-300,-13300,68.0475,0
M0028,3164,2026-08-17,2026-08-17T12:34:35+09:00,-1000,-14000,68.5842,0
M0028,3164,2026-08-17,2026-08-17T13:07:15+09:00,-800,-13800,69.1286,0
M0028,3164,2026-08-17,2026-08-17T15:11:21+09:00,-1700,-14700,71.1969,0
M0028,3164,2026-08-17,2026-08-17T15:59:33+09:00,-2300,-15300,72.0003,0
M0028,3164,2026-08-17,2026-08-17T16:33:27+09:00,-1900,-14900,72.5653,0
M0028,3164,2026-08-17,2026-08-17T20:35:21+09:00,-1600,-14600,76.5969,0
M0028,3164,2026-08-17,2026-08-17T21:13:05+09:00,-1800,-14800,77.2258,0
M0028,3164,2026-08-18,2026-08-18T10:52:51+09:00,-200,-14800,77.2258,1
M0028,3164,2026-08-18,2026-08-18T11:28:45+09:00,300,-14300,77.8242,0
M0028,3164,2026-08-18,2026-08-18T12:02:47+09:00,-200,-14800,78.3914,0
M0028,3164,2026-08-18,2026-08-18T12:35:21+09:00,-1000,-15600,78.9342,0
M0028,3164,2026-08-18,2026-08-18T13:07:37+09:00,-1500,-16100,79.4719,0
M0028,3164,2026-08-18,2026-08-18T13:35:43+09:00,-1300,-15900,79.9403,0
M0028,3164,2026-08-18,2026-08-18T14:04:28+09:00,-2000,-16600,80.4194,0
M0028,3164,2026-08-18,2026-08-18T14:37:28+09:00,-1800,-16400,80.9694,0
M0028,3164,2026-08-18,2026-08-18T15:11:53+09:00,-2900,-17500,81.5431,0
M0028,3164,2026-08-18,2026-08-18T15:59:35+09:00,-3300,-17900,82.3381,0
M0028,3164,2026-08-18,2026-08-18T16:33:08+09:00,-3800,-18400,82.8972,0
M0028,3164,2026-08-18,2026-08-18T17:08:27+09:00,-900,-15500,83.4858,0
M0028,3164,2026-08-18,2026-08-18T17:59:01+09:00,-700,-15300,84.3286,0
M0028,3164,2026-08-18,2026-08-18T18:33:31+09:00,400,-14200,84.9036,0
M0028,3164,2026-08-18,2026-08-18T19:09:25+09:00,3000,-11600,85.5019,0
M0028,3164,2026-08-18,2026-08-18T19:59:53+09:00,2100,-12500,86.3431,0
M0028,3164,2026-08-18,2026-08-18T20:35:25+09:00,2500,-12100,86.9353,0
M0028,3164,2026-08-18,2026-08-18T21:11:41+09:00,2800,-11800,87.5397,0
M0028,3164,2026-08-18,2026-08-18T22:33:27+09:00,2300,-12300,88.9025,0
M0028,3164,2026-08-19,2026-08-19T10:53:31+09:00,0,-12300,88.9025,1
M0028,3164,2026-08-19,2026-08-19T12:35:06+09:00,-100,-12400,90.5956,0
M0028,3164,2026-08-19,2026-08-19T13:35:01+09:00,-200,-12500,91.5942,0
M0028,3164,2026-08-19,2026-08-19T15:26:59+09:00,-600,-12900,93.4603,0
M0028,3164,2026-08-19,2026-08-19T16:02:55+09:00,-1400,-13700,94.0592,0
M0028,3164,2026-08-19,2026-08-19T16:36:50+09:00,-700,-13000,94.6244,0
M0028,3164,2026-08-19,2026-08-19T17:06:11+09:00,1000,-11300,95.1136,0
M0028,3164,2026-08-19,2026-08-19T20:39:17+09:00,900,-11400,98.6653,0
M0028,3164,2026-08-19,2026-08-19T21:30:39+09:00,500,-11800,99.5214,0
M0028,3164,2026-08-19,2026-08-19T22:07:17+09:00,1200,-11100,100.1319,0
M0028,3164,2026-08-20,2026-08-20T10:52:57+09:00,0,-11100,100.1319,1
M0028,3164,2026-08-20,2026-08-20T12:35:01+09:00,-500,-11600,101.8331,0
M0028,3164,2026-08-20,2026-08-20T13:07:39+09:00,-600,-11700,102.3769,0
M0028,3164,2026-08-20,2026-08-20T13:36:17+09:00,-1000,-12100,102.8542,0
M0028,3164,2026-08-20,2026-08-20T14:02:59+09:00,-1600,-12700,103.2992,0
M0028,3164,2026-08-20,2026-08-20T14:35:37+09:00,-2000,-13100,103.8431,0
M0028,3164,2026-08-20,2026-08-20T15:09:59+09:00,-1800,-12900,104.4158,0
M0028,3164,2026-08-20,2026-08-20T15:59:19+09:00,-2300,-13400,105.2381,0
M0028,3164,2026-08-20,2026-08-20T16:32:33+09:00,-2900,-14000,105.7919,0
M0028,3164,2026-08-20,2026-08-20T17:07:41+09:00,-1400,-12500,106.3775,0
M0028,3164,2026-08-20,2026-08-20T17:42:01+09:00,-700,-11800,106.9497,0
M0028,3164,2026-08-20,2026-08-20T18:28:21+09:00,-200,-11300,107.7219,0
M0028,3164,2026-08-20,2026-08-20T19:04:37+09:00,-800,-11900,108.3264,0
M0028,3164,2026-08-20,2026-08-20T21:05:21+09:00,-600,-11700,110.3386,0
M0028,3164,2026-08-20,2026-08-20T21:40:19+09:00,-800,-11900,110.9214,0
M0028,3164,2026-08-22,2026-08-22T10:54:29+09:00,-100,-11900,110.9214,1
M0028,3164,2026-08-22,2026-08-22T11:28:57+09:00,-400,-12200,111.4958,0
M0028,3164,2026-08-22,2026-08-22T12:03:41+09:00,-700,-12500,112.0747,0
M0028,3164,2026-08-22,2026-08-22T12:36:35+09:00,-1100,-12900,112.6231,0
M0028,3164,2026-08-22,2026-08-22T13:08:43+09:00,-1000,-12800,113.1586,0
M0028,3164,2026-08-22,2026-08-22T14:05:49+09:00,-1400,-13200,114.1103,0
M0028,3164,2026-08-22,2026-08-22T14:40:51+09:00,-2200,-14000,114.6942,0
M0028,3164,2026-08-22,2026-08-22T15:30:07+09:00,-2700,-14500,115.5153,0
M0028,3164,2026-08-22,2026-08-22T16:07:19+09:00,-1500,-13300,116.1353,0
M0028,3164,2026-08-22,2026-08-22T16:43:29+09:00,700,-11100,116.7381,0
M0028,3164,2026-08-22,2026-08-22T17:31:13+09:00,600,-11200,117.5336,0
M0028,3164,2026-08-22,2026-08-22T18:09:45+09:00,400,-11400,118.1758,0
M0028,3164,2026-08-22,2026-08-22T18:55:39+09:00,200,-11600,118.9408,0
M0028,3164,2026-08-22,2026-08-22T19:33:07+09:00,300,-11500,119.5653,0
M0028,3164,2026-08-23,2026-08-23T10:53:53+09:00,-200,-11500,119.5653,1
M0028,3164,2026-08-23,2026-08-23T11:29:03+09:00,300,-11000,120.1514,0
M0028,3164,2026-08-23,2026-08-23T12:03:35+09:00,-300,-11600,120.7269,0
M0028,3164,2026-08-23,2026-08-23T12:36:41+09:00,-100,-11400,121.2786,0
M0028,3164,2026-08-23,2026-08-23T13:07:01+09:00,-900,-12200,121.7842,0
M0028,3164,2026-08-23,2026-08-23T13:35:29+09:00,-500,-11800,122.2586,0
M0028,3164,2026-08-23,2026-08-23T14:10:53+09:00,700,-10600,122.8486,0
M0028,3164,2026-08-23,2026-08-23T14:54:04+09:00,300,-11000,123.5683,0
M0028,3164,2026-08-23,2026-08-23T15:31:31+09:00,-300,-11600,124.1925,0
M0028,3164,2026-08-23,2026-08-23T16:08:15+09:00,-900,-12200,124.8047,0
M0028,3164,2026-08-23,2026-08-23T16:54:35+09:00,-600,-11900,125.5769,0
M0028,3164,2026-08-23,2026-08-23T18:09:27+09:00,-900,-12200,126.8247,0
M0028,3164,2026-08-23,2026-08-23T18:55:58+09:00,-1300,-12600,127.6000,0
M0028,3164,2026-08-24,2026-08-24T10:54:29+09:00,-100,-12600,127.6000,1
M0028,3164,2026-08-24,2026-08-24T11:29:08+09:00,0,-12500,128.1775,0
M0028,3164,2026-08-24,2026-08-24T12:03:33+09:00,-600,-13100,128.7511,0
M0028,3164,2026-08-24,2026-08-24T12:36:23+09:00,-300,-12800,129.2983,0
M0028,3164,2026-08-24,2026-08-24T13:10:11+09:00,-1400,-13900,129.8617,0
M0028,3164,2026-08-24,2026-08-24T13:57:31+09:00,-2000,-14500,130.6506,0
M0028,3164,2026-08-24,2026-08-24T14:31:29+09:00,-2600,-15100,131.2167,0
M0028,3164,2026-08-24,2026-08-24T15:06:59+09:00,-3200,-15700,131.8083,0
M0028,3164,2026-08-24,2026-08-24T15:35:54+09:00,-3100,-15600,132.2903,0
M0028,3164,2026-08-24,2026-08-24T16:05:39+09:00,-3900,-16400,132.7861,0
M0028,3164,2026-08-24,2026-08-24T16:40:02+09:00,-4900,-17400,133.3592,0
M0028,3164,2026-08-24,2026-08-24T17:23:02+09:00,-4200,-16700,134.0758,0
M0028,3164,2026-08-24,2026-08-24T18:02:01+09:00,-4700,-17200,134.7256,0
M0028,3164,2026-08-24,2026-08-24T18:37:29+09:00,-4800,-17300,135.3167,0
M0028,3164,2026-08-24,2026-08-24T19:13:25+09:00,-5300,-17800,135.9156,0
M0028,3164,2026-08-24,2026-08-24T20:00:37+09:00,-5600,-18100,136.7022,0
M0028,3164,2026-08-24,2026-08-24T20:36:01+09:00,-5500,-18000,137.2922,0
M0028,3164,2026-08-24,2026-08-24T21:13:01+09:00,-5400,-17900,137.9089,0
M0028,3164,2026-08-25,2026-08-25T10:53:53+09:00,-200,-17900,137.9089,1
M0028,3164,2026-08-25,2026-08-25T11:29:03+09:00,-500,-18200,138.4950,0
M0028,3164,2026-08-25,2026-08-25T12:03:47+09:00,-1100,-18800,139.0739,0
M0028,3164,2026-08-25,2026-08-25T12:36:43+09:00,-1700,-19400,139.6228,0
M0028,3164,2026-08-25,2026-08-25T13:06:33+09:00,-2300,-20000,140.1200,0
M0028,3164,2026-08-25,2026-08-25T13:34:33+09:00,-2700,-20400,140.5867,0
M0028,3164,2026-08-25,2026-08-25T17:30:51+09:00,-3000,-20700,144.5250,0
M0028,3164,2026-08-25,2026-08-25T18:07:23+09:00,-3700,-21400,145.1339,0
M0028,3164,2026-08-25,2026-08-25T18:42:17+09:00,-300,-18000,145.7156,0
M0028,3164,2026-08-25,2026-08-25T19:28:31+09:00,-400,-18100,146.4861,0
M0028,3164,2026-08-25,2026-08-25T20:05:21+09:00,-300,-18000,147.1000,0
M0028,3164,2026-08-25,2026-08-25T20:40:03+09:00,-600,-18300,147.6783,0
M0028,3164,2026-08-25,2026-08-25T21:28:25+09:00,-1200,-18900,148.4844,0
M0028,3164,2026-08-25,2026-08-25T22:05:51+09:00,-700,-18400,149.1083,0
M0028,3164,2026-08-25,2026-08-25T22:39:15+09:00,-1000,-18700,149.6650,0
M0028,3164,2026-08-25,2026-08-25T23:34:49+09:00,-1100,-18800,150.5911,0
M0028,3164,2026-08-26,2026-08-26T10:53:07+09:00,0,-18800,150.5911,1
M0028,3164,2026-08-26,2026-08-26T12:34:47+09:00,-400,-19200,152.2856,0
M0028,3164,2026-08-26,2026-08-26T13:07:13+09:00,500,-18300,152.8261,0
M0028,3164,2026-08-26,2026-08-26T13:35:35+09:00,1500,-17300,153.2989,0
M0028,3164,2026-08-26,2026-08-26T14:04:55+09:00,4400,-14400,153.7878,0
M0028,3164,2026-08-26,2026-08-26T14:37:55+09:00,5700,-13100,154.3378,0
M0028,3164,2026-08-26,2026-08-26T15:12:25+09:00,5200,-13600,154.9128,0
M0028,3164,2026-08-26,2026-08-26T15:57:47+09:00,4500,-14300,155.6689,0
M0028,3164,2026-08-26,2026-08-26T16:31:31+09:00,3900,-14900,156.2311,0
M0028,3164,2026-08-26,2026-08-26T17:07:27+09:00,3500,-15300,156.8300,0
M0028,3164,2026-08-26,2026-08-26T17:35:49+09:00,4400,-14400,157.3028,0
M0028,3164,2026-08-26,2026-08-26T20:36:21+09:00,4900,-13900,160.3117,0
M0028,3164,2026-08-26,2026-08-26T21:13:13+09:00,4700,-14100,160.9261,0
M0028,3164,2026-08-26,2026-08-26T22:00:53+09:00,4800,-14000,161.7206,0
M0028,3164,2026-08-27,2026-08-27T10:54:19+09:00,0,-14000,161.7206,1
M0028,3164,2026-08-27,2026-08-27T12:03:19+09:00,-200,-14200,162.8706,0
M0028,3164,2026-08-27,2026-08-27T12:36:15+09:00,-800,-14800,163.4194,0
M0028,3164,2026-08-27,2026-08-27T13:07:43+09:00,-1300,-15300,163.9439,0
M0028,3164,2026-08-27,2026-08-27T13:35:23+09:00,-400,-14400,164.4050,0
M0028,3164,2026-08-27,2026-08-27T14:07:15+09:00,-300,-14300,164.9361,0
M0028,3164,2026-08-27,2026-08-27T14:41:06+09:00,-1200,-15200,165.5003,0
M0028,3164,2026-08-27,2026-08-27T15:26:49+09:00,-1400,-15400,166.2622,0
M0028,3164,2026-08-27,2026-08-27T17:04:59+09:00,-1800,-15800,167.8983,0
M0028,3164,2026-08-27,2026-08-27T17:33:23+09:00,-2600,-16600,168.3717,0
M0028,3164,2026-08-27,2026-08-27T18:09:51+09:00,-2700,-16700,168.9794,0
M0028,3164,2026-08-27,2026-08-27T20:44:41+09:00,-600,-14600,171.5600,0
M0028,3164,2026-08-27,2026-08-27T21:32:59+09:00,-300,-14300,172.3650,0
M0028,3164,2026-08-28,2026-08-28T10:54:45+09:00,-100,-14300,172.3650,1
M0028,3164,2026-08-28,2026-08-28T11:29:35+09:00,-900,-15100,172.9456,0
M0028,3164,2026-08-28,2026-08-28T12:04:21+09:00,-400,-14600,173.5250,0
M0028,3164,2026-08-28,2026-08-28T12:36:55+09:00,-500,-14700,174.0678,0
M0028,3164,2026-08-28,2026-08-28T13:07:27+09:00,-1200,-15400,174.5767,0
M0028,3164,2026-08-28,2026-08-28T13:35:41+09:00,-1000,-15200,175.0472,0
M0028,3164,2026-08-28,2026-08-28T19:37:02+09:00,-1400,-15600,181.0697,0
M0028,3164,2026-08-28,2026-08-28T20:14:11+09:00,-1200,-15400,181.6889,0
M0028,3164,2026-08-28,2026-08-28T21:00:55+09:00,-1600,-15800,182.4678,0
M0028,3164,2026-08-28,2026-08-28T21:36:25+09:00,-2200,-16400,183.0594,0
M0028,3164,2026-08-28,2026-08-28T22:13:23+09:00,-2700,-16900,183.6756,0
M0028,3164,2026-08-29,2026-08-29T10:54:15+09:00,-100,-16900,183.6756,1
M0028,3164,2026-08-29,2026-08-29T11:29:35+09:00,200,-16600,184.2644,0
M0028,3164,2026-08-29,2026-08-29T12:04:02+09:00,800,-16000,184.8386,0
M0028,3164,2026-08-29,2026-08-29T12:37:17+09:00,200,-16600,185.3928,0
M0028,3164,2026-08-29,2026-08-29T13:08:43+09:00,400,-16400,185.9167,0
M0028,3164,2026-08-29,2026-08-29T14:08:01+09:00,200,-16600,186.9050,0
M0028,3164,2026-08-29,2026-08-29T14:42:31+09:00,1900,-14900,187.4800,0
M0028,3164,2026-08-29,2026-08-29T15:28:43+09:00,2700,-14100,188.2500,0
M0028,3164,2026-08-29,2026-08-29T16:38:29+09:00,2600,-14200,189.4128,0
M0028,3164,2026-08-29,2026-08-29T17:36:27+09:00,2900,-13900,190.3789,0
M0028,3164,2026-08-29,2026-08-29T19:01:11+09:00,2100,-14700,191.7911,0
M0028,3164,2026-08-29,2026-08-29T19:38:11+09:00,1900,-14900,192.4078,0
M0028,3164,2026-08-29,2026-08-29T21:05:49+09:00,2400,-14400,193.8683,0
M0028,3164,2026-08-29,2026-08-29T21:43:07+09:00,1900,-14900,194.4900,0
M0029,3165,2026-08-11,2026-08-11T10:53:13+09:00,-100,-100,0.0000,1
M0029,3165,2026-08-11,2026-08-11T11:28:39+09:00,-500,-500,0.5906,0
M0029,3165,2026-08-11,2026-08-11T12:02:43+09:00,-1000,-1000,1.1583,0
M0029,3165,2026-08-11,2026-08-11T12:36:02+09:00,-1700,-1700,1.7136,0
M0029,3165,2026-08-11,2026-08-11T13:06:25+09:00,-2000,-2000,2.2200,0
M0029,3165,2026-08-11,2026-08-11T13:34:33+09:00,-2600,-2600,2.6889,0
M0029,3165,2026-08-11,2026-08-11T14:09:42+09:00,-2700,-2700,3.2747,0
M0029,3165,2026-08-11,2026-08-11T14:50:37+09:00,-2800,-2800,3.9567,0
M0029,3165,2026-08-11,2026-08-11T15:29:09+09:00,-3400,-3400,4.5989,0
M0029,3165,2026-08-11,2026-08-11T16:05:23+09:00,-3800,-3800,5.2028,0
M0029,3165,2026-08-11,2026-08-11T16:40:17+09:00,-4000,-4000,5.7844,0
M0029,3165,2026-08-11,2026-08-11T17:28:47+09:00,-4500,-4500,6.5928,0
M0029,3165,2026-08-11,2026-08-11T18:06:29+09:00,-5000,-5000,7.2211,0
M0029,3165,2026-08-11,2026-08-11T18:41:47+09:00,-5800,-5800,7.8094,0
M0029,3165,2026-08-11,2026-08-11T19:30:51+09:00,-5100,-5100,8.6272,0
M0029,3165,2026-08-11,2026-08-11T20:08:57+09:00,-6300,-6300,9.2622,0
M0029,3165,2026-08-11,2026-08-11T21:03:30+09:00,-6200,-6200,10.1714,0
M0029,3165,2026-08-11,2026-08-11T21:39:59+09:00,-5500,-5500,10.7794,0
M0029,3165,2026-08-12,2026-08-12T10:53:47+09:00,-100,-5500,10.7794,1
M0029,3165,2026-08-12,2026-08-12T11:28:45+09:00,-600,-6000,11.3622,0
M0029,3165,2026-08-12,2026-08-12T12:02:51+09:00,-200,-5600,11.9306,0
M0029,3165,2026-08-12,2026-08-12T12:36:01+09:00,400,-5000,12.4833,0
M0029,3165,2026-08-12,2026-08-12T13:06:31+09:00,800,-4600,12.9917,0
M0029,3165,2026-08-12,2026-08-12T13:35:53+09:00,400,-5000,13.4811,0
M0029,3165,2026-08-12,2026-08-12T14:11:01+09:00,-1000,-6400,14.0667,0
M0029,3165,2026-08-12,2026-08-12T14:56:33+09:00,-500,-5900,14.8256,0
M0029,3165,2026-08-12,2026-08-12T15:31:45+09:00,-900,-6300,15.4122,0
M0029,3165,2026-08-12,2026-08-12T16:07:57+09:00,-700,-6100,16.0156,0
M0029,3165,2026-08-12,2026-08-12T16:35:17+09:00,1800,-3600,16.4711,0
M0029,3165,2026-08-12,2026-08-12T17:01:31+09:00,4100,-1300,16.9083,0
M0029,3165,2026-08-12,2026-08-12T17:36:51+09:00,5800,400,17.4972,0
M0029,3165,2026-08-12,2026-08-12T18:14:03+09:00,6000,600,18.1172,0
M0029,3165,2026-08-12,2026-08-12T19:01:02+09:00,5500,100,18.9003,0
M0029,3165,2026-08-12,2026-08-12T19:36:51+09:00,5400,0,19.4972,0
M0029,3165,2026-08-12,2026-08-12T20:14:43+09:00,5600,200,20.1283,0
M0029,3165,2026-08-12,2026-08-12T21:03:27+09:00,5900,500,20.9406,0
M0029,3165,2026-08-12,2026-08-12T22:26:01+09:00,5300,-100,22.3167,0
M0029,3165,2026-08-12,2026-08-12T23:05:02+09:00,5900,500,22.9669,0
M0029,3165,2026-08-13,2026-08-13T10:54:54+09:00,0,500,22.9669,1
M0029,3165,2026-08-13,2026-08-13T11:29:13+09:00,-400,100,23.5389,0
M0029,3165,2026-08-13,2026-08-13T12:03:39+09:00,-1100,-600,24.1128,0
M0029,3165,2026-08-13,2026-08-13T12:36:57+09:00,-1600,-1100,24.6678,0
M0029,3165,2026-08-13,2026-08-13T13:09:39+09:00,-700,-200,25.2128,0
M0029,3165,2026-08-13,2026-08-13T15:58:27+09:00,-900,-400,28.0261,0
M0029,3165,2026-08-13,2026-08-13T16:33:27+09:00,100,600,28.6094,0
M0029,3165,2026-08-13,2026-08-13T17:10:25+09:00,1900,2400,29.2256,0
M0029,3165,2026-08-13,2026-08-13T17:59:47+09:00,2000,2500,30.0483,0
M0029,3165,2026-08-13,2026-08-13T18:36:04+09:00,1800,2300,30.6531,0
M0029,3165,2026-08-13,2026-08-13T19:14:33+09:00,1000,1500,31.2944,0
M0029,3165,2026-08-13,2026-08-13T20:02:43+09:00,1500,2000,32.0972,0
M0029,3165,2026-08-13,2026-08-13T20:39:10+09:00,800,1300,32.7047,0
M0029,3165,2026-08-13,2026-08-13T21:23:43+09:00,1100,1600,33.4472,0
M0029,3165,2026-08-13,2026-08-13T22:03:35+09:00,2100,2600,34.1117,0
M0029,3165,2026-08-13,2026-08-13T22:40:21+09:00,1600,2100,34.7244,0
M0029,3165,2026-08-13,2026-08-13T23:29:55+09:00,1900,2400,35.5506,0
M0029,3165,2026-08-14,2026-08-14T10:54:41+09:00,-100,2400,35.5506,1
M0029,3165,2026-08-14,2026-08-14T11:29:45+09:00,-800,1700,36.1350,0
M0029,3165,2026-08-14,2026-08-14T12:04:15+09:00,-700,1800,36.7100,0
M0029,3165,2026-08-14,2026-08-14T12:37:28+09:00,-800,1700,37.2636,0
M0029,3165,2026-08-14,2026-08-14T13:06:37+09:00,-1000,1500,37.7494,0
M0029,3165,2026-08-14,2026-08-14T13:35:02+09:00,-1700,800,38.2231,0
M0029,3165,2026-08-14,2026-08-14T14:10:37+09:00,-3000,-500,38.8161,0
M0029,3165,2026-08-14,2026-08-14T14:55:41+09:00,-2600,-100,39.5672,0
M0029,3165,2026-08-14,2026-08-14T15:31:41+09:00,-3200,-700,40.1672,0
M0029,3165,2026-08-14,2026-08-14T16:08:02+09:00,-2600,-100,40.7731,0
M0029,3165,2026-08-14,2026-08-14T16:41:57+09:00,-2200,300,41.3383,0
M0029,3165,2026-08-14,2026-08-14T17:30:37+09:00,400,2900,42.1494,0
M0029,3165,2026-08-14,2026-08-14T18:07:43+09:00,-300,2200,42.7678,0
M0029,3165,2026-08-14,2026-08-14T18:43:04+09:00,-700,1800,43.3569,0
M0029,3165,2026-08-14,2026-08-14T19:31:33+09:00,-900,1600,44.1650,0
M0029,3165,2026-08-14,2026-08-14T20:09:17+09:00,-1400,1100,44.7939,0
M0029,3165,2026-08-14,2026-08-14T20:55:41+09:00,-1300,1200,45.5672,0
M0029,3165,2026-08-15,2026-08-15T10:54:13+09:00,-200,1200,45.5672,1
M0029,3165,2026-08-15,2026-08-15T11:29:09+09:00,-900,500,46.1494,0
M0029,3165,2026-08-15,2026-08-15T12:03:27+09:00,100,1500,46.7211,0
M0029,3165,2026-08-15,2026-08-15T12:36:37+09:00,2100,3500,47.2739,0
M0029,3165,2026-08-15,2026-08-15T13:08:49+09:00,1900,3300,47.8106,0
M0029,3165,2026-08-15,2026-08-15T14:01:55+09:00,1200,2600,48.6956,0
M0029,3165,2026-08-15,2026-08-15T14:36:09+09:00,1600,3000,49.2661,0
M0029,3165,2026-08-15,2026-08-15T15:11:53+09:00,1900,3300,49.8617,0
M0029,3165,2026-08-15,2026-08-15T15:58:43+09:00,1600,3000,50.6422,0
M0029,3165,2026-08-15,2026-08-15T16:34:01+09:00,2200,3600,51.2306,0
M0029,3165,2026-08-15,2026-08-15T17:11:17+09:00,1700,3100,51.8517,0
M0029,3165,2026-08-15,2026-08-15T17:58:39+09:00,1300,2700,52.6411,0
M0029,3165,2026-08-15,2026-08-15T18:35:13+09:00,1800,3200,53.2506,0
M0029,3165,2026-08-15,2026-08-15T19:12:53+09:00,900,2300,53.8783,0
M0029,3165,2026-08-15,2026-08-15T20:01:19+09:00,1700,3100,54.6856,0
M0029,3165,2026-08-15,2026-08-15T20:38:25+09:00,3500,4900,55.3039,0
M0029,3165,2026-08-15,2026-08-15T21:25:49+09:00,3800,5200,56.0939,0
M0029,3165,2026-08-16,2026-08-16T10:53:41+09:00,-100,5200,56.0939,1
M0029,3165,2026-08-16,2026-08-16T11:28:27+09:00,-700,4600,56.6733,0
M0029,3165,2026-08-16,2026-08-16T12:02:27+09:00,-1400,3900,57.2400,0
M0029,3165,2026-08-16,2026-08-16T12:35:49+09:00,-1700,3600,57.7961,0
M0029,3165,2026-08-16,2026-08-16T13:06:49+09:00,-2500,2800,58.3128,0
M0029,3165,2026-08-16,2026-08-16T13:36:19+09:00,-2400,2900,58.8044,0
M0029,3165,2026-08-16,2026-08-16T14:09:21+09:00,-3300,2000,59.3550,0
M0029,3165,2026-08-16,2026-08-16T14:51:21+09:00,-2300,3000,60.0550,0
M0029,3165,2026-08-16,2026-08-16T15:29:10+09:00,-1900,3400,60.6853,0
M0029,3165,2026-08-16,2026-08-16T16:05:23+09:00,-2300,3000,61.2889,0
M0029,3165,2026-08-16,2026-08-16T16:39:55+09:00,-2500,2800,61.8644,0
M0029,3165,2026-08-16,2026-08-16T17:30:17+09:00,-3300,2000,62.7039,0
M0029,3165,2026-08-16,2026-08-16T18:07:35+09:00,-3800,1500,63.3256,0
M0029,3165,2026-08-16,2026-08-16T18:38:25+09:00,-3100,2200,63.8394,0
M0029,3165,2026-08-17,2026-08-17T10:52:31+09:00,-100,2200,63.8394,1
M0029,3165,2026-08-17,2026-08-17T11:28:29+09:00,-500,1800,64.4389,0
M0029,3165,2026-08-17,2026-08-17T12:02:23+09:00,-1200,1100,65.0039,0
M0029,3165,2026-08-17,2026-08-17T12:34:35+09:00,-500,1800,65.5406,0
M0029,3165,2026-08-17,2026-08-17T13:07:15+09:00,-1200,1100,66.0850,0
M0029,3165,2026-08-17,2026-08-17T13:35:21+09:00,-1300,1000,66.5533,0
M0029,3165,2026-08-17,2026-08-17T14:03:11+09:00,-1600,700,67.0172,0
M0029,3165,2026-08-17,2026-08-17T14:36:43+09:00,-2000,300,67.5761,0
M0029,3165,2026-08-17,2026-08-17T15:11:21+09:00,-2800,-500,68.1533,0
M0029,3165,2026-08-17,2026-08-17T16:33:27+09:00,-3400,-1100,69.5217,0
M0029,3165,2026-08-17,2026-08-17T17:09:07+09:00,-3200,-900,70.1161,0
M0029,3165,2026-08-17,2026-08-17T17:58:27+09:00,-2000,300,70.9383,0
M0029,3165,2026-08-17,2026-08-17T19:59:55+09:00,-2700,-400,72.9628,0
M0029,3165,2026-08-17,2026-08-17T20:35:21+09:00,-3200,-900,73.5533,0
M0029,3165,2026-08-17,2026-08-17T21:13:05+09:00,-2200,100,74.1822,0
M0029,3165,2026-08-18,2026-08-18T10:52:51+09:00,-100,100,74.1822,1
M0029,3165,2026-08-18,2026-08-18T12:02:47+09:00,-200,0,75.3478,0
M0029,3165,2026-08-18,2026-08-18T12:35:21+09:00,1300,1500,75.8906,0
M0029,3165,2026-08-18,2026-08-18T13:07:37+09:00,1500,1700,76.4283,0
M0029,3165,2026-08-18,2026-08-18T13:35:43+09:00,800,1000,76.8967,0
M0029,3165,2026-08-18,2026-08-18T14:04:28+09:00,200,400,77.3758,0
M0029,3165,2026-08-18,2026-08-18T14:37:28+09:00,-300,-100,77.9258,0
M0029,3165,2026-08-18,2026-08-18T15:11:53+09:00,-600,-400,78.4994,0
M0029,3165,2026-08-18,2026-08-18T15:59:35+09:00,-1300,-1100,79.2944,0
M0029,3165,2026-08-18,2026-08-18T16:33:08+09:00,-1500,-1300,79.8536,0
M0029,3165,2026-08-18,2026-08-18T17:08:27+09:00,-1400,-1200,80.4422,0
M0029,3165,2026-08-18,2026-08-18T17:59:01+09:00,-1600,-1400,81.2850,0
M0029,3165,2026-08-18,2026-08-18T18:33:31+09:00,100,300,81.8600,0
M0029,3165,2026-08-18,2026-08-18T19:09:25+09:00,-800,-600,82.4583,0
M0029,3165,2026-08-18,2026-08-18T19:59:53+09:00,-1200,-1000,83.2994,0
M0029,3165,2026-08-18,2026-08-18T20:35:25+09:00,-300,-100,83.8917,0
M0029,3165,2026-08-19,2026-08-19T10:53:31+09:00,0,-100,83.8917,1
M0029,3165,2026-08-19,2026-08-19T13:35:01+09:00,-700,-800,86.5833,0
M0029,3165,2026-08-19,2026-08-19T14:09:06+09:00,600,500,87.1514,0
M0029,3165,2026-08-19,2026-08-19T14:49:47+09:00,300,200,87.8294,0
M0029,3165,2026-08-19,2026-08-19T20:39:17+09:00,-600,-700,93.6544,0
M0029,3165,2026-08-19,2026-08-19T21:30:39+09:00,-400,-500,94.5106,0
M0029,3165,2026-08-19,2026-08-19T22:07:17+09:00,-1100,-1200,95.1211,0
M0029,3165,2026-08-19,2026-08-19T22:43:08+09:00,1600,1500,95.7186,0
M0029,3165,2026-08-20,2026-08-20T10:52:57+09:00,-100,1500,95.7186,1
M0029,3165,2026-08-20,2026-08-20T12:02:37+09:00,200,1800,96.8797,0
M0029,3165,2026-08-20,2026-08-20T12:35:01+09:00,500,2100,97.4197,0
M0029,3165,2026-08-20,2026-08-20T13:07:39+09:00,-100,1500,97.9636,0
M0029,3165,2026-08-20,2026-08-20T13:36:17+09:00,-200,1400,98.4408,0
M0029,3165,2026-08-20,2026-08-20T14:02:59+09:00,-800,800,98.8858,0
M0029,3165,2026-08-20,2026-08-20T14:35:37+09:00,-1500,100,99.4297,0
M0029,3165,2026-08-20,2026-08-20T15:09:59+09:00,-2200,-600,100.0025,0
M0029,3165,2026-08-20,2026-08-20T15:59:19+09:00,-2100,-500,100.8247,0
M0029,3165,2026-08-20,2026-08-20T16:32:33+09:00,-1600,0,101.3786,0
M0029,3165,2026-08-20,2026-08-20T17:07:41+09:00,-2300,-700,101.9642,0
M0029,3165,2026-08-20,2026-08-20T17:42:01+09:00,-1800,-200,102.5364,0
M0029,3165,2026-08-20,2026-08-20T18:28:21+09:00,-2400,-800,103.3086,0
M0029,3165,2026-08-20,2026-08-20T19:39:23+09:00,-2900,-1300,104.4925,0
M0029,3165,2026-08-20,2026-08-20T21:05:21+09:00,-3000,-1400,105.9253,0
M0029,3165,2026-08-20,2026-08-20T21:40:19+09:00,-2100,-500,106.5081,0
M0029,3165,2026-08-22,2026-08-22T10:54:29+09:00,-100,-500,106.5081,1
M0029,3165,2026-08-22,2026-08-22T11:28:57+09:00,-600,-1000,107.0825,0
M0029,3165,2026-08-22,2026-08-22T12:03:41+09:00,-900,-1300,107.6614,0
M0029,3165,2026-08-22,2026-08-22T12:36:35+09:00,-1400,-1800,108.2097,0
M0029,3165,2026-08-22,2026-08-22T13:08:43+09:00,-2200,-2600,108.7453,0
M0029,3165,2026-08-22,2026-08-22T14:05:49+09:00,-1900,-2300,109.6969,0
M0029,3165,2026-08-22,2026-08-22T14:40:51+09:00,-1400,-1800,110.2808,0
M0029,3165,2026-08-22,2026-08-22T15:30:07+09:00,-2000,-2400,111.1019,0
M0029,3165,2026-08-22,2026-08-22T16:07:19+09:00,-1300,-1700,111.7219,0
M0029,3165,2026-08-22,2026-08-22T16:43:29+09:00,-2500,-2900,112.3247,0
M0029,3165,2026-08-22,2026-08-22T17:31:13+09:00,-3000,-3400,113.1203,0
M0029,3165,2026-08-22,2026-08-22T18:09:45+09:00,-3600,-4000,113.7625,0
M0029,3165,2026-08-22,2026-08-22T18:55:39+09:00,-3700,-4100,114.5275,0
M0029,3165,2026-08-22,2026-08-22T19:33:07+09:00,-3600,-4000,115.1519,0
M0029,3165,2026-08-23,2026-08-23T10:53:53+09:00,-200,-4000,115.1519,1
M0029,3165,2026-08-23,2026-08-23T11:29:03+09:00,300,-3500,115.7381,0
M0029,3165,2026-08-23,2026-08-23T12:03:35+09:00,-400,-4200,116.3136,0
M0029,3165,2026-08-23,2026-08-23T12:36:41+09:00,-1100,-4900,116.8653,0
M0029,3165,2026-08-23,2026-08-23T13:07:01+09:00,-600,-4400,117.3708,0
M0029,3165,2026-08-23,2026-08-23T13:35:29+09:00,2000,-1800,117.8453,0
M0029,3165,2026-08-23,2026-08-23T14:10:53+09:00,1000,-2800,118.4353,0
M0029,3165,2026-08-23,2026-08-23T14:54:04+09:00,1300,-2500,119.1550,0
M0029,3165,2026-08-23,2026-08-23T15:31:31+09:00,1000,-2800,119.7792,0
M0029,3165,2026-08-23,2026-08-23T16:08:15+09:00,2800,-1000,120.3914,0
M0029,3165,2026-08-23,2026-08-23T16:54:35+09:00,4600,800,121.1636,0
M0029,3165,2026-08-23,2026-08-23T17:31:47+09:00,6400,2600,121.7836,0
M0029,3165,2026-08-23,2026-08-23T18:09:27+09:00,5300,1500,122.4114,0
M0029,3165,2026-08-23,2026-08-23T19:33:57+09:00,4700,900,123.8197,0
M0029,3165,2026-08-23,2026-08-23T20:12:39+09:00,4500,700,124.4647,0
M0029,3165,2026-08-23,2026-08-23T21:01:31+09:00,4700,900,125.2792,0
M0029,3165,2026-08-24,2026-08-24T10:54:29+09:00,-100,900,125.2792,1
M0029,3165,2026-08-24,2026-08-24T11:29:08+09:00,0,1000,125.8567,0
M0029,3165,2026-08-24,2026-08-24T12:03:33+09:00,-200,800,126.4303,0
M0029,3165,2026-08-24,2026-08-24T12:36:23+09:00,-100,900,126.9775,0
M0029,3165,2026-08-24,2026-08-24T13:10:11+09:00,-600,400,127.5408,0
M0029,3165,2026-08-24,2026-08-24T13:57:31+09:00,-300,700,128.3297,0
M0029,3165,2026-08-24,2026-08-24T14:31:29+09:00,-800,200,128.8958,0
M0029,3165,2026-08-24,2026-08-24T15:06:59+09:00,-900,100,129.4875,0
M0029,3165,2026-08-24,2026-08-24T16:05:39+09:00,-1500,-500,130.4653,0
M0029,3165,2026-08-24,2026-08-24T16:40:02+09:00,-500,500,131.0383,0
M0029,3165,2026-08-24,2026-08-24T17:23:02+09:00,-100,900,131.7550,0
M0029,3165,2026-08-24,2026-08-24T18:37:29+09:00,-800,200,132.9958,0
M0029,3165,2026-08-24,2026-08-24T19:13:25+09:00,-600,400,133.5947,0
M0029,3165,2026-08-24,2026-08-24T20:00:37+09:00,-300,700,134.3814,0
M0029,3165,2026-08-24,2026-08-24T20:36:01+09:00,-400,600,134.9714,0
M0029,3165,2026-08-24,2026-08-24T21:13:01+09:00,-1300,-300,135.5881,0
M0029,3165,2026-08-24,2026-08-24T21:58:51+09:00,-2000,-1000,136.3519,0
M0029,3165,2026-08-24,2026-08-24T22:34:35+09:00,-800,200,136.9475,0
M0029,3165,2026-08-25,2026-08-25T10:53:53+09:00,0,200,136.9475,1
M0029,3165,2026-08-25,2026-08-25T12:03:47+09:00,-200,0,138.1125,0
M0029,3165,2026-08-25,2026-08-25T12:36:43+09:00,-500,-300,138.6614,0
M0029,3165,2026-08-25,2026-08-25T14:50:35+09:00,-1000,-800,140.8925,0
M0029,3165,2026-08-25,2026-08-25T15:27:09+09:00,-1300,-1100,141.5019,0
M0029,3165,2026-08-25,2026-08-25T16:03:02+09:00,200,400,142.1000,0
M0029,3165,2026-08-25,2026-08-25T16:37:33+09:00,-500,-300,142.6753,0
M0029,3165,2026-08-25,2026-08-25T17:05:09+09:00,100,300,143.1353,0
M0029,3165,2026-08-25,2026-08-25T17:30:51+09:00,1500,1700,143.5636,0
M0029,3165,2026-08-25,2026-08-25T18:07:23+09:00,4200,4400,144.1725,0
M0029,3165,2026-08-25,2026-08-25T18:42:17+09:00,5900,6100,144.7542,0
M0029,3165,2026-08-25,2026-08-25T19:28:31+09:00,6600,6800,145.5247,0
M0029,3165,2026-08-25,2026-08-25T20:05:21+09:00,6000,6200,146.1386,0
M0029,3165,2026-08-25,2026-08-25T20:40:03+09:00,5200,5400,146.7169,0
M0029,3165,2026-08-25,2026-08-25T21:28:25+09:00,4900,5100,147.5231,0
M0029,3165,2026-08-25,2026-08-25T22:05:51+09:00,5000,5200,148.1469,0
M0029,3165,2026-08-25,2026-08-25T22:39:15+09:00,4800,5000,148.7036,0
M0029,3165,2026-08-26,2026-08-26T10:53:07+09:00,0,5000,148.7036,1
M0029,3165,2026-08-26,2026-08-26T12:34:47+09:00,-400,4600,150.3981,0
M0029,3165,2026-08-26,2026-08-26T13:07:13+09:00,-200,4800,150.9386,0
M0029,3165,2026-08-26,2026-08-26T13:35:35+09:00,0,5000,151.4114,0
M0029,3165,2026-08-26,2026-08-26T14:37:55+09:00,-700,4300,152.4503,0
M0029,3165,2026-08-26,2026-08-26T15:12:25+09:00,-1900,3100,153.0253,0
M0029,3165,2026-08-26,2026-08-26T15:57:47+09:00,-2500,2500,153.7814,0
M0029,3165,2026-08-26,2026-08-26T16:31:31+09:00,-2400,2600,154.3436,0
M0029,3165,2026-08-26,2026-08-26T17:35:49+09:00,-1700,3300,155.4153,0
M0029,3165,2026-08-26,2026-08-26T18:03:25+09:00,-2300,2700,155.8753,0
M0029,3165,2026-08-26,2026-08-26T18:38:31+09:00,-1800,3200,156.4603,0
M0029,3165,2026-08-26,2026-08-26T19:20:17+09:00,-2200,2800,157.1564,0
M0029,3165,2026-08-26,2026-08-26T20:01:09+09:00,-1400,3600,157.8375,0
M0029,3165,2026-08-26,2026-08-26T20:36:21+09:00,-1700,3300,158.4242,0
M0029,3165,2026-08-26,2026-08-26T21:13:13+09:00,-800,4200,159.0386,0
M0029,3165,2026-08-26,2026-08-26T22:00:53+09:00,-900,4100,159.8331,0
M0029,3165,2026-08-27,2026-08-27T10:54:19+09:00,0,4100,159.8331,1
M0029,3165,2026-08-27,2026-08-27T13:35:23+09:00,-100,4000,162.5175,0
M0029,3165,2026-08-27,2026-08-27T14:07:15+09:00,-800,3300,163.0486,0
M0029,3165,2026-08-27,2026-08-27T14:41:06+09:00,-700,3400,163.6128,0
M0029,3165,2026-08-27,2026-08-27T20:44:41+09:00,-800,3300,169.6725,0
M0029,3165,2026-08-27,2026-08-27T21:32:59+09:00,0,4100,170.4775,0
M0029,3165,2026-08-28,2026-08-28T10:54:45+09:00,0,4100,170.4775,1
M0029,3165,2026-08-28,2026-08-28T12:04:21+09:00,700,4800,171.6375,0
M0029,3165,2026-08-28,2026-08-28T12:36:55+09:00,100,4200,172.1803,0
M0029,3165,2026-08-28,2026-08-28T13:07:27+09:00,-300,3800,172.6892,0
M0029,3165,2026-08-28,2026-08-28T13:35:41+09:00,500,4600,173.1597,0
M0029,3165,2026-08-28,2026-08-28T16:38:15+09:00,300,4400,176.2025,0
M0029,3165,2026-08-28,2026-08-28T18:38:39+09:00,100,4200,178.2092,0
M0029,3165,2026-08-28,2026-08-28T19:37:02+09:00,-400,3700,179.1822,0
M0029,3165,2026-08-28,2026-08-28T20:14:11+09:00,-900,3200,179.8014,0
M0029,3165,2026-08-28,2026-08-28T21:00:55+09:00,1100,5200,180.5803,0
M0029,3165,2026-08-28,2026-08-28T21:36:25+09:00,3700,7800,181.1719,0
M0029,3165,2026-08-28,2026-08-28T22:13:23+09:00,4900,9000,181.7881,0
M0029,3165,2026-08-29,2026-08-29T10:54:15+09:00,-100,9000,181.7881,1
M0029,3165,2026-08-29,2026-08-29T11:29:35+09:00,-300,8800,182.3769,0
M0029,3165,2026-08-29,2026-08-29T12:04:02+09:00,-900,8200,182.9511,0
M0029,3165,2026-08-29,2026-08-29T12:37:17+09:00,-1600,7500,183.5053,0
M0029,3165,2026-08-29,2026-08-29T13:08:43+09:00,-2400,6700,184.0292,0
M0029,3165,2026-08-29,2026-08-29T14:42:31+09:00,-3100,6000,185.5925,0
M0029,3165,2026-08-29,2026-08-29T15:28:43+09:00,-3700,5400,186.3625,0
M0029,3165,2026-08-29,2026-08-29T16:05:41+09:00,-4300,4800,186.9786,0
M0029,3165,2026-08-29,2026-08-29T16:38:29+09:00,-4100,5000,187.5253,0
M0029,3165,2026-08-29,2026-08-29T17:36:27+09:00,-4500,4600,188.4914,0
M0029,3165,2026-08-29,2026-08-29T18:13:47+09:00,-5200,3900,189.1136,0
M0029,3165,2026-08-29,2026-08-29T19:01:11+09:00,-5300,3800,189.9036,0
M0029,3165,2026-08-29,2026-08-29T19:38:11+09:00,-5800,3300,190.5203,0
M0029,3165,2026-08-29,2026-08-29T20:25:59+09:00,-6200,2900,191.3169,0
M0029,3165,2026-08-29,2026-08-29T21:05:49+09:00,-6100,3000,191.9808,0
M0029,3165,2026-08-29,2026-08-29T21:43:07+09:00,-5600,3500,192.6025,0
M0029,3165,2026-08-29,2026-08-29T22:32:31+09:00,-6400,2700,193.4258,0
M0029,3165,2026-08-29,2026-08-29T23:11:51+09:00,-5300,3800,194.0814,0
M0030,3166,2026-08-11,2026-08-11T10:53:13+09:00,-200,-200,0.0000,1
M0030,3166,2026-08-11,2026-08-11T11:28:39+09:00,-600,-600,0.5906,0
M0030,3166,2026-08-11,2026-08-11T12:02:43+09:00,-300,-300,1.1583,0
M0030,3166,2026-08-11,2026-08-11T12:36:02+09:00,-500,-500,1.7136,0
M0030,3166,2026-08-11,2026-08-11T13:06:25+09:00,-200,-200,2.2200,0
M0030,3166,2026-08-11,2026-08-11T13:34:33+09:00,-800,-800,2.6889,0
M0030,3166,2026-08-11,2026-08-11T14:09:42+09:00,-100,-100,3.2747,0
M0030,3166,2026-08-11,2026-08-11T14:50:37+09:00,-600,-600,3.9567,0
M0030,3166,2026-08-11,2026-08-11T15:29:09+09:00,-400,-400,4.5989,0
M0030,3166,2026-08-11,2026-08-11T16:05:23+09:00,-100,-100,5.2028,0
M0030,3166,2026-08-11,2026-08-11T16:40:17+09:00,-500,-500,5.7844,0
M0030,3166,2026-08-11,2026-08-11T17:28:47+09:00,-1100,-1100,6.5928,0
M0030,3166,2026-08-11,2026-08-11T18:06:29+09:00,-1800,-1800,7.2211,0
M0030,3166,2026-08-11,2026-08-11T18:41:47+09:00,1700,1700,7.8094,0
M0030,3166,2026-08-11,2026-08-11T19:30:51+09:00,1000,1000,8.6272,0
M0030,3166,2026-08-11,2026-08-11T20:08:57+09:00,2000,2000,9.2622,0
M0030,3166,2026-08-12,2026-08-12T10:53:47+09:00,-100,2000,9.2622,1
M0030,3166,2026-08-12,2026-08-12T11:28:45+09:00,-200,1900,9.8450,0
M0030,3166,2026-08-12,2026-08-12T12:02:51+09:00,200,2300,10.4133,0
M0030,3166,2026-08-12,2026-08-12T12:36:01+09:00,-200,1900,10.9661,0
M0030,3166,2026-08-12,2026-08-12T13:06:31+09:00,700,2800,11.4744,0
M0030,3166,2026-08-12,2026-08-12T13:35:53+09:00,100,2200,11.9639,0
M0030,3166,2026-08-12,2026-08-12T14:11:01+09:00,400,2500,12.5494,0
M0030,3166,2026-08-12,2026-08-12T14:56:33+09:00,200,2300,13.3083,0
M0030,3166,2026-08-12,2026-08-12T15:31:45+09:00,-500,1600,13.8950,0
M0030,3166,2026-08-12,2026-08-12T16:07:57+09:00,-1200,900,14.4983,0
M0030,3166,2026-08-12,2026-08-12T16:35:17+09:00,-1300,800,14.9539,0
M0030,3166,2026-08-12,2026-08-12T17:01:31+09:00,-700,1400,15.3911,0
M0030,3166,2026-08-12,2026-08-12T17:36:51+09:00,-1300,800,15.9800,0
M0030,3166,2026-08-12,2026-08-12T18:14:03+09:00,3000,5100,16.6000,0
M0030,3166,2026-08-12,2026-08-12T19:01:02+09:00,4400,6500,17.3831,0
M0030,3166,2026-08-12,2026-08-12T19:36:51+09:00,4800,6900,17.9800,0
M0030,3166,2026-08-12,2026-08-12T20:14:43+09:00,4300,6400,18.6111,0
M0030,3166,2026-08-12,2026-08-12T21:03:27+09:00,3900,6000,19.4233,0
M0030,3166,2026-08-12,2026-08-12T21:39:31+09:00,6200,8300,20.0244,0
M0030,3166,2026-08-12,2026-08-12T22:26:01+09:00,5700,7800,20.7994,0
M0030,3166,2026-08-12,2026-08-12T23:05:02+09:00,5800,7900,21.4497,0
M0030,3166,2026-08-13,2026-08-13T10:54:54+09:00,-100,7900,21.4497,1
M0030,3166,2026-08-13,2026-08-13T11:29:13+09:00,-700,7300,22.0217,0
M0030,3166,2026-08-13,2026-08-13T12:03:39+09:00,-400,7600,22.5956,0
M0030,3166,2026-08-13,2026-08-13T12:36:57+09:00,-1000,7000,23.1506,0
M0030,3166,2026-08-13,2026-08-13T13:09:39+09:00,-300,7700,23.6956,0
M0030,3166,2026-08-13,2026-08-13T14:00:59+09:00,300,8300,24.5511,0
M0030,3166,2026-08-13,2026-08-13T14:35:09+09:00,2500,10500,25.1206,0
M0030,3166,2026-08-13,2026-08-13T15:11:23+09:00,2100,10100,25.7244,0
M0030,3166,2026-08-13,2026-08-13T15:58:27+09:00,1600,9600,26.5089,0
M0030,3166,2026-08-13,2026-08-13T16:33:27+09:00,1400,9400,27.0922,0
M0030,3166,2026-08-13,2026-08-13T17:10:25+09:00,800,8800,27.7083,0
M0030,3166,2026-08-13,2026-08-13T17:59:47+09:00,400,8400,28.5311,0
M0030,3166,2026-08-13,2026-08-13T18:36:04+09:00,-200,7800,29.1358,0
M0030,3166,2026-08-13,2026-08-13T19:14:33+09:00,700,8700,29.7772,0
M0030,3166,2026-08-13,2026-08-13T20:02:43+09:00,600,8600,30.5800,0
M0030,3166,2026-08-13,2026-08-13T20:39:10+09:00,-300,7700,31.1875,0
M0030,3166,2026-08-13,2026-08-13T22:03:35+09:00,100,8100,32.5944,0
M0030,3166,2026-08-13,2026-08-13T22:40:21+09:00,-100,7900,33.2072,0
M0030,3166,2026-08-13,2026-08-13T23:29:55+09:00,-200,7800,34.0333,0
M0030,3166,2026-08-14,2026-08-14T10:54:41+09:00,-100,7800,34.0333,1
M0030,3166,2026-08-14,2026-08-14T11:29:45+09:00,-800,7100,34.6178,0
M0030,3166,2026-08-14,2026-08-14T12:04:15+09:00,-600,7300,35.1928,0
M0030,3166,2026-08-14,2026-08-14T12:37:28+09:00,1400,9300,35.7464,0
M0030,3166,2026-08-14,2026-08-14T13:06:37+09:00,2100,10000,36.2322,0
M0030,3166,2026-08-14,2026-08-14T13:35:02+09:00,4000,11900,36.7058,0
M0030,3166,2026-08-14,2026-08-14T14:10:37+09:00,3300,11200,37.2989,0
M0030,3166,2026-08-14,2026-08-14T14:55:41+09:00,2700,10600,38.0500,0
M0030,3166,2026-08-14,2026-08-14T15:31:41+09:00,2600,10500,38.6500,0
M0030,3166,2026-08-14,2026-08-14T16:08:02+09:00,2100,10000,39.2558,0
M0030,3166,2026-08-14,2026-08-14T16:41:57+09:00,2000,9900,39.8211,0
M0030,3166,2026-08-14,2026-08-14T18:07:43+09:00,1700,9600,41.2506,0
M0030,3166,2026-08-14,2026-08-14T18:43:04+09:00,3100,11000,41.8397,0
M0030,3166,2026-08-14,2026-08-14T19:31:33+09:00,5800,13700,42.6478,0
M0030,3166,2026-08-14,2026-08-14T20:09:17+09:00,6600,14500,43.2767,0
M0030,3166,2026-08-14,2026-08-14T20:55:41+09:00,6000,13900,44.0500,0
M0030,3166,2026-08-14,2026-08-14T21:33:02+09:00,6200,14100,44.6725,0
M0030,3166,2026-08-15,2026-08-15T10:54:13+09:00,-100,14100,44.6725,1
M0030,3166,2026-08-15,2026-08-15T12:03:27+09:00,-900,13300,45.8264,0
M0030,3166,2026-08-15,2026-08-15T12:36:37+09:00,-1500,12700,46.3792,0
M0030,3166,2026-08-15,2026-08-15T13:08:49+09:00,-1300,12900,46.9158,0
M0030,3166,2026-08-15,2026-08-15T14:01:55+09:00,-1800,12400,47.8008,0
M0030,3166,2026-08-15,2026-08-15T14:36:09+09:00,-2300,11900,48.3714,0
M0030,3166,2026-08-15,2026-08-15T15:11:53+09:00,-1800,12400,48.9669,0
M0030,3166,2026-08-15,2026-08-15T15:58:43+09:00,-2500,11700,49.7475,0
M0030,3166,2026-08-15,2026-08-15T16:34:01+09:00,-2200,12000,50.3358,0
M0030,3166,2026-08-15,2026-08-15T17:11:17+09:00,-2800,11400,50.9569,0
M0030,3166,2026-08-15,2026-08-15T17:58:39+09:00,-3400,10800,51.7464,0
M0030,3166,2026-08-15,2026-08-15T18:35:13+09:00,-3600,10600,52.3558,0
M0030,3166,2026-08-15,2026-08-15T19:12:53+09:00,-4300,9900,52.9836,0
M0030,3166,2026-08-15,2026-08-15T20:01:19+09:00,-2200,12000,53.7908,0
M0030,3166,2026-08-15,2026-08-15T20:38:25+09:00,200,14400,54.4092,0
M0030,3166,2026-08-15,2026-08-15T21:25:49+09:00,-100,14100,55.1992,0
M0030,3166,2026-08-16,2026-08-16T10:53:41+09:00,-200,14100,55.1992,1
M0030,3166,2026-08-16,2026-08-16T11:28:27+09:00,-900,13400,55.7786,0
M0030,3166,2026-08-16,2026-08-16T12:35:49+09:00,-1200,13100,56.9014,0
M0030,3166,2026-08-16,2026-08-16T13:06:49+09:00,-400,13900,57.4181,0
M0030,3166,2026-08-16,2026-08-16T14:09:21+09:00,-1400,12900,58.4603,0
M0030,3166,2026-08-16,2026-08-16T14:51:21+09:00,-1700,12600,59.1603,0
M0030,3166,2026-08-16,2026-08-16T15:29:10+09:00,-2200,12100,59.7906,0
M0030,3166,2026-08-16,2026-08-16T16:39:55+09:00,-3400,10900,60.9697,0
M0030,3166,2026-08-16,2026-08-16T17:30:17+09:00,-3500,10800,61.8092,0
M0030,3166,2026-08-16,2026-08-16T18:07:35+09:00,-800,13500,62.4308,0
M0030,3166,2026-08-16,2026-08-16T18:38:25+09:00,-1100,13200,62.9447,0
M0030,3166,2026-08-16,2026-08-16T19:40:19+09:00,-1200,13100,63.9764,0
M0030,3166,2026-08-16,2026-08-16T20:25:39+09:00,-1900,12400,64.7319,0
M0030,3166,2026-08-16,2026-08-16T21:04:51+09:00,-2000,12300,65.3853,0
M0030,3166,2026-08-16,2026-08-16T21:42:13+09:00,-3200,11100,66.0081,0
M0030,3166,2026-08-16,2026-08-16T22:32:01+09:00,-3300,11000,66.8381,0
M0030,3166,2026-08-16,2026-08-16T23:11:15+09:00,-4200,10100,67.4919,0
M0030,3166,2026-08-17,2026-08-17T10:52:31+09:00,-100,10100,67.4919,1
M0030,3166,2026-08-17,2026-08-17T11:28:29+09:00,300,10500,68.0914,0
M0030,3166,2026-08-17,2026-08-17T12:02:23+09:00,100,10300,68.6564,0
M0030,3166,2026-08-17,2026-08-17T12:34:35+09:00,1600,11800,69.1931,0
M0030,3166,2026-08-17,2026-08-17T13:07:15+09:00,1000,11200,69.7375,0
M0030,3166,2026-08-17,2026-08-17T13:35:21+09:00,600,10800,70.2058,0
M0030,3166,2026-08-17,2026-08-17T14:03:11+09:00,0,10200,70.6697,0
M0030,3166,2026-08-17,2026-08-17T14:36:43+09:00,-500,9700,71.2286,0
M0030,3166,2026-08-17,2026-08-17T15:59:33+09:00,-400,9800,72.6092,0
M0030,3166,2026-08-17,2026-08-17T17:09:07+09:00,-1100,9100,73.7686,0
M0030,3166,2026-08-17,2026-08-17T17:58:27+09:00,-900,9300,74.5908,0
M0030,3166,2026-08-17,2026-08-17T18:33:03+09:00,-1300,8900,75.1675,0
M0030,3166,2026-08-17,2026-08-17T19:09:23+09:00,-1100,9100,75.7731,0
M0030,3166,2026-08-17,2026-08-17T19:59:55+09:00,-1800,8400,76.6153,0
M0030,3166,2026-08-17,2026-08-17T20:35:21+09:00,-1300,8900,77.2058,0
M0030,3166,2026-08-17,2026-08-17T21:13:05+09:00,-1700,8500,77.8347,0
M0030,3166,2026-08-18,2026-08-18T10:52:51+09:00,-200,8500,77.8347,1
M0030,3166,2026-08-18,2026-08-18T11:28:45+09:00,300,9000,78.4331,0
M0030,3166,2026-08-18,2026-08-18T12:02:47+09:00,200,8900,79.0003,0
M0030,3166,2026-08-18,2026-08-18T12:35:21+09:00,-400,8300,79.5431,0
M0030,3166,2026-08-18,2026-08-18T13:07:37+09:00,-500,8200,80.0808,0
M0030,3166,2026-08-18,2026-08-18T13:35:43+09:00,-600,8100,80.5492,0
M0030,3166,2026-08-18,2026-08-18T14:04:28+09:00,-1100,7600,81.0283,0
M0030,3166,2026-08-18,2026-08-18T14:37:28+09:00,-700,8000,81.5783,0
M0030,3166,2026-08-18,2026-08-18T15:11:53+09:00,-2000,6700,82.1519,0
M0030,3166,2026-08-18,2026-08-18T15:59:35+09:00,-1300,7400,82.9469,0
M0030,3166,2026-08-18,2026-08-18T16:33:08+09:00,-1600,7100,83.5061,0
M0030,3166,2026-08-18,2026-08-18T17:08:27+09:00,-2300,6400,84.0947,0
M0030,3166,2026-08-18,2026-08-18T17:59:01+09:00,-2700,6000,84.9375,0
M0030,3166,2026-08-18,2026-08-18T18:33:31+09:00,-2900,5800,85.5125,0
M0030,3166,2026-08-18,2026-08-18T19:09:25+09:00,-3100,5600,86.1108,0
M0030,3166,2026-08-18,2026-08-18T19:59:53+09:00,-2900,5800,86.9519,0
M0030,3166,2026-08-18,2026-08-18T20:35:25+09:00,-2200,6500,87.5442,0
M0030,3166,2026-08-19,2026-08-19T10:53:31+09:00,-100,6500,87.5442,1
M0030,3166,2026-08-19,2026-08-19T11:28:23+09:00,1500,8100,88.1253,0
M0030,3166,2026-08-19,2026-08-19T12:02:25+09:00,2000,8600,88.6925,0
M0030,3166,2026-08-19,2026-08-19T12:35:06+09:00,2600,9200,89.2372,0
M0030,3166,2026-08-19,2026-08-19T13:06:21+09:00,2700,9300,89.7581,0
M0030,3166,2026-08-19,2026-08-19T21:30:39+09:00,2600,9200,98.1631,0
M0030,3166,2026-08-20,2026-08-20T10:52:57+09:00,-200,9200,98.1631,1
M0030,3166,2026-08-20,2026-08-20T11:28:53+09:00,-800,8600,98.7619,0
M0030,3166,2026-08-20,2026-08-20T12:02:37+09:00,-1400,8000,99.3242,0
M0030,3166,2026-08-20,2026-08-20T15:09:59+09:00,-1500,7900,102.4469,0
M0030,3166,2026-08-20,2026-08-20T15:59:19+09:00,-1600,7800,103.2692,0
M0030,3166,2026-08-20,2026-08-20T16:32:33+09:00,-2100,7300,103.8231,0
M0030,3166,2026-08-20,2026-08-20T17:07:41+09:00,-2600,6800,104.4086,0
M0030,3166,2026-08-20,2026-08-20T17:42:01+09:00,-2300,7100,104.9808,0
M0030,3166,2026-08-20,2026-08-20T18:28:21+09:00,-2800,6600,105.7531,0
M0030,3166,2026-08-20,2026-08-20T19:04:37+09:00,-3100,6300,106.3575,0
M0030,3166,2026-08-20,2026-08-20T19:39:23+09:00,-4200,5200,106.9369,0
M0030,3166,2026-08-20,2026-08-20T20:28:35+09:00,-4400,5000,107.7569,0
M0030,3166,2026-08-20,2026-08-20T21:05:21+09:00,-4900,4500,108.3697,0
M0030,3166,2026-08-22,2026-08-22T10:54:29+09:00,0,4500,108.3697,1
M0030,3166,2026-08-22,2026-08-22T11:28:57+09:00,-300,4200,108.9442,0
M0030,3166,2026-08-22,2026-08-22T12:03:41+09:00,-1000,3500,109.5231,0
M0030,3166,2026-08-22,2026-08-22T12:36:35+09:00,-600,3900,110.0714,0
M0030,3166,2026-08-22,2026-08-22T13:08:43+09:00,900,5400,110.6069,0
M0030,3166,2026-08-22,2026-08-22T14:05:49+09:00,3400,7900,111.5586,0
M0030,3166,2026-08-22,2026-08-22T14:40:51+09:00,2800,7300,112.1425,0
M0030,3166,2026-08-22,2026-08-22T15:30:07+09:00,2000,6500,112.9636,0
M0030,3166,2026-08-22,2026-08-22T16:07:19+09:00,2400,6900,113.5836,0
M0030,3166,2026-08-22,2026-08-22T16:43:29+09:00,1100,5600,114.1864,0
M0030,3166,2026-08-22,2026-08-22T17:31:13+09:00,400,4900,114.9819,0
M0030,3166,2026-08-22,2026-08-22T18:09:45+09:00,-700,3800,115.6242,0
M0030,3166,2026-08-22,2026-08-22T18:55:39+09:00,-600,3900,116.3892,0
M0030,3166,2026-08-22,2026-08-22T19:33:07+09:00,800,5300,117.0136,0
M0030,3166,2026-08-22,2026-08-22T20:12:13+09:00,4900,9400,117.6653,0
M0030,3166,2026-08-22,2026-08-22T21:01:31+09:00,6600,11100,118.4869,0
M0030,3166,2026-08-22,2026-08-22T21:39:25+09:00,8100,12600,119.1186,0
M0030,3166,2026-08-22,2026-08-22T22:28:43+09:00,8300,12800,119.9403,0
M0030,3166,2026-08-23,2026-08-23T10:53:53+09:00,-100,12800,119.9403,1
M0030,3166,2026-08-23,2026-08-23T11:29:03+09:00,-800,12100,120.5264,0
M0030,3166,2026-08-23,2026-08-23T12:03:35+09:00,-400,12500,121.1019,0
M0030,3166,2026-08-23,2026-08-23T12:36:41+09:00,-900,12000,121.6536,0
M0030,3166,2026-08-23,2026-08-23T13:07:01+09:00,-600,12300,122.1592,0
M0030,3166,2026-08-23,2026-08-23T13:35:29+09:00,-1200,11700,122.6336,0
M0030,3166,2026-08-23,2026-08-23T14:10:53+09:00,-600,12300,123.2236,0
M0030,3166,2026-08-23,2026-08-23T14:54:04+09:00,200,13100,123.9433,0
M0030,3166,2026-08-23,2026-08-23T15:31:31+09:00,-100,12800,124.5675,0
M0030,3166,2026-08-23,2026-08-23T16:08:15+09:00,700,13600,125.1797,0
M0030,3166,2026-08-23,2026-08-23T16:54:35+09:00,600,13500,125.9519,0
M0030,3166,2026-08-23,2026-08-23T17:31:47+09:00,800,13700,126.5719,0
M0030,3166,2026-08-23,2026-08-23T18:09:27+09:00,3300,16200,127.1997,0
M0030,3166,2026-08-23,2026-08-23T18:55:58+09:00,3100,16000,127.9750,0
M0030,3166,2026-08-23,2026-08-23T19:33:57+09:00,3800,16700,128.6081,0
M0030,3166,2026-08-23,2026-08-23T20:12:39+09:00,4400,17300,129.2531,0
M0030,3166,2026-08-23,2026-08-23T21:01:31+09:00,5100,18000,130.0675,0
M0030,3166,2026-08-23,2026-08-23T21:39:29+09:00,4000,16900,130.7003,0
M0030,3166,2026-08-24,2026-08-24T10:54:29+09:00,-100,16900,130.7003,1
M0030,3166,2026-08-24,2026-08-24T11:29:08+09:00,-500,16500,131.2778,0
M0030,3166,2026-08-24,2026-08-24T12:03:33+09:00,-1000,16000,131.8514,0
M0030,3166,2026-08-24,2026-08-24T12:36:23+09:00,-1300,15700,132.3986,0
M0030,3166,2026-08-24,2026-08-24T13:10:11+09:00,-2400,14600,132.9619,0
M0030,3166,2026-08-24,2026-08-24T13:57:31+09:00,-2200,14800,133.7508,0
M0030,3166,2026-08-24,2026-08-24T14:31:29+09:00,-2000,15000,134.3169,0
M0030,3166,2026-08-24,2026-08-24T15:06:59+09:00,-2600,14400,134.9086,0
M0030,3166,2026-08-24,2026-08-24T15:35:54+09:00,-1100,15900,135.3906,0
M0030,3166,2026-08-24,2026-08-24T16:05:39+09:00,-700,16300,135.8864,0
M0030,3166,2026-08-24,2026-08-24T16:40:02+09:00,-1600,15400,136.4594,0
M0030,3166,2026-08-24,2026-08-24T17:23:02+09:00,-1000,16000,137.1761,0
M0030,3166,2026-08-24,2026-08-24T18:02:01+09:00,-1600,15400,137.8258,0
M0030,3166,2026-08-24,2026-08-24T18:37:29+09:00,-1300,15700,138.4169,0
M0030,3166,2026-08-24,2026-08-24T19:13:25+09:00,2800,19800,139.0158,0
M0030,3166,2026-08-24,2026-08-24T20:36:01+09:00,2600,19600,140.3925,0
M0030,3166,2026-08-24,2026-08-24T21:13:01+09:00,6100,23100,141.0092,0
M0030,3166,2026-08-24,2026-08-24T21:58:51+09:00,7200,24200,141.7731,0
M0030,3166,2026-08-25,2026-08-25T10:53:53+09:00,-200,24200,141.7731,1
M0030,3166,2026-08-25,2026-08-25T11:29:03+09:00,-900,23500,142.3592,0
M0030,3166,2026-08-25,2026-08-25T12:03:47+09:00,800,25200,142.9381,0
M0030,3166,2026-08-25,2026-08-25T12:36:43+09:00,1500,25900,143.4869,0
M0030,3166,2026-08-25,2026-08-25T13:06:33+09:00,2100,26500,143.9842,0
M0030,3166,2026-08-25,2026-08-25T13:34:33+09:00,2200,26600,144.4508,0
M0030,3166,2026-08-25,2026-08-25T14:09:29+09:00,1600,26000,145.0331,0
M0030,3166,2026-08-25,2026-08-25T14:50:35+09:00,1400,25800,145.7181,0
M0030,3166,2026-08-25,2026-08-25T15:27:09+09:00,700,25100,146.3275,0
M0030,3166,2026-08-25,2026-08-25T16:03:02+09:00,2400,26800,146.9256,0
M0030,3166,2026-08-25,2026-08-25T16:37:33+09:00,3400,27800,147.5008,0
M0030,3166,2026-08-25,2026-08-25T17:30:51+09:00,2700,27100,148.3892,0
M0030,3166,2026-08-25,2026-08-25T18:07:23+09:00,3200,27600,148.9981,0
M0030,3166,2026-08-25,2026-08-25T18:42:17+09:00,3500,27900,149.5797,0
M0030,3166,2026-08-25,2026-08-25T19:28:31+09:00,3400,27800,150.3503,0
M0030,3166,2026-08-25,2026-08-25T20:05:21+09:00,3100,27500,150.9642,0
M0030,3166,2026-08-25,2026-08-25T21:28:25+09:00,2900,27300,152.3486,0
M0030,3166,2026-08-25,2026-08-25T22:05:51+09:00,2100,26500,152.9725,0
M0030,3166,2026-08-26,2026-08-26T10:53:07+09:00,0,26500,152.9725,1
M0030,3166,2026-08-26,2026-08-26T11:28:33+09:00,1100,27600,153.5631,0
M0030,3166,2026-08-26,2026-08-26T12:02:31+09:00,1000,27500,154.1292,0
M0030,3166,2026-08-26,2026-08-26T14:37:55+09:00,500,27000,156.7192,0
M0030,3166,2026-08-26,2026-08-26T15:12:25+09:00,-300,26200,157.2942,0
M0030,3166,2026-08-26,2026-08-26T15:57:47+09:00,-100,26400,158.0503,0
M0030,3166,2026-08-26,2026-08-26T16:31:31+09:00,-400,26100,158.6125,0
M0030,3166,2026-08-26,2026-08-26T17:07:27+09:00,-700,25800,159.2114,0
M0030,3166,2026-08-26,2026-08-26T18:03:25+09:00,-1000,25500,160.1442,0
M0030,3166,2026-08-26,2026-08-26T18:38:31+09:00,-1500,25000,160.7292,0
M0030,3166,2026-08-26,2026-08-26T19:20:17+09:00,-1800,24700,161.4253,0
M0030,3166,2026-08-26,2026-08-26T20:01:09+09:00,-1600,24900,162.1064,0
M0030,3166,2026-08-26,2026-08-26T20:36:21+09:00,-2200,24300,162.6931,0
M0030,3166,2026-08-26,2026-08-26T21:13:13+09:00,-3100,23400,163.3075,0
M0030,3166,2026-08-26,2026-08-26T22:00:53+09:00,-3500,23000,164.1019,0
M0030,3166,2026-08-27,2026-08-27T10:54:19+09:00,-300,23000,164.1019,1
M0030,3166,2026-08-27,2026-08-27T11:28:53+09:00,100,23400,164.6781,0
M0030,3166,2026-08-27,2026-08-27T12:03:19+09:00,-500,22800,165.2519,0
M0030,3166,2026-08-27,2026-08-27T12:36:15+09:00,1000,24300,165.8008,0
M0030,3166,2026-08-27,2026-08-27T13:07:43+09:00,3300,26600,166.3253,0
M0030,3166,2026-08-27,2026-08-27T13:35:23+09:00,3100,26400,166.7864,0
M0030,3166,2026-08-27,2026-08-27T14:41:06+09:00,3200,26500,167.8817,0
M0030,3166,2026-08-27,2026-08-27T16:36:51+09:00,3400,26700,169.8108,0
M0030,3166,2026-08-27,2026-08-27T17:04:59+09:00,3200,26500,170.2797,0
M0030,3166,2026-08-27,2026-08-27T18:09:51+09:00,2300,25600,171.3608,0
M0030,3166,2026-08-27,2026-08-27T18:53:03+09:00,2800,26100,172.0808,0
M0030,3166,2026-08-27,2026-08-27T19:30:47+09:00,2900,26200,172.7097,0
M0030,3166,2026-08-27,2026-08-27T20:08:01+09:00,3000,26300,173.3303,0
M0030,3166,2026-08-27,2026-08-27T20:44:41+09:00,2600,25900,173.9414,0
M0030,3166,2026-08-27,2026-08-27T21:32:59+09:00,3100,26400,174.7464,0
M0030,3166,2026-08-27,2026-08-27T22:09:51+09:00,2800,26100,175.3608,0
M0030,3166,2026-08-27,2026-08-27T22:54:35+09:00,2500,25800,176.1064,0
M0030,3166,2026-08-28,2026-08-28T10:54:45+09:00,100,25800,176.1064,1
M0030,3166,2026-08-28,2026-08-28T11:29:35+09:00,-200,25500,176.6869,0
M0030,3166,2026-08-28,2026-08-28T13:07:27+09:00,-400,25300,178.3181,0
M0030,3166,2026-08-28,2026-08-28T13:35:41+09:00,100,25800,178.7886,0
M0030,3166,2026-08-28,2026-08-28T14:09:41+09:00,2200,27900,179.3553,0
M0030,3166,2026-08-28,2026-08-28T14:51:34+09:00,2300,28000,180.0533,0
M0030,3166,2026-08-28,2026-08-28T16:03:29+09:00,2200,27900,181.2519,0
M0030,3166,2026-08-28,2026-08-28T17:29:15+09:00,1900,27600,182.6814,0
M0030,3166,2026-08-28,2026-08-28T18:05:37+09:00,2600,28300,183.2875,0
M0030,3166,2026-08-28,2026-08-28T18:38:39+09:00,2700,28400,183.8381,0
M0030,3166,2026-08-28,2026-08-28T19:37:02+09:00,2200,27900,184.8111,0
M0030,3166,2026-08-28,2026-08-28T20:14:11+09:00,1100,26800,185.4303,0
M0030,3166,2026-08-28,2026-08-28T21:00:55+09:00,1600,27300,186.2092,0
M0030,3166,2026-08-28,2026-08-28T21:36:25+09:00,800,26500,186.8008,0
M0030,3166,2026-08-28,2026-08-28T22:13:23+09:00,1600,27300,187.4169,0
M0030,3166,2026-08-28,2026-08-28T23:02:02+09:00,1900,27600,188.2278,0
M0030,3166,2026-08-29,2026-08-29T10:54:15+09:00,-200,27600,188.2278,1
M0030,3166,2026-08-29,2026-08-29T11:29:35+09:00,-700,27100,188.8167,0
M0030,3166,2026-08-29,2026-08-29T12:04:02+09:00,-1300,26500,189.3908,0
M0030,3166,2026-08-29,2026-08-29T12:37:17+09:00,300,28100,189.9450,0
M0030,3166,2026-08-29,2026-08-29T13:08:43+09:00,1000,28800,190.4689,0
M0030,3166,2026-08-29,2026-08-29T14:08:01+09:00,800,28600,191.4572,0
M0030,3166,2026-08-29,2026-08-29T14:42:31+09:00,-200,27600,192.0322,0
M0030,3166,2026-08-29,2026-08-29T15:28:43+09:00,2100,29900,192.8022,0
M0030,3166,2026-08-29,2026-08-29T16:05:41+09:00,3000,30800,193.4183,0
M0030,3166,2026-08-29,2026-08-29T16:38:29+09:00,1900,29700,193.9650,0
M0030,3166,2026-08-29,2026-08-29T17:36:27+09:00,1400,29200,194.9311,0
M0030,3166,2026-08-29,2026-08-29T19:01:11+09:00,800,28600,196.3433,0
M0030,3166,2026-08-29,2026-08-29T19:38:11+09:00,2500,30300,196.9600,0
M0030,3166,2026-08-29,2026-08-29T21:05:49+09:00,1900,29700,198.4206,0
M0030,3166,2026-08-29,2026-08-29T21:43:07+09:00,1600,29400,199.0422,0
M0030,3166,2026-08-29,2026-08-29T22:32:31+09:00,1800,29600,199.8656,0
