machine_code,unit_number,data_date,sampled_at_jst,slump_value
M0001,3075,2026-08-11,2026-08-11T10:53:13+09:00,-100
M0001,3075,2026-08-11,2026-08-11T11:28:39+09:00,500
M0001,3075,2026-08-11,2026-08-11T12:02:43+09:00,-100
M0001,3075,2026-08-11,2026-08-11T12:36:02+09:00,1300
M0001,3075,2026-08-11,2026-08-11T13:06:25+09:00,2800
M0001,3075,2026-08-11,2026-08-11T14:09:42+09:00,4300
M0001,3075,2026-08-11,2026-08-11T14:50:37+09:00,4000
M0001,3075,2026-08-11,2026-08-11T15:29:09+09:00,4200
M0001,3075,2026-08-11,2026-08-11T16:05:23+09:00,3500
M0001,3075,2026-08-11,2026-08-11T16:40:17+09:00,4000
M0001,3075,2026-08-11,2026-08-11T18:06:29+09:00,3700
M0001,3075,2026-08-11,2026-08-11T18:41:47+09:00,3100
M0001,3075,2026-08-11,2026-08-11T19:30:51+09:00,3300
M0001,3075,2026-08-11,2026-08-11T20:08:57+09:00,2600
M0001,3075,2026-08-11,2026-08-11T21:03:30+09:00,3000
M0001,3075,2026-08-11,2026-08-11T23:04:47+09:00,2900
M0002,3076,2026-08-11,2026-08-11T10:53:13+09:00,-100
M0002,3076,2026-08-11,2026-08-11T11:28:39+09:00,-800
M0002,3076,2026-08-11,2026-08-11T12:36:02+09:00,-1100
M0002,3076,2026-08-11,2026-08-11T13:06:25+09:00,-1900
M0002,3076,2026-08-11,2026-08-11T13:34:33+09:00,-2400
M0002,3076,2026-08-11,2026-08-11T14:09:42+09:00,-3400
M0002,3076,2026-08-11,2026-08-11T14:50:37+09:00,-2800
M0002,3076,2026-08-11,2026-08-11T15:29:09+09:00,-3200
M0002,3076,2026-08-11,2026-08-11T16:05:23+09:00,-3300
M0002,3076,2026-08-11,2026-08-11T16:40:17+09:00,-3000
M0002,3076,2026-08-11,2026-08-11T17:28:47+09:00,-3600
M0002,3076,2026-08-11,2026-08-11T18:06:29+09:00,-3800
M0002,3076,2026-08-11,2026-08-11T18:41:47+09:00,-4000
M0002,3076,2026-08-11,2026-08-11T19:30:51+09:00,-4400
M0002,3076,2026-08-11,2026-08-11T20:08:57+09:00,-4200
M0003,3077,2026-08-11,2026-08-11T10:53:13+09:00,-200
M0003,3077,2026-08-11,2026-08-11T11:28:39+09:00,-700
M0003,3077,2026-08-11,2026-08-11T12:02:43+09:00,-1000
M0003,3077,2026-08-11,2026-08-11T12:36:02+09:00,1900
M0003,3077,2026-08-11,2026-08-11T13:06:25+09:00,2700
M0003,3077,2026-08-11,2026-08-11T14:09:42+09:00,2500
M0003,3077,2026-08-11,2026-08-11T14:50:37+09:00,3000
M0003,3077,2026-08-11,2026-08-11T15:29:09+09:00,2800
M0003,3077,2026-08-11,2026-08-11T16:05:23+09:00,2100
M0003,3077,2026-08-11,2026-08-11T16:40:17+09:00,1500
M0003,3077,2026-08-11,2026-08-11T17:28:47+09:00,900
M0003,3077,2026-08-11,2026-08-11T18:06:29+09:00,500
M0003,3077,2026-08-11,2026-08-11T18:41:47+09:00,100
M0003,3077,2026-08-11,2026-08-11T19:30:51+09:00,-700
M0003,3077,2026-08-11,2026-08-11T20:08:57+09:00,-1600
M0003,3077,2026-08-11,2026-08-11T21:03:30+09:00,-1200
M0004,3078,2026-08-11,2026-08-11T10:53:13+09:00,-100
M0004,3078,2026-08-11,2026-08-11T11:28:39+09:00,-600
M0004,3078,2026-08-11,2026-08-11T12:02:43+09:00,1600
M0004,3078,2026-08-11,2026-08-11T12:36:02+09:00,2300
M0004,3078,2026-08-11,2026-08-11T13:06:25+09:00,2400
M0004,3078,2026-08-11,2026-08-11T13:34:33+09:00,3500
M0004,3078,2026-08-11,2026-08-11T14:09:42+09:00,2400
M0004,3078,2026-08-11,2026-08-11T14:50:37+09:00,2200
M0004,3078,2026-08-11,2026-08-11T15:29:09+09:00,1600
M0004,3078,2026-08-11,2026-08-11T16:05:23+09:00,1300
M0004,3078,2026-08-11,2026-08-11T16:40:17+09:00,100
M0004,3078,2026-08-11,2026-08-11T17:28:47+09:00,-500
M0004,3078,2026-08-11,2026-08-11T18:06:29+09:00,-900
M0004,3078,2026-08-11,2026-08-11T18:41:47+09:00,600
M0004,3078,2026-08-11,2026-08-11T19:30:51+09:00,100
M0004,3078,2026-08-11,2026-08-11T20:08:57+09:00,3300
M0005,3079,2026-08-11,2026-08-11T10:53:13+09:00,0
M0005,3079,2026-08-11,2026-08-11T11:28:39+09:00,-600
M0005,3079,2026-08-11,2026-08-11T12:02:43+09:00,-1100
M0005,3079,2026-08-11,2026-08-11T12:36:02+09:00,-1400
M0005,3079,2026-08-11,2026-08-11T13:06:25+09:00,-2100
M0005,3079,2026-08-11,2026-08-11T14:09:42+09:00,-1700
M0005,3079,2026-08-11,2026-08-11T14:50:37+09:00,-2400
M0005,3079,2026-08-11,2026-08-11T15:29:09+09:00,-2000
M0005,3079,2026-08-11,2026-08-11T16:05:23+09:00,-2300
M0005,3079,2026-08-11,2026-08-11T16:40:17+09:00,-2000
M0005,3079,2026-08-11,2026-08-11T17:28:47+09:00,-2500
M0005,3079,2026-08-11,2026-08-11T18:06:29+09:00,-2300
M0005,3079,2026-08-11,2026-08-11T18:41:47+09:00,-2400
M0005,3079,2026-08-11,2026-08-11T19:30:51+09:00,-2200
M0005,3079,2026-08-11,2026-08-11T20:08:57+09:00,-3000
M0005,3079,2026-08-11,2026-08-11T21:03:30+09:00,-3100
M0005,3079,2026-08-11,2026-08-11T21:39:59+09:00,-2600
M0006,3080,2026-08-11,2026-08-11T10:53:13+09:00,-100
M0006,3080,2026-08-11,2026-08-11T11:28:39+09:00,-400
M0006,3080,2026-08-11,2026-08-11T12:02:43+09:00,-1200
M0006,3080,2026-08-11,2026-08-11T12:36:02+09:00,-1000
M0006,3080,2026-08-11,2026-08-11T13:06:25+09:00,-1500
M0006,3080,2026-08-11,2026-08-11T14:09:42+09:00,-1400
M0006,3080,2026-08-11,2026-08-11T14:50:37+09:00,-700
M0006,3080,2026-08-11,2026-08-11T15:29:09+09:00,-1100
M0006,3080,2026-08-11,2026-08-11T16:05:23+09:00,-300
M0006,3080,2026-08-11,2026-08-11T16:40:17+09:00,-1000
M0006,3080,2026-08-11,2026-08-11T17:28:47+09:00,-1400
M0006,3080,2026-08-11,2026-08-11T18:06:29+09:00,-1900
M0006,3080,2026-08-11,2026-08-11T18:41:47+09:00,-1600
M0006,3080,2026-08-11,2026-08-11T19:30:51+09:00,-1200
M0006,3080,2026-08-11,2026-08-11T21:03:30+09:00,-1600
M0006,3080,2026-08-11,2026-08-11T21:39:59+09:00,-1900
M0006,3080,2026-08-11,2026-08-11T22:25:23+09:00,-1100
M0007,3081,2026-08-11,2026-08-11T10:53:13+09:00,0
M0007,3081,2026-08-11,2026-08-11T11:28:39+09:00,-600
M0007,3081,2026-08-11,2026-08-11T12:02:43+09:00,-500
M0007,3081,2026-08-11,2026-08-11T12:36:02+09:00,-600
M0007,3081,2026-08-11,2026-08-11T13:06:25+09:00,-1200
M0007,3081,2026-08-11,2026-08-11T13:34:33+09:00,-1500
M0007,3081,2026-08-11,2026-08-11T14:09:42+09:00,-2500
M0007,3081,2026-08-11,2026-08-11T14:50:37+09:00,-1900
M0007,3081,2026-08-11,2026-08-11T15:29:09+09:00,-1700
M0007,3081,2026-08-11,2026-08-11T16:05:23+09:00,-1900
M0007,3081,2026-08-11,2026-08-11T16:40:17+09:00,-1800
M0007,3081,2026-08-11,2026-08-11T17:28:47+09:00,-2200
M0007,3081,2026-08-11,2026-08-11T18:41:47+09:00,-2800
M0007,3081,2026-08-11,2026-08-11T19:30:51+09:00,-3400
M0007,3081,2026-08-11,2026-08-11T20:08:57+09:00,-3200
M0008,3082,2026-08-11,2026-08-11T10:53:13+09:00,-100
M0008,3082,2026-08-11,2026-08-11T11:28:39+09:00,-700
M0008,3082,2026-08-11,2026-08-11T12:02:43+09:00,-200
M0008,3082,2026-08-11,2026-08-11T12:36:02+09:00,1800
M0008,3082,2026-08-11,2026-08-11T13:06:25+09:00,2500
M0008,3082,2026-08-11,2026-08-11T13:34:33+09:00,1900
M0008,3082,2026-08-11,2026-08-11T14:09:42+09:00,1000
M0008,3082,2026-08-11,2026-08-11T15:29:09+09:00,500
M0008,3082,2026-08-11,2026-08-11T16:05:23+09:00,400
M0008,3082,2026-08-11,2026-08-11T16:40:17+09:00,-1000
M0008,3082,2026-08-11,2026-08-11T17:28:47+09:00,100
M0008,3082,2026-08-11,2026-08-11T18:41:47+09:00,-100
M0008,3082,2026-08-11,2026-08-11T19:30:51+09:00,-500
M0008,3082,2026-08-11,2026-08-11T20:08:57+09:00,-200
M0009,3083,2026-08-11,2026-08-11T10:53:13+09:00,0
M0009,3083,2026-08-11,2026-08-11T11:28:39+09:00,-400
M0009,3083,2026-08-11,2026-08-11T12:02:43+09:00,-900
M0009,3083,2026-08-11,2026-08-11T12:36:02+09:00,-800
M0009,3083,2026-08-11,2026-08-11T13:06:25+09:00,-1400
M0009,3083,2026-08-11,2026-08-11T13:34:33+09:00,-2100
M0009,3083,2026-08-11,2026-08-11T14:09:42+09:00,-300
M0009,3083,2026-08-11,2026-08-11T14:50:37+09:00,200
M0009,3083,2026-08-11,2026-08-11T15:29:09+09:00,-300
M0009,3083,2026-08-11,2026-08-11T16:05:23+09:00,700
M0009,3083,2026-08-11,2026-08-11T16:40:17+09:00,0
M0009,3083,2026-08-11,2026-08-11T17:28:47+09:00,-800
M0009,3083,2026-08-11,2026-08-11T18:06:29+09:00,-100
M0009,3083,2026-08-11,2026-08-11T18:41:47+09:00,-700
M0009,3083,2026-08-11,2026-08-11T19:30:51+09:00,-1100
M0009,3083,2026-08-11,2026-08-11T20:08:57+09:00,-1000
M0009,3083,2026-08-11,2026-08-11T21:03:30+09:00,-300
M0010,3084,2026-08-11,2026-08-11T10:53:13+09:00,0
M0010,3084,2026-08-11,2026-08-11T11:28:39+09:00,-100
M0010,3084,2026-08-11,2026-08-11T12:36:02+09:00,-800
M0010,3084,2026-08-11,2026-08-11T13:34:33+09:00,-1400
M0010,3084,2026-08-11,2026-08-11T14:09:42+09:00,-2100
M0010,3084,2026-08-11,2026-08-11T14:50:37+09:00,-2800
M0010,3084,2026-08-11,2026-08-11T15:29:09+09:00,-3400
M0010,3084,2026-08-11,2026-08-11T16:05:23+09:00,-3800
M0010,3084,2026-08-11,2026-08-11T16:40:17+09:00,-2700
M0010,3084,2026-08-11,2026-08-11T17:28:47+09:00,-3400
M0010,3084,2026-08-11,2026-08-11T18:06:29+09:00,-3900
M0010,3084,2026-08-11,2026-08-11T18:41:47+09:00,-1700
M0010,3084,2026-08-11,2026-08-11T19:30:51+09:00,-2000
M0010,3084,2026-08-11,2026-08-11T20:08:57+09:00,-2900
M0010,3084,2026-08-11,2026-08-11T21:03:30+09:00,-3100
M0011,3085,2026-08-11,2026-08-11T10:53:13+09:00,0
M0011,3085,2026-08-11,2026-08-11T11:28:39+09:00,-500
M0011,3085,2026-08-11,2026-08-11T12:02:43+09:00,-800
M0011,3085,2026-08-11,2026-08-11T12:36:02+09:00,-1400
M0011,3085,2026-08-11,2026-08-11T13:06:25+09:00,-1800
M0011,3085,2026-08-11,2026-08-11T13:34:33+09:00,-2300
M0011,3085,2026-08-11,2026-08-11T14:09:42+09:00,-3300
M0011,3085,2026-08-11,2026-08-11T15:29:09+09:00,-2400
M0011,3085,2026-08-11,2026-08-11T16:05:23+09:00,-2900
M0011,3085,2026-08-11,2026-08-11T16:40:17+09:00,-3600
M0011,3085,2026-08-11,2026-08-11T17:28:47+09:00,-4400
M0011,3085,2026-08-11,2026-08-11T18:41:47+09:00,-3800
M0012,3086,2026-08-11,2026-08-11T10:53:13+09:00,-100
M0012,3086,2026-08-11,2026-08-11T12:02:43+09:00,-200
M0012,3086,2026-08-11,2026-08-11T12:36:02+09:00,100
M0012,3086,2026-08-11,2026-08-11T13:06:25+09:00,-400
M0012,3086,2026-08-11,2026-08-11T13:34:33+09:00,-600
M0012,3086,2026-08-11,2026-08-11T14:09:42+09:00,-1200
M0012,3086,2026-08-11,2026-08-11T14:50:37+09:00,-1400
M0012,3086,2026-08-11,2026-08-11T15:29:09+09:00,-1800
M0012,3086,2026-08-11,2026-08-11T16:05:23+09:00,-1700
M0012,3086,2026-08-11,2026-08-11T16:40:17+09:00,-1900
M0012,3086,2026-08-11,2026-08-11T17:28:47+09:00,-2000
M0012,3086,2026-08-11,2026-08-11T18:06:29+09:00,-400
M0012,3086,2026-08-11,2026-08-11T18:41:47+09:00,-200
M0012,3086,2026-08-11,2026-08-11T19:30:51+09:00,-800
M0012,3086,2026-08-11,2026-08-11T20:08:57+09:00,1700
M0012,3086,2026-08-11,2026-08-11T21:03:30+09:00,1000
M0012,3086,2026-08-11,2026-08-11T21:39:59+09:00,900
M0012,3086,2026-08-11,2026-08-11T22:25:23+09:00,1200
M0013,3087,2026-08-11,2026-08-11T10:53:13+09:00,-100
M0013,3087,2026-08-11,2026-08-11T11:28:39+09:00,-900
M0013,3087,2026-08-11,2026-08-11T12:02:43+09:00,-1200
M0013,3087,2026-08-11,2026-08-11T12:36:02+09:00,-1700
M0013,3087,2026-08-11,2026-08-11T13:06:25+09:00,-1500
M0013,3087,2026-08-11,2026-08-11T13:34:33+09:00,-2100
M0013,3087,2026-08-11,2026-08-11T14:09:42+09:00,0
M0013,3087,2026-08-11,2026-08-11T14:50:37+09:00,200
M0013,3087,2026-08-11,2026-08-11T15:29:09+09:00,600
M0013,3087,2026-08-11,2026-08-11T16:05:23+09:00,500
M0013,3087,2026-08-11,2026-08-11T16:40:17+09:00,600
M0013,3087,2026-08-11,2026-08-11T17:28:47+09:00,2000
M0013,3087,2026-08-11,2026-08-11T18:06:29+09:00,1300
M0013,3087,2026-08-11,2026-08-11T18:41:47+09:00,800
M0013,3087,2026-08-11,2026-08-11T19:30:51+09:00,500
M0013,3087,2026-08-11,2026-08-11T20:08:57+09:00,-800
M0013,3087,2026-08-11,2026-08-11T21:03:30+09:00,-1300
M0014,3150,2026-08-11,2026-08-11T10:53:13+09:00,-200
M0014,3150,2026-08-11,2026-08-11T11:28:39+09:00,0
M0014,3150,2026-08-11,2026-08-11T12:02:43+09:00,-400
M0014,3150,2026-08-11,2026-08-11T12:36:02+09:00,-900
M0014,3150,2026-08-11,2026-08-11T13:06:25+09:00,-1400
M0014,3150,2026-08-11,2026-08-11T13:34:33+09:00,-1300
M0014,3150,2026-08-11,2026-08-11T14:09:42+09:00,-1200
M0014,3150,2026-08-11,2026-08-11T14:50:37+09:00,-1800
M0014,3150,2026-08-11,2026-08-11T15:29:09+09:00,-2200
M0014,3150,2026-08-11,2026-08-11T16:05:23+09:00,-2100
M0014,3150,2026-08-11,2026-08-11T16:40:17+09:00,-1800
M0014,3150,2026-08-11,2026-08-11T17:28:47+09:00,-2600
M0014,3150,2026-08-11,2026-08-11T18:06:29+09:00,-3100
M0014,3150,2026-08-11,2026-08-11T18:41:47+09:00,-2700
M0014,3150,2026-08-11,2026-08-11T19:30:51+09:00,-3400
M0014,3150,2026-08-11,2026-08-11T20:08:57+09:00,-3900
M0015,3151,2026-08-11,2026-08-11T10:53:13+09:00,-100
M0015,3151,2026-08-11,2026-08-11T11:28:39+09:00,-600
M0015,3151,2026-08-11,2026-08-11T12:02:43+09:00,-1100
M0015,3151,2026-08-11,2026-08-11T12:36:02+09:00,-1700
M0015,3151,2026-08-11,2026-08-11T13:06:25+09:00,-2100
M0015,3151,2026-08-11,2026-08-11T13:34:33+09:00,-2300
M0015,3151,2026-08-11,2026-08-11T14:09:42+09:00,-2500
M0015,3151,2026-08-11,2026-08-11T14:50:37+09:00,-3100
M0015,3151,2026-08-11,2026-08-11T15:29:09+09:00,-3800
M0015,3151,2026-08-11,2026-08-11T16:05:23+09:00,-1700
M0015,3151,2026-08-11,2026-08-11T16:40:17+09:00,100
M0015,3151,2026-08-11,2026-08-11T17:28:47+09:00,-500
M0015,3151,2026-08-11,2026-08-11T18:06:29+09:00,-700
M0015,3151,2026-08-11,2026-08-11T18:41:47+09:00,-2100
M0015,3151,2026-08-11,2026-08-11T19:30:51+09:00,-2300
M0015,3151,2026-08-11,2026-08-11T20:08:57+09:00,-400
M0016,3152,2026-08-11,2026-08-11T10:53:13+09:00,-100
M0016,3152,2026-08-11,2026-08-11T11:28:39+09:00,-700
M0016,3152,2026-08-11,2026-08-11T12:02:43+09:00,-1300
M0016,3152,2026-08-11,2026-08-11T12:36:02+09:00,-2000
M0016,3152,2026-08-11,2026-08-11T13:06:25+09:00,-2500
M0016,3152,2026-08-11,2026-08-11T13:34:33+09:00,-2800
M0016,3152,2026-08-11,2026-08-11T14:09:42+09:00,-2400
M0016,3152,2026-08-11,2026-08-11T14:50:37+09:00,-3100
M0016,3152,2026-08-11,2026-08-11T15:29:09+09:00,-3900
M0016,3152,2026-08-11,2026-08-11T16:05:23+09:00,-3500
M0016,3152,2026-08-11,2026-08-11T16:40:17+09:00,-3700
M0016,3152,2026-08-11,2026-08-11T19:30:51+09:00,-2900
M0016,3152,2026-08-11,2026-08-11T20:08:57+09:00,1300
M0016,3152,2026-08-11,2026-08-11T21:03:30+09:00,4000
M0016,3152,2026-08-11,2026-08-11T21:39:59+09:00,5900
M0016,3152,2026-08-11,2026-08-11T22:25:23+09:00,5800
M0017,3153,2026-08-11,2026-08-11T10:53:13+09:00,-100
M0017,3153,2026-08-11,2026-08-11T11:28:39+09:00,-700
M0017,3153,2026-08-11,2026-08-11T12:02:43+09:00,-1400
M0017,3153,2026-08-11,2026-08-11T12:36:02+09:00,-1700
M0017,3153,2026-08-11,2026-08-11T13:06:25+09:00,-1900
M0017,3153,2026-08-11,2026-08-11T13:34:33+09:00,-2300
M0017,3153,2026-08-11,2026-08-11T14:09:42+09:00,-3800
M0017,3153,2026-08-11,2026-08-11T14:50:37+09:00,-4300
M0017,3153,2026-08-11,2026-08-11T15:29:09+09:00,-4700
M0017,3153,2026-08-11,2026-08-11T16:05:23+09:00,-4200
M0017,3153,2026-08-11,2026-08-11T16:40:17+09:00,-3900
M0017,3153,2026-08-11,2026-08-11T17:28:47+09:00,-3000
M0017,3153,2026-08-11,2026-08-11T18:06:29+09:00,-3100
M0017,3153,2026-08-11,2026-08-11T18:41:47+09:00,-4100
M0017,3153,2026-08-11,2026-08-11T19:30:51+09:00,-4200
M0017,3153,2026-08-11,2026-08-11T20:08:57+09:00,-4000
M0018,3154,2026-08-11,2026-08-11T10:53:13+09:00,-100
M0018,3154,2026-08-11,2026-08-11T11:28:39+09:00,1100
M0018,3154,2026-08-11,2026-08-11T12:02:43+09:00,3600
M0018,3154,2026-08-11,2026-08-11T12:36:02+09:00,4300
M0018,3154,2026-08-11,2026-08-11T13:06:25+09:00,3900
M0018,3154,2026-08-11,2026-08-11T13:34:33+09:00,3500
M0018,3154,2026-08-11,2026-08-11T14:09:42+09:00,2300
M0018,3154,2026-08-11,2026-08-11T14:50:37+09:00,1600
M0018,3154,2026-08-11,2026-08-11T15:29:09+09:00,2000
M0018,3154,2026-08-11,2026-08-11T16:05:23+09:00,2500
M0018,3154,2026-08-11,2026-08-11T16:40:17+09:00,2000
M0018,3154,2026-08-11,2026-08-11T17:28:47+09:00,1600
M0018,3154,2026-08-11,2026-08-11T18:06:29+09:00,2200
M0018,3154,2026-08-11,2026-08-11T18:41:47+09:00,4800
M0018,3154,2026-08-11,2026-08-11T19:30:51+09:00,4400
M0018,3154,2026-08-11,2026-08-11T20:08:57+09:00,4000
M0018,3154,2026-08-11,2026-08-11T21:03:30+09:00,3500
M0018,3154,2026-08-11,2026-08-11T21:39:59+09:00,3400
M0019,3155,2026-08-11,2026-08-11T10:53:13+09:00,-100
M0019,3155,2026-08-11,2026-08-11T11:28:39+09:00,-600
M0019,3155,2026-08-11,2026-08-11T12:02:43+09:00,400
M0019,3155,2026-08-11,2026-08-11T12:36:02+09:00,-200
M0019,3155,2026-08-11,2026-08-11T13:06:25+09:00,-700
M0019,3155,2026-08-11,2026-08-11T14:09:42+09:00,-1400
M0019,3155,2026-08-11,2026-08-11T14:50:37+09:00,-1700
M0019,3155,2026-08-11,2026-08-11T15:29:09+09:00,-2300
M0019,3155,2026-08-11,2026-08-11T16:40:17+09:00,-2500
M0019,3155,2026-08-11,2026-08-11T17:28:47+09:00,-3200
M0019,3155,2026-08-11,2026-08-11T18:06:29+09:00,-3000
M0019,3155,2026-08-11,2026-08-11T19:30:51+09:00,-3100
M0019,3155,2026-08-11,2026-08-11T20:08:57+09:00,-4100
M0019,3155,2026-08-11,2026-08-11T21:03:30+09:00,-4800
M0019,3155,2026-08-11,2026-08-11T21:39:59+09:00,-5900
M0019,3155,2026-08-11,2026-08-11T22:25:23+09:00,-6100
M0020,3156,2026-08-11,2026-08-11T10:53:13+09:00,-100
M0020,3156,2026-08-11,2026-08-11T11:28:39+09:00,-200
M0020,3156,2026-08-11,2026-08-11T12:02:43+09:00,-800
M0020,3156,2026-08-11,2026-08-11T12:36:02+09:00,-900
M0020,3156,2026-08-11,2026-08-11T13:06:25+09:00,-1500
M0020,3156,2026-08-11,2026-08-11T13:34:33+09:00,-1100
M0020,3156,2026-08-11,2026-08-11T14:09:42+09:00,1600
M0020,3156,2026-08-11,2026-08-11T14:50:37+09:00,1700
M0020,3156,2026-08-11,2026-08-11T16:05:23+09:00,1100
M0020,3156,2026-08-11,2026-08-11T16:40:17+09:00,900
M0020,3156,2026-08-11,2026-08-11T17:28:47+09:00,1200
M0020,3156,2026-08-11,2026-08-11T18:06:29+09:00,1400
M0020,3156,2026-08-11,2026-08-11T18:41:47+09:00,1500
M0020,3156,2026-08-11,2026-08-11T19:30:51+09:00,1000
M0020,3156,2026-08-11,2026-08-11T20:08:57+09:00,200
M0020,3156,2026-08-11,2026-08-11T21:03:30+09:00,2300
M0020,3156,2026-08-11,2026-08-11T21:39:59+09:00,5600
M0021,3157,2026-08-11,2026-08-11T10:53:13+09:00,-100
M0021,3157,2026-08-11,2026-08-11T11:28:39+09:00,400
M0021,3157,2026-08-11,2026-08-11T12:02:43+09:00,100
M0021,3157,2026-08-11,2026-08-11T13:06:25+09:00,-500
M0021,3157,2026-08-11,2026-08-11T13:34:33+09:00,-1300
M0021,3157,2026-08-11,2026-08-11T14:09:42+09:00,-1500
M0021,3157,2026-08-11,2026-08-11T14:50:37+09:00,-2200
M0021,3157,2026-08-11,2026-08-11T15:29:09+09:00,-2300
M0021,3157,2026-08-11,2026-08-11T16:05:23+09:00,-2800
M0021,3157,2026-08-11,2026-08-11T16:40:17+09:00,-2600
M0021,3157,2026-08-11,2026-08-11T17:28:47+09:00,-2800
M0021,3157,2026-08-11,2026-08-11T18:06:29+09:00,-3200
M0021,3157,2026-08-11,2026-08-11T18:41:47+09:00,-3700
M0021,3157,2026-08-11,2026-08-11T19:30:51+09:00,-4300
M0021,3157,2026-08-11,2026-08-11T20:08:57+09:00,-4600
M0021,3157,2026-08-11,2026-08-11T21:03:30+09:00,-4700
M0021,3157,2026-08-11,2026-08-11T21:39:59+09:00,-5200
M0021,3157,2026-08-11,2026-08-11T22:25:23+09:00,-5800
M0021,3157,2026-08-11,2026-08-11T23:04:47+09:00,-6500
M0021,3157,2026-08-11,2026-08-11T23:43:02+09:00,-6600
M0022,3158,2026-08-11,2026-08-11T10:53:13+09:00,-200
M0022,3158,2026-08-11,2026-08-11T11:28:39+09:00,-800
M0022,3158,2026-08-11,2026-08-11T12:02:43+09:00,-1300
M0022,3158,2026-08-11,2026-08-11T12:36:02+09:00,-1200
M0022,3158,2026-08-11,2026-08-11T13:06:25+09:00,-1800
M0022,3158,2026-08-11,2026-08-11T13:34:33+09:00,-1100
M0022,3158,2026-08-11,2026-08-11T14:09:42+09:00,600
M0022,3158,2026-08-11,2026-08-11T14:50:37+09:00,0
M0022,3158,2026-08-11,2026-08-11T15:29:09+09:00,-400
M0022,3158,2026-08-11,2026-08-11T16:05:23+09:00,-100
M0022,3158,2026-08-11,2026-08-11T16:40:17+09:00,200
M0022,3158,2026-08-11,2026-08-11T17:28:47+09:00,0
M0022,3158,2026-08-11,2026-08-11T18:06:29+09:00,-100
M0022,3158,2026-08-11,2026-08-11T18:41:47+09:00,-1200
M0022,3158,2026-08-11,2026-08-11T19:30:51+09:00,-800
M0022,3158,2026-08-11,2026-08-11T20:08:57+09:00,-1600
M0022,3158,2026-08-11,2026-08-11T21:03:30+09:00,-2300
M0022,3158,2026-08-11,2026-08-11T21:39:59+09:00,-2900
M0022,3158,2026-08-11,2026-08-11T22:25:23+09:00,-2700
M0023,3159,2026-08-11,2026-08-11T10:53:13+09:00,-200
M0023,3159,2026-08-11,2026-08-11T11:28:39+09:00,-800
M0023,3159,2026-08-11,2026-08-11T12:02:43+09:00,-1300
M0023,3159,2026-08-11,2026-08-11T12:36:02+09:00,-1800
M0023,3159,2026-08-11,2026-08-11T13:06:25+09:00,-2300
M0023,3159,2026-08-11,2026-08-11T14:09:42+09:00,-1800
M0023,3159,2026-08-11,2026-08-11T14:50:37+09:00,-2400
M0023,3159,2026-08-11,2026-08-11T15:29:09+09:00,-2700
M0023,3159,2026-08-11,2026-08-11T16:05:23+09:00,-3300
M0023,3159,2026-08-11,2026-08-11T16:40:17+09:00,-2800
M0023,3159,2026-08-11,2026-08-11T17:28:47+09:00,-1400
M0023,3159,2026-08-11,2026-08-11T18:06:29+09:00,300
M0023,3159,2026-08-11,2026-08-11T18:41:47+09:00,2900
M0023,3159,2026-08-11,2026-08-11T19:30:51+09:00,3200
M0023,3159,2026-08-11,2026-08-11T20:08:57+09:00,2600
M0023,3159,2026-08-11,2026-08-11T21:03:30+09:00,2100
M0024,3160,2026-08-11,2026-08-11T10:53:13+09:00,200
M0024,3160,2026-08-11,2026-08-11T11:28:39+09:00,-200
M0024,3160,2026-08-11,2026-08-11T12:02:43+09:00,2200
M0024,3160,2026-08-11,2026-08-11T12:36:02+09:00,5000
M0024,3160,2026-08-11,2026-08-11T13:06:25+09:00,4600
M0024,3160,2026-08-11,2026-08-11T13:34:33+09:00,4400
M0024,3160,2026-08-11,2026-08-11T14:09:42+09:00,3700
M0024,3160,2026-08-11,2026-08-11T16:05:23+09:00,3100
M0024,3160,2026-08-11,2026-08-11T16:40:17+09:00,3200
M0024,3160,2026-08-11,2026-08-11T17:28:47+09:00,5800
M0024,3160,2026-08-11,2026-08-11T18:06:29+09:00,5100
M0024,3160,2026-08-11,2026-08-11T18:41:47+09:00,5600
M0024,3160,2026-08-11,2026-08-11T19:30:51+09:00,5900
M0024,3160,2026-08-11,2026-08-11T20:08:57+09:00,5300
M0024,3160,2026-08-11,2026-08-11T21:39:59+09:00,5200
M0024,3160,2026-08-11,2026-08-11T22:25:23+09:00,5600
M0025,3161,2026-08-11,2026-08-11T10:53:13+09:00,-100
M0025,3161,2026-08-11,2026-08-11T11:28:39+09:00,300
M0025,3161,2026-08-11,2026-08-11T12:02:43+09:00,0
M0025,3161,2026-08-11,2026-08-11T12:36:02+09:00,-700
M0025,3161,2026-08-11,2026-08-11T13:06:25+09:00,700
M0025,3161,2026-08-11,2026-08-11T13:34:33+09:00,600
M0025,3161,2026-08-11,2026-08-11T14:09:42+09:00,300
M0025,3161,2026-08-11,2026-08-11T14:50:37+09:00,100
M0025,3161,2026-08-11,2026-08-11T15:29:09+09:00,0
M0025,3161,2026-08-11,2026-08-11T16:05:23+09:00,-700
M0025,3161,2026-08-11,2026-08-11T16:40:17+09:00,-1500
M0025,3161,2026-08-11,2026-08-11T17:28:47+09:00,-800
M0025,3161,2026-08-11,2026-08-11T19:30:51+09:00,-1400
M0025,3161,2026-08-11,2026-08-11T20:08:57+09:00,-2000
M0025,3161,2026-08-11,2026-08-11T21:03:30+09:00,-200
M0025,3161,2026-08-11,2026-08-11T21:39:59+09:00,600
M0026,3162,2026-08-11,2026-08-11T10:53:13+09:00,-100
M0026,3162,2026-08-11,2026-08-11T11:28:39+09:00,-500
M0026,3162,2026-08-11,2026-08-11T12:02:43+09:00,-400
M0026,3162,2026-08-11,2026-08-11T12:36:02+09:00,-800
M0026,3162,2026-08-11,2026-08-11T13:06:25+09:00,-1400
M0026,3162,2026-08-11,2026-08-11T13:34:33+09:00,-2000
M0026,3162,2026-08-11,2026-08-11T14:09:42+09:00,-1300
M0026,3162,2026-08-11,2026-08-11T14:50:37+09:00,-1500
M0026,3162,2026-08-11,2026-08-11T15:29:09+09:00,-2200
M0026,3162,2026-08-11,2026-08-11T16:05:23+09:00,-2000
M0026,3162,2026-08-11,2026-08-11T16:40:17+09:00,-3100
M0026,3162,2026-08-11,2026-08-11T17:28:47+09:00,-3900
M0026,3162,2026-08-11,2026-08-11T18:06:29+09:00,-3200
M0026,3162,2026-08-11,2026-08-11T18:41:47+09:00,-3900
M0026,3162,2026-08-11,2026-08-11T19:30:51+09:00,-4000
M0026,3162,2026-08-11,2026-08-11T20:08:57+09:00,-4700
M0026,3162,2026-08-11,2026-08-11T21:39:59+09:00,-4100
M0027,3163,2026-08-11,2026-08-11T10:53:13+09:00,-100
M0027,3163,2026-08-11,2026-08-11T11:28:39+09:00,-700
M0027,3163,2026-08-11,2026-08-11T12:02:43+09:00,-1400
M0027,3163,2026-08-11,2026-08-11T12:36:02+09:00,-2000
M0027,3163,2026-08-11,2026-08-11T13:06:25+09:00,-1500
M0027,3163,2026-08-11,2026-08-11T13:34:33+09:00,200
M0027,3163,2026-08-11,2026-08-11T14:09:42+09:00,2600
M0027,3163,2026-08-11,2026-08-11T14:50:37+09:00,2500
M0027,3163,2026-08-11,2026-08-11T16:05:23+09:00,2100
M0027,3163,2026-08-11,2026-08-11T16:40:17+09:00,2200
M0027,3163,2026-08-11,2026-08-11T17:28:47+09:00,4100
M0027,3163,2026-08-11,2026-08-11T18:06:29+09:00,4200
M0027,3163,2026-08-11,2026-08-11T18:41:47+09:00,3900
M0027,3163,2026-08-11,2026-08-11T19:30:51+09:00,6100
M0027,3163,2026-08-11,2026-08-11T20:08:57+09:00,10100
M0027,3163,2026-08-11,2026-08-11T21:03:30+09:00,10400
M0027,3163,2026-08-11,2026-08-11T21:39:59+09:00,9500
M0027,3163,2026-08-11,2026-08-11T22:25:23+09:00,9400
M0027,3163,2026-08-11,2026-08-11T23:04:47+09:00,9700
M0028,3164,2026-08-11,2026-08-11T10:53:13+09:00,-200
M0028,3164,2026-08-11,2026-08-11T11:28:39+09:00,-300
M0028,3164,2026-08-11,2026-08-11T12:02:43+09:00,-800
M0028,3164,2026-08-11,2026-08-11T12:36:02+09:00,-1200
M0028,3164,2026-08-11,2026-08-11T13:06:25+09:00,-1700
M0028,3164,2026-08-11,2026-08-11T13:34:33+09:00,-2400
M0028,3164,2026-08-11,2026-08-11T14:09:42+09:00,-2200
M0028,3164,2026-08-11,2026-08-11T14:50:37+09:00,-2900
M0028,3164,2026-08-11,2026-08-11T15:29:09+09:00,-2600
M0028,3164,2026-08-11,2026-08-11T16:05:23+09:00,-3100
M0028,3164,2026-08-11,2026-08-11T16:40:17+09:00,-4200
M0028,3164,2026-08-11,2026-08-11T17:28:47+09:00,-4600
M0028,3164,2026-08-11,2026-08-11T18:41:47+09:00,-5500
M0028,3164,2026-08-11,2026-08-11T19:30:51+09:00,-6100
M0028,3164,2026-08-11,2026-08-11T20:08:57+09:00,-5200
M0028,3164,2026-08-11,2026-08-11T21:03:30+09:00,-5900
M0028,3164,2026-08-11,2026-08-11T21:39:59+09:00,-6400
M0028,3164,2026-08-11,2026-08-11T22:25:23+09:00,-6900
M0029,3165,2026-08-11,2026-08-11T10:53:13+09:00,-100
M0029,3165,2026-08-11,2026-08-11T11:28:39+09:00,-500
M0029,3165,2026-08-11,2026-08-11T12:02:43+09:00,-1000
M0029,3165,2026-08-11,2026-08-11T12:36:02+09:00,-1700
M0029,3165,2026-08-11,2026-08-11T13:06:25+09:00,-2000
M0029,3165,2026-08-11,2026-08-11T13:34:33+09:00,-2600
M0029,3165,2026-08-11,2026-08-11T14:09:42+09:00,-2700
M0029,3165,2026-08-11,2026-08-11T14:50:37+09:00,-2800
M0029,3165,2026-08-11,2026-08-11T15:29:09+09:00,-3400
M0029,3165,2026-08-11,2026-08-11T16:05:23+09:00,-3800
M0029,3165,2026-08-11,2026-08-11T16:40:17+09:00,-4000
M0029,3165,2026-08-11,2026-08-11T17:28:47+09:00,-4500
M0029,3165,2026-08-11,2026-08-11T18:06:29+09:00,-5000
M0029,3165,2026-08-11,2026-08-11T18:41:47+09:00,-5800
M0029,3165,2026-08-11,2026-08-11T19:30:51+09:00,-5100
M0029,3165,2026-08-11,2026-08-11T20:08:57+09:00,-6300
M0029,3165,2026-08-11,2026-08-11T21:03:30+09:00,-6200
M0029,3165,2026-08-11,2026-08-11T21:39:59+09:00,-5500
M0030,3166,2026-08-11,2026-08-11T10:53:13+09:00,-200
M0030,3166,2026-08-11,2026-08-11T11:28:39+09:00,-600
M0030,3166,2026-08-11,2026-08-11T12:02:43+09:00,-300
M0030,3166,2026-08-11,2026-08-11T12:36:02+09:00,-500
M0030,3166,2026-08-11,2026-08-11T13:06:25+09:00,-200
M0030,3166,2026-08-11,2026-08-11T13:34:33+09:00,-800
M0030,3166,2026-08-11,2026-08-11T14:09:42+09:00,-100
M0030,3166,2026-08-11,2026-08-11T14:50:37+09:00,-600
M0030,3166,2026-08-11,2026-08-11T15:29:09+09:00,-400
M0030,3166,2026-08-11,2026-08-11T16:05:23+09:00,-100
M0030,3166,2026-08-11,2026-08-11T16:40:17+09:00,-500
M0030,3166,2026-08-11,2026-08-11T17:28:47+09:00,-1100
M0030,3166,2026-08-11,2026-08-11T18:06:29+09:00,-1800
M0030,3166,2026-08-11,2026-08-11T18:41:47+09:00,1700
M0030,3166,2026-08-11,2026-08-11T19:30:51+09:00,1000
M0030,3166,2026-08-11,2026-08-11T20:08:57+09:00,2000
M0001,3075,2026-08-12,2026-08-12T10:53:47+09:00,-100
M0001,3075,2026-08-12,2026-08-12T11:28:45+09:00,-400
M0001,3075,2026-08-12,2026-08-12T12:02:51+09:00,-900
M0001,3075,2026-08-12,2026-08-12T12:36:01+09:00,-1500
M0001,3075,2026-08-12,2026-08-12T13:06:31+09:00,-400
M0001,3075,2026-08-12,2026-08-12T13:35:53+09:00,-1000
M0001,3075,2026-08-12,2026-08-12T14:11:01+09:00,-1900
M0001,3075,2026-08-12,2026-08-12T14:56:33+09:00,-2600
M0001,3075,2026-08-12,2026-08-12T15:31:45+09:00,-3300
M0001,3075,2026-08-12,2026-08-12T16:07:57+09:00,-4100
M0001,3075,2026-08-12,2026-08-12T16:35:17+09:00,-3600
M0001,3075,2026-08-12,2026-08-12T18:14:03+09:00,-3400
M0001,3075,2026-08-12,2026-08-12T19:01:02+09:00,-1600
M0001,3075,2026-08-12,2026-08-12T21:39:31+09:00,-2200
M0001,3075,2026-08-12,2026-08-12T22:26:01+09:00,-1900
M0002,3076,2026-08-12,2026-08-12T10:53:47+09:00,-200
M0002,3076,2026-08-12,2026-08-12T11:28:45+09:00,-1000
M0002,3076,2026-08-12,2026-08-12T15:31:45+09:00,-1500
M0002,3076,2026-08-12,2026-08-12T16:07:57+09:00,-2300
M0002,3076,2026-08-12,2026-08-12T16:35:17+09:00,-1900
M0003,3077,2026-08-12,2026-08-12T10:53:47+09:00,-200
M0003,3077,2026-08-12,2026-08-12T12:02:51+09:00,-400
M0003,3077,2026-08-12,2026-08-12T12:36:01+09:00,1400
M0003,3077,2026-08-12,2026-08-12T13:06:31+09:00,2100
M0003,3077,2026-08-12,2026-08-12T13:35:53+09:00,2700
M0003,3077,2026-08-12,2026-08-12T14:11:01+09:00,4100
M0003,3077,2026-08-12,2026-08-12T14:56:33+09:00,3900
M0003,3077,2026-08-12,2026-08-12T15:31:45+09:00,3300
M0003,3077,2026-08-12,2026-08-12T16:07:57+09:00,2600
M0003,3077,2026-08-12,2026-08-12T16:35:17+09:00,2300
M0003,3077,2026-08-12,2026-08-12T17:01:31+09:00,1600
M0003,3077,2026-08-12,2026-08-12T17:36:51+09:00,1100
M0003,3077,2026-08-12,2026-08-12T18:14:03+09:00,2600
M0003,3077,2026-08-12,2026-08-12T19:01:02+09:00,3300
M0003,3077,2026-08-12,2026-08-12T19:36:51+09:00,3100
M0003,3077,2026-08-12,2026-08-12T20:14:43+09:00,2300
M0003,3077,2026-08-12,2026-08-12T21:39:31+09:00,2700
M0004,3078,2026-08-12,2026-08-12T10:53:47+09:00,0
M0004,3078,2026-08-12,2026-08-12T12:02:51+09:00,500
M0004,3078,2026-08-12,2026-08-12T13:35:53+09:00,0
M0004,3078,2026-08-12,2026-08-12T14:11:01+09:00,-1200
M0004,3078,2026-08-12,2026-08-12T15:31:45+09:00,-1800
M0004,3078,2026-08-12,2026-08-12T16:07:57+09:00,-1600
M0005,3079,2026-08-12,2026-08-12T10:53:47+09:00,100
M0005,3079,2026-08-12,2026-08-12T11:28:45+09:00,2400
M0005,3079,2026-08-12,2026-08-12T12:02:51+09:00,4400
M0005,3079,2026-08-12,2026-08-12T12:36:01+09:00,5100
M0005,3079,2026-08-12,2026-08-12T13:06:31+09:00,5500
M0005,3079,2026-08-12,2026-08-12T13:35:53+09:00,5000
M0005,3079,2026-08-12,2026-08-12T14:11:01+09:00,3600
M0005,3079,2026-08-12,2026-08-12T14:56:33+09:00,3700
M0005,3079,2026-08-12,2026-08-12T15:31:45+09:00,4500
M0005,3079,2026-08-12,2026-08-12T16:07:57+09:00,6900
M0005,3079,2026-08-12,2026-08-12T16:35:17+09:00,6500
M0005,3079,2026-08-12,2026-08-12T17:01:31+09:00,6400
M0005,3079,2026-08-12,2026-08-12T17:36:51+09:00,5700
M0005,3079,2026-08-12,2026-08-12T18:14:03+09:00,4400
M0005,3079,2026-08-12,2026-08-12T19:01:02+09:00,5100
M0005,3079,2026-08-12,2026-08-12T20:14:43+09:00,4700
M0005,3079,2026-08-12,2026-08-12T21:03:27+09:00,4000
M0005,3079,2026-08-12,2026-08-12T21:39:31+09:00,6100
M0005,3079,2026-08-12,2026-08-12T22:26:01+09:00,5900
M0005,3079,2026-08-12,2026-08-12T23:05:02+09:00,5500
M0005,3079,2026-08-12,2026-08-12T23:42:09+09:00,5100
M0006,3080,2026-08-12,2026-08-12T10:53:47+09:00,-200
M0006,3080,2026-08-12,2026-08-12T11:28:45+09:00,-800
M0006,3080,2026-08-12,2026-08-12T12:02:51+09:00,-1400
M0006,3080,2026-08-12,2026-08-12T12:36:01+09:00,-700
M0006,3080,2026-08-12,2026-08-12T13:06:31+09:00,-1200
M0006,3080,2026-08-12,2026-08-12T14:11:01+09:00,-1800
M0006,3080,2026-08-12,2026-08-12T14:56:33+09:00,-2200
M0006,3080,2026-08-12,2026-08-12T15:31:45+09:00,-2800
M0006,3080,2026-08-12,2026-08-12T16:07:57+09:00,-2200
M0006,3080,2026-08-12,2026-08-12T16:35:17+09:00,-2500
M0006,3080,2026-08-12,2026-08-12T17:01:31+09:00,-2100
M0006,3080,2026-08-12,2026-08-12T17:36:51+09:00,-1700
M0006,3080,2026-08-12,2026-08-12T18:14:03+09:00,-800
M0006,3080,2026-08-12,2026-08-12T19:36:51+09:00,-1100
M0006,3080,2026-08-12,2026-08-12T20:14:43+09:00,-2200
M0006,3080,2026-08-12,2026-08-12T21:03:27+09:00,300
M0006,3080,2026-08-12,2026-08-12T21:39:31+09:00,-1100
M0006,3080,2026-08-12,2026-08-12T22:26:01+09:00,-500
M0007,3081,2026-08-12,2026-08-12T10:53:47+09:00,0
M0007,3081,2026-08-12,2026-08-12T12:36:01+09:00,-400
M0007,3081,2026-08-12,2026-08-12T13:06:31+09:00,-600
M0007,3081,2026-08-12,2026-08-12T19:01:02+09:00,-1000
M0007,3081,2026-08-12,2026-08-12T19:36:51+09:00,-500
M0007,3081,2026-08-12,2026-08-12T21:03:27+09:00,-1100
M0007,3081,2026-08-12,2026-08-12T21:39:31+09:00,-1200
M0007,3081,2026-08-12,2026-08-12T22:26:01+09:00,-800
M0008,3082,2026-08-12,2026-08-12T10:53:47+09:00,0
M0008,3082,2026-08-12,2026-08-12T11:28:45+09:00,-600
M0008,3082,2026-08-12,2026-08-12T12:02:51+09:00,-1100
M0008,3082,2026-08-12,2026-08-12T12:36:01+09:00,-400
M0008,3082,2026-08-12,2026-08-12T13:06:31+09:00,-300
M0008,3082,2026-08-12,2026-08-12T13:35:53+09:00,-900
M0008,3082,2026-08-12,2026-08-12T14:11:01+09:00,2800
M0008,3082,2026-08-12,2026-08-12T14:56:33+09:00,2300
M0008,3082,2026-08-12,2026-08-12T15:31:45+09:00,2700
M0008,3082,2026-08-12,2026-08-12T16:07:57+09:00,2800
M0008,3082,2026-08-12,2026-08-12T16:35:17+09:00,3000
M0008,3082,2026-08-12,2026-08-12T17:36:51+09:00,3700
M0008,3082,2026-08-12,2026-08-12T18:14:03+09:00,4000
M0008,3082,2026-08-12,2026-08-12T19:01:02+09:00,5600
M0008,3082,2026-08-12,2026-08-12T19:36:51+09:00,8000
M0008,3082,2026-08-12,2026-08-12T21:03:27+09:00,8500
M0008,3082,2026-08-12,2026-08-12T23:05:02+09:00,8400
M0009,3083,2026-08-12,2026-08-12T10:53:47+09:00,0
M0009,3083,2026-08-12,2026-08-12T12:36:01+09:00,-200
M0009,3083,2026-08-12,2026-08-12T13:06:31+09:00,-700
M0009,3083,2026-08-12,2026-08-12T13:35:53+09:00,-400
M0009,3083,2026-08-12,2026-08-12T15:31:45+09:00,-1000
M0009,3083,2026-08-12,2026-08-12T16:07:57+09:00,-1700
M0009,3083,2026-08-12,2026-08-12T16:35:17+09:00,-1800
M0009,3083,2026-08-12,2026-08-12T17:36:51+09:00,-2100
M0009,3083,2026-08-12,2026-08-12T18:14:03+09:00,-1400
M0010,3084,2026-08-12,2026-08-12T10:53:47+09:00,0
M0010,3084,2026-08-12,2026-08-12T12:02:51+09:00,-400
M0010,3084,2026-08-12,2026-08-12T12:36:01+09:00,-1000
M0010,3084,2026-08-12,2026-08-12T13:06:31+09:00,-800
M0010,3084,2026-08-12,2026-08-12T13:35:53+09:00,-1400
M0010,3084,2026-08-12,2026-08-12T14:11:01+09:00,-2500
M0010,3084,2026-08-12,2026-08-12T14:56:33+09:00,-3100
M0010,3084,2026-08-12,2026-08-12T15:31:45+09:00,-2900
M0010,3084,2026-08-12,2026-08-12T16:07:57+09:00,-3600
M0010,3084,2026-08-12,2026-08-12T16:35:17+09:00,-4100
M0010,3084,2026-08-12,2026-08-12T17:01:31+09:00,-4600
M0010,3084,2026-08-12,2026-08-12T17:36:51+09:00,-5300
M0010,3084,2026-08-12,2026-08-12T18:14:03+09:00,-4900
M0010,3084,2026-08-12,2026-08-12T19:01:02+09:00,-4300
M0011,3085,2026-08-12,2026-08-12T10:53:47+09:00,0
M0011,3085,2026-08-12,2026-08-12T12:36:01+09:00,-600
M0011,3085,2026-08-12,2026-08-12T13:06:31+09:00,-500
M0011,3085,2026-08-12,2026-08-12T13:35:53+09:00,-1100
M0011,3085,2026-08-12,2026-08-12T14:11:01+09:00,-2000
M0011,3085,2026-08-12,2026-08-12T14:56:33+09:00,-1800
M0011,3085,2026-08-12,2026-08-12T15:31:45+09:00,-1300
M0011,3085,2026-08-12,2026-08-12T16:07:57+09:00,-1500
M0011,3085,2026-08-12,2026-08-12T16:35:17+09:00,-1600
M0012,3086,2026-08-12,2026-08-12T10:53:47+09:00,0
M0012,3086,2026-08-12,2026-08-12T12:36:01+09:00,-200
M0012,3086,2026-08-12,2026-08-12T13:06:31+09:00,-600
M0012,3086,2026-08-12,2026-08-12T13:35:53+09:00,-700
M0012,3086,2026-08-12,2026-08-12T14:11:01+09:00,-500
M0012,3086,2026-08-12,2026-08-12T14:56:33+09:00,-1100
M0012,3086,2026-08-12,2026-08-12T15:31:45+09:00,-700
M0012,3086,2026-08-12,2026-08-12T16:07:57+09:00,-200
M0012,3086,2026-08-12,2026-08-12T16:35:17+09:00,-300
M0012,3086,2026-08-12,2026-08-12T17:01:31+09:00,-1000
M0012,3086,2026-08-12,2026-08-12T17:36:51+09:00,0
M0012,3086,2026-08-12,2026-08-12T18:14:03+09:00,1600
M0012,3086,2026-08-12,2026-08-12T19:01:02+09:00,1200
M0012,3086,2026-08-12,2026-08-12T19:36:51+09:00,1100
M0012,3086,2026-08-12,2026-08-12T20:14:43+09:00,1200
M0012,3086,2026-08-12,2026-08-12T21:03:27+09:00,1000
M0012,3086,2026-08-12,2026-08-12T21:39:31+09:00,300
M0012,3086,2026-08-12,2026-08-12T22:26:01+09:00,100
M0013,3087,2026-08-12,2026-08-12T10:53:47+09:00,-100
M0013,3087,2026-08-12,2026-08-12T11:28:45+09:00,-900
M0013,3087,2026-08-12,2026-08-12T12:02:51+09:00,-1300
M0013,3087,2026-08-12,2026-08-12T12:36:01+09:00,-2000
M0013,3087,2026-08-12,2026-08-12T13:06:31+09:00,-1900
M0013,3087,2026-08-12,2026-08-12T13:35:53+09:00,-2200
M0013,3087,2026-08-12,2026-08-12T14:11:01+09:00,-2400
M0013,3087,2026-08-12,2026-08-12T14:56:33+09:00,-3000
M0013,3087,2026-08-12,2026-08-12T15:31:45+09:00,-3800
M0013,3087,2026-08-12,2026-08-12T16:07:57+09:00,-4200
M0013,3087,2026-08-12,2026-08-12T16:35:17+09:00,-2800
M0013,3087,2026-08-12,2026-08-12T17:01:31+09:00,-2400
M0013,3087,2026-08-12,2026-08-12T18:14:03+09:00,-2500
M0013,3087,2026-08-12,2026-08-12T19:01:02+09:00,-2300
M0013,3087,2026-08-12,2026-08-12T19:36:51+09:00,-2600
M0013,3087,2026-08-12,2026-08-12T20:14:43+09:00,-2800
M0013,3087,2026-08-12,2026-08-12T21:03:27+09:00,-3400
M0013,3087,2026-08-12,2026-08-12T21:39:31+09:00,-3300
M0014,3150,2026-08-12,2026-08-12T10:53:47+09:00,-100
M0014,3150,2026-08-12,2026-08-12T11:28:45+09:00,-200
M0014,3150,2026-08-12,2026-08-12T12:02:51+09:00,-800
M0014,3150,2026-08-12,2026-08-12T12:36:01+09:00,-500
M0014,3150,2026-08-12,2026-08-12T13:06:31+09:00,-1200
M0014,3150,2026-08-12,2026-08-12T13:35:53+09:00,-500
M0014,3150,2026-08-12,2026-08-12T14:11:01+09:00,-1700
M0014,3150,2026-08-12,2026-08-12T14:56:33+09:00,-2100
M0014,3150,2026-08-12,2026-08-12T15:31:45+09:00,-1900
M0014,3150,2026-08-12,2026-08-12T16:07:57+09:00,-2600
M0014,3150,2026-08-12,2026-08-12T16:35:17+09:00,-2300
M0014,3150,2026-08-12,2026-08-12T17:01:31+09:00,-2700
M0014,3150,2026-08-12,2026-08-12T17:36:51+09:00,-3400
M0014,3150,2026-08-12,2026-08-12T18:14:03+09:00,-4600
M0014,3150,2026-08-12,2026-08-12T19:01:02+09:00,-5100
M0014,3150,2026-08-12,2026-08-12T19:36:51+09:00,-4700
M0014,3150,2026-08-12,2026-08-12T20:14:43+09:00,-4800
M0015,3151,2026-08-12,2026-08-12T10:53:47+09:00,-100
M0015,3151,2026-08-12,2026-08-12T11:28:45+09:00,-800
M0015,3151,2026-08-12,2026-08-12T12:02:51+09:00,-300
M0015,3151,2026-08-12,2026-08-12T12:36:01+09:00,-600
M0015,3151,2026-08-12,2026-08-12T13:06:31+09:00,-800
M0015,3151,2026-08-12,2026-08-12T14:11:01+09:00,-1500
M0016,3152,2026-08-12,2026-08-12T10:53:47+09:00,0
M0016,3152,2026-08-12,2026-08-12T13:06:31+09:00,300
M0016,3152,2026-08-12,2026-08-12T13:35:53+09:00,200
M0016,3152,2026-08-12,2026-08-12T14:11:01+09:00,1900
M0016,3152,2026-08-12,2026-08-12T14:56:33+09:00,2300
M0016,3152,2026-08-12,2026-08-12T15:31:45+09:00,2100
M0016,3152,2026-08-12,2026-08-12T17:01:31+09:00,1300
M0016,3152,2026-08-12,2026-08-12T17:36:51+09:00,1000
M0016,3152,2026-08-12,2026-08-12T18:14:03+09:00,-300
M0016,3152,2026-08-12,2026-08-12T19:01:02+09:00,200
M0016,3152,2026-08-12,2026-08-12T20:14:43+09:00,-100
M0016,3152,2026-08-12,2026-08-12T21:03:27+09:00,100
M0016,3152,2026-08-12,2026-08-12T21:39:31+09:00,-500
M0016,3152,2026-08-12,2026-08-12T22:26:01+09:00,-300
M0017,3153,2026-08-12,2026-08-12T10:53:47+09:00,-100
M0017,3153,2026-08-12,2026-08-12T11:28:45+09:00,400
M0017,3153,2026-08-12,2026-08-12T12:02:51+09:00,0
M0017,3153,2026-08-12,2026-08-12T12:36:01+09:00,-500
M0017,3153,2026-08-12,2026-08-12T13:06:31+09:00,-1200
M0017,3153,2026-08-12,2026-08-12T13:35:53+09:00,-100
M0017,3153,2026-08-12,2026-08-12T14:11:01+09:00,-800
M0017,3153,2026-08-12,2026-08-12T14:56:33+09:00,-1000
M0017,3153,2026-08-12,2026-08-12T15:31:45+09:00,-500
M0017,3153,2026-08-12,2026-08-12T16:07:57+09:00,700
M0017,3153,2026-08-12,2026-08-12T16:35:17+09:00,500
M0017,3153,2026-08-12,2026-08-12T17:01:31+09:00,1000
M0017,3153,2026-08-12,2026-08-12T17:36:51+09:00,900
M0017,3153,2026-08-12,2026-08-12T18:14:03+09:00,-200
M0017,3153,2026-08-12,2026-08-12T19:01:02+09:00,-900
M0017,3153,2026-08-12,2026-08-12T19:36:51+09:00,-1600
M0017,3153,2026-08-12,2026-08-12T20:14:43+09:00,-900
M0017,3153,2026-08-12,2026-08-12T21:03:27+09:00,-600
M0018,3154,2026-08-12,2026-08-12T10:53:47+09:00,-200
M0018,3154,2026-08-12,2026-08-12T11:28:45+09:00,-700
M0018,3154,2026-08-12,2026-08-12T12:02:51+09:00,-1300
M0018,3154,2026-08-12,2026-08-12T12:36:01+09:00,-1000
M0018,3154,2026-08-12,2026-08-12T13:06:31+09:00,1500
M0018,3154,2026-08-12,2026-08-12T13:35:53+09:00,3100
M0018,3154,2026-08-12,2026-08-12T14:11:01+09:00,3600
M0018,3154,2026-08-12,2026-08-12T14:56:33+09:00,3000
M0018,3154,2026-08-12,2026-08-12T15:31:45+09:00,2300
M0018,3154,2026-08-12,2026-08-12T16:07:57+09:00,2200
M0018,3154,2026-08-12,2026-08-12T16:35:17+09:00,1600
M0018,3154,2026-08-12,2026-08-12T17:01:31+09:00,1500
M0018,3154,2026-08-12,2026-08-12T17:36:51+09:00,800
M0018,3154,2026-08-12,2026-08-12T18:14:03+09:00,600
M0018,3154,2026-08-12,2026-08-12T19:01:02+09:00,100
M0018,3154,2026-08-12,2026-08-12T20:14:43+09:00,700
M0018,3154,2026-08-12,2026-08-12T21:39:31+09:00,600
M0019,3155,2026-08-12,2026-08-12T10:53:47+09:00,0
M0019,3155,2026-08-12,2026-08-12T12:36:01+09:00,-400
M0019,3155,2026-08-12,2026-08-12T13:06:31+09:00,0
M0019,3155,2026-08-12,2026-08-12T13:35:53+09:00,400
M0019,3155,2026-08-12,2026-08-12T14:11:01+09:00,200
M0019,3155,2026-08-12,2026-08-12T14:56:33+09:00,-100
M0019,3155,2026-08-12,2026-08-12T16:07:57+09:00,200
M0019,3155,2026-08-12,2026-08-12T16:35:17+09:00,-200
M0019,3155,2026-08-12,2026-08-12T17:36:51+09:00,-500
M0019,3155,2026-08-12,2026-08-12T18:14:03+09:00,-900
M0019,3155,2026-08-12,2026-08-12T19:36:51+09:00,-1100
M0019,3155,2026-08-12,2026-08-12T20:14:43+09:00,-1400
M0020,3156,2026-08-12,2026-08-12T10:53:47+09:00,0
M0020,3156,2026-08-12,2026-08-12T12:02:51+09:00,-300
M0020,3156,2026-08-12,2026-08-12T12:36:01+09:00,-900
M0020,3156,2026-08-12,2026-08-12T13:06:31+09:00,1300
M0020,3156,2026-08-12,2026-08-12T13:35:53+09:00,3600
M0020,3156,2026-08-12,2026-08-12T14:11:01+09:00,7200
M0020,3156,2026-08-12,2026-08-12T15:31:45+09:00,7100
M0020,3156,2026-08-12,2026-08-12T16:07:57+09:00,7500
M0020,3156,2026-08-12,2026-08-12T16:35:17+09:00,8100
M0020,3156,2026-08-12,2026-08-12T17:01:31+09:00,7400
M0020,3156,2026-08-12,2026-08-12T18:14:03+09:00,6800
M0020,3156,2026-08-12,2026-08-12T19:01:02+09:00,7600
M0020,3156,2026-08-12,2026-08-12T19:36:51+09:00,7900
M0020,3156,2026-08-12,2026-08-12T20:14:43+09:00,7700
M0020,3156,2026-08-12,2026-08-12T21:03:27+09:00,7100
M0020,3156,2026-08-12,2026-08-12T21:39:31+09:00,7300
M0021,3157,2026-08-12,2026-08-12T10:53:47+09:00,-100
M0021,3157,2026-08-12,2026-08-12T11:28:45+09:00,-300
M0021,3157,2026-08-12,2026-08-12T12:02:51+09:00,-900
M0021,3157,2026-08-12,2026-08-12T12:36:01+09:00,-1500
M0021,3157,2026-08-12,2026-08-12T13:06:31+09:00,-2000
M0021,3157,2026-08-12,2026-08-12T13:35:53+09:00,-2200
M0021,3157,2026-08-12,2026-08-12T14:11:01+09:00,-2500
M0021,3157,2026-08-12,2026-08-12T14:56:33+09:00,-2200
M0022,3158,2026-08-12,2026-08-12T10:53:47+09:00,-200
M0022,3158,2026-08-12,2026-08-12T11:28:45+09:00,-900
M0022,3158,2026-08-12,2026-08-12T13:35:53+09:00,-1600
M0022,3158,2026-08-12,2026-08-12T14:11:01+09:00,-1300
M0022,3158,2026-08-12,2026-08-12T14:56:33+09:00,-2000
M0022,3158,2026-08-12,2026-08-12T15:31:45+09:00,-2600
M0022,3158,2026-08-12,2026-08-12T16:07:57+09:00,-2500
M0022,3158,2026-08-12,2026-08-12T21:03:27+09:00,-2800
M0022,3158,2026-08-12,2026-08-12T21:39:31+09:00,-2300
M0023,3159,2026-08-12,2026-08-12T10:53:47+09:00,0
M0023,3159,2026-08-12,2026-08-12T12:02:51+09:00,-200
M0023,3159,2026-08-12,2026-08-12T12:36:01+09:00,-900
M0023,3159,2026-08-12,2026-08-12T13:06:31+09:00,-1600
M0023,3159,2026-08-12,2026-08-12T13:35:53+09:00,-1100
M0023,3159,2026-08-12,2026-08-12T14:11:01+09:00,-800
M0023,3159,2026-08-12,2026-08-12T16:35:17+09:00,-1000
M0023,3159,2026-08-12,2026-08-12T17:01:31+09:00,-1400
M0023,3159,2026-08-12,2026-08-12T17:36:51+09:00,-1900
M0023,3159,2026-08-12,2026-08-12T18:14:03+09:00,-1700
M0023,3159,2026-08-12,2026-08-12T19:01:02+09:00,-1900
M0023,3159,2026-08-12,2026-08-12T19:36:51+09:00,-2200
M0023,3159,2026-08-12,2026-08-12T20:14:43+09:00,-1700
M0023,3159,2026-08-12,2026-08-12T21:03:27+09:00,800
M0023,3159,2026-08-12,2026-08-12T21:39:31+09:00,4000
M0024,3160,2026-08-12,2026-08-12T10:53:47+09:00,0
M0024,3160,2026-08-12,2026-08-12T13:06:31+09:00,-100
M0024,3160,2026-08-12,2026-08-12T13:35:53+09:00,0
M0024,3160,2026-08-12,2026-08-12T14:11:01+09:00,1600
M0024,3160,2026-08-12,2026-08-12T14:56:33+09:00,1400
M0024,3160,2026-08-12,2026-08-12T15:31:45+09:00,1000
M0025,3161,2026-08-12,2026-08-12T10:53:47+09:00,-100
M0025,3161,2026-08-12,2026-08-12T11:28:45+09:00,-300
M0025,3161,2026-08-12,2026-08-12T12:02:51+09:00,-600
M0025,3161,2026-08-12,2026-08-12T12:36:01+09:00,-1000
M0025,3161,2026-08-12,2026-08-12T13:06:31+09:00,-1800
M0025,3161,2026-08-12,2026-08-12T14:11:01+09:00,-1300
M0025,3161,2026-08-12,2026-08-12T14:56:33+09:00,-1200
M0025,3161,2026-08-12,2026-08-12T16:35:17+09:00,-1500
M0025,3161,2026-08-12,2026-08-12T17:01:31+09:00,-900
M0025,3161,2026-08-12,2026-08-12T17:36:51+09:00,-1600
M0025,3161,2026-08-12,2026-08-12T19:36:51+09:00,-2100
M0025,3161,2026-08-12,2026-08-12T20:14:43+09:00,-2400
M0026,3162,2026-08-12,2026-08-12T10:53:47+09:00,-200
M0026,3162,2026-08-12,2026-08-12T11:28:45+09:00,700
M0026,3162,2026-08-12,2026-08-12T12:02:51+09:00,100
M0026,3162,2026-08-12,2026-08-12T12:36:01+09:00,-600
M0026,3162,2026-08-12,2026-08-12T13:06:31+09:00,-500
M0026,3162,2026-08-12,2026-08-12T17:01:31+09:00,-1000
M0026,3162,2026-08-12,2026-08-12T17:36:51+09:00,-1600
M0026,3162,2026-08-12,2026-08-12T18:14:03+09:00,-2100
M0027,3163,2026-08-12,2026-08-12T10:53:47+09:00,0
M0027,3163,2026-08-12,2026-08-12T12:36:01+09:00,500
M0027,3163,2026-08-12,2026-08-12T13:35:53+09:00,3300
M0027,3163,2026-08-12,2026-08-12T14:11:01+09:00,4300
M0027,3163,2026-08-12,2026-08-12T14:56:33+09:00,4400
M0027,3163,2026-08-12,2026-08-12T15:31:45+09:00,5100
M0027,3163,2026-08-12,2026-08-12T16:07:57+09:00,4500
M0027,3163,2026-08-12,2026-08-12T16:35:17+09:00,4200
M0027,3163,2026-08-12,2026-08-12T17:01:31+09:00,4700
M0027,3163,2026-08-12,2026-08-12T17:36:51+09:00,4100
M0027,3163,2026-08-12,2026-08-12T18:14:03+09:00,3500
M0027,3163,2026-08-12,2026-08-12T19:01:02+09:00,3900
M0027,3163,2026-08-12,2026-08-12T21:03:27+09:00,4400
M0027,3163,2026-08-12,2026-08-12T21:39:31+09:00,4300
M0028,3164,2026-08-12,2026-08-12T10:53:47+09:00,-100
M0028,3164,2026-08-12,2026-08-12T11:28:45+09:00,100
M0028,3164,2026-08-12,2026-08-12T12:02:51+09:00,500
M0028,3164,2026-08-12,2026-08-12T12:36:01+09:00,300
M0028,3164,2026-08-12,2026-08-12T13:06:31+09:00,-400
M0028,3164,2026-08-12,2026-08-12T13:35:53+09:00,400
M0028,3164,2026-08-12,2026-08-12T14:11:01+09:00,4100
M0028,3164,2026-08-12,2026-08-12T14:56:33+09:00,4000
M0028,3164,2026-08-12,2026-08-12T15:31:45+09:00,3500
M0028,3164,2026-08-12,2026-08-12T16:07:57+09:00,2700
M0028,3164,2026-08-12,2026-08-12T16:35:17+09:00,2500
M0028,3164,2026-08-12,2026-08-12T17:01:31+09:00,3600
M0028,3164,2026-08-12,2026-08-12T17:36:51+09:00,3000
M0028,3164,2026-08-12,2026-08-12T18:14:03+09:00,2700
M0028,3164,2026-08-12,2026-08-12T19:01:02+09:00,2900
M0028,3164,2026-08-12,2026-08-12T19:36:51+09:00,2300
M0028,3164,2026-08-12,2026-08-12T20:14:43+09:00,1000
M0028,3164,2026-08-12,2026-08-12T21:03:27+09:00,400
M0028,3164,2026-08-12,2026-08-12T21:39:31+09:00,-100
M0028,3164,2026-08-12,2026-08-12T22:26:01+09:00,-700
M0028,3164,2026-08-12,2026-08-12T23:05:02+09:00,-900
M0029,3165,2026-08-12,2026-08-12T10:53:47+09:00,-100
M0029,3165,2026-08-12,2026-08-12T11:28:45+09:00,-600
M0029,3165,2026-08-12,2026-08-12T12:02:51+09:00,-200
M0029,3165,2026-08-12,2026-08-12T12:36:01+09:00,400
M0029,3165,2026-08-12,2026-08-12T13:06:31+09:00,800
M0029,3165,2026-08-12,2026-08-12T13:35:53+09:00,400
M0029,3165,2026-08-12,2026-08-12T14:11:01+09:00,-1000
M0029,3165,2026-08-12,2026-08-12T14:56:33+09:00,-500
M0029,3165,2026-08-12,2026-08-12T15:31:45+09:00,-900
M0029,3165,2026-08-12,2026-08-12T16:07:57+09:00,-700
M0029,3165,2026-08-12,2026-08-12T16:35:17+09:00,1800
M0029,3165,2026-08-12,2026-08-12T17:01:31+09:00,4100
M0029,3165,2026-08-12,2026-08-12T17:36:51+09:00,5800
M0029,3165,2026-08-12,2026-08-12T18:14:03+09:00,6000
M0029,3165,2026-08-12,2026-08-12T19:01:02+09:00,5500
M0029,3165,2026-08-12,2026-08-12T19:36:51+09:00,5400
M0029,3165,2026-08-12,2026-08-12T20:14:43+09:00,5600
M0029,3165,2026-08-12,2026-08-12T21:03:27+09:00,5900
M0029,3165,2026-08-12,2026-08-12T22:26:01+09:00,5300
M0029,3165,2026-08-12,2026-08-12T23:05:02+09:00,5900
M0030,3166,2026-08-12,2026-08-12T10:53:47+09:00,-100
M0030,3166,2026-08-12,2026-08-12T11:28:45+09:00,-200
M0030,3166,2026-08-12,2026-08-12T12:02:51+09:00,200
M0030,3166,2026-08-12,2026-08-12T12:36:01+09:00,-200
M0030,3166,2026-08-12,2026-08-12T13:06:31+09:00,700
M0030,3166,2026-08-12,2026-08-12T13:35:53+09:00,100
M0030,3166,2026-08-12,2026-08-12T14:11:01+09:00,400
M0030,3166,2026-08-12,2026-08-12T14:56:33+09:00,200
M0030,3166,2026-08-12,2026-08-12T15:31:45+09:00,-500
M0030,3166,2026-08-12,2026-08-12T16:07:57+09:00,-1200
M0030,3166,2026-08-12,2026-08-12T16:35:17+09:00,-1300
M0030,3166,2026-08-12,2026-08-12T17:01:31+09:00,-700
M0030,3166,2026-08-12,2026-08-12T17:36:51+09:00,-1300
M0030,3166,2026-08-12,2026-08-12T18:14:03+09:00,3000
M0030,3166,2026-08-12,2026-08-12T19:01:02+09:00,4400
M0030,3166,2026-08-12,2026-08-12T19:36:51+09:00,4800
M0030,3166,2026-08-12,2026-08-12T20:14:43+09:00,4300
M0030,3166,2026-08-12,2026-08-12T21:03:27+09:00,3900
M0030,3166,2026-08-12,2026-08-12T21:39:31+09:00,6200
M0030,3166,2026-08-12,2026-08-12T22:26:01+09:00,5700
M0030,3166,2026-08-12,2026-08-12T23:05:02+09:00,5800
M0001,3075,2026-08-13,2026-08-13T10:54:54+09:00,-200
M0001,3075,2026-08-13,2026-08-13T11:29:13+09:00,-800
M0001,3075,2026-08-13,2026-08-13T12:03:39+09:00,800
M0001,3075,2026-08-13,2026-08-13T12:36:57+09:00,1500
M0001,3075,2026-08-13,2026-08-13T13:09:39+09:00,3100
M0001,3075,2026-08-13,2026-08-13T14:00:59+09:00,2900
M0001,3075,2026-08-13,2026-08-13T14:35:09+09:00,2700
M0001,3075,2026-08-13,2026-08-13T15:11:23+09:00,2500
M0001,3075,2026-08-13,2026-08-13T15:58:27+09:00,2000
M0001,3075,2026-08-13,2026-08-13T16:33:27+09:00,3700
M0001,3075,2026-08-13,2026-08-13T17:10:25+09:00,6000
M0001,3075,2026-08-13,2026-08-13T17:59:47+09:00,6300
M0001,3075,2026-08-13,2026-08-13T18:36:04+09:00,6000
M0001,3075,2026-08-13,2026-08-13T19:14:33+09:00,5900
M0001,3075,2026-08-13,2026-08-13T20:02:43+09:00,5200
M0001,3075,2026-08-13,2026-08-13T20:39:10+09:00,4300
M0001,3075,2026-08-13,2026-08-13T22:03:35+09:00,6100
M0001,3075,2026-08-13,2026-08-13T22:40:21+09:00,6400
M0002,3076,2026-08-13,2026-08-13T10:54:54+09:00,-100
M0002,3076,2026-08-13,2026-08-13T11:29:13+09:00,-700
M0002,3076,2026-08-13,2026-08-13T12:03:39+09:00,-1100
M0002,3076,2026-08-13,2026-08-13T12:36:57+09:00,-400
M0002,3076,2026-08-13,2026-08-13T13:09:39+09:00,2400
M0002,3076,2026-08-13,2026-08-13T14:00:59+09:00,3200
M0002,3076,2026-08-13,2026-08-13T14:35:09+09:00,3000
M0002,3076,2026-08-13,2026-08-13T15:11:23+09:00,1900
M0002,3076,2026-08-13,2026-08-13T15:58:27+09:00,1300
M0002,3076,2026-08-13,2026-08-13T16:33:27+09:00,1700
M0002,3076,2026-08-13,2026-08-13T17:10:25+09:00,500
M0002,3076,2026-08-13,2026-08-13T17:59:47+09:00,-200
M0002,3076,2026-08-13,2026-08-13T18:36:04+09:00,-900
M0002,3076,2026-08-13,2026-08-13T19:14:33+09:00,-400
M0002,3076,2026-08-13,2026-08-13T20:02:43+09:00,300
M0002,3076,2026-08-13,2026-08-13T20:39:10+09:00,900
M0002,3076,2026-08-13,2026-08-13T21:23:43+09:00,800
M0003,3077,2026-08-13,2026-08-13T10:54:54+09:00,-300
M0003,3077,2026-08-13,2026-08-13T11:29:13+09:00,600
M0003,3077,2026-08-13,2026-08-13T12:03:39+09:00,300
M0003,3077,2026-08-13,2026-08-13T12:36:57+09:00,-300
M0003,3077,2026-08-13,2026-08-13T13:09:39+09:00,1100
M0003,3077,2026-08-13,2026-08-13T14:00:59+09:00,1000
M0003,3077,2026-08-13,2026-08-13T14:35:09+09:00,800
M0003,3077,2026-08-13,2026-08-13T15:11:23+09:00,600
M0003,3077,2026-08-13,2026-08-13T15:58:27+09:00,800
M0003,3077,2026-08-13,2026-08-13T16:33:27+09:00,100
M0003,3077,2026-08-13,2026-08-13T17:10:25+09:00,-1100
M0003,3077,2026-08-13,2026-08-13T17:59:47+09:00,-1700
M0003,3077,2026-08-13,2026-08-13T18:36:04+09:00,-1800
M0003,3077,2026-08-13,2026-08-13T19:14:33+09:00,-2200
M0003,3077,2026-08-13,2026-08-13T20:02:43+09:00,-2800
M0003,3077,2026-08-13,2026-08-13T20:39:10+09:00,-3300
M0003,3077,2026-08-13,2026-08-13T21:23:43+09:00,-1100
M0003,3077,2026-08-13,2026-08-13T22:40:21+09:00,-300
M0003,3077,2026-08-13,2026-08-13T23:29:55+09:00,-400
M0004,3078,2026-08-13,2026-08-13T10:54:54+09:00,-100
M0004,3078,2026-08-13,2026-08-13T11:29:13+09:00,-600
M0004,3078,2026-08-13,2026-08-13T12:03:39+09:00,-1000
M0004,3078,2026-08-13,2026-08-13T13:09:39+09:00,3400
M0004,3078,2026-08-13,2026-08-13T14:00:59+09:00,5800
M0004,3078,2026-08-13,2026-08-13T14:35:09+09:00,7200
M0004,3078,2026-08-13,2026-08-13T15:11:23+09:00,7100
M0004,3078,2026-08-13,2026-08-13T15:58:27+09:00,6600
M0004,3078,2026-08-13,2026-08-13T16:33:27+09:00,6000
M0004,3078,2026-08-13,2026-08-13T17:59:47+09:00,5900
M0004,3078,2026-08-13,2026-08-13T18:36:04+09:00,6400
M0004,3078,2026-08-13,2026-08-13T19:14:33+09:00,5400
M0004,3078,2026-08-13,2026-08-13T20:02:43+09:00,4800
M0004,3078,2026-08-13,2026-08-13T20:39:10+09:00,6600
M0004,3078,2026-08-13,2026-08-13T21:23:43+09:00,6100
M0004,3078,2026-08-13,2026-08-13T22:03:35+09:00,7700
M0004,3078,2026-08-13,2026-08-13T22:40:21+09:00,10700
M0005,3079,2026-08-13,2026-08-13T10:54:54+09:00,0
M0005,3079,2026-08-13,2026-08-13T11:29:13+09:00,-100
M0005,3079,2026-08-13,2026-08-13T12:03:39+09:00,-300
M0005,3079,2026-08-13,2026-08-13T12:36:57+09:00,-800
M0005,3079,2026-08-13,2026-08-13T13:09:39+09:00,-1600
M0005,3079,2026-08-13,2026-08-13T14:00:59+09:00,-1700
M0005,3079,2026-08-13,2026-08-13T15:11:23+09:00,-2600
M0005,3079,2026-08-13,2026-08-13T15:58:27+09:00,-3100
M0005,3079,2026-08-13,2026-08-13T16:33:27+09:00,-3700
M0005,3079,2026-08-13,2026-08-13T17:10:25+09:00,-1900
M0005,3079,2026-08-13,2026-08-13T17:59:47+09:00,-2000
M0005,3079,2026-08-13,2026-08-13T18:36:04+09:00,-2600
M0005,3079,2026-08-13,2026-08-13T19:14:33+09:00,-3900
M0005,3079,2026-08-13,2026-08-13T20:02:43+09:00,-4500
M0005,3079,2026-08-13,2026-08-13T20:39:10+09:00,-5100
M0005,3079,2026-08-13,2026-08-13T21:23:43+09:00,-5600
M0005,3079,2026-08-13,2026-08-13T22:03:35+09:00,-5300
M0005,3079,2026-08-13,2026-08-13T22:40:21+09:00,-5700
M0006,3080,2026-08-13,2026-08-13T10:54:54+09:00,-100
M0006,3080,2026-08-13,2026-08-13T11:29:13+09:00,-800
M0006,3080,2026-08-13,2026-08-13T12:03:39+09:00,100
M0006,3080,2026-08-13,2026-08-13T12:36:57+09:00,-300
M0006,3080,2026-08-13,2026-08-13T13:09:39+09:00,2200
M0006,3080,2026-08-13,2026-08-13T14:00:59+09:00,2900
M0006,3080,2026-08-13,2026-08-13T14:35:09+09:00,2600
M0006,3080,2026-08-13,2026-08-13T15:11:23+09:00,2100
M0006,3080,2026-08-13,2026-08-13T15:58:27+09:00,3700
M0006,3080,2026-08-13,2026-08-13T16:33:27+09:00,4500
M0006,3080,2026-08-13,2026-08-13T17:10:25+09:00,4600
M0006,3080,2026-08-13,2026-08-13T17:59:47+09:00,4000
M0006,3080,2026-08-13,2026-08-13T18:36:04+09:00,3400
M0006,3080,2026-08-13,2026-08-13T19:14:33+09:00,3300
M0006,3080,2026-08-13,2026-08-13T20:02:43+09:00,2900
M0006,3080,2026-08-13,2026-08-13T20:39:10+09:00,2000
M0006,3080,2026-08-13,2026-08-13T21:23:43+09:00,2700
M0007,3081,2026-08-13,2026-08-13T10:54:54+09:00,-100
M0007,3081,2026-08-13,2026-08-13T11:29:13+09:00,-500
M0007,3081,2026-08-13,2026-08-13T12:03:39+09:00,-600
M0007,3081,2026-08-13,2026-08-13T12:36:57+09:00,-1300
M0007,3081,2026-08-13,2026-08-13T13:09:39+09:00,-2400
M0007,3081,2026-08-13,2026-08-13T14:00:59+09:00,-2900
M0007,3081,2026-08-13,2026-08-13T14:35:09+09:00,-3600
M0007,3081,2026-08-13,2026-08-13T15:58:27+09:00,-4000
M0007,3081,2026-08-13,2026-08-13T16:33:27+09:00,-3800
M0007,3081,2026-08-13,2026-08-13T17:10:25+09:00,-5000
M0007,3081,2026-08-13,2026-08-13T17:59:47+09:00,-3000
M0007,3081,2026-08-13,2026-08-13T18:36:04+09:00,-3100
M0007,3081,2026-08-13,2026-08-13T19:14:33+09:00,-3500
M0007,3081,2026-08-13,2026-08-13T20:02:43+09:00,-1700
M0007,3081,2026-08-13,2026-08-13T20:39:10+09:00,-2600
M0007,3081,2026-08-13,2026-08-13T21:23:43+09:00,-3300
M0007,3081,2026-08-13,2026-08-13T22:03:35+09:00,-3800
M0007,3081,2026-08-13,2026-08-13T22:40:21+09:00,-3600
M0008,3082,2026-08-13,2026-08-13T10:54:54+09:00,0
M0008,3082,2026-08-13,2026-08-13T11:29:13+09:00,-100
M0008,3082,2026-08-13,2026-08-13T12:03:39+09:00,-800
M0008,3082,2026-08-13,2026-08-13T12:36:57+09:00,-1200
M0008,3082,2026-08-13,2026-08-13T13:09:39+09:00,-1700
M0008,3082,2026-08-13,2026-08-13T14:00:59+09:00,-2300
M0008,3082,2026-08-13,2026-08-13T14:35:09+09:00,-2500
M0008,3082,2026-08-13,2026-08-13T15:11:23+09:00,-3500
M0008,3082,2026-08-13,2026-08-13T15:58:27+09:00,-4100
M0008,3082,2026-08-13,2026-08-13T17:10:25+09:00,-4200
M0008,3082,2026-08-13,2026-08-13T17:59:47+09:00,-3000
M0008,3082,2026-08-13,2026-08-13T18:36:04+09:00,-200
M0008,3082,2026-08-13,2026-08-13T19:14:33+09:00,1600
M0008,3082,2026-08-13,2026-08-13T20:02:43+09:00,1300
M0008,3082,2026-08-13,2026-08-13T20:39:10+09:00,0
M0008,3082,2026-08-13,2026-08-13T21:23:43+09:00,400
M0009,3083,2026-08-13,2026-08-13T10:54:54+09:00,-100
M0009,3083,2026-08-13,2026-08-13T11:29:13+09:00,-600
M0009,3083,2026-08-13,2026-08-13T12:03:39+09:00,-1200
M0009,3083,2026-08-13,2026-08-13T12:36:57+09:00,-1600
M0009,3083,2026-08-13,2026-08-13T13:09:39+09:00,-200
M0009,3083,2026-08-13,2026-08-13T14:00:59+09:00,-100
M0009,3083,2026-08-13,2026-08-13T14:35:09+09:00,-800
M0009,3083,2026-08-13,2026-08-13T15:11:23+09:00,-1000
M0009,3083,2026-08-13,2026-08-13T15:58:27+09:00,-1700
M0009,3083,2026-08-13,2026-08-13T16:33:27+09:00,-2100
M0009,3083,2026-08-13,2026-08-13T17:10:25+09:00,-2600
M0009,3083,2026-08-13,2026-08-13T17:59:47+09:00,-2500
M0009,3083,2026-08-13,2026-08-13T18:36:04+09:00,-900
M0009,3083,2026-08-13,2026-08-13T19:14:33+09:00,-1200
M0009,3083,2026-08-13,2026-08-13T20:02:43+09:00,-1000
M0009,3083,2026-08-13,2026-08-13T20:39:10+09:00,-500
M0010,3084,2026-08-13,2026-08-13T10:54:54+09:00,-100
M0010,3084,2026-08-13,2026-08-13T11:29:13+09:00,-700
M0010,3084,2026-08-13,2026-08-13T12:03:39+09:00,-900
M0010,3084,2026-08-13,2026-08-13T12:36:57+09:00,-1300
M0010,3084,2026-08-13,2026-08-13T13:09:39+09:00,-1500
M0010,3084,2026-08-13,2026-08-13T14:35:09+09:00,-2000
M0010,3084,2026-08-13,2026-08-13T15:11:23+09:00,-2900
M0010,3084,2026-08-13,2026-08-13T15:58:27+09:00,-3600
M0010,3084,2026-08-13,2026-08-13T16:33:27+09:00,-3800
M0010,3084,2026-08-13,2026-08-13T17:10:25+09:00,-2700
M0010,3084,2026-08-13,2026-08-13T17:59:47+09:00,-500
M0010,3084,2026-08-13,2026-08-13T18:36:04+09:00,1000
M0010,3084,2026-08-13,2026-08-13T19:14:33+09:00,100
M0010,3084,2026-08-13,2026-08-13T20:02:43+09:00,400
M0010,3084,2026-08-13,2026-08-13T20:39:10+09:00,-600
M0010,3084,2026-08-13,2026-08-13T21:23:43+09:00,-1200
M0010,3084,2026-08-13,2026-08-13T22:03:35+09:00,-1100
M0011,3085,2026-08-13,2026-08-13T10:54:54+09:00,0
M0011,3085,2026-08-13,2026-08-13T11:29:13+09:00,-700
M0011,3085,2026-08-13,2026-08-13T12:03:39+09:00,-1300
M0011,3085,2026-08-13,2026-08-13T13:09:39+09:00,-1400
M0011,3085,2026-08-13,2026-08-13T14:35:09+09:00,-1800
M0011,3085,2026-08-13,2026-08-13T15:11:23+09:00,-2600
M0011,3085,2026-08-13,2026-08-13T17:10:25+09:00,-3100
M0011,3085,2026-08-13,2026-08-13T17:59:47+09:00,-3500
M0011,3085,2026-08-13,2026-08-13T18:36:04+09:00,-2900
M0011,3085,2026-08-13,2026-08-13T19:14:33+09:00,-3900
M0011,3085,2026-08-13,2026-08-13T20:02:43+09:00,-4300
M0011,3085,2026-08-13,2026-08-13T20:39:10+09:00,-5400
M0011,3085,2026-08-13,2026-08-13T22:03:35+09:00,-6000
M0011,3085,2026-08-13,2026-08-13T22:40:21+09:00,-7100
M0011,3085,2026-08-13,2026-08-13T23:29:55+09:00,-7300
M0012,3086,2026-08-13,2026-08-13T10:54:54+09:00,0
M0012,3086,2026-08-13,2026-08-13T11:29:13+09:00,-700
M0012,3086,2026-08-13,2026-08-13T12:03:39+09:00,200
M0012,3086,2026-08-13,2026-08-13T12:36:57+09:00,-300
M0012,3086,2026-08-13,2026-08-13T13:09:39+09:00,-1000
M0012,3086,2026-08-13,2026-08-13T14:00:59+09:00,-1700
M0012,3086,2026-08-13,2026-08-13T14:35:09+09:00,-1800
M0012,3086,2026-08-13,2026-08-13T15:11:23+09:00,-2400
M0012,3086,2026-08-13,2026-08-13T15:58:27+09:00,-1600
M0012,3086,2026-08-13,2026-08-13T16:33:27+09:00,-2200
M0012,3086,2026-08-13,2026-08-13T17:10:25+09:00,-1400
M0012,3086,2026-08-13,2026-08-13T17:59:47+09:00,-900
M0012,3086,2026-08-13,2026-08-13T18:36:04+09:00,-1600
M0012,3086,2026-08-13,2026-08-13T19:14:33+09:00,-2300
M0012,3086,2026-08-13,2026-08-13T20:02:43+09:00,-2800
M0012,3086,2026-08-13,2026-08-13T20:39:10+09:00,-3900
M0012,3086,2026-08-13,2026-08-13T21:23:43+09:00,-3000
M0012,3086,2026-08-13,2026-08-13T22:03:35+09:00,-2300
M0012,3086,2026-08-13,2026-08-13T22:40:21+09:00,-2400
M0013,3087,2026-08-13,2026-08-13T10:54:54+09:00,-100
M0013,3087,2026-08-13,2026-08-13T11:29:13+09:00,800
M0013,3087,2026-08-13,2026-08-13T12:03:39+09:00,100
M0013,3087,2026-08-13,2026-08-13T12:36:57+09:00,-500
M0013,3087,2026-08-13,2026-08-13T13:09:39+09:00,-1700
M0013,3087,2026-08-13,2026-08-13T14:00:59+09:00,-1300
M0013,3087,2026-08-13,2026-08-13T14:35:09+09:00,-2100
M0013,3087,2026-08-13,2026-08-13T15:11:23+09:00,-2000
M0013,3087,2026-08-13,2026-08-13T15:58:27+09:00,-1500
M0013,3087,2026-08-13,2026-08-13T16:33:27+09:00,-2300
M0013,3087,2026-08-13,2026-08-13T17:10:25+09:00,-3200
M0013,3087,2026-08-13,2026-08-13T17:59:47+09:00,-3700
M0013,3087,2026-08-13,2026-08-13T18:36:04+09:00,-4100
M0013,3087,2026-08-13,2026-08-13T19:14:33+09:00,-3700
M0013,3087,2026-08-13,2026-08-13T20:39:10+09:00,-3800
M0013,3087,2026-08-13,2026-08-13T21:23:43+09:00,-3600
M0013,3087,2026-08-13,2026-08-13T22:03:35+09:00,-2200
M0013,3087,2026-08-13,2026-08-13T22:40:21+09:00,-1700
M0014,3150,2026-08-13,2026-08-13T10:54:54+09:00,-100
M0014,3150,2026-08-13,2026-08-13T11:29:13+09:00,-700
M0014,3150,2026-08-13,2026-08-13T12:03:39+09:00,-1200
M0014,3150,2026-08-13,2026-08-13T12:36:57+09:00,-1800
M0014,3150,2026-08-13,2026-08-13T13:09:39+09:00,-2200
M0014,3150,2026-08-13,2026-08-13T14:00:59+09:00,-2300
M0014,3150,2026-08-13,2026-08-13T14:35:09+09:00,-2100
M0014,3150,2026-08-13,2026-08-13T15:58:27+09:00,-2600
M0014,3150,2026-08-13,2026-08-13T16:33:27+09:00,-1900
M0014,3150,2026-08-13,2026-08-13T17:10:25+09:00,-2700
M0014,3150,2026-08-13,2026-08-13T17:59:47+09:00,-2400
M0014,3150,2026-08-13,2026-08-13T18:36:04+09:00,-1800
M0014,3150,2026-08-13,2026-08-13T19:14:33+09:00,-1900
M0014,3150,2026-08-13,2026-08-13T20:02:43+09:00,-2600
M0014,3150,2026-08-13,2026-08-13T20:39:10+09:00,-2000
M0014,3150,2026-08-13,2026-08-13T21:23:43+09:00,-2400
M0014,3150,2026-08-13,2026-08-13T22:03:35+09:00,-2800
M0014,3150,2026-08-13,2026-08-13T22:40:21+09:00,-3300
M0015,3151,2026-08-13,2026-08-13T10:54:54+09:00,-100
M0015,3151,2026-08-13,2026-08-13T11:29:13+09:00,0
M0015,3151,2026-08-13,2026-08-13T12:03:39+09:00,-400
M0015,3151,2026-08-13,2026-08-13T12:36:57+09:00,-1000
M0015,3151,2026-08-13,2026-08-13T13:09:39+09:00,-2000
M0015,3151,2026-08-13,2026-08-13T14:00:59+09:00,-2700
M0015,3151,2026-08-13,2026-08-13T14:35:09+09:00,-2900
M0015,3151,2026-08-13,2026-08-13T15:11:23+09:00,-3700
M0015,3151,2026-08-13,2026-08-13T15:58:27+09:00,-4200
M0015,3151,2026-08-13,2026-08-13T16:33:27+09:00,-3300
M0015,3151,2026-08-13,2026-08-13T17:10:25+09:00,100
M0015,3151,2026-08-13,2026-08-13T17:59:47+09:00,400
M0015,3151,2026-08-13,2026-08-13T18:36:04+09:00,2600
M0015,3151,2026-08-13,2026-08-13T19:14:33+09:00,6000
M0015,3151,2026-08-13,2026-08-13T20:39:10+09:00,5900
M0015,3151,2026-08-13,2026-08-13T21:23:43+09:00,5700
M0015,3151,2026-08-13,2026-08-13T22:03:35+09:00,5200
M0015,3151,2026-08-13,2026-08-13T22:40:21+09:00,4300
M0016,3152,2026-08-13,2026-08-13T10:54:54+09:00,0
M0016,3152,2026-08-13,2026-08-13T11:29:13+09:00,-300
M0016,3152,2026-08-13,2026-08-13T12:03:39+09:00,2000
M0016,3152,2026-08-13,2026-08-13T12:36:57+09:00,3400
M0016,3152,2026-08-13,2026-08-13T13:09:39+09:00,3600
M0016,3152,2026-08-13,2026-08-13T14:00:59+09:00,3400
M0016,3152,2026-08-13,2026-08-13T14:35:09+09:00,3000
M0016,3152,2026-08-13,2026-08-13T15:11:23+09:00,2600
M0016,3152,2026-08-13,2026-08-13T15:58:27+09:00,2200
M0016,3152,2026-08-13,2026-08-13T16:33:27+09:00,3300
M0016,3152,2026-08-13,2026-08-13T17:10:25+09:00,2400
M0016,3152,2026-08-13,2026-08-13T17:59:47+09:00,1700
M0016,3152,2026-08-13,2026-08-13T18:36:04+09:00,1200
M0016,3152,2026-08-13,2026-08-13T19:14:33+09:00,400
M0016,3152,2026-08-13,2026-08-13T20:02:43+09:00,-100
M0016,3152,2026-08-13,2026-08-13T20:39:10+09:00,-1100
M0016,3152,2026-08-13,2026-08-13T21:23:43+09:00,-1000
M0016,3152,2026-08-13,2026-08-13T22:03:35+09:00,-1200
M0017,3153,2026-08-13,2026-08-13T10:54:54+09:00,-100
M0017,3153,2026-08-13,2026-08-13T11:29:13+09:00,-600
M0017,3153,2026-08-13,2026-08-13T12:03:39+09:00,-1100
M0017,3153,2026-08-13,2026-08-13T13:09:39+09:00,-2000
M0017,3153,2026-08-13,2026-08-13T14:35:09+09:00,-2300
M0017,3153,2026-08-13,2026-08-13T15:11:23+09:00,-2200
M0017,3153,2026-08-13,2026-08-13T15:58:27+09:00,-2700
M0017,3153,2026-08-13,2026-08-13T16:33:27+09:00,-2900
M0017,3153,2026-08-13,2026-08-13T17:10:25+09:00,-300
M0017,3153,2026-08-13,2026-08-13T17:59:47+09:00,-400
M0017,3153,2026-08-13,2026-08-13T18:36:04+09:00,-1100
M0017,3153,2026-08-13,2026-08-13T19:14:33+09:00,-1300
M0017,3153,2026-08-13,2026-08-13T20:02:43+09:00,-1600
M0017,3153,2026-08-13,2026-08-13T20:39:10+09:00,-800
M0017,3153,2026-08-13,2026-08-13T21:23:43+09:00,-400
M0018,3154,2026-08-13,2026-08-13T10:54:54+09:00,-100
M0018,3154,2026-08-13,2026-08-13T11:29:13+09:00,1000
M0018,3154,2026-08-13,2026-08-13T12:03:39+09:00,2300
M0018,3154,2026-08-13,2026-08-13T13:09:39+09:00,1900
M0018,3154,2026-08-13,2026-08-13T14:00:59+09:00,4000
M0018,3154,2026-08-13,2026-08-13T14:35:09+09:00,3600
M0018,3154,2026-08-13,2026-08-13T15:11:23+09:00,2600
M0018,3154,2026-08-13,2026-08-13T16:33:27+09:00,2000
M0018,3154,2026-08-13,2026-08-13T17:10:25+09:00,1000
M0018,3154,2026-08-13,2026-08-13T17:59:47+09:00,800
M0018,3154,2026-08-13,2026-08-13T18:36:04+09:00,1300
M0018,3154,2026-08-13,2026-08-13T19:14:33+09:00,1100
M0018,3154,2026-08-13,2026-08-13T20:02:43+09:00,600
M0018,3154,2026-08-13,2026-08-13T20:39:10+09:00,500
M0018,3154,2026-08-13,2026-08-13T22:03:35+09:00,800
M0019,3155,2026-08-13,2026-08-13T10:54:54+09:00,100
M0019,3155,2026-08-13,2026-08-13T11:29:13+09:00,-400
M0019,3155,2026-08-13,2026-08-13T12:03:39+09:00,-1000
M0019,3155,2026-08-13,2026-08-13T12:36:57+09:00,-1500
M0019,3155,2026-08-13,2026-08-13T13:09:39+09:00,1100
M0019,3155,2026-08-13,2026-08-13T14:00:59+09:00,900
M0019,3155,2026-08-13,2026-08-13T14:35:09+09:00,2700
M0019,3155,2026-08-13,2026-08-13T15:11:23+09:00,5600
M0019,3155,2026-08-13,2026-08-13T15:58:27+09:00,6700
M0019,3155,2026-08-13,2026-08-13T16:33:27+09:00,6900
M0019,3155,2026-08-13,2026-08-13T17:10:25+09:00,5800
M0019,3155,2026-08-13,2026-08-13T18:36:04+09:00,5500
M0019,3155,2026-08-13,2026-08-13T19:14:33+09:00,5000
M0019,3155,2026-08-13,2026-08-13T20:02:43+09:00,4200
M0019,3155,2026-08-13,2026-08-13T20:39:10+09:00,3100
M0019,3155,2026-08-13,2026-08-13T21:23:43+09:00,2900
M0019,3155,2026-08-13,2026-08-13T22:03:35+09:00,2600
M0019,3155,2026-08-13,2026-08-13T22:40:21+09:00,2000
M0020,3156,2026-08-13,2026-08-13T10:54:54+09:00,0
M0020,3156,2026-08-13,2026-08-13T11:29:13+09:00,-400
M0020,3156,2026-08-13,2026-08-13T12:36:57+09:00,-1100
M0020,3156,2026-08-13,2026-08-13T13:09:39+09:00,-1600
M0020,3156,2026-08-13,2026-08-13T14:00:59+09:00,-1900
M0020,3156,2026-08-13,2026-08-13T15:58:27+09:00,-2100
M0020,3156,2026-08-13,2026-08-13T17:10:25+09:00,-3100
M0020,3156,2026-08-13,2026-08-13T18:36:04+09:00,-3300
M0020,3156,2026-08-13,2026-08-13T19:14:33+09:00,-4700
M0020,3156,2026-08-13,2026-08-13T20:39:10+09:00,-5200
M0021,3157,2026-08-13,2026-08-13T10:54:54+09:00,-100
M0021,3157,2026-08-13,2026-08-13T11:29:13+09:00,-600
M0021,3157,2026-08-13,2026-08-13T12:03:39+09:00,-800
M0021,3157,2026-08-13,2026-08-13T13:09:39+09:00,-400
M0021,3157,2026-08-13,2026-08-13T14:00:59+09:00,-900
M0021,3157,2026-08-13,2026-08-13T14:35:09+09:00,-800
M0021,3157,2026-08-13,2026-08-13T15:11:23+09:00,-600
M0021,3157,2026-08-13,2026-08-13T15:58:27+09:00,0
M0021,3157,2026-08-13,2026-08-13T16:33:27+09:00,-200
M0021,3157,2026-08-13,2026-08-13T17:10:25+09:00,-500
M0021,3157,2026-08-13,2026-08-13T17:59:47+09:00,-1000
M0021,3157,2026-08-13,2026-08-13T19:14:33+09:00,-1700
M0021,3157,2026-08-13,2026-08-13T20:02:43+09:00,-2000
M0021,3157,2026-08-13,2026-08-13T20:39:10+09:00,-1500
M0021,3157,2026-08-13,2026-08-13T21:23:43+09:00,-1600
M0021,3157,2026-08-13,2026-08-13T22:40:21+09:00,-2400
M0021,3157,2026-08-13,2026-08-13T23:29:55+09:00,-2700
M0022,3158,2026-08-13,2026-08-13T10:54:54+09:00,-100
M0022,3158,2026-08-13,2026-08-13T11:29:13+09:00,-400
M0022,3158,2026-08-13,2026-08-13T12:03:39+09:00,-900
M0022,3158,2026-08-13,2026-08-13T12:36:57+09:00,-1500
M0022,3158,2026-08-13,2026-08-13T13:09:39+09:00,-2600
M0022,3158,2026-08-13,2026-08-13T14:00:59+09:00,-3200
M0022,3158,2026-08-13,2026-08-13T14:35:09+09:00,-3100
M0022,3158,2026-08-13,2026-08-13T15:11:23+09:00,-3200
M0022,3158,2026-08-13,2026-08-13T15:58:27+09:00,-2900
M0022,3158,2026-08-13,2026-08-13T16:33:27+09:00,-3000
M0022,3158,2026-08-13,2026-08-13T17:10:25+09:00,-3500
M0022,3158,2026-08-13,2026-08-13T17:59:47+09:00,-4200
M0022,3158,2026-08-13,2026-08-13T19:14:33+09:00,-1100
M0022,3158,2026-08-13,2026-08-13T20:02:43+09:00,-300
M0022,3158,2026-08-13,2026-08-13T20:39:10+09:00,-1500
M0022,3158,2026-08-13,2026-08-13T21:23:43+09:00,-1200
M0022,3158,2026-08-13,2026-08-13T22:03:35+09:00,-900
M0023,3159,2026-08-13,2026-08-13T10:54:54+09:00,-100
M0023,3159,2026-08-13,2026-08-13T11:29:13+09:00,-500
M0023,3159,2026-08-13,2026-08-13T12:03:39+09:00,-1100
M0023,3159,2026-08-13,2026-08-13T12:36:57+09:00,-1800
M0023,3159,2026-08-13,2026-08-13T13:09:39+09:00,-2100
M0023,3159,2026-08-13,2026-08-13T14:00:59+09:00,-1500
M0023,3159,2026-08-13,2026-08-13T14:35:09+09:00,-1600
M0023,3159,2026-08-13,2026-08-13T15:11:23+09:00,-1900
M0023,3159,2026-08-13,2026-08-13T15:58:27+09:00,-2600
M0023,3159,2026-08-13,2026-08-13T16:33:27+09:00,-3100
M0023,3159,2026-08-13,2026-08-13T17:10:25+09:00,-3600
M0023,3159,2026-08-13,2026-08-13T19:14:33+09:00,-4500
M0023,3159,2026-08-13,2026-08-13T20:02:43+09:00,-3800
M0023,3159,2026-08-13,2026-08-13T20:39:10+09:00,-4500
M0023,3159,2026-08-13,2026-08-13T21:23:43+09:00,-4600
M0023,3159,2026-08-13,2026-08-13T22:03:35+09:00,-4800
M0023,3159,2026-08-13,2026-08-13T22:40:21+09:00,-5300
M0024,3160,2026-08-13,2026-08-13T10:54:54+09:00,-100
M0024,3160,2026-08-13,2026-08-13T11:29:13+09:00,-500
M0024,3160,2026-08-13,2026-08-13T12:03:39+09:00,1100
M0024,3160,2026-08-13,2026-08-13T12:36:57+09:00,900
M0024,3160,2026-08-13,2026-08-13T13:09:39+09:00,800
M0024,3160,2026-08-13,2026-08-13T14:00:59+09:00,100
M0024,3160,2026-08-13,2026-08-13T14:35:09+09:00,-200
M0024,3160,2026-08-13,2026-08-13T15:11:23+09:00,400
M0024,3160,2026-08-13,2026-08-13T15:58:27+09:00,600
M0024,3160,2026-08-13,2026-08-13T16:33:27+09:00,3300
M0024,3160,2026-08-13,2026-08-13T17:10:25+09:00,3900
M0024,3160,2026-08-13,2026-08-13T17:59:47+09:00,5000
M0024,3160,2026-08-13,2026-08-13T18:36:04+09:00,5500
M0024,3160,2026-08-13,2026-08-13T19:14:33+09:00,5400
M0024,3160,2026-08-13,2026-08-13T20:02:43+09:00,5900
M0024,3160,2026-08-13,2026-08-13T20:39:10+09:00,6600
M0024,3160,2026-08-13,2026-08-13T21:23:43+09:00,5900
M0024,3160,2026-08-13,2026-08-13T22:03:35+09:00,5300
M0024,3160,2026-08-13,2026-08-13T22:40:21+09:00,5000
M0025,3161,2026-08-13,2026-08-13T10:54:54+09:00,0
M0025,3161,2026-08-13,2026-08-13T11:29:13+09:00,-700
M0025,3161,2026-08-13,2026-08-13T12:03:39+09:00,-1200
M0025,3161,2026-08-13,2026-08-13T12:36:57+09:00,1200
M0025,3161,2026-08-13,2026-08-13T13:09:39+09:00,2900
M0025,3161,2026-08-13,2026-08-13T14:00:59+09:00,2500
M0025,3161,2026-08-13,2026-08-13T15:11:23+09:00,1500
M0025,3161,2026-08-13,2026-08-13T15:58:27+09:00,1400
M0025,3161,2026-08-13,2026-08-13T16:33:27+09:00,1700
M0025,3161,2026-08-13,2026-08-13T17:10:25+09:00,2000
M0025,3161,2026-08-13,2026-08-13T17:59:47+09:00,2500
M0025,3161,2026-08-13,2026-08-13T18:36:04+09:00,2200
M0025,3161,2026-08-13,2026-08-13T19:14:33+09:00,3200
M0025,3161,2026-08-13,2026-08-13T20:39:10+09:00,3300
M0025,3161,2026-08-13,2026-08-13T21:23:43+09:00,3400
M0025,3161,2026-08-13,2026-08-13T22:03:35+09:00,2900
M0025,3161,2026-08-13,2026-08-13T22:40:21+09:00,2800
M0026,3162,2026-08-13,2026-08-13T10:54:54+09:00,0
M0026,3162,2026-08-13,2026-08-13T11:29:13+09:00,-600
M0026,3162,2026-08-13,2026-08-13T12:03:39+09:00,-400
M0026,3162,2026-08-13,2026-08-13T12:36:57+09:00,-700
M0026,3162,2026-08-13,2026-08-13T13:09:39+09:00,-1700
M0026,3162,2026-08-13,2026-08-13T15:11:23+09:00,-1300
M0026,3162,2026-08-13,2026-08-13T16:33:27+09:00,-2100
M0026,3162,2026-08-13,2026-08-13T17:10:25+09:00,-3300
M0026,3162,2026-08-13,2026-08-13T17:59:47+09:00,-3800
M0026,3162,2026-08-13,2026-08-13T18:36:04+09:00,-4500
M0026,3162,2026-08-13,2026-08-13T19:14:33+09:00,-4400
M0026,3162,2026-08-13,2026-08-13T20:02:43+09:00,-3600
M0026,3162,2026-08-13,2026-08-13T20:39:10+09:00,-4800
M0026,3162,2026-08-13,2026-08-13T21:23:43+09:00,-4900
M0026,3162,2026-08-13,2026-08-13T22:03:35+09:00,-5200
M0026,3162,2026-08-13,2026-08-13T22:40:21+09:00,-5500
M0027,3163,2026-08-13,2026-08-13T10:54:54+09:00,-200
M0027,3163,2026-08-13,2026-08-13T11:29:13+09:00,-900
M0027,3163,2026-08-13,2026-08-13T12:03:39+09:00,-1000
M0027,3163,2026-08-13,2026-08-13T12:36:57+09:00,-1100
M0027,3163,2026-08-13,2026-08-13T13:09:39+09:00,-900
M0027,3163,2026-08-13,2026-08-13T14:00:59+09:00,-1600
M0027,3163,2026-08-13,2026-08-13T15:11:23+09:00,-900
M0027,3163,2026-08-13,2026-08-13T15:58:27+09:00,-1200
M0027,3163,2026-08-13,2026-08-13T16:33:27+09:00,-1900
M0027,3163,2026-08-13,2026-08-13T17:10:25+09:00,-2800
M0027,3163,2026-08-13,2026-08-13T17:59:47+09:00,-2000
M0027,3163,2026-08-13,2026-08-13T18:36:04+09:00,-2500
M0027,3163,2026-08-13,2026-08-13T19:14:33+09:00,-2300
M0027,3163,2026-08-13,2026-08-13T20:39:10+09:00,-3600
M0027,3163,2026-08-13,2026-08-13T21:23:43+09:00,-3400
M0027,3163,2026-08-13,2026-08-13T22:40:21+09:00,-3600
M0028,3164,2026-08-13,2026-08-13T10:54:54+09:00,-200
M0028,3164,2026-08-13,2026-08-13T11:29:13+09:00,-700
M0028,3164,2026-08-13,2026-08-13T12:03:39+09:00,-100
M0028,3164,2026-08-13,2026-08-13T12:36:57+09:00,-700
M0028,3164,2026-08-13,2026-08-13T13:09:39+09:00,-600
M0028,3164,2026-08-13,2026-08-13T14:00:59+09:00,-700
M0028,3164,2026-08-13,2026-08-13T14:35:09+09:00,-1100
M0028,3164,2026-08-13,2026-08-13T15:11:23+09:00,-2000
M0028,3164,2026-08-13,2026-08-13T16:33:27+09:00,-1400
M0028,3164,2026-08-13,2026-08-13T17:10:25+09:00,200
M0028,3164,2026-08-13,2026-08-13T17:59:47+09:00,600
M0028,3164,2026-08-13,2026-08-13T18:36:04+09:00,2400
M0028,3164,2026-08-13,2026-08-13T19:14:33+09:00,1900
M0028,3164,2026-08-13,2026-08-13T20:02:43+09:00,1700
M0028,3164,2026-08-13,2026-08-13T21:23:43+09:00,1300
M0028,3164,2026-08-13,2026-08-13T22:03:35+09:00,1800
M0029,3165,2026-08-13,2026-08-13T10:54:54+09:00,0
M0029,3165,2026-08-13,2026-08-13T11:29:13+09:00,-400
M0029,3165,2026-08-13,2026-08-13T12:03:39+09:00,-1100
M0029,3165,2026-08-13,2026-08-13T12:36:57+09:00,-1600
M0029,3165,2026-08-13,2026-08-13T13:09:39+09:00,-700
M0029,3165,2026-08-13,2026-08-13T15:58:27+09:00,-900
M0029,3165,2026-08-13,2026-08-13T16:33:27+09:00,100
M0029,3165,2026-08-13,2026-08-13T17:10:25+09:00,1900
M0029,3165,2026-08-13,2026-08-13T17:59:47+09:00,2000
M0029,3165,2026-08-13,2026-08-13T18:36:04+09:00,1800
M0029,3165,2026-08-13,2026-08-13T19:14:33+09:00,1000
M0029,3165,2026-08-13,2026-08-13T20:02:43+09:00,1500
M0029,3165,2026-08-13,2026-08-13T20:39:10+09:00,800
M0029,3165,2026-08-13,2026-08-13T21:23:43+09:00,1100
M0029,3165,2026-08-13,2026-08-13T22:03:35+09:00,2100
M0029,3165,2026-08-13,2026-08-13T22:40:21+09:00,1600
M0029,3165,2026-08-13,2026-08-13T23:29:55+09:00,1900
M0030,3166,2026-08-13,2026-08-13T10:54:54+09:00,-100
M0030,3166,2026-08-13,2026-08-13T11:29:13+09:00,-700
M0030,3166,2026-08-13,2026-08-13T12:03:39+09:00,-400
M0030,3166,2026-08-13,2026-08-13T12:36:57+09:00,-1000
M0030,3166,2026-08-13,2026-08-13T13:09:39+09:00,-300
M0030,3166,2026-08-13,2026-08-13T14:00:59+09:00,300
M0030,3166,2026-08-13,2026-08-13T14:35:09+09:00,2500
M0030,3166,2026-08-13,2026-08-13T15:11:23+09:00,2100
M0030,3166,2026-08-13,2026-08-13T15:58:27+09:00,1600
M0030,3166,2026-08-13,2026-08-13T16:33:27+09:00,1400
M0030,3166,2026-08-13,2026-08-13T17:10:25+09:00,800
M0030,3166,2026-08-13,2026-08-13T17:59:47+09:00,400
M0030,3166,2026-08-13,2026-08-13T18:36:04+09:00,-200
M0030,3166,2026-08-13,2026-08-13T19:14:33+09:00,700
M0030,3166,2026-08-13,2026-08-13T20:02:43+09:00,600
M0030,3166,2026-08-13,2026-08-13T20:39:10+09:00,-300
M0030,3166,2026-08-13,2026-08-13T22:03:35+09:00,100
M0030,3166,2026-08-13,2026-08-13T22:40:21+09:00,-100
M0030,3166,2026-08-13,2026-08-13T23:29:55+09:00,-200
M0001,3075,2026-08-14,2026-08-14T10:54:41+09:00,-200
M0001,3075,2026-08-14,2026-08-14T11:29:45+09:00,-900
M0001,3075,2026-08-14,2026-08-14T12:04:15+09:00,-1400
M0001,3075,2026-08-14,2026-08-14T12:37:28+09:00,-2000
M0001,3075,2026-08-14,2026-08-14T13:06:37+09:00,-2700
M0001,3075,2026-08-14,2026-08-14T13:35:02+09:00,-2500
M0001,3075,2026-08-14,2026-08-14T14:10:37+09:00,-3700
M0001,3075,2026-08-14,2026-08-14T14:55:41+09:00,-3500
M0001,3075,2026-08-14,2026-08-14T15:31:41+09:00,-3200
M0001,3075,2026-08-14,2026-08-14T16:41:57+09:00,-3700
M0001,3075,2026-08-14,2026-08-14T17:30:37+09:00,-4400
M0001,3075,2026-08-14,2026-08-14T18:07:43+09:00,-4600
M0001,3075,2026-08-14,2026-08-14T18:43:04+09:00,-3800
M0001,3075,2026-08-14,2026-08-14T19:31:33+09:00,-3300
M0001,3075,2026-08-14,2026-08-14T20:09:17+09:00,-3900
M0001,3075,2026-08-14,2026-08-14T20:55:41+09:00,-3800
M0001,3075,2026-08-14,2026-08-14T21:33:02+09:00,-4000
M0001,3075,2026-08-14,2026-08-14T22:11:45+09:00,-3500
M0002,3076,2026-08-14,2026-08-14T10:54:41+09:00,-100
M0002,3076,2026-08-14,2026-08-14T11:29:45+09:00,1800
M0002,3076,2026-08-14,2026-08-14T12:04:15+09:00,2400
M0002,3076,2026-08-14,2026-08-14T12:37:28+09:00,3000
M0002,3076,2026-08-14,2026-08-14T13:06:37+09:00,2200
M0002,3076,2026-08-14,2026-08-14T13:35:02+09:00,1500
M0002,3076,2026-08-14,2026-08-14T14:10:37+09:00,3500
M0002,3076,2026-08-14,2026-08-14T14:55:41+09:00,2900
M0002,3076,2026-08-14,2026-08-14T15:31:41+09:00,2200
M0002,3076,2026-08-14,2026-08-14T16:08:02+09:00,2700
M0002,3076,2026-08-14,2026-08-14T16:41:57+09:00,5000
M0002,3076,2026-08-14,2026-08-14T17:30:37+09:00,4800
M0002,3076,2026-08-14,2026-08-14T18:43:04+09:00,4200
M0002,3076,2026-08-14,2026-08-14T19:31:33+09:00,3400
M0002,3076,2026-08-14,2026-08-14T20:09:17+09:00,2800
M0002,3076,2026-08-14,2026-08-14T20:55:41+09:00,2100
M0002,3076,2026-08-14,2026-08-14T21:33:02+09:00,2000
M0002,3076,2026-08-14,2026-08-14T22:11:45+09:00,4000
M0003,3077,2026-08-14,2026-08-14T10:54:41+09:00,-100
M0003,3077,2026-08-14,2026-08-14T11:29:45+09:00,100
M0003,3077,2026-08-14,2026-08-14T12:04:15+09:00,2200
M0003,3077,2026-08-14,2026-08-14T12:37:28+09:00,4500
M0003,3077,2026-08-14,2026-08-14T13:06:37+09:00,5400
M0003,3077,2026-08-14,2026-08-14T13:35:02+09:00,5200
M0003,3077,2026-08-14,2026-08-14T16:08:02+09:00,4800
M0003,3077,2026-08-14,2026-08-14T17:30:37+09:00,4400
M0003,3077,2026-08-14,2026-08-14T18:07:43+09:00,4500
M0003,3077,2026-08-14,2026-08-14T18:43:04+09:00,4100
M0003,3077,2026-08-14,2026-08-14T19:31:33+09:00,4200
M0003,3077,2026-08-14,2026-08-14T20:09:17+09:00,5000
M0003,3077,2026-08-14,2026-08-14T20:55:41+09:00,4500
M0003,3077,2026-08-14,2026-08-14T21:33:02+09:00,4400
M0003,3077,2026-08-14,2026-08-14T22:11:45+09:00,4800
M0004,3078,2026-08-14,2026-08-14T10:54:41+09:00,-100
M0004,3078,2026-08-14,2026-08-14T11:29:45+09:00,300
M0004,3078,2026-08-14,2026-08-14T12:04:15+09:00,500
M0004,3078,2026-08-14,2026-08-14T12:37:28+09:00,800
M0004,3078,2026-08-14,2026-08-14T13:06:37+09:00,300
M0004,3078,2026-08-14,2026-08-14T13:35:02+09:00,-400
M0004,3078,2026-08-14,2026-08-14T14:10:37+09:00,-1700
M0004,3078,2026-08-14,2026-08-14T14:55:41+09:00,-1300
M0004,3078,2026-08-14,2026-08-14T15:31:41+09:00,-1900
M0004,3078,2026-08-14,2026-08-14T16:08:02+09:00,-2100
M0004,3078,2026-08-14,2026-08-14T16:41:57+09:00,-1500
M0004,3078,2026-08-14,2026-08-14T17:30:37+09:00,-700
M0004,3078,2026-08-14,2026-08-14T18:07:43+09:00,600
M0004,3078,2026-08-14,2026-08-14T18:43:04+09:00,-700
M0004,3078,2026-08-14,2026-08-14T19:31:33+09:00,-1200
M0004,3078,2026-08-14,2026-08-14T20:09:17+09:00,900
M0004,3078,2026-08-14,2026-08-14T20:55:41+09:00,600
M0004,3078,2026-08-14,2026-08-14T21:33:02+09:00,0
M0004,3078,2026-08-14,2026-08-14T22:11:45+09:00,-200
M0005,3079,2026-08-14,2026-08-14T10:54:41+09:00,-200
M0005,3079,2026-08-14,2026-08-14T11:29:45+09:00,-600
M0005,3079,2026-08-14,2026-08-14T12:04:15+09:00,-1300
M0005,3079,2026-08-14,2026-08-14T12:37:28+09:00,-800
M0005,3079,2026-08-14,2026-08-14T13:06:37+09:00,-900
M0005,3079,2026-08-14,2026-08-14T13:35:02+09:00,-700
M0005,3079,2026-08-14,2026-08-14T14:10:37+09:00,-2000
M0005,3079,2026-08-14,2026-08-14T15:31:41+09:00,-1700
M0005,3079,2026-08-14,2026-08-14T16:08:02+09:00,-2200
M0005,3079,2026-08-14,2026-08-14T16:41:57+09:00,-600
M0005,3079,2026-08-14,2026-08-14T17:30:37+09:00,-800
M0005,3079,2026-08-14,2026-08-14T18:43:04+09:00,-900
M0005,3079,2026-08-14,2026-08-14T19:31:33+09:00,-700
M0005,3079,2026-08-14,2026-08-14T20:09:17+09:00,1700
M0005,3079,2026-08-14,2026-08-14T20:55:41+09:00,1100
M0005,3079,2026-08-14,2026-08-14T21:33:02+09:00,700
M0005,3079,2026-08-14,2026-08-14T22:11:45+09:00,1100
M0006,3080,2026-08-14,2026-08-14T10:54:41+09:00,-100
M0006,3080,2026-08-14,2026-08-14T11:29:45+09:00,300
M0006,3080,2026-08-14,2026-08-14T12:04:15+09:00,-100
M0006,3080,2026-08-14,2026-08-14T12:37:28+09:00,-800
M0006,3080,2026-08-14,2026-08-14T13:06:37+09:00,-1400
M0006,3080,2026-08-14,2026-08-14T13:35:02+09:00,-1100
M0006,3080,2026-08-14,2026-08-14T14:10:37+09:00,-700
M0006,3080,2026-08-14,2026-08-14T14:55:41+09:00,1000
M0006,3080,2026-08-14,2026-08-14T15:31:41+09:00,200
M0006,3080,2026-08-14,2026-08-14T16:08:02+09:00,900
M0006,3080,2026-08-14,2026-08-14T16:41:57+09:00,700
M0006,3080,2026-08-14,2026-08-14T17:30:37+09:00,500
M0006,3080,2026-08-14,2026-08-14T18:07:43+09:00,100
M0006,3080,2026-08-14,2026-08-14T18:43:04+09:00,1900
M0006,3080,2026-08-14,2026-08-14T19:31:33+09:00,1300
M0006,3080,2026-08-14,2026-08-14T20:09:17+09:00,300
M0006,3080,2026-08-14,2026-08-14T20:55:41+09:00,2600
M0006,3080,2026-08-14,2026-08-14T21:33:02+09:00,1900
M0006,3080,2026-08-14,2026-08-14T22:11:45+09:00,2800
M0006,3080,2026-08-14,2026-08-14T23:00:09+09:00,4000
M0007,3081,2026-08-14,2026-08-14T10:54:41+09:00,0
M0007,3081,2026-08-14,2026-08-14T11:29:45+09:00,700
M0007,3081,2026-08-14,2026-08-14T12:04:15+09:00,1900
M0007,3081,2026-08-14,2026-08-14T12:37:28+09:00,1400
M0007,3081,2026-08-14,2026-08-14T13:06:37+09:00,1200
M0007,3081,2026-08-14,2026-08-14T13:35:02+09:00,700
M0007,3081,2026-08-14,2026-08-14T14:10:37+09:00,-200
M0007,3081,2026-08-14,2026-08-14T14:55:41+09:00,100
M0007,3081,2026-08-14,2026-08-14T15:31:41+09:00,-100
M0007,3081,2026-08-14,2026-08-14T16:08:02+09:00,-300
M0007,3081,2026-08-14,2026-08-14T16:41:57+09:00,400
M0007,3081,2026-08-14,2026-08-14T17:30:37+09:00,2600
M0007,3081,2026-08-14,2026-08-14T18:07:43+09:00,4000
M0007,3081,2026-08-14,2026-08-14T18:43:04+09:00,4800
M0007,3081,2026-08-14,2026-08-14T19:31:33+09:00,4700
M0007,3081,2026-08-14,2026-08-14T20:09:17+09:00,3900
M0007,3081,2026-08-14,2026-08-14T20:55:41+09:00,5600
M0007,3081,2026-08-14,2026-08-14T21:33:02+09:00,6700
M0007,3081,2026-08-14,2026-08-14T22:11:45+09:00,5300
M0007,3081,2026-08-14,2026-08-14T23:00:09+09:00,5400
M0008,3082,2026-08-14,2026-08-14T10:54:41+09:00,-100
M0008,3082,2026-08-14,2026-08-14T11:29:45+09:00,-600
M0008,3082,2026-08-14,2026-08-14T12:04:15+09:00,-1000
M0008,3082,2026-08-14,2026-08-14T12:37:28+09:00,-1600
M0008,3082,2026-08-14,2026-08-14T13:06:37+09:00,-500
M0008,3082,2026-08-14,2026-08-14T14:10:37+09:00,-1000
M0008,3082,2026-08-14,2026-08-14T14:55:41+09:00,-800
M0008,3082,2026-08-14,2026-08-14T15:31:41+09:00,-1300
M0008,3082,2026-08-14,2026-08-14T16:08:02+09:00,-1100
M0008,3082,2026-08-14,2026-08-14T16:41:57+09:00,-1200
M0008,3082,2026-08-14,2026-08-14T17:30:37+09:00,-600
M0008,3082,2026-08-14,2026-08-14T18:07:43+09:00,-400
M0008,3082,2026-08-14,2026-08-14T18:43:04+09:00,-1800
M0008,3082,2026-08-14,2026-08-14T19:31:33+09:00,-2500
M0008,3082,2026-08-14,2026-08-14T20:09:17+09:00,-2300
M0008,3082,2026-08-14,2026-08-14T21:33:02+09:00,-1700
M0009,3083,2026-08-14,2026-08-14T10:54:41+09:00,0
M0009,3083,2026-08-14,2026-08-14T11:29:45+09:00,-700
M0009,3083,2026-08-14,2026-08-14T12:04:15+09:00,-300
M0009,3083,2026-08-14,2026-08-14T12:37:28+09:00,-700
M0009,3083,2026-08-14,2026-08-14T13:06:37+09:00,-1300
M0009,3083,2026-08-14,2026-08-14T13:35:02+09:00,-100
M0009,3083,2026-08-14,2026-08-14T14:10:37+09:00,400
M0009,3083,2026-08-14,2026-08-14T14:55:41+09:00,700
M0009,3083,2026-08-14,2026-08-14T15:31:41+09:00,100
M0009,3083,2026-08-14,2026-08-14T16:08:02+09:00,-100
M0009,3083,2026-08-14,2026-08-14T16:41:57+09:00,-1100
M0009,3083,2026-08-14,2026-08-14T17:30:37+09:00,-600
M0009,3083,2026-08-14,2026-08-14T19:31:33+09:00,-1100
M0009,3083,2026-08-14,2026-08-14T20:09:17+09:00,-2500
M0009,3083,2026-08-14,2026-08-14T20:55:41+09:00,-2000
M0009,3083,2026-08-14,2026-08-14T21:33:02+09:00,0
M0009,3083,2026-08-14,2026-08-14T22:11:45+09:00,-800
M0010,3084,2026-08-14,2026-08-14T10:54:41+09:00,-100
M0010,3084,2026-08-14,2026-08-14T11:29:45+09:00,-300
M0010,3084,2026-08-14,2026-08-14T12:04:15+09:00,-900
M0010,3084,2026-08-14,2026-08-14T12:37:28+09:00,-1300
M0010,3084,2026-08-14,2026-08-14T13:06:37+09:00,-2000
M0010,3084,2026-08-14,2026-08-14T13:35:02+09:00,-1200
M0010,3084,2026-08-14,2026-08-14T14:10:37+09:00,-2400
M0010,3084,2026-08-14,2026-08-14T14:55:41+09:00,-2900
M0010,3084,2026-08-14,2026-08-14T15:31:41+09:00,-3500
M0010,3084,2026-08-14,2026-08-14T16:08:02+09:00,-4000
M0010,3084,2026-08-14,2026-08-14T16:41:57+09:00,-4200
M0010,3084,2026-08-14,2026-08-14T17:30:37+09:00,-3000
M0010,3084,2026-08-14,2026-08-14T18:07:43+09:00,-600
M0010,3084,2026-08-14,2026-08-14T18:43:04+09:00,-2000
M0010,3084,2026-08-14,2026-08-14T19:31:33+09:00,-2100
M0010,3084,2026-08-14,2026-08-14T20:09:17+09:00,-2600
M0010,3084,2026-08-14,2026-08-14T20:55:41+09:00,-3300
M0010,3084,2026-08-14,2026-08-14T21:33:02+09:00,-3900
M0010,3084,2026-08-14,2026-08-14T22:11:45+09:00,-3700
M0011,3085,2026-08-14,2026-08-14T10:54:41+09:00,-100
M0011,3085,2026-08-14,2026-08-14T11:29:45+09:00,-700
M0011,3085,2026-08-14,2026-08-14T12:04:15+09:00,900
M0011,3085,2026-08-14,2026-08-14T12:37:28+09:00,1200
M0011,3085,2026-08-14,2026-08-14T13:06:37+09:00,1300
M0011,3085,2026-08-14,2026-08-14T13:35:02+09:00,700
M0011,3085,2026-08-14,2026-08-14T14:10:37+09:00,200
M0011,3085,2026-08-14,2026-08-14T14:55:41+09:00,-200
M0011,3085,2026-08-14,2026-08-14T15:31:41+09:00,200
M0011,3085,2026-08-14,2026-08-14T16:08:02+09:00,-300
M0011,3085,2026-08-14,2026-08-14T16:41:57+09:00,-500
M0011,3085,2026-08-14,2026-08-14T17:30:37+09:00,-1200
M0011,3085,2026-08-14,2026-08-14T18:07:43+09:00,-1800
M0011,3085,2026-08-14,2026-08-14T18:43:04+09:00,-1100
M0011,3085,2026-08-14,2026-08-14T19:31:33+09:00,-1600
M0011,3085,2026-08-14,2026-08-14T20:09:17+09:00,-800
M0011,3085,2026-08-14,2026-08-14T20:55:41+09:00,-1100
M0011,3085,2026-08-14,2026-08-14T21:33:02+09:00,-1700
M0011,3085,2026-08-14,2026-08-14T22:11:45+09:00,-1100
M0012,3086,2026-08-14,2026-08-14T10:54:41+09:00,-100
M0012,3086,2026-08-14,2026-08-14T11:29:45+09:00,-600
M0012,3086,2026-08-14,2026-08-14T12:04:15+09:00,-800
M0012,3086,2026-08-14,2026-08-14T12:37:28+09:00,-1300
M0012,3086,2026-08-14,2026-08-14T13:06:37+09:00,-1400
M0012,3086,2026-08-14,2026-08-14T13:35:02+09:00,-1500
M0012,3086,2026-08-14,2026-08-14T14:10:37+09:00,-2300
M0012,3086,2026-08-14,2026-08-14T14:55:41+09:00,-2900
M0012,3086,2026-08-14,2026-08-14T15:31:41+09:00,-2400
M0012,3086,2026-08-14,2026-08-14T16:08:02+09:00,-1900
M0012,3086,2026-08-14,2026-08-14T16:41:57+09:00,-3300
M0012,3086,2026-08-14,2026-08-14T17:30:37+09:00,-3800
M0012,3086,2026-08-14,2026-08-14T18:07:43+09:00,-1400
M0012,3086,2026-08-14,2026-08-14T18:43:04+09:00,-2000
M0012,3086,2026-08-14,2026-08-14T19:31:33+09:00,-2600
M0012,3086,2026-08-14,2026-08-14T20:09:17+09:00,-3600
M0012,3086,2026-08-14,2026-08-14T20:55:41+09:00,-3700
M0012,3086,2026-08-14,2026-08-14T21:33:02+09:00,-3800
M0012,3086,2026-08-14,2026-08-14T22:11:45+09:00,-4900
M0012,3086,2026-08-14,2026-08-14T23:38:17+09:00,-4500
M0013,3087,2026-08-14,2026-08-14T10:54:41+09:00,-100
M0013,3087,2026-08-14,2026-08-14T11:29:45+09:00,0
M0013,3087,2026-08-14,2026-08-14T12:04:15+09:00,1500
M0013,3087,2026-08-14,2026-08-14T12:37:28+09:00,2200
M0013,3087,2026-08-14,2026-08-14T13:06:37+09:00,1300
M0013,3087,2026-08-14,2026-08-14T13:35:02+09:00,800
M0013,3087,2026-08-14,2026-08-14T14:10:37+09:00,900
M0013,3087,2026-08-14,2026-08-14T14:55:41+09:00,200
M0013,3087,2026-08-14,2026-08-14T15:31:41+09:00,-200
M0013,3087,2026-08-14,2026-08-14T16:08:02+09:00,-900
M0013,3087,2026-08-14,2026-08-14T16:41:57+09:00,-2000
M0013,3087,2026-08-14,2026-08-14T17:30:37+09:00,-2100
M0013,3087,2026-08-14,2026-08-14T18:07:43+09:00,-2400
M0013,3087,2026-08-14,2026-08-14T18:43:04+09:00,-3700
M0013,3087,2026-08-14,2026-08-14T19:31:33+09:00,-3900
M0014,3150,2026-08-14,2026-08-14T10:54:41+09:00,-100
M0014,3150,2026-08-14,2026-08-14T11:29:45+09:00,-700
M0014,3150,2026-08-14,2026-08-14T12:04:15+09:00,-900
M0014,3150,2026-08-14,2026-08-14T12:37:28+09:00,-1100
M0014,3150,2026-08-14,2026-08-14T13:35:02+09:00,-1700
M0014,3150,2026-08-14,2026-08-14T14:10:37+09:00,-1500
M0014,3150,2026-08-14,2026-08-14T14:55:41+09:00,-900
M0014,3150,2026-08-14,2026-08-14T15:31:41+09:00,-1400
M0014,3150,2026-08-14,2026-08-14T16:08:02+09:00,-900
M0014,3150,2026-08-14,2026-08-14T16:41:57+09:00,-2300
M0014,3150,2026-08-14,2026-08-14T17:30:37+09:00,-1800
M0014,3150,2026-08-14,2026-08-14T18:07:43+09:00,-100
M0014,3150,2026-08-14,2026-08-14T18:43:04+09:00,-1300
M0014,3150,2026-08-14,2026-08-14T19:31:33+09:00,-900
M0014,3150,2026-08-14,2026-08-14T20:09:17+09:00,-1800
M0014,3150,2026-08-14,2026-08-14T20:55:41+09:00,-2400
M0014,3150,2026-08-14,2026-08-14T21:33:02+09:00,-2500
M0015,3151,2026-08-14,2026-08-14T10:54:41+09:00,-100
M0015,3151,2026-08-14,2026-08-14T11:29:45+09:00,-600
M0015,3151,2026-08-14,2026-08-14T12:04:15+09:00,500
M0015,3151,2026-08-14,2026-08-14T12:37:28+09:00,2100
M0015,3151,2026-08-14,2026-08-14T13:06:37+09:00,1700
M0015,3151,2026-08-14,2026-08-14T13:35:02+09:00,1300
M0015,3151,2026-08-14,2026-08-14T14:10:37+09:00,1100
M0015,3151,2026-08-14,2026-08-14T14:55:41+09:00,600
M0015,3151,2026-08-14,2026-08-14T15:31:41+09:00,200
M0015,3151,2026-08-14,2026-08-14T16:08:02+09:00,-400
M0015,3151,2026-08-14,2026-08-14T16:41:57+09:00,0
M0015,3151,2026-08-14,2026-08-14T17:30:37+09:00,-600
M0015,3151,2026-08-14,2026-08-14T18:07:43+09:00,-1300
M0015,3151,2026-08-14,2026-08-14T18:43:04+09:00,-1400
M0015,3151,2026-08-14,2026-08-14T20:09:17+09:00,-2000
M0016,3152,2026-08-14,2026-08-14T10:54:41+09:00,-100
M0016,3152,2026-08-14,2026-08-14T11:29:45+09:00,-300
M0016,3152,2026-08-14,2026-08-14T12:04:15+09:00,-200
M0016,3152,2026-08-14,2026-08-14T12:37:28+09:00,-900
M0016,3152,2026-08-14,2026-08-14T13:06:37+09:00,-1400
M0016,3152,2026-08-14,2026-08-14T13:35:02+09:00,-2000
M0016,3152,2026-08-14,2026-08-14T14:10:37+09:00,-3000
M0016,3152,2026-08-14,2026-08-14T14:55:41+09:00,-3700
M0016,3152,2026-08-14,2026-08-14T15:31:41+09:00,-1400
M0016,3152,2026-08-14,2026-08-14T16:08:02+09:00,1000
M0016,3152,2026-08-14,2026-08-14T16:41:57+09:00,4800
M0016,3152,2026-08-14,2026-08-14T17:30:37+09:00,4600
M0016,3152,2026-08-14,2026-08-14T18:07:43+09:00,4200
M0016,3152,2026-08-14,2026-08-14T18:43:04+09:00,4300
M0016,3152,2026-08-14,2026-08-14T19:31:33+09:00,4400
M0016,3152,2026-08-14,2026-08-14T20:09:17+09:00,4800
M0017,3153,2026-08-14,2026-08-14T10:54:41+09:00,-200
M0017,3153,2026-08-14,2026-08-14T11:29:45+09:00,400
M0017,3153,2026-08-14,2026-08-14T12:04:15+09:00,0
M0017,3153,2026-08-14,2026-08-14T12:37:28+09:00,-300
M0017,3153,2026-08-14,2026-08-14T13:06:37+09:00,-700
M0017,3153,2026-08-14,2026-08-14T13:35:02+09:00,-1500
M0017,3153,2026-08-14,2026-08-14T14:10:37+09:00,-2000
M0017,3153,2026-08-14,2026-08-14T14:55:41+09:00,-2700
M0017,3153,2026-08-14,2026-08-14T16:08:02+09:00,-3100
M0017,3153,2026-08-14,2026-08-14T16:41:57+09:00,-2700
M0017,3153,2026-08-14,2026-08-14T17:30:37+09:00,-2500
M0017,3153,2026-08-14,2026-08-14T20:09:17+09:00,-3700
M0017,3153,2026-08-14,2026-08-14T20:55:41+09:00,-3900
M0017,3153,2026-08-14,2026-08-14T21:33:02+09:00,-3800
M0018,3154,2026-08-14,2026-08-14T10:54:41+09:00,0
M0018,3154,2026-08-14,2026-08-14T11:29:45+09:00,-300
M0018,3154,2026-08-14,2026-08-14T12:04:15+09:00,-700
M0018,3154,2026-08-14,2026-08-14T12:37:28+09:00,-1400
M0018,3154,2026-08-14,2026-08-14T13:06:37+09:00,-1700
M0018,3154,2026-08-14,2026-08-14T13:35:02+09:00,-2100
M0018,3154,2026-08-14,2026-08-14T14:10:37+09:00,1400
M0018,3154,2026-08-14,2026-08-14T14:55:41+09:00,2800
M0018,3154,2026-08-14,2026-08-14T15:31:41+09:00,2700
M0018,3154,2026-08-14,2026-08-14T16:08:02+09:00,3800
M0018,3154,2026-08-14,2026-08-14T16:41:57+09:00,7800
M0018,3154,2026-08-14,2026-08-14T17:30:37+09:00,8900
M0018,3154,2026-08-14,2026-08-14T18:07:43+09:00,9500
M0018,3154,2026-08-14,2026-08-14T18:43:04+09:00,8600
M0018,3154,2026-08-14,2026-08-14T19:31:33+09:00,9200
M0018,3154,2026-08-14,2026-08-14T20:09:17+09:00,8100
M0018,3154,2026-08-14,2026-08-14T20:55:41+09:00,8000
M0018,3154,2026-08-14,2026-08-14T21:33:02+09:00,8300
M0019,3155,2026-08-14,2026-08-14T10:54:41+09:00,-100
M0019,3155,2026-08-14,2026-08-14T11:29:45+09:00,-300
M0019,3155,2026-08-14,2026-08-14T12:04:15+09:00,400
M0019,3155,2026-08-14,2026-08-14T13:06:37+09:00,-100
M0019,3155,2026-08-14,2026-08-14T13:35:02+09:00,-400
M0019,3155,2026-08-14,2026-08-14T14:10:37+09:00,300
M0019,3155,2026-08-14,2026-08-14T14:55:41+09:00,800
M0019,3155,2026-08-14,2026-08-14T15:31:41+09:00,200
M0019,3155,2026-08-14,2026-08-14T16:08:02+09:00,-400
M0019,3155,2026-08-14,2026-08-14T16:41:57+09:00,-200
M0019,3155,2026-08-14,2026-08-14T17:30:37+09:00,-700
M0019,3155,2026-08-14,2026-08-14T18:43:04+09:00,-300
M0019,3155,2026-08-14,2026-08-14T19:31:33+09:00,-400
M0019,3155,2026-08-14,2026-08-14T20:09:17+09:00,-1400
M0019,3155,2026-08-14,2026-08-14T20:55:41+09:00,-700
M0019,3155,2026-08-14,2026-08-14T21:33:02+09:00,-900
M0019,3155,2026-08-14,2026-08-14T22:11:45+09:00,-1200
M0019,3155,2026-08-14,2026-08-14T23:00:09+09:00,-1900
M0019,3155,2026-08-14,2026-08-14T23:38:17+09:00,-2100
M0020,3156,2026-08-14,2026-08-14T10:54:41+09:00,-100
M0020,3156,2026-08-14,2026-08-14T11:29:45+09:00,-800
M0020,3156,2026-08-14,2026-08-14T12:04:15+09:00,-600
M0020,3156,2026-08-14,2026-08-14T12:37:28+09:00,-1000
M0020,3156,2026-08-14,2026-08-14T13:06:37+09:00,-1700
M0020,3156,2026-08-14,2026-08-14T13:35:02+09:00,-2000
M0020,3156,2026-08-14,2026-08-14T14:10:37+09:00,-3100
M0020,3156,2026-08-14,2026-08-14T14:55:41+09:00,-3700
M0020,3156,2026-08-14,2026-08-14T15:31:41+09:00,-2900
M0020,3156,2026-08-14,2026-08-14T16:08:02+09:00,-600
M0020,3156,2026-08-14,2026-08-14T16:41:57+09:00,3300
M0020,3156,2026-08-14,2026-08-14T17:30:37+09:00,4300
M0020,3156,2026-08-14,2026-08-14T18:07:43+09:00,3700
M0020,3156,2026-08-14,2026-08-14T18:43:04+09:00,2500
M0020,3156,2026-08-14,2026-08-14T19:31:33+09:00,3100
M0020,3156,2026-08-14,2026-08-14T20:09:17+09:00,2400
M0020,3156,2026-08-14,2026-08-14T20:55:41+09:00,1700
M0020,3156,2026-08-14,2026-08-14T21:33:02+09:00,1600
M0020,3156,2026-08-14,2026-08-14T22:11:45+09:00,900
M0021,3157,2026-08-14,2026-08-14T10:54:41+09:00,-200
M0021,3157,2026-08-14,2026-08-14T11:29:45+09:00,500
M0021,3157,2026-08-14,2026-08-14T12:04:15+09:00,100
M0021,3157,2026-08-14,2026-08-14T12:37:28+09:00,0
M0021,3157,2026-08-14,2026-08-14T13:06:37+09:00,-400
M0021,3157,2026-08-14,2026-08-14T13:35:02+09:00,-800
M0021,3157,2026-08-14,2026-08-14T14:10:37+09:00,-1900
M0021,3157,2026-08-14,2026-08-14T14:55:41+09:00,-700
M0021,3157,2026-08-14,2026-08-14T15:31:41+09:00,1600
M0021,3157,2026-08-14,2026-08-14T16:08:02+09:00,2800
M0021,3157,2026-08-14,2026-08-14T16:41:57+09:00,5000
M0021,3157,2026-08-14,2026-08-14T17:30:37+09:00,4600
M0021,3157,2026-08-14,2026-08-14T18:43:04+09:00,3500
M0021,3157,2026-08-14,2026-08-14T19:31:33+09:00,3000
M0021,3157,2026-08-14,2026-08-14T20:09:17+09:00,4900
M0021,3157,2026-08-14,2026-08-14T20:55:41+09:00,4500
M0021,3157,2026-08-14,2026-08-14T21:33:02+09:00,5300
M0022,3158,2026-08-14,2026-08-14T10:54:41+09:00,-100
M0022,3158,2026-08-14,2026-08-14T11:29:45+09:00,600
M0022,3158,2026-08-14,2026-08-14T12:04:15+09:00,2000
M0022,3158,2026-08-14,2026-08-14T12:37:28+09:00,2400
M0022,3158,2026-08-14,2026-08-14T13:06:37+09:00,3500
M0022,3158,2026-08-14,2026-08-14T13:35:02+09:00,5700
M0022,3158,2026-08-14,2026-08-14T14:10:37+09:00,8000
M0022,3158,2026-08-14,2026-08-14T14:55:41+09:00,8500
M0022,3158,2026-08-14,2026-08-14T15:31:41+09:00,8300
M0022,3158,2026-08-14,2026-08-14T16:08:02+09:00,7700
M0022,3158,2026-08-14,2026-08-14T16:41:57+09:00,6400
M0022,3158,2026-08-14,2026-08-14T17:30:37+09:00,7300
M0022,3158,2026-08-14,2026-08-14T18:07:43+09:00,8100
M0022,3158,2026-08-14,2026-08-14T18:43:04+09:00,8000
M0022,3158,2026-08-14,2026-08-14T19:31:33+09:00,7700
M0022,3158,2026-08-14,2026-08-14T20:09:17+09:00,8300
M0022,3158,2026-08-14,2026-08-14T20:55:41+09:00,7700
M0022,3158,2026-08-14,2026-08-14T21:33:02+09:00,7200
M0022,3158,2026-08-14,2026-08-14T22:11:45+09:00,6700
M0022,3158,2026-08-14,2026-08-14T23:00:09+09:00,7300
M0023,3159,2026-08-14,2026-08-14T10:54:41+09:00,0
M0023,3159,2026-08-14,2026-08-14T11:29:45+09:00,-700
M0023,3159,2026-08-14,2026-08-14T12:04:15+09:00,-1300
M0023,3159,2026-08-14,2026-08-14T12:37:28+09:00,-1100
M0023,3159,2026-08-14,2026-08-14T13:06:37+09:00,-1500
M0023,3159,2026-08-14,2026-08-14T13:35:02+09:00,-800
M0023,3159,2026-08-14,2026-08-14T14:10:37+09:00,100
M0023,3159,2026-08-14,2026-08-14T14:55:41+09:00,1600
M0023,3159,2026-08-14,2026-08-14T15:31:41+09:00,2400
M0023,3159,2026-08-14,2026-08-14T16:08:02+09:00,4600
M0023,3159,2026-08-14,2026-08-14T16:41:57+09:00,6100
M0023,3159,2026-08-14,2026-08-14T17:30:37+09:00,5800
M0023,3159,2026-08-14,2026-08-14T18:07:43+09:00,5200
M0023,3159,2026-08-14,2026-08-14T18:43:04+09:00,6900
M0023,3159,2026-08-14,2026-08-14T19:31:33+09:00,6400
M0023,3159,2026-08-14,2026-08-14T20:09:17+09:00,6600
M0023,3159,2026-08-14,2026-08-14T20:55:41+09:00,5900
M0023,3159,2026-08-14,2026-08-14T21:33:02+09:00,5300
M0023,3159,2026-08-14,2026-08-14T22:11:45+09:00,6400
M0023,3159,2026-08-14,2026-08-14T23:00:09+09:00,5800
M0024,3160,2026-08-14,2026-08-14T10:54:41+09:00,-100
M0024,3160,2026-08-14,2026-08-14T11:29:45+09:00,-400
M0024,3160,2026-08-14,2026-08-14T12:04:15+09:00,-800
M0024,3160,2026-08-14,2026-08-14T12:37:28+09:00,-1000
M0024,3160,2026-08-14,2026-08-14T13:06:37+09:00,-1400
M0024,3160,2026-08-14,2026-08-14T13:35:02+09:00,-2000
M0024,3160,2026-08-14,2026-08-14T14:10:37+09:00,2400
M0024,3160,2026-08-14,2026-08-14T14:55:41+09:00,3000
M0024,3160,2026-08-14,2026-08-14T15:31:41+09:00,2700
M0024,3160,2026-08-14,2026-08-14T16:08:02+09:00,2500
M0024,3160,2026-08-14,2026-08-14T16:41:57+09:00,1600
M0024,3160,2026-08-14,2026-08-14T17:30:37+09:00,1000
M0024,3160,2026-08-14,2026-08-14T18:07:43+09:00,400
M0024,3160,2026-08-14,2026-08-14T18:43:04+09:00,-600
M0024,3160,2026-08-14,2026-08-14T19:31:33+09:00,-1300
M0024,3160,2026-08-14,2026-08-14T20:55:41+09:00,-1800
M0024,3160,2026-08-14,2026-08-14T21:33:02+09:00,-2300
M0024,3160,2026-08-14,2026-08-14T22:11:45+09:00,-3400
M0024,3160,2026-08-14,2026-08-14T23:00:09+09:00,-3600
M0025,3161,2026-08-14,2026-08-14T10:54:41+09:00,-100
M0025,3161,2026-08-14,2026-08-14T12:04:15+09:00,2000
M0025,3161,2026-08-14,2026-08-14T12:37:28+09:00,1400
M0025,3161,2026-08-14,2026-08-14T13:06:37+09:00,900
M0025,3161,2026-08-14,2026-08-14T13:35:02+09:00,100
M0025,3161,2026-08-14,2026-08-14T14:10:37+09:00,800
M0025,3161,2026-08-14,2026-08-14T14:55:41+09:00,300
M0025,3161,2026-08-14,2026-08-14T15:31:41+09:00,200
M0025,3161,2026-08-14,2026-08-14T16:08:02+09:00,600
M0025,3161,2026-08-14,2026-08-14T16:41:57+09:00,3200
M0025,3161,2026-08-14,2026-08-14T17:30:37+09:00,3300
M0025,3161,2026-08-14,2026-08-14T18:07:43+09:00,3100
M0025,3161,2026-08-14,2026-08-14T18:43:04+09:00,2400
M0025,3161,2026-08-14,2026-08-14T19:31:33+09:00,5000
M0025,3161,2026-08-14,2026-08-14T20:09:17+09:00,7300
M0025,3161,2026-08-14,2026-08-14T20:55:41+09:00,10100
M0025,3161,2026-08-14,2026-08-14T21:33:02+09:00,12600
M0025,3161,2026-08-14,2026-08-14T22:11:45+09:00,14900
M0025,3161,2026-08-14,2026-08-14T23:00:09+09:00,14800
M0025,3161,2026-08-14,2026-08-14T23:38:17+09:00,14600
M0026,3162,2026-08-14,2026-08-14T10:54:41+09:00,-100
M0026,3162,2026-08-14,2026-08-14T11:29:45+09:00,-800
M0026,3162,2026-08-14,2026-08-14T12:04:15+09:00,400
M0026,3162,2026-08-14,2026-08-14T12:37:28+09:00,2600
M0026,3162,2026-08-14,2026-08-14T13:06:37+09:00,2400
M0026,3162,2026-08-14,2026-08-14T13:35:02+09:00,2000
M0026,3162,2026-08-14,2026-08-14T14:10:37+09:00,2600
M0026,3162,2026-08-14,2026-08-14T14:55:41+09:00,2100
M0026,3162,2026-08-14,2026-08-14T15:31:41+09:00,1700
M0026,3162,2026-08-14,2026-08-14T16:08:02+09:00,1300
M0026,3162,2026-08-14,2026-08-14T16:41:57+09:00,1200
M0026,3162,2026-08-14,2026-08-14T17:30:37+09:00,1800
M0026,3162,2026-08-14,2026-08-14T18:07:43+09:00,1100
M0026,3162,2026-08-14,2026-08-14T19:31:33+09:00,1400
M0026,3162,2026-08-14,2026-08-14T20:09:17+09:00,100
M0026,3162,2026-08-14,2026-08-14T20:55:41+09:00,-100
M0026,3162,2026-08-14,2026-08-14T21:33:02+09:00,-600
M0026,3162,2026-08-14,2026-08-14T22:11:45+09:00,-1700
M0026,3162,2026-08-14,2026-08-14T23:00:09+09:00,0
M0027,3163,2026-08-14,2026-08-14T10:54:41+09:00,-200
M0027,3163,2026-08-14,2026-08-14T11:29:45+09:00,-700
M0027,3163,2026-08-14,2026-08-14T12:04:15+09:00,500
M0027,3163,2026-08-14,2026-08-14T12:37:28+09:00,700
M0027,3163,2026-08-14,2026-08-14T13:06:37+09:00,400
M0027,3163,2026-08-14,2026-08-14T13:35:02+09:00,700
M0027,3163,2026-08-14,2026-08-14T14:10:37+09:00,-300
M0027,3163,2026-08-14,2026-08-14T14:55:41+09:00,200
M0027,3163,2026-08-14,2026-08-14T15:31:41+09:00,300
M0027,3163,2026-08-14,2026-08-14T16:08:02+09:00,1200
M0027,3163,2026-08-14,2026-08-14T16:41:57+09:00,2800
M0027,3163,2026-08-14,2026-08-14T18:07:43+09:00,2600
M0027,3163,2026-08-14,2026-08-14T18:43:04+09:00,2000
M0027,3163,2026-08-14,2026-08-14T19:31:33+09:00,1200
M0027,3163,2026-08-14,2026-08-14T20:09:17+09:00,600
M0027,3163,2026-08-14,2026-08-14T20:55:41+09:00,0
M0027,3163,2026-08-14,2026-08-14T21:33:02+09:00,-600
M0027,3163,2026-08-14,2026-08-14T22:11:45+09:00,-1100
M0027,3163,2026-08-14,2026-08-14T23:00:09+09:00,-1800
M0027,3163,2026-08-14,2026-08-14T23:38:17+09:00,-900
M0028,3164,2026-08-14,2026-08-14T10:54:41+09:00,-100
M0028,3164,2026-08-14,2026-08-14T11:29:45+09:00,-900
M0028,3164,2026-08-14,2026-08-14T12:04:15+09:00,-1100
M0028,3164,2026-08-14,2026-08-14T12:37:28+09:00,-1200
M0028,3164,2026-08-14,2026-08-14T13:06:37+09:00,-1800
M0028,3164,2026-08-14,2026-08-14T13:35:02+09:00,-2500
M0028,3164,2026-08-14,2026-08-14T14:10:37+09:00,-2800
M0028,3164,2026-08-14,2026-08-14T14:55:41+09:00,-3400
M0028,3164,2026-08-14,2026-08-14T15:31:41+09:00,-3300
M0028,3164,2026-08-14,2026-08-14T16:08:02+09:00,-2900
M0028,3164,2026-08-14,2026-08-14T16:41:57+09:00,-2800
M0028,3164,2026-08-14,2026-08-14T17:30:37+09:00,-3400
M0028,3164,2026-08-14,2026-08-14T18:07:43+09:00,-3300
M0028,3164,2026-08-14,2026-08-14T18:43:04+09:00,-3100
M0028,3164,2026-08-14,2026-08-14T20:09:17+09:00,-3300
M0028,3164,2026-08-14,2026-08-14T20:55:41+09:00,-2300
M0028,3164,2026-08-14,2026-08-14T21:33:02+09:00,-2800
M0029,3165,2026-08-14,2026-08-14T10:54:41+09:00,-100
M0029,3165,2026-08-14,2026-08-14T11:29:45+09:00,-800
M0029,3165,2026-08-14,2026-08-14T12:04:15+09:00,-700
M0029,3165,2026-08-14,2026-08-14T12:37:28+09:00,-800
M0029,3165,2026-08-14,2026-08-14T13:06:37+09:00,-1000
M0029,3165,2026-08-14,2026-08-14T13:35:02+09:00,-1700
M0029,3165,2026-08-14,2026-08-14T14:10:37+09:00,-3000
M0029,3165,2026-08-14,2026-08-14T14:55:41+09:00,-2600
M0029,3165,2026-08-14,2026-08-14T15:31:41+09:00,-3200
M0029,3165,2026-08-14,2026-08-14T16:08:02+09:00,-2600
M0029,3165,2026-08-14,2026-08-14T16:41:57+09:00,-2200
M0029,3165,2026-08-14,2026-08-14T17:30:37+09:00,400
M0029,3165,2026-08-14,2026-08-14T18:07:43+09:00,-300
M0029,3165,2026-08-14,2026-08-14T18:43:04+09:00,-700
M0029,3165,2026-08-14,2026-08-14T19:31:33+09:00,-900
M0029,3165,2026-08-14,2026-08-14T20:09:17+09:00,-1400
M0029,3165,2026-08-14,2026-08-14T20:55:41+09:00,-1300
M0030,3166,2026-08-14,2026-08-14T10:54:41+09:00,-100
M0030,3166,2026-08-14,2026-08-14T11:29:45+09:00,-800
M0030,3166,2026-08-14,2026-08-14T12:04:15+09:00,-600
M0030,3166,2026-08-14,2026-08-14T12:37:28+09:00,1400
M0030,3166,2026-08-14,2026-08-14T13:06:37+09:00,2100
M0030,3166,2026-08-14,2026-08-14T13:35:02+09:00,4000
M0030,3166,2026-08-14,2026-08-14T14:10:37+09:00,3300
M0030,3166,2026-08-14,2026-08-14T14:55:41+09:00,2700
M0030,3166,2026-08-14,2026-08-14T15:31:41+09:00,2600
M0030,3166,2026-08-14,2026-08-14T16:08:02+09:00,2100
M0030,3166,2026-08-14,2026-08-14T16:41:57+09:00,2000
M0030,3166,2026-08-14,2026-08-14T18:07:43+09:00,1700
M0030,3166,2026-08-14,2026-08-14T18:43:04+09:00,3100
M0030,3166,2026-08-14,2026-08-14T19:31:33+09:00,5800
M0030,3166,2026-08-14,2026-08-14T20:09:17+09:00,6600
M0030,3166,2026-08-14,2026-08-14T20:55:41+09:00,6000
M0030,3166,2026-08-14,2026-08-14T21:33:02+09:00,6200
M0001,3075,2026-08-15,2026-08-15T10:54:13+09:00,-100
M0001,3075,2026-08-15,2026-08-15T11:29:09+09:00,-600
M0001,3075,2026-08-15,2026-08-15T12:03:27+09:00,-800
M0001,3075,2026-08-15,2026-08-15T12:36:37+09:00,-400
M0001,3075,2026-08-15,2026-08-15T13:08:49+09:00,-1300
M0001,3075,2026-08-15,2026-08-15T14:01:55+09:00,-1400
M0001,3075,2026-08-15,2026-08-15T14:36:09+09:00,-1300
M0001,3075,2026-08-15,2026-08-15T15:11:53+09:00,-1800
M0001,3075,2026-08-15,2026-08-15T15:58:43+09:00,-2300
M0001,3075,2026-08-15,2026-08-15T16:34:01+09:00,-2900
M0001,3075,2026-08-15,2026-08-15T17:11:17+09:00,-3200
M0001,3075,2026-08-15,2026-08-15T17:58:39+09:00,-3600
M0001,3075,2026-08-15,2026-08-15T18:35:13+09:00,-4400
M0001,3075,2026-08-15,2026-08-15T19:12:53+09:00,-5000
M0001,3075,2026-08-15,2026-08-15T20:01:19+09:00,-5700
M0001,3075,2026-08-15,2026-08-15T20:38:25+09:00,-5600
M0001,3075,2026-08-15,2026-08-15T21:25:49+09:00,-5800
M0001,3075,2026-08-15,2026-08-15T22:04:23+09:00,-4600
M0001,3075,2026-08-15,2026-08-15T22:41:53+09:00,-4200
M0002,3076,2026-08-15,2026-08-15T10:54:13+09:00,-100
M0002,3076,2026-08-15,2026-08-15T11:29:09+09:00,-600
M0002,3076,2026-08-15,2026-08-15T12:03:27+09:00,-1200
M0002,3076,2026-08-15,2026-08-15T12:36:37+09:00,-1700
M0002,3076,2026-08-15,2026-08-15T13:08:49+09:00,-2100
M0002,3076,2026-08-15,2026-08-15T14:01:55+09:00,-2000
M0002,3076,2026-08-15,2026-08-15T14:36:09+09:00,-400
M0002,3076,2026-08-15,2026-08-15T15:11:53+09:00,700
M0002,3076,2026-08-15,2026-08-15T15:58:43+09:00,800
M0002,3076,2026-08-15,2026-08-15T16:34:01+09:00,1400
M0002,3076,2026-08-15,2026-08-15T17:11:17+09:00,4700
M0002,3076,2026-08-15,2026-08-15T17:58:39+09:00,6800
M0002,3076,2026-08-15,2026-08-15T18:35:13+09:00,8000
M0002,3076,2026-08-15,2026-08-15T19:12:53+09:00,7600
M0002,3076,2026-08-15,2026-08-15T20:01:19+09:00,6800
M0002,3076,2026-08-15,2026-08-15T20:38:25+09:00,6700
M0002,3076,2026-08-15,2026-08-15T21:25:49+09:00,8200
M0002,3076,2026-08-15,2026-08-15T22:04:23+09:00,7300
M0002,3076,2026-08-15,2026-08-15T22:41:53+09:00,7100
M0003,3077,2026-08-15,2026-08-15T10:54:13+09:00,-100
M0003,3077,2026-08-15,2026-08-15T11:29:09+09:00,-700
M0003,3077,2026-08-15,2026-08-15T12:03:27+09:00,-1400
M0003,3077,2026-08-15,2026-08-15T12:36:37+09:00,-2000
M0003,3077,2026-08-15,2026-08-15T13:08:49+09:00,-3200
M0003,3077,2026-08-15,2026-08-15T14:01:55+09:00,-2700
M0003,3077,2026-08-15,2026-08-15T14:36:09+09:00,-2900
M0003,3077,2026-08-15,2026-08-15T15:58:43+09:00,-3400
M0003,3077,2026-08-15,2026-08-15T16:34:01+09:00,-3900
M0003,3077,2026-08-15,2026-08-15T17:11:17+09:00,-5000
M0003,3077,2026-08-15,2026-08-15T17:58:39+09:00,-5600
M0003,3077,2026-08-15,2026-08-15T18:35:13+09:00,-6200
M0003,3077,2026-08-15,2026-08-15T19:12:53+09:00,-7200
M0003,3077,2026-08-15,2026-08-15T20:01:19+09:00,-6700
M0004,3078,2026-08-15,2026-08-15T10:54:13+09:00,-100
M0004,3078,2026-08-15,2026-08-15T11:29:09+09:00,-900
M0004,3078,2026-08-15,2026-08-15T12:03:27+09:00,-800
M0004,3078,2026-08-15,2026-08-15T12:36:37+09:00,-1500
M0004,3078,2026-08-15,2026-08-15T13:08:49+09:00,-500
M0004,3078,2026-08-15,2026-08-15T14:01:55+09:00,800
M0004,3078,2026-08-15,2026-08-15T14:36:09+09:00,300
M0004,3078,2026-08-15,2026-08-15T15:11:53+09:00,-100
M0004,3078,2026-08-15,2026-08-15T15:58:43+09:00,-400
M0004,3078,2026-08-15,2026-08-15T16:34:01+09:00,0
M0004,3078,2026-08-15,2026-08-15T17:11:17+09:00,-800
M0004,3078,2026-08-15,2026-08-15T17:58:39+09:00,-700
M0004,3078,2026-08-15,2026-08-15T18:35:13+09:00,1400
M0004,3078,2026-08-15,2026-08-15T19:12:53+09:00,1900
M0004,3078,2026-08-15,2026-08-15T20:01:19+09:00,1800
M0004,3078,2026-08-15,2026-08-15T20:38:25+09:00,800
M0004,3078,2026-08-15,2026-08-15T21:25:49+09:00,500
M0004,3078,2026-08-15,2026-08-15T22:04:23+09:00,400
M0005,3079,2026-08-15,2026-08-15T10:54:13+09:00,-200
M0005,3079,2026-08-15,2026-08-15T11:29:09+09:00,800
M0005,3079,2026-08-15,2026-08-15T12:03:27+09:00,400
M0005,3079,2026-08-15,2026-08-15T12:36:37+09:00,200
M0005,3079,2026-08-15,2026-08-15T13:08:49+09:00,1400
M0005,3079,2026-08-15,2026-08-15T14:01:55+09:00,800
M0005,3079,2026-08-15,2026-08-15T15:11:53+09:00,-300
M0005,3079,2026-08-15,2026-08-15T15:58:43+09:00,-1000
M0005,3079,2026-08-15,2026-08-15T16:34:01+09:00,-1200
M0005,3079,2026-08-15,2026-08-15T17:11:17+09:00,-2300
M0005,3079,2026-08-15,2026-08-15T17:58:39+09:00,-1900
M0005,3079,2026-08-15,2026-08-15T19:12:53+09:00,-2300
M0005,3079,2026-08-15,2026-08-15T20:38:25+09:00,-1300
M0005,3079,2026-08-15,2026-08-15T22:04:23+09:00,-1700
M0005,3079,2026-08-15,2026-08-15T22:41:53+09:00,-2200
M0006,3080,2026-08-15,2026-08-15T10:54:13+09:00,-200
M0006,3080,2026-08-15,2026-08-15T11:29:09+09:00,0
M0006,3080,2026-08-15,2026-08-15T12:03:27+09:00,-300
M0006,3080,2026-08-15,2026-08-15T12:36:37+09:00,300
M0006,3080,2026-08-15,2026-08-15T13:08:49+09:00,400
M0006,3080,2026-08-15,2026-08-15T14:01:55+09:00,-300
M0006,3080,2026-08-15,2026-08-15T14:36:09+09:00,-800
M0006,3080,2026-08-15,2026-08-15T15:11:53+09:00,-2300
M0006,3080,2026-08-15,2026-08-15T15:58:43+09:00,-2800
M0006,3080,2026-08-15,2026-08-15T16:34:01+09:00,-3100
M0006,3080,2026-08-15,2026-08-15T17:11:17+09:00,-4000
M0006,3080,2026-08-15,2026-08-15T17:58:39+09:00,-4100
M0006,3080,2026-08-15,2026-08-15T18:35:13+09:00,-4400
M0006,3080,2026-08-15,2026-08-15T19:12:53+09:00,-4900
M0006,3080,2026-08-15,2026-08-15T20:01:19+09:00,-5100
M0006,3080,2026-08-15,2026-08-15T20:38:25+09:00,-5000
M0006,3080,2026-08-15,2026-08-15T21:25:49+09:00,-4900
M0007,3081,2026-08-15,2026-08-15T10:54:13+09:00,-100
M0007,3081,2026-08-15,2026-08-15T11:29:09+09:00,-700
M0007,3081,2026-08-15,2026-08-15T12:03:27+09:00,-1400
M0007,3081,2026-08-15,2026-08-15T12:36:37+09:00,-2000
M0007,3081,2026-08-15,2026-08-15T13:08:49+09:00,-2300
M0007,3081,2026-08-15,2026-08-15T15:11:53+09:00,-1300
M0007,3081,2026-08-15,2026-08-15T16:34:01+09:00,-1600
M0007,3081,2026-08-15,2026-08-15T17:11:17+09:00,-2500
M0007,3081,2026-08-15,2026-08-15T17:58:39+09:00,-2600
M0007,3081,2026-08-15,2026-08-15T20:01:19+09:00,-3100
M0007,3081,2026-08-15,2026-08-15T20:38:25+09:00,-2600
M0007,3081,2026-08-15,2026-08-15T21:25:49+09:00,-3100
M0007,3081,2026-08-15,2026-08-15T22:04:23+09:00,-3200
M0007,3081,2026-08-15,2026-08-15T22:41:53+09:00,-3800
M0008,3082,2026-08-15,2026-08-15T10:54:13+09:00,-100
M0008,3082,2026-08-15,2026-08-15T11:29:09+09:00,400
M0008,3082,2026-08-15,2026-08-15T12:03:27+09:00,-300
M0008,3082,2026-08-15,2026-08-15T12:36:37+09:00,-800
M0008,3082,2026-08-15,2026-08-15T13:08:49+09:00,-2200
M0008,3082,2026-08-15,2026-08-15T14:01:55+09:00,-2100
M0008,3082,2026-08-15,2026-08-15T14:36:09+09:00,-200
M0008,3082,2026-08-15,2026-08-15T15:11:53+09:00,3400
M0008,3082,2026-08-15,2026-08-15T15:58:43+09:00,3100
M0008,3082,2026-08-15,2026-08-15T16:34:01+09:00,2700
M0008,3082,2026-08-15,2026-08-15T17:11:17+09:00,2000
M0008,3082,2026-08-15,2026-08-15T18:35:13+09:00,2200
M0008,3082,2026-08-15,2026-08-15T19:12:53+09:00,1700
M0008,3082,2026-08-15,2026-08-15T20:01:19+09:00,4100
M0008,3082,2026-08-15,2026-08-15T20:38:25+09:00,7800
M0008,3082,2026-08-15,2026-08-15T21:25:49+09:00,9200
M0008,3082,2026-08-15,2026-08-15T22:04:23+09:00,9100
M0008,3082,2026-08-15,2026-08-15T22:41:53+09:00,8500
M0009,3083,2026-08-15,2026-08-15T10:54:13+09:00,-200
M0009,3083,2026-08-15,2026-08-15T11:29:09+09:00,-300
M0009,3083,2026-08-15,2026-08-15T12:03:27+09:00,200
M0009,3083,2026-08-15,2026-08-15T12:36:37+09:00,0
M0009,3083,2026-08-15,2026-08-15T13:08:49+09:00,-500
M0009,3083,2026-08-15,2026-08-15T14:01:55+09:00,-1200
M0009,3083,2026-08-15,2026-08-15T14:36:09+09:00,-1500
M0009,3083,2026-08-15,2026-08-15T15:11:53+09:00,-2700
M0009,3083,2026-08-15,2026-08-15T15:58:43+09:00,-2800
M0009,3083,2026-08-15,2026-08-15T16:34:01+09:00,-3300
M0009,3083,2026-08-15,2026-08-15T17:11:17+09:00,-3200
M0009,3083,2026-08-15,2026-08-15T18:35:13+09:00,-3800
M0009,3083,2026-08-15,2026-08-15T19:12:53+09:00,-4300
M0009,3083,2026-08-15,2026-08-15T20:01:19+09:00,-4900
M0009,3083,2026-08-15,2026-08-15T20:38:25+09:00,-5000
M0010,3084,2026-08-15,2026-08-15T10:54:13+09:00,-100
M0010,3084,2026-08-15,2026-08-15T11:29:09+09:00,-500
M0010,3084,2026-08-15,2026-08-15T12:03:27+09:00,-1000
M0010,3084,2026-08-15,2026-08-15T12:36:37+09:00,-1700
M0010,3084,2026-08-15,2026-08-15T13:08:49+09:00,2200
M0010,3084,2026-08-15,2026-08-15T14:01:55+09:00,3200
M0010,3084,2026-08-15,2026-08-15T14:36:09+09:00,2900
M0010,3084,2026-08-15,2026-08-15T15:11:53+09:00,2100
M0010,3084,2026-08-15,2026-08-15T15:58:43+09:00,2500
M0010,3084,2026-08-15,2026-08-15T16:34:01+09:00,2100
M0010,3084,2026-08-15,2026-08-15T17:11:17+09:00,1800
M0010,3084,2026-08-15,2026-08-15T17:58:39+09:00,3400
M0010,3084,2026-08-15,2026-08-15T18:35:13+09:00,3200
M0010,3084,2026-08-15,2026-08-15T19:12:53+09:00,2000
M0010,3084,2026-08-15,2026-08-15T20:01:19+09:00,1800
M0010,3084,2026-08-15,2026-08-15T20:38:25+09:00,1500
M0011,3085,2026-08-15,2026-08-15T10:54:13+09:00,-200
M0011,3085,2026-08-15,2026-08-15T12:03:27+09:00,-1000
M0011,3085,2026-08-15,2026-08-15T12:36:37+09:00,-1500
M0011,3085,2026-08-15,2026-08-15T13:08:49+09:00,-2800
M0011,3085,2026-08-15,2026-08-15T14:01:55+09:00,-2900
M0011,3085,2026-08-15,2026-08-15T14:36:09+09:00,-3300
M0011,3085,2026-08-15,2026-08-15T15:11:53+09:00,-4000
M0011,3085,2026-08-15,2026-08-15T15:58:43+09:00,-4600
M0011,3085,2026-08-15,2026-08-15T16:34:01+09:00,-4700
M0011,3085,2026-08-15,2026-08-15T17:11:17+09:00,-3100
M0011,3085,2026-08-15,2026-08-15T17:58:39+09:00,-600
M0011,3085,2026-08-15,2026-08-15T18:35:13+09:00,1800
M0011,3085,2026-08-15,2026-08-15T19:12:53+09:00,7200
M0011,3085,2026-08-15,2026-08-15T20:01:19+09:00,8500
M0011,3085,2026-08-15,2026-08-15T20:38:25+09:00,7800
M0011,3085,2026-08-15,2026-08-15T21:25:49+09:00,9200
M0011,3085,2026-08-15,2026-08-15T22:04:23+09:00,8700
M0012,3086,2026-08-15,2026-08-15T10:54:13+09:00,-100
M0012,3086,2026-08-15,2026-08-15T11:29:09+09:00,-700
M0012,3086,2026-08-15,2026-08-15T12:03:27+09:00,-1100
M0012,3086,2026-08-15,2026-08-15T12:36:37+09:00,-1500
M0012,3086,2026-08-15,2026-08-15T13:08:49+09:00,-2700
M0012,3086,2026-08-15,2026-08-15T14:36:09+09:00,-3200
M0012,3086,2026-08-15,2026-08-15T15:58:43+09:00,-3900
M0012,3086,2026-08-15,2026-08-15T16:34:01+09:00,-4200
M0012,3086,2026-08-15,2026-08-15T17:11:17+09:00,-3900
M0012,3086,2026-08-15,2026-08-15T17:58:39+09:00,-4700
M0012,3086,2026-08-15,2026-08-15T18:35:13+09:00,-3400
M0012,3086,2026-08-15,2026-08-15T19:12:53+09:00,-1300
M0012,3086,2026-08-15,2026-08-15T20:01:19+09:00,-1400
M0012,3086,2026-08-15,2026-08-15T20:38:25+09:00,-1700
M0012,3086,2026-08-15,2026-08-15T21:25:49+09:00,-2300
M0012,3086,2026-08-15,2026-08-15T22:04:23+09:00,-2600
M0013,3087,2026-08-15,2026-08-15T10:54:13+09:00,-200
M0013,3087,2026-08-15,2026-08-15T11:29:09+09:00,100
M0013,3087,2026-08-15,2026-08-15T12:03:27+09:00,600
M0013,3087,2026-08-15,2026-08-15T12:36:37+09:00,300
M0013,3087,2026-08-15,2026-08-15T13:08:49+09:00,1000
M0013,3087,2026-08-15,2026-08-15T14:01:55+09:00,400
M0013,3087,2026-08-15,2026-08-15T14:36:09+09:00,1400
M0013,3087,2026-08-15,2026-08-15T15:11:53+09:00,1800
M0013,3087,2026-08-15,2026-08-15T15:58:43+09:00,2800
M0013,3087,2026-08-15,2026-08-15T16:34:01+09:00,2300
M0013,3087,2026-08-15,2026-08-15T17:11:17+09:00,2500
M0013,3087,2026-08-15,2026-08-15T17:58:39+09:00,1900
M0013,3087,2026-08-15,2026-08-15T18:35:13+09:00,1800
M0013,3087,2026-08-15,2026-08-15T19:12:53+09:00,2400
M0013,3087,2026-08-15,2026-08-15T20:01:19+09:00,2200
M0013,3087,2026-08-15,2026-08-15T20:38:25+09:00,2400
M0013,3087,2026-08-15,2026-08-15T21:25:49+09:00,4400
M0013,3087,2026-08-15,2026-08-15T22:04:23+09:00,5700
M0013,3087,2026-08-15,2026-08-15T22:41:53+09:00,8600
M0014,3150,2026-08-15,2026-08-15T10:54:13+09:00,100
M0014,3150,2026-08-15,2026-08-15T11:29:09+09:00,-200
M0014,3150,2026-08-15,2026-08-15T12:03:27+09:00,-700
M0014,3150,2026-08-15,2026-08-15T12:36:37+09:00,-500
M0014,3150,2026-08-15,2026-08-15T13:08:49+09:00,-400
M0014,3150,2026-08-15,2026-08-15T14:01:55+09:00,-500
M0014,3150,2026-08-15,2026-08-15T14:36:09+09:00,-1100
M0014,3150,2026-08-15,2026-08-15T15:11:53+09:00,-200
M0014,3150,2026-08-15,2026-08-15T15:58:43+09:00,2000
M0014,3150,2026-08-15,2026-08-15T16:34:01+09:00,4000
M0014,3150,2026-08-15,2026-08-15T17:11:17+09:00,4200
M0014,3150,2026-08-15,2026-08-15T17:58:39+09:00,3800
M0014,3150,2026-08-15,2026-08-15T18:35:13+09:00,3200
M0014,3150,2026-08-15,2026-08-15T20:01:19+09:00,2700
M0014,3150,2026-08-15,2026-08-15T20:38:25+09:00,3000
M0014,3150,2026-08-15,2026-08-15T21:25:49+09:00,2600
M0014,3150,2026-08-15,2026-08-15T22:04:23+09:00,3000
M0014,3150,2026-08-15,2026-08-15T22:41:53+09:00,3300
M0015,3151,2026-08-15,2026-08-15T10:54:13+09:00,-200
M0015,3151,2026-08-15,2026-08-15T11:29:09+09:00,-800
M0015,3151,2026-08-15,2026-08-15T12:03:27+09:00,-1400
M0015,3151,2026-08-15,2026-08-15T12:36:37+09:00,100
M0015,3151,2026-08-15,2026-08-15T13:08:49+09:00,1000
M0015,3151,2026-08-15,2026-08-15T14:01:55+09:00,600
M0015,3151,2026-08-15,2026-08-15T14:36:09+09:00,700
M0015,3151,2026-08-15,2026-08-15T15:11:53+09:00,1000
M0015,3151,2026-08-15,2026-08-15T15:58:43+09:00,600
M0015,3151,2026-08-15,2026-08-15T16:34:01+09:00,1400
M0015,3151,2026-08-15,2026-08-15T17:11:17+09:00,100
M0015,3151,2026-08-15,2026-08-15T17:58:39+09:00,800
M0015,3151,2026-08-15,2026-08-15T18:35:13+09:00,2300
M0015,3151,2026-08-15,2026-08-15T19:12:53+09:00,2400
M0015,3151,2026-08-15,2026-08-15T20:01:19+09:00,1700
M0015,3151,2026-08-15,2026-08-15T20:38:25+09:00,1500
M0015,3151,2026-08-15,2026-08-15T21:25:49+09:00,1400
M0015,3151,2026-08-15,2026-08-15T22:04:23+09:00,1200
M0016,3152,2026-08-15,2026-08-15T10:54:13+09:00,-100
M0016,3152,2026-08-15,2026-08-15T11:29:09+09:00,-200
M0016,3152,2026-08-15,2026-08-15T12:03:27+09:00,-800
M0016,3152,2026-08-15,2026-08-15T12:36:37+09:00,-1300
M0016,3152,2026-08-15,2026-08-15T13:08:49+09:00,-1600
M0016,3152,2026-08-15,2026-08-15T14:01:55+09:00,-1300
M0016,3152,2026-08-15,2026-08-15T15:11:53+09:00,-2600
M0016,3152,2026-08-15,2026-08-15T15:58:43+09:00,-2200
M0016,3152,2026-08-15,2026-08-15T16:34:01+09:00,-2600
M0016,3152,2026-08-15,2026-08-15T17:11:17+09:00,-4000
M0016,3152,2026-08-15,2026-08-15T17:58:39+09:00,-3400
M0016,3152,2026-08-15,2026-08-15T18:35:13+09:00,-4100
M0016,3152,2026-08-15,2026-08-15T19:12:53+09:00,-3800
M0017,3153,2026-08-15,2026-08-15T10:54:13+09:00,-200
M0017,3153,2026-08-15,2026-08-15T11:29:09+09:00,-500
M0017,3153,2026-08-15,2026-08-15T12:03:27+09:00,-1200
M0017,3153,2026-08-15,2026-08-15T12:36:37+09:00,-1700
M0017,3153,2026-08-15,2026-08-15T13:08:49+09:00,-2000
M0017,3153,2026-08-15,2026-08-15T14:01:55+09:00,700
M0017,3153,2026-08-15,2026-08-15T14:36:09+09:00,1800
M0017,3153,2026-08-15,2026-08-15T15:11:53+09:00,2200
M0017,3153,2026-08-15,2026-08-15T15:58:43+09:00,1600
M0017,3153,2026-08-15,2026-08-15T16:34:01+09:00,1000
M0017,3153,2026-08-15,2026-08-15T17:11:17+09:00,-200
M0017,3153,2026-08-15,2026-08-15T17:58:39+09:00,1600
M0017,3153,2026-08-15,2026-08-15T18:35:13+09:00,1500
M0017,3153,2026-08-15,2026-08-15T19:12:53+09:00,700
M0017,3153,2026-08-15,2026-08-15T20:01:19+09:00,0
M0017,3153,2026-08-15,2026-08-15T20:38:25+09:00,-400
M0017,3153,2026-08-15,2026-08-15T21:25:49+09:00,2400
M0017,3153,2026-08-15,2026-08-15T22:04:23+09:00,4200
M0017,3153,2026-08-15,2026-08-15T22:41:53+09:00,4100
M0018,3154,2026-08-15,2026-08-15T10:54:13+09:00,-100
M0018,3154,2026-08-15,2026-08-15T11:29:09+09:00,-200
M0018,3154,2026-08-15,2026-08-15T12:03:27+09:00,-700
M0018,3154,2026-08-15,2026-08-15T12:36:37+09:00,-900
M0018,3154,2026-08-15,2026-08-15T13:08:49+09:00,0
M0018,3154,2026-08-15,2026-08-15T14:01:55+09:00,1100
M0018,3154,2026-08-15,2026-08-15T14:36:09+09:00,500
M0018,3154,2026-08-15,2026-08-15T15:11:53+09:00,900
M0018,3154,2026-08-15,2026-08-15T15:58:43+09:00,1000
M0018,3154,2026-08-15,2026-08-15T16:34:01+09:00,1900
M0018,3154,2026-08-15,2026-08-15T17:11:17+09:00,1200
M0018,3154,2026-08-15,2026-08-15T17:58:39+09:00,1600
M0018,3154,2026-08-15,2026-08-15T19:12:53+09:00,300
M0018,3154,2026-08-15,2026-08-15T20:01:19+09:00,0
M0018,3154,2026-08-15,2026-08-15T20:38:25+09:00,1900
M0018,3154,2026-08-15,2026-08-15T21:25:49+09:00,1700
M0018,3154,2026-08-15,2026-08-15T22:04:23+09:00,1000
M0018,3154,2026-08-15,2026-08-15T22:41:53+09:00,1400
M0019,3155,2026-08-15,2026-08-15T10:54:13+09:00,-100
M0019,3155,2026-08-15,2026-08-15T11:29:09+09:00,300
M0019,3155,2026-08-15,2026-08-15T12:03:27+09:00,600
M0019,3155,2026-08-15,2026-08-15T12:36:37+09:00,100
M0019,3155,2026-08-15,2026-08-15T13:08:49+09:00,-600
M0019,3155,2026-08-15,2026-08-15T14:01:55+09:00,-1000
M0019,3155,2026-08-15,2026-08-15T14:36:09+09:00,-700
M0019,3155,2026-08-15,2026-08-15T15:11:53+09:00,-100
M0019,3155,2026-08-15,2026-08-15T15:58:43+09:00,0
M0019,3155,2026-08-15,2026-08-15T16:34:01+09:00,-400
M0019,3155,2026-08-15,2026-08-15T17:11:17+09:00,-1100
M0019,3155,2026-08-15,2026-08-15T17:58:39+09:00,800
M0019,3155,2026-08-15,2026-08-15T18:35:13+09:00,300
M0019,3155,2026-08-15,2026-08-15T19:12:53+09:00,-700
M0019,3155,2026-08-15,2026-08-15T20:01:19+09:00,-1200
M0019,3155,2026-08-15,2026-08-15T20:38:25+09:00,-1600
M0019,3155,2026-08-15,2026-08-15T21:25:49+09:00,-2200
M0019,3155,2026-08-15,2026-08-15T22:04:23+09:00,-2900
M0019,3155,2026-08-15,2026-08-15T22:41:53+09:00,1200
M0019,3155,2026-08-15,2026-08-15T23:30:39+09:00,2000
M0020,3156,2026-08-15,2026-08-15T10:54:13+09:00,0
M0020,3156,2026-08-15,2026-08-15T11:29:09+09:00,-200
M0020,3156,2026-08-15,2026-08-15T12:03:27+09:00,-500
M0020,3156,2026-08-15,2026-08-15T12:36:37+09:00,-900
M0020,3156,2026-08-15,2026-08-15T13:08:49+09:00,-1700
M0020,3156,2026-08-15,2026-08-15T14:01:55+09:00,-800
M0020,3156,2026-08-15,2026-08-15T14:36:09+09:00,400
M0020,3156,2026-08-15,2026-08-15T15:11:53+09:00,900
M0020,3156,2026-08-15,2026-08-15T15:58:43+09:00,1900
M0020,3156,2026-08-15,2026-08-15T16:34:01+09:00,1400
M0020,3156,2026-08-15,2026-08-15T17:11:17+09:00,4100
M0020,3156,2026-08-15,2026-08-15T17:58:39+09:00,4500
M0020,3156,2026-08-15,2026-08-15T18:35:13+09:00,6800
M0020,3156,2026-08-15,2026-08-15T19:12:53+09:00,6200
M0020,3156,2026-08-15,2026-08-15T20:01:19+09:00,6500
M0020,3156,2026-08-15,2026-08-15T20:38:25+09:00,5900
M0020,3156,2026-08-15,2026-08-15T21:25:49+09:00,8600
M0020,3156,2026-08-15,2026-08-15T22:04:23+09:00,11000
M0020,3156,2026-08-15,2026-08-15T22:41:53+09:00,13800
M0021,3157,2026-08-15,2026-08-15T10:54:13+09:00,-200
M0021,3157,2026-08-15,2026-08-15T11:29:09+09:00,-800
M0021,3157,2026-08-15,2026-08-15T12:03:27+09:00,-1500
M0021,3157,2026-08-15,2026-08-15T12:36:37+09:00,-1300
M0021,3157,2026-08-15,2026-08-15T13:08:49+09:00,-2200
M0021,3157,2026-08-15,2026-08-15T14:01:55+09:00,-2700
M0021,3157,2026-08-15,2026-08-15T14:36:09+09:00,-1500
M0021,3157,2026-08-15,2026-08-15T15:11:53+09:00,-1900
M0021,3157,2026-08-15,2026-08-15T15:58:43+09:00,-2200
M0021,3157,2026-08-15,2026-08-15T16:34:01+09:00,-2600
M0021,3157,2026-08-15,2026-08-15T17:11:17+09:00,-300
M0021,3157,2026-08-15,2026-08-15T17:58:39+09:00,-500
M0021,3157,2026-08-15,2026-08-15T18:35:13+09:00,-800
M0021,3157,2026-08-15,2026-08-15T19:12:53+09:00,-1000
M0021,3157,2026-08-15,2026-08-15T20:01:19+09:00,-1500
M0021,3157,2026-08-15,2026-08-15T20:38:25+09:00,-2000
M0021,3157,2026-08-15,2026-08-15T21:25:49+09:00,-2500
M0021,3157,2026-08-15,2026-08-15T22:04:23+09:00,-2200
M0022,3158,2026-08-15,2026-08-15T10:54:13+09:00,-100
M0022,3158,2026-08-15,2026-08-15T11:29:09+09:00,-300
M0022,3158,2026-08-15,2026-08-15T12:03:27+09:00,-1100
M0022,3158,2026-08-15,2026-08-15T12:36:37+09:00,-100
M0022,3158,2026-08-15,2026-08-15T13:08:49+09:00,2000
M0022,3158,2026-08-15,2026-08-15T14:36:09+09:00,1500
M0022,3158,2026-08-15,2026-08-15T15:11:53+09:00,2000
M0022,3158,2026-08-15,2026-08-15T15:58:43+09:00,1200
M0022,3158,2026-08-15,2026-08-15T16:34:01+09:00,2200
M0022,3158,2026-08-15,2026-08-15T17:11:17+09:00,3800
M0022,3158,2026-08-15,2026-08-15T17:58:39+09:00,3300
M0022,3158,2026-08-15,2026-08-15T18:35:13+09:00,5100
M0022,3158,2026-08-15,2026-08-15T19:12:53+09:00,5000
M0022,3158,2026-08-15,2026-08-15T20:01:19+09:00,4300
M0022,3158,2026-08-15,2026-08-15T20:38:25+09:00,3800
M0022,3158,2026-08-15,2026-08-15T21:25:49+09:00,3900
M0022,3158,2026-08-15,2026-08-15T22:04:23+09:00,3600
M0022,3158,2026-08-15,2026-08-15T22:41:53+09:00,2700
M0022,3158,2026-08-15,2026-08-15T23:30:39+09:00,3700
M0023,3159,2026-08-15,2026-08-15T10:54:13+09:00,-100
M0023,3159,2026-08-15,2026-08-15T11:29:09+09:00,-300
M0023,3159,2026-08-15,2026-08-15T12:03:27+09:00,2100
M0023,3159,2026-08-15,2026-08-15T12:36:37+09:00,4500
M0023,3159,2026-08-15,2026-08-15T13:08:49+09:00,6000
M0023,3159,2026-08-15,2026-08-15T14:01:55+09:00,6100
M0023,3159,2026-08-15,2026-08-15T14:36:09+09:00,6000
M0023,3159,2026-08-15,2026-08-15T15:11:53+09:00,5700
M0023,3159,2026-08-15,2026-08-15T15:58:43+09:00,7700
M0023,3159,2026-08-15,2026-08-15T16:34:01+09:00,9600
M0023,3159,2026-08-15,2026-08-15T17:11:17+09:00,10600
M0023,3159,2026-08-15,2026-08-15T17:58:39+09:00,10900
M0023,3159,2026-08-15,2026-08-15T18:35:13+09:00,10200
M0023,3159,2026-08-15,2026-08-15T19:12:53+09:00,9900
M0023,3159,2026-08-15,2026-08-15T20:01:19+09:00,9300
M0023,3159,2026-08-15,2026-08-15T20:38:25+09:00,8300
M0023,3159,2026-08-15,2026-08-15T21:25:49+09:00,9200
M0023,3159,2026-08-15,2026-08-15T22:41:53+09:00,10000
M0023,3159,2026-08-15,2026-08-15T23:30:39+09:00,12400
M0024,3160,2026-08-15,2026-08-15T10:54:13+09:00,-200
M0024,3160,2026-08-15,2026-08-15T11:29:09+09:00,-800
M0024,3160,2026-08-15,2026-08-15T12:03:27+09:00,-1400
M0024,3160,2026-08-15,2026-08-15T12:36:37+09:00,-2100
M0024,3160,2026-08-15,2026-08-15T13:08:49+09:00,-2900
M0024,3160,2026-08-15,2026-08-15T14:01:55+09:00,-3000
M0024,3160,2026-08-15,2026-08-15T14:36:09+09:00,-3200
M0024,3160,2026-08-15,2026-08-15T15:11:53+09:00,-4600
M0024,3160,2026-08-15,2026-08-15T15:58:43+09:00,-5000
M0024,3160,2026-08-15,2026-08-15T16:34:01+09:00,-5600
M0024,3160,2026-08-15,2026-08-15T17:11:17+09:00,-6800
M0024,3160,2026-08-15,2026-08-15T17:58:39+09:00,-7400
M0024,3160,2026-08-15,2026-08-15T18:35:13+09:00,-7700
M0024,3160,2026-08-15,2026-08-15T19:12:53+09:00,-7800
M0024,3160,2026-08-15,2026-08-15T20:01:19+09:00,-8300
M0024,3160,2026-08-15,2026-08-15T20:38:25+09:00,-9700
M0024,3160,2026-08-15,2026-08-15T21:25:49+09:00,-8100
M0024,3160,2026-08-15,2026-08-15T22:04:23+09:00,-5600
M0024,3160,2026-08-15,2026-08-15T22:41:53+09:00,-2100
M0024,3160,2026-08-15,2026-08-15T23:30:39+09:00,-2700
M0025,3161,2026-08-15,2026-08-15T10:54:13+09:00,-100
M0025,3161,2026-08-15,2026-08-15T11:29:09+09:00,-600
M0025,3161,2026-08-15,2026-08-15T12:03:27+09:00,-1100
M0025,3161,2026-08-15,2026-08-15T12:36:37+09:00,-900
M0025,3161,2026-08-15,2026-08-15T13:08:49+09:00,-1200
M0025,3161,2026-08-15,2026-08-15T14:01:55+09:00,-1700
M0025,3161,2026-08-15,2026-08-15T14:36:09+09:00,-2300
M0025,3161,2026-08-15,2026-08-15T15:11:53+09:00,-1900
M0025,3161,2026-08-15,2026-08-15T15:58:43+09:00,-2000
M0025,3161,2026-08-15,2026-08-15T16:34:01+09:00,-2500
M0025,3161,2026-08-15,2026-08-15T17:11:17+09:00,-2300
M0025,3161,2026-08-15,2026-08-15T17:58:39+09:00,-2400
M0025,3161,2026-08-15,2026-08-15T18:35:13+09:00,-2800
M0025,3161,2026-08-15,2026-08-15T19:12:53+09:00,-3900
M0025,3161,2026-08-15,2026-08-15T20:01:19+09:00,-4000
M0025,3161,2026-08-15,2026-08-15T20:38:25+09:00,-3500
M0026,3162,2026-08-15,2026-08-15T10:54:13+09:00,-100
M0026,3162,2026-08-15,2026-08-15T11:29:09+09:00,0
M0026,3162,2026-08-15,2026-08-15T12:03:27+09:00,-600
M0026,3162,2026-08-15,2026-08-15T12:36:37+09:00,-300
M0026,3162,2026-08-15,2026-08-15T13:08:49+09:00,-1100
M0026,3162,2026-08-15,2026-08-15T14:01:55+09:00,900
M0026,3162,2026-08-15,2026-08-15T14:36:09+09:00,600
M0026,3162,2026-08-15,2026-08-15T15:11:53+09:00,2000
M0026,3162,2026-08-15,2026-08-15T15:58:43+09:00,1600
M0026,3162,2026-08-15,2026-08-15T16:34:01+09:00,1300
M0026,3162,2026-08-15,2026-08-15T17:11:17+09:00,600
M0026,3162,2026-08-15,2026-08-15T17:58:39+09:00,1800
M0026,3162,2026-08-15,2026-08-15T18:35:13+09:00,3600
M0026,3162,2026-08-15,2026-08-15T19:12:53+09:00,3300
M0026,3162,2026-08-15,2026-08-15T20:38:25+09:00,3600
M0026,3162,2026-08-15,2026-08-15T21:25:49+09:00,3100
M0026,3162,2026-08-15,2026-08-15T22:04:23+09:00,3200
M0026,3162,2026-08-15,2026-08-15T22:41:53+09:00,7500
M0026,3162,2026-08-15,2026-08-15T23:30:39+09:00,7700
M0027,3163,2026-08-15,2026-08-15T10:54:13+09:00,-100
M0027,3163,2026-08-15,2026-08-15T11:29:09+09:00,-500
M0027,3163,2026-08-15,2026-08-15T12:03:27+09:00,-1200
M0027,3163,2026-08-15,2026-08-15T12:36:37+09:00,-1900
M0027,3163,2026-08-15,2026-08-15T14:01:55+09:00,-2000
M0027,3163,2026-08-15,2026-08-15T14:36:09+09:00,-2700
M0027,3163,2026-08-15,2026-08-15T15:11:53+09:00,-3400
M0027,3163,2026-08-15,2026-08-15T15:58:43+09:00,-4000
M0027,3163,2026-08-15,2026-08-15T16:34:01+09:00,-3600
M0027,3163,2026-08-15,2026-08-15T17:11:17+09:00,-4400
M0027,3163,2026-08-15,2026-08-15T17:58:39+09:00,-5100
M0027,3163,2026-08-15,2026-08-15T18:35:13+09:00,-5700
M0027,3163,2026-08-15,2026-08-15T19:12:53+09:00,-6800
M0027,3163,2026-08-15,2026-08-15T20:01:19+09:00,-5000
M0027,3163,2026-08-15,2026-08-15T20:38:25+09:00,-3800
M0027,3163,2026-08-15,2026-08-15T22:04:23+09:00,-4200
M0027,3163,2026-08-15,2026-08-15T22:41:53+09:00,-4300
M0028,3164,2026-08-15,2026-08-15T10:54:13+09:00,-100
M0028,3164,2026-08-15,2026-08-15T11:29:09+09:00,-900
M0028,3164,2026-08-15,2026-08-15T12:03:27+09:00,-1300
M0028,3164,2026-08-15,2026-08-15T12:36:37+09:00,-2000
M0028,3164,2026-08-15,2026-08-15T13:08:49+09:00,-2800
M0028,3164,2026-08-15,2026-08-15T14:01:55+09:00,-2200
M0028,3164,2026-08-15,2026-08-15T14:36:09+09:00,-3000
M0028,3164,2026-08-15,2026-08-15T15:11:53+09:00,-3800
M0028,3164,2026-08-15,2026-08-15T15:58:43+09:00,-4000
M0028,3164,2026-08-15,2026-08-15T16:34:01+09:00,-4200
M0028,3164,2026-08-15,2026-08-15T17:11:17+09:00,-5000
M0028,3164,2026-08-15,2026-08-15T17:58:39+09:00,-5600
M0028,3164,2026-08-15,2026-08-15T18:35:13+09:00,-6200
M0028,3164,2026-08-15,2026-08-15T19:12:53+09:00,-7100
M0028,3164,2026-08-15,2026-08-15T20:01:19+09:00,-7500
M0028,3164,2026-08-15,2026-08-15T20:38:25+09:00,-5400
M0029,3165,2026-08-15,2026-08-15T10:54:13+09:00,-200
M0029,3165,2026-08-15,2026-08-15T11:29:09+09:00,-900
M0029,3165,2026-08-15,2026-08-15T12:03:27+09:00,100
M0029,3165,2026-08-15,2026-08-15T12:36:37+09:00,2100
M0029,3165,2026-08-15,2026-08-15T13:08:49+09:00,1900
M0029,3165,2026-08-15,2026-08-15T14:01:55+09:00,1200
M0029,3165,2026-08-15,2026-08-15T14:36:09+09:00,1600
M0029,3165,2026-08-15,2026-08-15T15:11:53+09:00,1900
M0029,3165,2026-08-15,2026-08-15T15:58:43+09:00,1600
M0029,3165,2026-08-15,2026-08-15T16:34:01+09:00,2200
M0029,3165,2026-08-15,2026-08-15T17:11:17+09:00,1700
M0029,3165,2026-08-15,2026-08-15T17:58:39+09:00,1300
M0029,3165,2026-08-15,2026-08-15T18:35:13+09:00,1800
M0029,3165,2026-08-15,2026-08-15T19:12:53+09:00,900
M0029,3165,2026-08-15,2026-08-15T20:01:19+09:00,1700
M0029,3165,2026-08-15,2026-08-15T20:38:25+09:00,3500
M0029,3165,2026-08-15,2026-08-15T21:25:49+09:00,3800
M0030,3166,2026-08-15,2026-08-15T10:54:13+09:00,-100
M0030,3166,2026-08-15,2026-08-15T12:03:27+09:00,-900
M0030,3166,2026-08-15,2026-08-15T12:36:37+09:00,-1500
M0030,3166,2026-08-15,2026-08-15T13:08:49+09:00,-1300
M0030,3166,2026-08-15,2026-08-15T14:01:55+09:00,-1800
M0030,3166,2026-08-15,2026-08-15T14:36:09+09:00,-2300
M0030,3166,2026-08-15,2026-08-15T15:11:53+09:00,-1800
M0030,3166,2026-08-15,2026-08-15T15:58:43+09:00,-2500
M0030,3166,2026-08-15,2026-08-15T16:34:01+09:00,-2200
M0030,3166,2026-08-15,2026-08-15T17:11:17+09:00,-2800
M0030,3166,2026-08-15,2026-08-15T17:58:39+09:00,-3400
M0030,3166,2026-08-15,2026-08-15T18:35:13+09:00,-3600
M0030,3166,2026-08-15,2026-08-15T19:12:53+09:00,-4300
M0030,3166,2026-08-15,2026-08-15T20:01:19+09:00,-2200
M0030,3166,2026-08-15,2026-08-15T20:38:25+09:00,200
M0030,3166,2026-08-15,2026-08-15T21:25:49+09:00,-100
M0001,3075,2026-08-16,2026-08-16T10:53:41+09:00,-100
M0001,3075,2026-08-16,2026-08-16T11:28:27+09:00,500
M0001,3075,2026-08-16,2026-08-16T12:35:49+09:00,-100
M0001,3075,2026-08-16,2026-08-16T14:09:21+09:00,-200
M0001,3075,2026-08-16,2026-08-16T14:51:21+09:00,-800
M0001,3075,2026-08-16,2026-08-16T15:29:10+09:00,-1400
M0001,3075,2026-08-16,2026-08-16T16:05:23+09:00,-1800
M0001,3075,2026-08-16,2026-08-16T16:39:55+09:00,-1300
M0001,3075,2026-08-16,2026-08-16T17:30:17+09:00,400
M0001,3075,2026-08-16,2026-08-16T18:07:35+09:00,900
M0001,3075,2026-08-16,2026-08-16T18:38:25+09:00,1300
M0001,3075,2026-08-16,2026-08-16T19:40:19+09:00,3600
M0001,3075,2026-08-16,2026-08-16T20:25:39+09:00,3100
M0001,3075,2026-08-16,2026-08-16T21:04:51+09:00,3800
M0002,3076,2026-08-16,2026-08-16T10:53:41+09:00,-200
M0002,3076,2026-08-16,2026-08-16T12:02:27+09:00,-300
M0002,3076,2026-08-16,2026-08-16T12:35:49+09:00,500
M0002,3076,2026-08-16,2026-08-16T13:06:49+09:00,-100
M0002,3076,2026-08-16,2026-08-16T13:36:19+09:00,200
M0002,3076,2026-08-16,2026-08-16T14:09:21+09:00,3400
M0002,3076,2026-08-16,2026-08-16T14:51:21+09:00,3100
M0002,3076,2026-08-16,2026-08-16T15:29:10+09:00,2700
M0002,3076,2026-08-16,2026-08-16T16:05:23+09:00,2800
M0002,3076,2026-08-16,2026-08-16T16:39:55+09:00,1800
M0002,3076,2026-08-16,2026-08-16T17:30:17+09:00,1200
M0002,3076,2026-08-16,2026-08-16T18:07:35+09:00,1000
M0002,3076,2026-08-16,2026-08-16T18:38:25+09:00,300
M0002,3076,2026-08-16,2026-08-16T19:40:19+09:00,600
M0002,3076,2026-08-16,2026-08-16T20:25:39+09:00,-200
M0002,3076,2026-08-16,2026-08-16T21:04:51+09:00,200
M0002,3076,2026-08-16,2026-08-16T21:42:13+09:00,-1000
M0002,3076,2026-08-16,2026-08-16T22:32:01+09:00,-700
M0003,3077,2026-08-16,2026-08-16T10:53:41+09:00,-100
M0003,3077,2026-08-16,2026-08-16T11:28:27+09:00,200
M0003,3077,2026-08-16,2026-08-16T12:02:27+09:00,100
M0003,3077,2026-08-16,2026-08-16T12:35:49+09:00,800
M0003,3077,2026-08-16,2026-08-16T13:06:49+09:00,400
M0003,3077,2026-08-16,2026-08-16T13:36:19+09:00,-300
M0003,3077,2026-08-16,2026-08-16T14:09:21+09:00,-700
M0003,3077,2026-08-16,2026-08-16T14:51:21+09:00,-200
M0003,3077,2026-08-16,2026-08-16T15:29:10+09:00,-500
M0003,3077,2026-08-16,2026-08-16T16:05:23+09:00,-1100
M0003,3077,2026-08-16,2026-08-16T16:39:55+09:00,-800
M0003,3077,2026-08-16,2026-08-16T17:30:17+09:00,-900
M0003,3077,2026-08-16,2026-08-16T18:07:35+09:00,-600
M0003,3077,2026-08-16,2026-08-16T18:38:25+09:00,-700
M0003,3077,2026-08-16,2026-08-16T19:40:19+09:00,-1300
M0003,3077,2026-08-16,2026-08-16T20:25:39+09:00,-1900
M0003,3077,2026-08-16,2026-08-16T21:04:51+09:00,-2500
M0003,3077,2026-08-16,2026-08-16T21:42:13+09:00,-3800
M0003,3077,2026-08-16,2026-08-16T22:32:01+09:00,-3500
M0004,3078,2026-08-16,2026-08-16T10:53:41+09:00,-200
M0004,3078,2026-08-16,2026-08-16T11:28:27+09:00,-800
M0004,3078,2026-08-16,2026-08-16T12:02:27+09:00,-600
M0004,3078,2026-08-16,2026-08-16T12:35:49+09:00,-900
M0004,3078,2026-08-16,2026-08-16T13:06:49+09:00,-1400
M0004,3078,2026-08-16,2026-08-16T13:36:19+09:00,-1000
M0004,3078,2026-08-16,2026-08-16T14:09:21+09:00,-2200
M0004,3078,2026-08-16,2026-08-16T14:51:21+09:00,-2300
M0004,3078,2026-08-16,2026-08-16T15:29:10+09:00,-2900
M0004,3078,2026-08-16,2026-08-16T16:05:23+09:00,-3200
M0004,3078,2026-08-16,2026-08-16T16:39:55+09:00,-3300
M0004,3078,2026-08-16,2026-08-16T17:30:17+09:00,-3100
M0004,3078,2026-08-16,2026-08-16T18:07:35+09:00,-3400
M0004,3078,2026-08-16,2026-08-16T18:38:25+09:00,-2900
M0004,3078,2026-08-16,2026-08-16T19:40:19+09:00,800
M0004,3078,2026-08-16,2026-08-16T20:25:39+09:00,600
M0005,3079,2026-08-16,2026-08-16T10:53:41+09:00,-300
M0005,3079,2026-08-16,2026-08-16T11:28:27+09:00,-800
M0005,3079,2026-08-16,2026-08-16T12:02:27+09:00,-700
M0005,3079,2026-08-16,2026-08-16T12:35:49+09:00,-1300
M0005,3079,2026-08-16,2026-08-16T13:06:49+09:00,-2000
M0005,3079,2026-08-16,2026-08-16T13:36:19+09:00,-2600
M0005,3079,2026-08-16,2026-08-16T14:09:21+09:00,-2700
M0005,3079,2026-08-16,2026-08-16T14:51:21+09:00,-2900
M0005,3079,2026-08-16,2026-08-16T15:29:10+09:00,-3300
M0005,3079,2026-08-16,2026-08-16T16:05:23+09:00,-4000
M0005,3079,2026-08-16,2026-08-16T16:39:55+09:00,-4900
M0005,3079,2026-08-16,2026-08-16T17:30:17+09:00,-4500
M0005,3079,2026-08-16,2026-08-16T18:07:35+09:00,-4700
M0005,3079,2026-08-16,2026-08-16T18:38:25+09:00,-5400
M0005,3079,2026-08-16,2026-08-16T19:40:19+09:00,-6000
M0005,3079,2026-08-16,2026-08-16T20:25:39+09:00,-6600
M0005,3079,2026-08-16,2026-08-16T21:04:51+09:00,-7300
M0005,3079,2026-08-16,2026-08-16T21:42:13+09:00,-8500
M0005,3079,2026-08-16,2026-08-16T22:32:01+09:00,-9100
M0005,3079,2026-08-16,2026-08-16T23:11:15+09:00,-9600
M0006,3080,2026-08-16,2026-08-16T10:53:41+09:00,-200
M0006,3080,2026-08-16,2026-08-16T11:28:27+09:00,-600
M0006,3080,2026-08-16,2026-08-16T12:02:27+09:00,-100
M0006,3080,2026-08-16,2026-08-16T12:35:49+09:00,-800
M0006,3080,2026-08-16,2026-08-16T13:06:49+09:00,-1500
M0006,3080,2026-08-16,2026-08-16T13:36:19+09:00,-2200
M0006,3080,2026-08-16,2026-08-16T14:09:21+09:00,-1200
M0006,3080,2026-08-16,2026-08-16T14:51:21+09:00,-1700
M0006,3080,2026-08-16,2026-08-16T15:29:10+09:00,-1300
M0006,3080,2026-08-16,2026-08-16T16:05:23+09:00,-500
M0006,3080,2026-08-16,2026-08-16T16:39:55+09:00,-200
M0006,3080,2026-08-16,2026-08-16T17:30:17+09:00,-700
M0006,3080,2026-08-16,2026-08-16T18:07:35+09:00,-1100
M0006,3080,2026-08-16,2026-08-16T18:38:25+09:00,-1700
M0006,3080,2026-08-16,2026-08-16T19:40:19+09:00,-800
M0006,3080,2026-08-16,2026-08-16T20:25:39+09:00,-1100
M0006,3080,2026-08-16,2026-08-16T21:04:51+09:00,100
M0006,3080,2026-08-16,2026-08-16T21:42:13+09:00,1300
M0006,3080,2026-08-16,2026-08-16T22:32:01+09:00,500
M0006,3080,2026-08-16,2026-08-16T23:11:15+09:00,100
M0007,3081,2026-08-16,2026-08-16T10:53:41+09:00,-100
M0007,3081,2026-08-16,2026-08-16T11:28:27+09:00,400
M0007,3081,2026-08-16,2026-08-16T12:02:27+09:00,-100
M0007,3081,2026-08-16,2026-08-16T12:35:49+09:00,-400
M0007,3081,2026-08-16,2026-08-16T13:06:49+09:00,-1000
M0007,3081,2026-08-16,2026-08-16T13:36:19+09:00,-800
M0007,3081,2026-08-16,2026-08-16T14:09:21+09:00,-1600
M0007,3081,2026-08-16,2026-08-16T14:51:21+09:00,-2400
M0007,3081,2026-08-16,2026-08-16T15:29:10+09:00,-2600
M0007,3081,2026-08-16,2026-08-16T16:05:23+09:00,-2100
M0007,3081,2026-08-16,2026-08-16T16:39:55+09:00,-2400
M0007,3081,2026-08-16,2026-08-16T17:30:17+09:00,-1700
M0007,3081,2026-08-16,2026-08-16T18:07:35+09:00,-2100
M0007,3081,2026-08-16,2026-08-16T18:38:25+09:00,-2000
M0007,3081,2026-08-16,2026-08-16T19:40:19+09:00,-3000
M0007,3081,2026-08-16,2026-08-16T20:25:39+09:00,-3600
M0007,3081,2026-08-16,2026-08-16T21:04:51+09:00,-4000
M0007,3081,2026-08-16,2026-08-16T21:42:13+09:00,-3800
M0008,3082,2026-08-16,2026-08-16T10:53:41+09:00,-100
M0008,3082,2026-08-16,2026-08-16T11:28:27+09:00,200
M0008,3082,2026-08-16,2026-08-16T12:02:27+09:00,-500
M0008,3082,2026-08-16,2026-08-16T12:35:49+09:00,0
M0008,3082,2026-08-16,2026-08-16T13:06:49+09:00,-600
M0008,3082,2026-08-16,2026-08-16T13:36:19+09:00,-700
M0008,3082,2026-08-16,2026-08-16T14:09:21+09:00,-1400
M0008,3082,2026-08-16,2026-08-16T14:51:21+09:00,-2000
M0008,3082,2026-08-16,2026-08-16T15:29:10+09:00,-1500
M0008,3082,2026-08-16,2026-08-16T16:05:23+09:00,-1000
M0008,3082,2026-08-16,2026-08-16T16:39:55+09:00,-2000
M0008,3082,2026-08-16,2026-08-16T17:30:17+09:00,-2200
M0008,3082,2026-08-16,2026-08-16T18:07:35+09:00,-2100
M0008,3082,2026-08-16,2026-08-16T18:38:25+09:00,-3500
M0008,3082,2026-08-16,2026-08-16T19:40:19+09:00,-3400
M0008,3082,2026-08-16,2026-08-16T20:25:39+09:00,-4000
M0008,3082,2026-08-16,2026-08-16T21:04:51+09:00,-4600
M0009,3083,2026-08-16,2026-08-16T10:53:41+09:00,-100
M0009,3083,2026-08-16,2026-08-16T11:28:27+09:00,0
M0009,3083,2026-08-16,2026-08-16T12:02:27+09:00,2400
M0009,3083,2026-08-16,2026-08-16T12:35:49+09:00,5000
M0009,3083,2026-08-16,2026-08-16T13:06:49+09:00,7600
M0009,3083,2026-08-16,2026-08-16T13:36:19+09:00,7200
M0009,3083,2026-08-16,2026-08-16T14:09:21+09:00,7400
M0009,3083,2026-08-16,2026-08-16T14:51:21+09:00,6700
M0009,3083,2026-08-16,2026-08-16T15:29:10+09:00,6400
M0009,3083,2026-08-16,2026-08-16T16:05:23+09:00,5800
M0009,3083,2026-08-16,2026-08-16T16:39:55+09:00,6600
M0009,3083,2026-08-16,2026-08-16T17:30:17+09:00,6400
M0009,3083,2026-08-16,2026-08-16T18:07:35+09:00,5600
M0009,3083,2026-08-16,2026-08-16T18:38:25+09:00,4400
M0009,3083,2026-08-16,2026-08-16T19:40:19+09:00,6500
M0009,3083,2026-08-16,2026-08-16T20:25:39+09:00,8500
M0009,3083,2026-08-16,2026-08-16T21:04:51+09:00,10500
M0009,3083,2026-08-16,2026-08-16T21:42:13+09:00,9400
M0009,3083,2026-08-16,2026-08-16T22:32:01+09:00,9500
M0010,3084,2026-08-16,2026-08-16T10:53:41+09:00,-200
M0010,3084,2026-08-16,2026-08-16T11:28:27+09:00,1400
M0010,3084,2026-08-16,2026-08-16T12:02:27+09:00,1700
M0010,3084,2026-08-16,2026-08-16T12:35:49+09:00,1000
M0010,3084,2026-08-16,2026-08-16T13:06:49+09:00,500
M0010,3084,2026-08-16,2026-08-16T13:36:19+09:00,1200
M0010,3084,2026-08-16,2026-08-16T14:09:21+09:00,1400
M0010,3084,2026-08-16,2026-08-16T14:51:21+09:00,2000
M0010,3084,2026-08-16,2026-08-16T15:29:10+09:00,1700
M0010,3084,2026-08-16,2026-08-16T16:05:23+09:00,2600
M0010,3084,2026-08-16,2026-08-16T16:39:55+09:00,1200
M0010,3084,2026-08-16,2026-08-16T17:30:17+09:00,1300
M0010,3084,2026-08-16,2026-08-16T18:07:35+09:00,500
M0010,3084,2026-08-16,2026-08-16T18:38:25+09:00,-800
M0010,3084,2026-08-16,2026-08-16T19:40:19+09:00,200
M0010,3084,2026-08-16,2026-08-16T21:42:13+09:00,1000
M0010,3084,2026-08-16,2026-08-16T22:32:01+09:00,1900
M0011,3085,2026-08-16,2026-08-16T10:53:41+09:00,-100
M0011,3085,2026-08-16,2026-08-16T11:28:27+09:00,100
M0011,3085,2026-08-16,2026-08-16T12:02:27+09:00,700
M0011,3085,2026-08-16,2026-08-16T12:35:49+09:00,-100
M0011,3085,2026-08-16,2026-08-16T13:06:49+09:00,-700
M0011,3085,2026-08-16,2026-08-16T13:36:19+09:00,-800
M0011,3085,2026-08-16,2026-08-16T14:09:21+09:00,-1000
M0011,3085,2026-08-16,2026-08-16T14:51:21+09:00,-600
M0011,3085,2026-08-16,2026-08-16T15:29:10+09:00,-300
M0011,3085,2026-08-16,2026-08-16T16:05:23+09:00,-1000
M0011,3085,2026-08-16,2026-08-16T16:39:55+09:00,-1700
M0011,3085,2026-08-16,2026-08-16T17:30:17+09:00,-800
M0011,3085,2026-08-16,2026-08-16T18:07:35+09:00,-600
M0011,3085,2026-08-16,2026-08-16T18:38:25+09:00,-1300
M0011,3085,2026-08-16,2026-08-16T19:40:19+09:00,1000
M0011,3085,2026-08-16,2026-08-16T20:25:39+09:00,1200
M0011,3085,2026-08-16,2026-08-16T21:04:51+09:00,1500
M0011,3085,2026-08-16,2026-08-16T21:42:13+09:00,2300
M0011,3085,2026-08-16,2026-08-16T22:32:01+09:00,1900
M0012,3086,2026-08-16,2026-08-16T10:53:41+09:00,-100
M0012,3086,2026-08-16,2026-08-16T11:28:27+09:00,-700
M0012,3086,2026-08-16,2026-08-16T12:02:27+09:00,-900
M0012,3086,2026-08-16,2026-08-16T12:35:49+09:00,-1300
M0012,3086,2026-08-16,2026-08-16T13:06:49+09:00,-900
M0012,3086,2026-08-16,2026-08-16T13:36:19+09:00,-1300
M0012,3086,2026-08-16,2026-08-16T14:09:21+09:00,-800
M0012,3086,2026-08-16,2026-08-16T14:51:21+09:00,-900
M0012,3086,2026-08-16,2026-08-16T15:29:10+09:00,-1500
M0012,3086,2026-08-16,2026-08-16T16:05:23+09:00,-1600
M0012,3086,2026-08-16,2026-08-16T16:39:55+09:00,-2200
M0012,3086,2026-08-16,2026-08-16T17:30:17+09:00,-600
M0012,3086,2026-08-16,2026-08-16T18:07:35+09:00,200
M0012,3086,2026-08-16,2026-08-16T18:38:25+09:00,-1100
M0012,3086,2026-08-16,2026-08-16T19:40:19+09:00,-1300
M0012,3086,2026-08-16,2026-08-16T20:25:39+09:00,-1800
M0012,3086,2026-08-16,2026-08-16T21:04:51+09:00,-2400
M0012,3086,2026-08-16,2026-08-16T21:42:13+09:00,-2500
M0012,3086,2026-08-16,2026-08-16T22:32:01+09:00,-2700
M0012,3086,2026-08-16,2026-08-16T23:11:15+09:00,-2800
M0013,3087,2026-08-16,2026-08-16T10:53:41+09:00,-100
M0013,3087,2026-08-16,2026-08-16T11:28:27+09:00,-500
M0013,3087,2026-08-16,2026-08-16T12:35:49+09:00,-1200
M0013,3087,2026-08-16,2026-08-16T13:06:49+09:00,-1600
M0013,3087,2026-08-16,2026-08-16T13:36:19+09:00,-2000
M0013,3087,2026-08-16,2026-08-16T14:09:21+09:00,-500
M0013,3087,2026-08-16,2026-08-16T14:51:21+09:00,-200
M0013,3087,2026-08-16,2026-08-16T15:29:10+09:00,-900
M0013,3087,2026-08-16,2026-08-16T16:05:23+09:00,-1600
M0013,3087,2026-08-16,2026-08-16T16:39:55+09:00,-2200
M0013,3087,2026-08-16,2026-08-16T17:30:17+09:00,-1400
M0013,3087,2026-08-16,2026-08-16T18:07:35+09:00,-2000
M0013,3087,2026-08-16,2026-08-16T18:38:25+09:00,-700
M0013,3087,2026-08-16,2026-08-16T19:40:19+09:00,-2000
M0013,3087,2026-08-16,2026-08-16T20:25:39+09:00,-1800
M0013,3087,2026-08-16,2026-08-16T21:04:51+09:00,-2200
M0013,3087,2026-08-16,2026-08-16T21:42:13+09:00,-2500
M0013,3087,2026-08-16,2026-08-16T22:32:01+09:00,-2900
M0014,3150,2026-08-16,2026-08-16T10:53:41+09:00,-200
M0014,3150,2026-08-16,2026-08-16T11:28:27+09:00,-400
M0014,3150,2026-08-16,2026-08-16T12:02:27+09:00,-800
M0014,3150,2026-08-16,2026-08-16T12:35:49+09:00,-1300
M0014,3150,2026-08-16,2026-08-16T13:06:49+09:00,1000
M0014,3150,2026-08-16,2026-08-16T13:36:19+09:00,700
M0014,3150,2026-08-16,2026-08-16T14:09:21+09:00,200
M0014,3150,2026-08-16,2026-08-16T14:51:21+09:00,700
M0014,3150,2026-08-16,2026-08-16T15:29:10+09:00,0
M0014,3150,2026-08-16,2026-08-16T16:05:23+09:00,-100
M0014,3150,2026-08-16,2026-08-16T16:39:55+09:00,300
M0014,3150,2026-08-16,2026-08-16T17:30:17+09:00,-400
M0014,3150,2026-08-16,2026-08-16T18:07:35+09:00,-1000
M0014,3150,2026-08-16,2026-08-16T18:38:25+09:00,-1500
M0014,3150,2026-08-16,2026-08-16T19:40:19+09:00,-1100
M0014,3150,2026-08-16,2026-08-16T20:25:39+09:00,-1300
M0014,3150,2026-08-16,2026-08-16T21:04:51+09:00,-1100
M0014,3150,2026-08-16,2026-08-16T21:42:13+09:00,-1800
M0014,3150,2026-08-16,2026-08-16T22:32:01+09:00,-1300
M0015,3151,2026-08-16,2026-08-16T10:53:41+09:00,-100
M0015,3151,2026-08-16,2026-08-16T11:28:27+09:00,200
M0015,3151,2026-08-16,2026-08-16T12:02:27+09:00,-500
M0015,3151,2026-08-16,2026-08-16T12:35:49+09:00,200
M0015,3151,2026-08-16,2026-08-16T13:06:49+09:00,-500
M0015,3151,2026-08-16,2026-08-16T14:09:21+09:00,-1100
M0015,3151,2026-08-16,2026-08-16T14:51:21+09:00,-1700
M0015,3151,2026-08-16,2026-08-16T15:29:10+09:00,-1500
M0015,3151,2026-08-16,2026-08-16T16:05:23+09:00,-1900
M0015,3151,2026-08-16,2026-08-16T16:39:55+09:00,-3100
M0015,3151,2026-08-16,2026-08-16T17:30:17+09:00,-2800
M0015,3151,2026-08-16,2026-08-16T18:07:35+09:00,-3200
M0015,3151,2026-08-16,2026-08-16T19:40:19+09:00,-3100
M0016,3152,2026-08-16,2026-08-16T10:53:41+09:00,-100
M0016,3152,2026-08-16,2026-08-16T11:28:27+09:00,1500
M0016,3152,2026-08-16,2026-08-16T12:02:27+09:00,2900
M0016,3152,2026-08-16,2026-08-16T12:35:49+09:00,2500
M0016,3152,2026-08-16,2026-08-16T13:06:49+09:00,3400
M0016,3152,2026-08-16,2026-08-16T13:36:19+09:00,5600
M0016,3152,2026-08-16,2026-08-16T14:09:21+09:00,6500
M0016,3152,2026-08-16,2026-08-16T14:51:21+09:00,6200
M0016,3152,2026-08-16,2026-08-16T15:29:10+09:00,6300
M0016,3152,2026-08-16,2026-08-16T16:05:23+09:00,6500
M0016,3152,2026-08-16,2026-08-16T16:39:55+09:00,6800
M0016,3152,2026-08-16,2026-08-16T17:30:17+09:00,8300
M0016,3152,2026-08-16,2026-08-16T18:07:35+09:00,8800
M0016,3152,2026-08-16,2026-08-16T18:38:25+09:00,7800
M0016,3152,2026-08-16,2026-08-16T19:40:19+09:00,6700
M0016,3152,2026-08-16,2026-08-16T20:25:39+09:00,5900
M0016,3152,2026-08-16,2026-08-16T21:04:51+09:00,5300
M0016,3152,2026-08-16,2026-08-16T21:42:13+09:00,6300
M0017,3153,2026-08-16,2026-08-16T10:53:41+09:00,-100
M0017,3153,2026-08-16,2026-08-16T11:28:27+09:00,-700
M0017,3153,2026-08-16,2026-08-16T12:02:27+09:00,-100
M0017,3153,2026-08-16,2026-08-16T12:35:49+09:00,-700
M0017,3153,2026-08-16,2026-08-16T13:06:49+09:00,-1300
M0017,3153,2026-08-16,2026-08-16T13:36:19+09:00,-1900
M0017,3153,2026-08-16,2026-08-16T14:09:21+09:00,-2600
M0017,3153,2026-08-16,2026-08-16T15:29:10+09:00,-2100
M0017,3153,2026-08-16,2026-08-16T16:05:23+09:00,-2800
M0017,3153,2026-08-16,2026-08-16T16:39:55+09:00,-3900
M0017,3153,2026-08-16,2026-08-16T17:30:17+09:00,-3800
M0017,3153,2026-08-16,2026-08-16T18:07:35+09:00,-4400
M0017,3153,2026-08-16,2026-08-16T18:38:25+09:00,-4300
M0017,3153,2026-08-16,2026-08-16T19:40:19+09:00,-4600
M0017,3153,2026-08-16,2026-08-16T20:25:39+09:00,-4300
M0018,3154,2026-08-16,2026-08-16T10:53:41+09:00,-200
M0018,3154,2026-08-16,2026-08-16T11:28:27+09:00,400
M0018,3154,2026-08-16,2026-08-16T12:02:27+09:00,200
M0018,3154,2026-08-16,2026-08-16T12:35:49+09:00,-400
M0018,3154,2026-08-16,2026-08-16T13:06:49+09:00,-500
M0018,3154,2026-08-16,2026-08-16T13:36:19+09:00,-1100
M0018,3154,2026-08-16,2026-08-16T14:09:21+09:00,-2300
M0018,3154,2026-08-16,2026-08-16T14:51:21+09:00,-1600
M0018,3154,2026-08-16,2026-08-16T15:29:10+09:00,-1900
M0018,3154,2026-08-16,2026-08-16T16:05:23+09:00,-2100
M0018,3154,2026-08-16,2026-08-16T16:39:55+09:00,-2700
M0018,3154,2026-08-16,2026-08-16T17:30:17+09:00,-3500
M0018,3154,2026-08-16,2026-08-16T18:07:35+09:00,-1700
M0018,3154,2026-08-16,2026-08-16T18:38:25+09:00,-900
M0018,3154,2026-08-16,2026-08-16T19:40:19+09:00,-1300
M0018,3154,2026-08-16,2026-08-16T20:25:39+09:00,-1700
M0018,3154,2026-08-16,2026-08-16T21:04:51+09:00,100
M0018,3154,2026-08-16,2026-08-16T21:42:13+09:00,200
M0019,3155,2026-08-16,2026-08-16T10:53:41+09:00,-100
M0019,3155,2026-08-16,2026-08-16T11:28:27+09:00,-600
M0019,3155,2026-08-16,2026-08-16T12:02:27+09:00,-1200
M0019,3155,2026-08-16,2026-08-16T12:35:49+09:00,-1700
M0019,3155,2026-08-16,2026-08-16T13:06:49+09:00,-2300
M0019,3155,2026-08-16,2026-08-16T14:09:21+09:00,-2800
M0019,3155,2026-08-16,2026-08-16T14:51:21+09:00,-3400
M0019,3155,2026-08-16,2026-08-16T15:29:10+09:00,-3600
M0019,3155,2026-08-16,2026-08-16T16:05:23+09:00,-2800
M0019,3155,2026-08-16,2026-08-16T16:39:55+09:00,-4100
M0019,3155,2026-08-16,2026-08-16T17:30:17+09:00,-4700
M0019,3155,2026-08-16,2026-08-16T18:07:35+09:00,-5400
M0019,3155,2026-08-16,2026-08-16T18:38:25+09:00,-3700
M0019,3155,2026-08-16,2026-08-16T19:40:19+09:00,-3900
M0020,3156,2026-08-16,2026-08-16T10:53:41+09:00,-200
M0020,3156,2026-08-16,2026-08-16T11:28:27+09:00,0
M0020,3156,2026-08-16,2026-08-16T12:02:27+09:00,-200
M0020,3156,2026-08-16,2026-08-16T12:35:49+09:00,-700
M0020,3156,2026-08-16,2026-08-16T13:06:49+09:00,-500
M0020,3156,2026-08-16,2026-08-16T13:36:19+09:00,-1100
M0020,3156,2026-08-16,2026-08-16T14:09:21+09:00,-1500
M0020,3156,2026-08-16,2026-08-16T14:51:21+09:00,-2200
M0020,3156,2026-08-16,2026-08-16T15:29:10+09:00,-2500
M0020,3156,2026-08-16,2026-08-16T16:39:55+09:00,-3100
M0020,3156,2026-08-16,2026-08-16T17:30:17+09:00,-3700
M0020,3156,2026-08-16,2026-08-16T18:07:35+09:00,-3800
M0020,3156,2026-08-16,2026-08-16T18:38:25+09:00,-4900
M0020,3156,2026-08-16,2026-08-16T19:40:19+09:00,-6000
M0020,3156,2026-08-16,2026-08-16T20:25:39+09:00,-6200
M0021,3157,2026-08-16,2026-08-16T10:53:41+09:00,-100
M0021,3157,2026-08-16,2026-08-16T11:28:27+09:00,300
M0021,3157,2026-08-16,2026-08-16T12:02:27+09:00,-200
M0021,3157,2026-08-16,2026-08-16T12:35:49+09:00,-800
M0021,3157,2026-08-16,2026-08-16T13:06:49+09:00,-1600
M0021,3157,2026-08-16,2026-08-16T13:36:19+09:00,-1400
M0021,3157,2026-08-16,2026-08-16T14:09:21+09:00,-2100
M0021,3157,2026-08-16,2026-08-16T14:51:21+09:00,-2700
M0021,3157,2026-08-16,2026-08-16T15:29:10+09:00,-2800
M0021,3157,2026-08-16,2026-08-16T16:05:23+09:00,-300
M0021,3157,2026-08-16,2026-08-16T16:39:55+09:00,-600
M0021,3157,2026-08-16,2026-08-16T17:30:17+09:00,-1200
M0021,3157,2026-08-16,2026-08-16T18:07:35+09:00,-1300
M0021,3157,2026-08-16,2026-08-16T18:38:25+09:00,-1700
M0021,3157,2026-08-16,2026-08-16T19:40:19+09:00,-2300
M0021,3157,2026-08-16,2026-08-16T20:25:39+09:00,-2200
M0021,3157,2026-08-16,2026-08-16T21:04:51+09:00,-900
M0021,3157,2026-08-16,2026-08-16T21:42:13+09:00,2100
M0022,3158,2026-08-16,2026-08-16T10:53:41+09:00,-100
M0022,3158,2026-08-16,2026-08-16T11:28:27+09:00,700
M0022,3158,2026-08-16,2026-08-16T12:02:27+09:00,300
M0022,3158,2026-08-16,2026-08-16T12:35:49+09:00,-300
M0022,3158,2026-08-16,2026-08-16T13:06:49+09:00,-900
M0022,3158,2026-08-16,2026-08-16T13:36:19+09:00,-1500
M0022,3158,2026-08-16,2026-08-16T14:09:21+09:00,-2200
M0022,3158,2026-08-16,2026-08-16T14:51:21+09:00,-1300
M0022,3158,2026-08-16,2026-08-16T15:29:10+09:00,-700
M0022,3158,2026-08-16,2026-08-16T16:05:23+09:00,-1300
M0022,3158,2026-08-16,2026-08-16T16:39:55+09:00,3800
M0022,3158,2026-08-16,2026-08-16T17:30:17+09:00,6200
M0022,3158,2026-08-16,2026-08-16T18:07:35+09:00,6800
M0022,3158,2026-08-16,2026-08-16T18:38:25+09:00,6600
M0022,3158,2026-08-16,2026-08-16T19:40:19+09:00,5900
M0022,3158,2026-08-16,2026-08-16T20:25:39+09:00,5400
M0022,3158,2026-08-16,2026-08-16T21:04:51+09:00,5800
M0022,3158,2026-08-16,2026-08-16T21:42:13+09:00,5300
M0023,3159,2026-08-16,2026-08-16T10:53:41+09:00,-100
M0023,3159,2026-08-16,2026-08-16T11:28:27+09:00,300
M0023,3159,2026-08-16,2026-08-16T12:02:27+09:00,-400
M0023,3159,2026-08-16,2026-08-16T12:35:49+09:00,-900
M0023,3159,2026-08-16,2026-08-16T13:06:49+09:00,-700
M0023,3159,2026-08-16,2026-08-16T13:36:19+09:00,-1200
M0023,3159,2026-08-16,2026-08-16T14:09:21+09:00,-1400
M0023,3159,2026-08-16,2026-08-16T14:51:21+09:00,-600
M0023,3159,2026-08-16,2026-08-16T15:29:10+09:00,-1100
M0023,3159,2026-08-16,2026-08-16T16:05:23+09:00,100
M0023,3159,2026-08-16,2026-08-16T16:39:55+09:00,3200
M0023,3159,2026-08-16,2026-08-16T17:30:17+09:00,2700
M0023,3159,2026-08-16,2026-08-16T18:07:35+09:00,2200
M0023,3159,2026-08-16,2026-08-16T18:38:25+09:00,1900
M0023,3159,2026-08-16,2026-08-16T19:40:19+09:00,1100
M0023,3159,2026-08-16,2026-08-16T20:25:39+09:00,1300
M0023,3159,2026-08-16,2026-08-16T21:04:51+09:00,500
M0023,3159,2026-08-16,2026-08-16T21:42:13+09:00,600
M0024,3160,2026-08-16,2026-08-16T10:53:41+09:00,-100
M0024,3160,2026-08-16,2026-08-16T11:28:27+09:00,-800
M0024,3160,2026-08-16,2026-08-16T12:02:27+09:00,-1100
M0024,3160,2026-08-16,2026-08-16T12:35:49+09:00,-1000
M0024,3160,2026-08-16,2026-08-16T13:06:49+09:00,-1400
M0024,3160,2026-08-16,2026-08-16T13:36:19+09:00,-800
M0024,3160,2026-08-16,2026-08-16T14:09:21+09:00,-1900
M0024,3160,2026-08-16,2026-08-16T14:51:21+09:00,-1300
M0024,3160,2026-08-16,2026-08-16T15:29:10+09:00,-1900
M0024,3160,2026-08-16,2026-08-16T16:05:23+09:00,-1600
M0024,3160,2026-08-16,2026-08-16T16:39:55+09:00,-1800
M0024,3160,2026-08-16,2026-08-16T17:30:17+09:00,-1500
M0024,3160,2026-08-16,2026-08-16T18:38:25+09:00,-2500
M0024,3160,2026-08-16,2026-08-16T19:40:19+09:00,-2200
M0024,3160,2026-08-16,2026-08-16T20:25:39+09:00,-2100
M0025,3161,2026-08-16,2026-08-16T10:53:41+09:00,0
M0025,3161,2026-08-16,2026-08-16T11:28:27+09:00,-700
M0025,3161,2026-08-16,2026-08-16T12:02:27+09:00,-1200
M0025,3161,2026-08-16,2026-08-16T12:35:49+09:00,-1800
M0025,3161,2026-08-16,2026-08-16T13:06:49+09:00,-1500
M0025,3161,2026-08-16,2026-08-16T13:36:19+09:00,-1600
M0025,3161,2026-08-16,2026-08-16T14:09:21+09:00,-2300
M0025,3161,2026-08-16,2026-08-16T14:51:21+09:00,-2900
M0025,3161,2026-08-16,2026-08-16T16:05:23+09:00,-3500
M0025,3161,2026-08-16,2026-08-16T16:39:55+09:00,-4600
M0025,3161,2026-08-16,2026-08-16T17:30:17+09:00,-5000
M0025,3161,2026-08-16,2026-08-16T18:38:25+09:00,-5800
M0025,3161,2026-08-16,2026-08-16T19:40:19+09:00,-6400
M0025,3161,2026-08-16,2026-08-16T20:25:39+09:00,-6800
M0025,3161,2026-08-16,2026-08-16T21:04:51+09:00,-6700
M0025,3161,2026-08-16,2026-08-16T21:42:13+09:00,-6300
M0026,3162,2026-08-16,2026-08-16T10:53:41+09:00,-200
M0026,3162,2026-08-16,2026-08-16T11:28:27+09:00,1300
M0026,3162,2026-08-16,2026-08-16T12:02:27+09:00,2100
M0026,3162,2026-08-16,2026-08-16T12:35:49+09:00,1600
M0026,3162,2026-08-16,2026-08-16T13:06:49+09:00,900
M0026,3162,2026-08-16,2026-08-16T13:36:19+09:00,500
M0026,3162,2026-08-16,2026-08-16T14:09:21+09:00,600
M0026,3162,2026-08-16,2026-08-16T14:51:21+09:00,-200
M0026,3162,2026-08-16,2026-08-16T16:05:23+09:00,-900
M0026,3162,2026-08-16,2026-08-16T17:30:17+09:00,-800
M0026,3162,2026-08-16,2026-08-16T18:07:35+09:00,-1300
M0026,3162,2026-08-16,2026-08-16T18:38:25+09:00,-1100
M0026,3162,2026-08-16,2026-08-16T19:40:19+09:00,-800
M0026,3162,2026-08-16,2026-08-16T20:25:39+09:00,-900
M0026,3162,2026-08-16,2026-08-16T21:04:51+09:00,-1600
M0026,3162,2026-08-16,2026-08-16T21:42:13+09:00,-200
M0026,3162,2026-08-16,2026-08-16T22:32:01+09:00,-300
M0027,3163,2026-08-16,2026-08-16T10:53:41+09:00,-100
M0027,3163,2026-08-16,2026-08-16T11:28:27+09:00,-700
M0027,3163,2026-08-16,2026-08-16T12:02:27+09:00,-800
M0027,3163,2026-08-16,2026-08-16T13:06:49+09:00,-1100
M0027,3163,2026-08-16,2026-08-16T13:36:19+09:00,-1600
M0027,3163,2026-08-16,2026-08-16T14:09:21+09:00,-400
M0027,3163,2026-08-16,2026-08-16T14:51:21+09:00,-500
M0027,3163,2026-08-16,2026-08-16T15:29:10+09:00,-1000
M0027,3163,2026-08-16,2026-08-16T16:05:23+09:00,500
M0027,3163,2026-08-16,2026-08-16T16:39:55+09:00,1600
M0027,3163,2026-08-16,2026-08-16T17:30:17+09:00,1500
M0027,3163,2026-08-16,2026-08-16T18:07:35+09:00,1400
M0027,3163,2026-08-16,2026-08-16T18:38:25+09:00,1900
M0027,3163,2026-08-16,2026-08-16T19:40:19+09:00,4900
M0027,3163,2026-08-16,2026-08-16T20:25:39+09:00,6000
M0027,3163,2026-08-16,2026-08-16T21:04:51+09:00,8800
M0027,3163,2026-08-16,2026-08-16T21:42:13+09:00,7800
M0027,3163,2026-08-16,2026-08-16T22:32:01+09:00,9500
M0028,3164,2026-08-16,2026-08-16T10:53:41+09:00,-100
M0028,3164,2026-08-16,2026-08-16T11:28:27+09:00,-500
M0028,3164,2026-08-16,2026-08-16T12:02:27+09:00,-900
M0028,3164,2026-08-16,2026-08-16T12:35:49+09:00,-1400
M0028,3164,2026-08-16,2026-08-16T13:06:49+09:00,-1100
M0028,3164,2026-08-16,2026-08-16T13:36:19+09:00,-1000
M0028,3164,2026-08-16,2026-08-16T14:09:21+09:00,-700
M0028,3164,2026-08-16,2026-08-16T14:51:21+09:00,-800
M0028,3164,2026-08-16,2026-08-16T16:05:23+09:00,-1500
M0028,3164,2026-08-16,2026-08-16T16:39:55+09:00,-2200
M0028,3164,2026-08-16,2026-08-16T17:30:17+09:00,-1900
M0028,3164,2026-08-16,2026-08-16T18:07:35+09:00,-2700
M0028,3164,2026-08-16,2026-08-16T18:38:25+09:00,-2400
M0028,3164,2026-08-16,2026-08-16T19:40:19+09:00,-1800
M0028,3164,2026-08-16,2026-08-16T20:25:39+09:00,-1500
M0028,3164,2026-08-16,2026-08-16T21:04:51+09:00,-100
M0028,3164,2026-08-16,2026-08-16T21:42:13+09:00,0
M0028,3164,2026-08-16,2026-08-16T22:32:01+09:00,600
M0029,3165,2026-08-16,2026-08-16T10:53:41+09:00,-100
M0029,3165,2026-08-16,2026-08-16T11:28:27+09:00,-700
M0029,3165,2026-08-16,2026-08-16T12:02:27+09:00,-1400
M0029,3165,2026-08-16,2026-08-16T12:35:49+09:00,-1700
M0029,3165,2026-08-16,2026-08-16T13:06:49+09:00,-2500
M0029,3165,2026-08-16,2026-08-16T13:36:19+09:00,-2400
M0029,3165,2026-08-16,2026-08-16T14:09:21+09:00,-3300
M0029,3165,2026-08-16,2026-08-16T14:51:21+09:00,-2300
M0029,3165,2026-08-16,2026-08-16T15:29:10+09:00,-1900
M0029,3165,2026-08-16,2026-08-16T16:05:23+09:00,-2300
M0029,3165,2026-08-16,2026-08-16T16:39:55+09:00,-2500
M0029,3165,2026-08-16,2026-08-16T17:30:17+09:00,-3300
M0029,3165,2026-08-16,2026-08-16T18:07:35+09:00,-3800
M0029,3165,2026-08-16,2026-08-16T18:38:25+09:00,-3100
M0030,3166,2026-08-16,2026-08-16T10:53:41+09:00,-200
M0030,3166,2026-08-16,2026-08-16T11:28:27+09:00,-900
M0030,3166,2026-08-16,2026-08-16T12:35:49+09:00,-1200
M0030,3166,2026-08-16,2026-08-16T13:06:49+09:00,-400
M0030,3166,2026-08-16,2026-08-16T14:09:21+09:00,-1400
M0030,3166,2026-08-16,2026-08-16T14:51:21+09:00,-1700
M0030,3166,2026-08-16,2026-08-16T15:29:10+09:00,-2200
M0030,3166,2026-08-16,2026-08-16T16:39:55+09:00,-3400
M0030,3166,2026-08-16,2026-08-16T17:30:17+09:00,-3500
M0030,3166,2026-08-16,2026-08-16T18:07:35+09:00,-800
M0030,3166,2026-08-16,2026-08-16T18:38:25+09:00,-1100
M0030,3166,2026-08-16,2026-08-16T19:40:19+09:00,-1200
M0030,3166,2026-08-16,2026-08-16T20:25:39+09:00,-1900
M0030,3166,2026-08-16,2026-08-16T21:04:51+09:00,-2000
M0030,3166,2026-08-16,2026-08-16T21:42:13+09:00,-3200
M0030,3166,2026-08-16,2026-08-16T22:32:01+09:00,-3300
M0030,3166,2026-08-16,2026-08-16T23:11:15+09:00,-4200
M0001,3075,2026-08-17,2026-08-17T10:52:31+09:00,0
M0001,3075,2026-08-17,2026-08-17T11:28:29+09:00,-500
M0001,3075,2026-08-17,2026-08-17T12:02:23+09:00,0
M0001,3075,2026-08-17,2026-08-17T12:34:35+09:00,-200
M0001,3075,2026-08-17,2026-08-17T13:07:15+09:00,-1000
M0001,3075,2026-08-17,2026-08-17T13:35:21+09:00,-1100
M0001,3075,2026-08-17,2026-08-17T14:03:11+09:00,-1200
M0001,3075,2026-08-17,2026-08-17T14:36:43+09:00,-600
M0001,3075,2026-08-17,2026-08-17T15:59:33+09:00,-800
M0001,3075,2026-08-17,2026-08-17T17:09:07+09:00,-1000
M0001,3075,2026-08-17,2026-08-17T18:33:03+09:00,-1200
M0001,3075,2026-08-17,2026-08-17T19:09:23+09:00,-1500
M0001,3075,2026-08-17,2026-08-17T19:59:55+09:00,-1600
M0001,3075,2026-08-17,2026-08-17T20:35:21+09:00,100
M0001,3075,2026-08-17,2026-08-17T21:13:05+09:00,700
M0001,3075,2026-08-17,2026-08-17T21:59:13+09:00,1400
M0001,3075,2026-08-17,2026-08-17T22:34:49+09:00,1000
M0002,3076,2026-08-17,2026-08-17T10:52:31+09:00,0
M0002,3076,2026-08-17,2026-08-17T11:28:29+09:00,100
M0002,3076,2026-08-17,2026-08-17T12:02:23+09:00,-200
M0002,3076,2026-08-17,2026-08-17T12:34:35+09:00,-900
M0002,3076,2026-08-17,2026-08-17T13:07:15+09:00,-1500
M0002,3076,2026-08-17,2026-08-17T13:35:21+09:00,-500
M0002,3076,2026-08-17,2026-08-17T15:11:21+09:00,-1100
M0002,3076,2026-08-17,2026-08-17T15:59:33+09:00,-200
M0002,3076,2026-08-17,2026-08-17T16:33:27+09:00,100
M0002,3076,2026-08-17,2026-08-17T17:09:07+09:00,0
M0002,3076,2026-08-17,2026-08-17T17:58:27+09:00,100
M0002,3076,2026-08-17,2026-08-17T18:33:03+09:00,300
M0002,3076,2026-08-17,2026-08-17T19:09:23+09:00,700
M0002,3076,2026-08-17,2026-08-17T19:59:55+09:00,200
M0002,3076,2026-08-17,2026-08-17T20:35:21+09:00,2100
M0002,3076,2026-08-17,2026-08-17T21:13:05+09:00,2400
M0002,3076,2026-08-17,2026-08-17T21:59:13+09:00,4900
M0002,3076,2026-08-17,2026-08-17T22:34:49+09:00,4800
M0003,3077,2026-08-17,2026-08-17T10:52:31+09:00,-200
M0003,3077,2026-08-17,2026-08-17T11:28:29+09:00,-600
M0003,3077,2026-08-17,2026-08-17T12:02:23+09:00,-1300
M0003,3077,2026-08-17,2026-08-17T12:34:35+09:00,-1000
M0003,3077,2026-08-17,2026-08-17T15:11:21+09:00,-1300
M0003,3077,2026-08-17,2026-08-17T15:59:33+09:00,-1400
M0003,3077,2026-08-17,2026-08-17T16:33:27+09:00,-1900
M0003,3077,2026-08-17,2026-08-17T17:09:07+09:00,-1600
M0003,3077,2026-08-17,2026-08-17T17:58:27+09:00,-900
M0003,3077,2026-08-17,2026-08-17T18:33:03+09:00,1200
M0003,3077,2026-08-17,2026-08-17T19:09:23+09:00,2000
M0003,3077,2026-08-17,2026-08-17T19:59:55+09:00,1500
M0003,3077,2026-08-17,2026-08-17T20:35:21+09:00,900
M0003,3077,2026-08-17,2026-08-17T21:13:05+09:00,1800
M0003,3077,2026-08-17,2026-08-17T21:59:13+09:00,2300
M0003,3077,2026-08-17,2026-08-17T22:34:49+09:00,2400
M0003,3077,2026-08-17,2026-08-17T23:11:50+09:00,1900
M0004,3078,2026-08-17,2026-08-17T10:52:31+09:00,0
M0004,3078,2026-08-17,2026-08-17T12:02:23+09:00,-500
M0004,3078,2026-08-17,2026-08-17T12:34:35+09:00,-800
M0004,3078,2026-08-17,2026-08-17T13:07:15+09:00,-1600
M0004,3078,2026-08-17,2026-08-17T13:35:21+09:00,-1300
M0004,3078,2026-08-17,2026-08-17T14:03:11+09:00,-1400
M0004,3078,2026-08-17,2026-08-17T14:36:43+09:00,-100
M0004,3078,2026-08-17,2026-08-17T15:11:21+09:00,500
M0004,3078,2026-08-17,2026-08-17T16:33:27+09:00,0
M0004,3078,2026-08-17,2026-08-17T17:09:07+09:00,-300
M0004,3078,2026-08-17,2026-08-17T19:09:23+09:00,-900
M0004,3078,2026-08-17,2026-08-17T19:59:55+09:00,-500
M0004,3078,2026-08-17,2026-08-17T20:35:21+09:00,-1100
M0004,3078,2026-08-17,2026-08-17T21:13:05+09:00,-2400
M0004,3078,2026-08-17,2026-08-17T21:59:13+09:00,-2100
M0005,3079,2026-08-17,2026-08-17T10:52:31+09:00,-200
M0005,3079,2026-08-17,2026-08-17T11:28:29+09:00,-900
M0005,3079,2026-08-17,2026-08-17T12:02:23+09:00,-600
M0005,3079,2026-08-17,2026-08-17T16:33:27+09:00,-1100
M0005,3079,2026-08-17,2026-08-17T17:09:07+09:00,-900
M0005,3079,2026-08-17,2026-08-17T17:58:27+09:00,-600
M0005,3079,2026-08-17,2026-08-17T18:33:03+09:00,-1300
M0005,3079,2026-08-17,2026-08-17T19:09:23+09:00,-2300
M0005,3079,2026-08-17,2026-08-17T19:59:55+09:00,-2100
M0005,3079,2026-08-17,2026-08-17T20:35:21+09:00,1100
M0005,3079,2026-08-17,2026-08-17T21:13:05+09:00,4500
M0005,3079,2026-08-17,2026-08-17T21:59:13+09:00,4600
M0005,3079,2026-08-17,2026-08-17T22:34:49+09:00,4700
M0006,3080,2026-08-17,2026-08-17T10:52:31+09:00,0
M0006,3080,2026-08-17,2026-08-17T11:28:29+09:00,-600
M0006,3080,2026-08-17,2026-08-17T12:02:23+09:00,-300
M0006,3080,2026-08-17,2026-08-17T13:07:15+09:00,-900
M0006,3080,2026-08-17,2026-08-17T13:35:21+09:00,-1500
M0006,3080,2026-08-17,2026-08-17T14:03:11+09:00,-1900
M0006,3080,2026-08-17,2026-08-17T14:36:43+09:00,-2400
M0006,3080,2026-08-17,2026-08-17T15:11:21+09:00,-2600
M0006,3080,2026-08-17,2026-08-17T15:59:33+09:00,-3400
M0006,3080,2026-08-17,2026-08-17T16:33:27+09:00,-2500
M0006,3080,2026-08-17,2026-08-17T19:09:23+09:00,-3000
M0006,3080,2026-08-17,2026-08-17T19:59:55+09:00,-2500
M0006,3080,2026-08-17,2026-08-17T21:13:05+09:00,-2800
M0006,3080,2026-08-17,2026-08-17T21:59:13+09:00,-2900
M0006,3080,2026-08-17,2026-08-17T23:11:50+09:00,-2200
M0007,3081,2026-08-17,2026-08-17T10:52:31+09:00,0
M0007,3081,2026-08-17,2026-08-17T13:07:15+09:00,2000
M0007,3081,2026-08-17,2026-08-17T13:35:21+09:00,3500
M0007,3081,2026-08-17,2026-08-17T14:03:11+09:00,2800
M0007,3081,2026-08-17,2026-08-17T14:36:43+09:00,3000
M0007,3081,2026-08-17,2026-08-17T15:11:21+09:00,2900
M0007,3081,2026-08-17,2026-08-17T15:59:33+09:00,2400
M0007,3081,2026-08-17,2026-08-17T16:33:27+09:00,2000
M0007,3081,2026-08-17,2026-08-17T17:09:07+09:00,2200
M0007,3081,2026-08-17,2026-08-17T17:58:27+09:00,2000
M0007,3081,2026-08-17,2026-08-17T18:33:03+09:00,2800
M0007,3081,2026-08-17,2026-08-17T19:09:23+09:00,2400
M0007,3081,2026-08-17,2026-08-17T19:59:55+09:00,1900
M0007,3081,2026-08-17,2026-08-17T20:35:21+09:00,3500
M0007,3081,2026-08-17,2026-08-17T21:13:05+09:00,6500
M0007,3081,2026-08-17,2026-08-17T21:59:13+09:00,7500
M0007,3081,2026-08-17,2026-08-17T22:34:49+09:00,8900
M0008,3082,2026-08-17,2026-08-17T10:52:31+09:00,0
M0008,3082,2026-08-17,2026-08-17T12:34:35+09:00,-400
M0008,3082,2026-08-17,2026-08-17T13:07:15+09:00,-500
M0008,3082,2026-08-17,2026-08-17T14:36:43+09:00,-1100
M0008,3082,2026-08-17,2026-08-17T15:11:21+09:00,-900
M0008,3082,2026-08-17,2026-08-17T17:58:27+09:00,-1200
M0008,3082,2026-08-17,2026-08-17T18:33:03+09:00,-1700
M0008,3082,2026-08-17,2026-08-17T19:09:23+09:00,-200
M0008,3082,2026-08-17,2026-08-17T19:59:55+09:00,400
M0008,3082,2026-08-17,2026-08-17T20:35:21+09:00,-400
M0008,3082,2026-08-17,2026-08-17T21:13:05+09:00,0
M0008,3082,2026-08-17,2026-08-17T21:59:13+09:00,-700
M0008,3082,2026-08-17,2026-08-17T22:34:49+09:00,-900
M0009,3083,2026-08-17,2026-08-17T10:52:31+09:00,-100
M0009,3083,2026-08-17,2026-08-17T11:28:29+09:00,-200
M0009,3083,2026-08-17,2026-08-17T12:02:23+09:00,-800
M0009,3083,2026-08-17,2026-08-17T12:34:35+09:00,-1400
M0009,3083,2026-08-17,2026-08-17T13:07:15+09:00,-2100
M0009,3083,2026-08-17,2026-08-17T13:35:21+09:00,-2000
M0009,3083,2026-08-17,2026-08-17T14:03:11+09:00,-1700
M0009,3083,2026-08-17,2026-08-17T16:33:27+09:00,-1900
M0009,3083,2026-08-17,2026-08-17T18:33:03+09:00,-2100
M0009,3083,2026-08-17,2026-08-17T19:09:23+09:00,-2400
M0009,3083,2026-08-17,2026-08-17T19:59:55+09:00,-2800
M0009,3083,2026-08-17,2026-08-17T20:35:21+09:00,-3500
M0009,3083,2026-08-17,2026-08-17T21:13:05+09:00,-3300
M0009,3083,2026-08-17,2026-08-17T21:59:13+09:00,-1200
M0009,3083,2026-08-17,2026-08-17T22:34:49+09:00,-800
M0009,3083,2026-08-17,2026-08-17T23:11:50+09:00,-900
M0010,3084,2026-08-17,2026-08-17T10:52:31+09:00,0
M0010,3084,2026-08-17,2026-08-17T12:02:23+09:00,-500
M0010,3084,2026-08-17,2026-08-17T12:34:35+09:00,-600
M0010,3084,2026-08-17,2026-08-17T14:03:11+09:00,-1100
M0010,3084,2026-08-17,2026-08-17T14:36:43+09:00,-1000
M0010,3084,2026-08-17,2026-08-17T15:11:21+09:00,700
M0010,3084,2026-08-17,2026-08-17T17:09:07+09:00,100
M0010,3084,2026-08-17,2026-08-17T17:58:27+09:00,900
M0010,3084,2026-08-17,2026-08-17T19:09:23+09:00,100
M0010,3084,2026-08-17,2026-08-17T19:59:55+09:00,700
M0010,3084,2026-08-17,2026-08-17T21:13:05+09:00,500
M0010,3084,2026-08-17,2026-08-17T21:59:13+09:00,100
M0010,3084,2026-08-17,2026-08-17T22:34:49+09:00,-500
M0010,3084,2026-08-17,2026-08-17T23:11:50+09:00,500
M0011,3085,2026-08-17,2026-08-17T10:52:31+09:00,0
M0011,3085,2026-08-17,2026-08-17T11:28:29+09:00,-400
M0011,3085,2026-08-17,2026-08-17T12:02:23+09:00,-500
M0011,3085,2026-08-17,2026-08-17T14:36:43+09:00,-900
M0011,3085,2026-08-17,2026-08-17T15:11:21+09:00,-2000
M0011,3085,2026-08-17,2026-08-17T15:59:33+09:00,-2300
M0011,3085,2026-08-17,2026-08-17T16:33:27+09:00,-2000
M0011,3085,2026-08-17,2026-08-17T17:09:07+09:00,-1900
M0011,3085,2026-08-17,2026-08-17T17:58:27+09:00,-2100
M0011,3085,2026-08-17,2026-08-17T19:59:55+09:00,-2600
M0011,3085,2026-08-17,2026-08-17T20:35:21+09:00,-3300
M0011,3085,2026-08-17,2026-08-17T21:13:05+09:00,-3600
M0011,3085,2026-08-17,2026-08-17T21:59:13+09:00,-3900
M0011,3085,2026-08-17,2026-08-17T22:34:49+09:00,-4600
M0011,3085,2026-08-17,2026-08-17T23:11:50+09:00,-4800
M0012,3086,2026-08-17,2026-08-17T10:52:31+09:00,-100
M0012,3086,2026-08-17,2026-08-17T11:28:29+09:00,-600
M0012,3086,2026-08-17,2026-08-17T12:02:23+09:00,-400
M0012,3086,2026-08-17,2026-08-17T12:34:35+09:00,-900
M0012,3086,2026-08-17,2026-08-17T13:07:15+09:00,-1100
M0012,3086,2026-08-17,2026-08-17T14:36:43+09:00,-1500
M0012,3086,2026-08-17,2026-08-17T15:11:21+09:00,2000
M0012,3086,2026-08-17,2026-08-17T15:59:33+09:00,3800
M0012,3086,2026-08-17,2026-08-17T16:33:27+09:00,6100
M0012,3086,2026-08-17,2026-08-17T17:09:07+09:00,5900
M0012,3086,2026-08-17,2026-08-17T17:58:27+09:00,5600
M0012,3086,2026-08-17,2026-08-17T18:33:03+09:00,5200
M0012,3086,2026-08-17,2026-08-17T19:09:23+09:00,3900
M0012,3086,2026-08-17,2026-08-17T19:59:55+09:00,5900
M0012,3086,2026-08-17,2026-08-17T20:35:21+09:00,6400
M0012,3086,2026-08-17,2026-08-17T21:13:05+09:00,6600
M0012,3086,2026-08-17,2026-08-17T22:34:49+09:00,6500
M0012,3086,2026-08-17,2026-08-17T23:11:50+09:00,6000
M0013,3087,2026-08-17,2026-08-17T10:52:31+09:00,0
M0013,3087,2026-08-17,2026-08-17T13:07:15+09:00,-200
M0013,3087,2026-08-17,2026-08-17T13:35:21+09:00,-900
M0013,3087,2026-08-17,2026-08-17T14:03:11+09:00,-100
M0013,3087,2026-08-17,2026-08-17T14:36:43+09:00,-800
M0013,3087,2026-08-17,2026-08-17T15:11:21+09:00,-1200
M0013,3087,2026-08-17,2026-08-17T15:59:33+09:00,-600
M0013,3087,2026-08-17,2026-08-17T16:33:27+09:00,1300
M0013,3087,2026-08-17,2026-08-17T17:09:07+09:00,900
M0013,3087,2026-08-17,2026-08-17T17:58:27+09:00,1100
M0013,3087,2026-08-17,2026-08-17T18:33:03+09:00,1600
M0013,3087,2026-08-17,2026-08-17T19:09:23+09:00,200
M0013,3087,2026-08-17,2026-08-17T19:59:55+09:00,-100
M0013,3087,2026-08-17,2026-08-17T20:35:21+09:00,1200
M0013,3087,2026-08-17,2026-08-17T21:13:05+09:00,2400
M0013,3087,2026-08-17,2026-08-17T21:59:13+09:00,1800
M0013,3087,2026-08-17,2026-08-17T22:34:49+09:00,1300
M0013,3087,2026-08-17,2026-08-17T23:11:50+09:00,1100
M0014,3150,2026-08-17,2026-08-17T10:52:31+09:00,0
M0014,3150,2026-08-17,2026-08-17T12:34:35+09:00,-500
M0014,3150,2026-08-17,2026-08-17T13:07:15+09:00,-300
M0014,3150,2026-08-17,2026-08-17T13:35:21+09:00,0
M0014,3150,2026-08-17,2026-08-17T19:59:55+09:00,200
M0014,3150,2026-08-17,2026-08-17T20:35:21+09:00,-100
M0014,3150,2026-08-17,2026-08-17T21:13:05+09:00,-700
M0014,3150,2026-08-17,2026-08-17T21:59:13+09:00,100
M0014,3150,2026-08-17,2026-08-17T22:34:49+09:00,-600
M0014,3150,2026-08-17,2026-08-17T23:11:50+09:00,-700
M0015,3151,2026-08-17,2026-08-17T10:52:31+09:00,0
M0015,3151,2026-08-17,2026-08-17T11:28:29+09:00,-500
M0015,3151,2026-08-17,2026-08-17T12:02:23+09:00,-800
M0015,3151,2026-08-17,2026-08-17T12:34:35+09:00,-1300
M0015,3151,2026-08-17,2026-08-17T13:07:15+09:00,-600
M0015,3151,2026-08-17,2026-08-17T13:35:21+09:00,-1200
M0015,3151,2026-08-17,2026-08-17T14:03:11+09:00,-1800
M0015,3151,2026-08-17,2026-08-17T14:36:43+09:00,-1100
M0015,3151,2026-08-17,2026-08-17T15:11:21+09:00,-400
M0015,3151,2026-08-17,2026-08-17T15:59:33+09:00,-800
M0015,3151,2026-08-17,2026-08-17T16:33:27+09:00,-900
M0015,3151,2026-08-17,2026-08-17T17:09:07+09:00,-2400
M0015,3151,2026-08-17,2026-08-17T18:33:03+09:00,-3100
M0015,3151,2026-08-17,2026-08-17T19:09:23+09:00,-4300
M0015,3151,2026-08-17,2026-08-17T19:59:55+09:00,-4900
M0015,3151,2026-08-17,2026-08-17T20:35:21+09:00,-3000
M0015,3151,2026-08-17,2026-08-17T21:13:05+09:00,-2600
M0016,3152,2026-08-17,2026-08-17T10:52:31+09:00,0
M0016,3152,2026-08-17,2026-08-17T13:07:15+09:00,-200
M0016,3152,2026-08-17,2026-08-17T13:35:21+09:00,400
M0016,3152,2026-08-17,2026-08-17T14:03:11+09:00,100
M0016,3152,2026-08-17,2026-08-17T14:36:43+09:00,-400
M0016,3152,2026-08-17,2026-08-17T15:11:21+09:00,0
M0016,3152,2026-08-17,2026-08-17T15:59:33+09:00,500
M0016,3152,2026-08-17,2026-08-17T16:33:27+09:00,700
M0016,3152,2026-08-17,2026-08-17T17:09:07+09:00,-400
M0016,3152,2026-08-17,2026-08-17T19:59:55+09:00,-600
M0016,3152,2026-08-17,2026-08-17T20:35:21+09:00,-1200
M0016,3152,2026-08-17,2026-08-17T21:13:05+09:00,-100
M0016,3152,2026-08-17,2026-08-17T21:59:13+09:00,100
M0016,3152,2026-08-17,2026-08-17T22:34:49+09:00,-300
M0016,3152,2026-08-17,2026-08-17T23:11:50+09:00,-200
M0017,3153,2026-08-17,2026-08-17T10:52:31+09:00,0
M0017,3153,2026-08-17,2026-08-17T11:28:29+09:00,-800
M0017,3153,2026-08-17,2026-08-17T12:02:23+09:00,-900
M0017,3153,2026-08-17,2026-08-17T14:36:43+09:00,-1200
M0017,3153,2026-08-17,2026-08-17T15:11:21+09:00,-400
M0017,3153,2026-08-17,2026-08-17T19:59:55+09:00,-1100
M0017,3153,2026-08-17,2026-08-17T20:35:21+09:00,-1500
M0017,3153,2026-08-17,2026-08-17T21:13:05+09:00,-400
M0017,3153,2026-08-17,2026-08-17T21:59:13+09:00,0
M0017,3153,2026-08-17,2026-08-17T22:34:49+09:00,-200
M0017,3153,2026-08-17,2026-08-17T23:11:50+09:00,900
M0018,3154,2026-08-17,2026-08-17T10:52:31+09:00,-100
M0018,3154,2026-08-17,2026-08-17T11:28:29+09:00,300
M0018,3154,2026-08-17,2026-08-17T12:02:23+09:00,600
M0018,3154,2026-08-17,2026-08-17T12:34:35+09:00,3100
M0018,3154,2026-08-17,2026-08-17T13:07:15+09:00,3900
M0018,3154,2026-08-17,2026-08-17T13:35:21+09:00,4600
M0018,3154,2026-08-17,2026-08-17T14:03:11+09:00,4100
M0018,3154,2026-08-17,2026-08-17T14:36:43+09:00,4300
M0018,3154,2026-08-17,2026-08-17T15:11:21+09:00,4000
M0018,3154,2026-08-17,2026-08-17T15:59:33+09:00,4800
M0018,3154,2026-08-17,2026-08-17T16:33:27+09:00,4300
M0018,3154,2026-08-17,2026-08-17T17:58:27+09:00,4000
M0018,3154,2026-08-17,2026-08-17T18:33:03+09:00,3400
M0018,3154,2026-08-17,2026-08-17T19:09:23+09:00,3500
M0018,3154,2026-08-17,2026-08-17T19:59:55+09:00,2900
M0018,3154,2026-08-17,2026-08-17T20:35:21+09:00,3600
M0018,3154,2026-08-17,2026-08-17T21:59:13+09:00,3700
M0018,3154,2026-08-17,2026-08-17T22:34:49+09:00,4000
M0019,3155,2026-08-17,2026-08-17T10:52:31+09:00,0
M0019,3155,2026-08-17,2026-08-17T12:02:23+09:00,-200
M0019,3155,2026-08-17,2026-08-17T12:34:35+09:00,-600
M0019,3155,2026-08-17,2026-08-17T13:07:15+09:00,-900
M0019,3155,2026-08-17,2026-08-17T13:35:21+09:00,-1000
M0019,3155,2026-08-17,2026-08-17T14:36:43+09:00,-1200
M0019,3155,2026-08-17,2026-08-17T15:11:21+09:00,-1900
M0019,3155,2026-08-17,2026-08-17T16:33:27+09:00,-2200
M0019,3155,2026-08-17,2026-08-17T17:09:07+09:00,-3100
M0019,3155,2026-08-17,2026-08-17T17:58:27+09:00,-2400
M0020,3156,2026-08-17,2026-08-17T10:52:31+09:00,0
M0020,3156,2026-08-17,2026-08-17T13:07:15+09:00,-300
M0020,3156,2026-08-17,2026-08-17T13:35:21+09:00,-1000
M0020,3156,2026-08-17,2026-08-17T14:03:11+09:00,-900
M0020,3156,2026-08-17,2026-08-17T14:36:43+09:00,-1000
M0020,3156,2026-08-17,2026-08-17T19:09:23+09:00,-1900
M0020,3156,2026-08-17,2026-08-17T19:59:55+09:00,-1600
M0020,3156,2026-08-17,2026-08-17T20:35:21+09:00,-2100
M0020,3156,2026-08-17,2026-08-17T21:13:05+09:00,-1900
M0020,3156,2026-08-17,2026-08-17T21:59:13+09:00,-2600
M0020,3156,2026-08-17,2026-08-17T22:34:49+09:00,-2800
M0021,3157,2026-08-17,2026-08-17T10:52:31+09:00,-100
M0021,3157,2026-08-17,2026-08-17T12:02:23+09:00,200
M0021,3157,2026-08-17,2026-08-17T13:07:15+09:00,-500
M0021,3157,2026-08-17,2026-08-17T13:35:21+09:00,-1100
M0021,3157,2026-08-17,2026-08-17T14:03:11+09:00,-1700
M0021,3157,2026-08-17,2026-08-17T14:36:43+09:00,-2200
M0021,3157,2026-08-17,2026-08-17T15:11:21+09:00,-2800
M0021,3157,2026-08-17,2026-08-17T15:59:33+09:00,-3200
M0021,3157,2026-08-17,2026-08-17T16:33:27+09:00,-3400
M0021,3157,2026-08-17,2026-08-17T17:09:07+09:00,-3800
M0021,3157,2026-08-17,2026-08-17T17:58:27+09:00,-4200
M0021,3157,2026-08-17,2026-08-17T18:33:03+09:00,-4300
M0021,3157,2026-08-17,2026-08-17T19:09:23+09:00,-4400
M0021,3157,2026-08-17,2026-08-17T19:59:55+09:00,-3400
M0021,3157,2026-08-17,2026-08-17T20:35:21+09:00,-2400
M0021,3157,2026-08-17,2026-08-17T21:13:05+09:00,-1900
M0021,3157,2026-08-17,2026-08-17T21:59:13+09:00,-2500
M0021,3157,2026-08-17,2026-08-17T22:34:49+09:00,-2100
M0021,3157,2026-08-17,2026-08-17T23:11:50+09:00,-100
M0022,3158,2026-08-17,2026-08-17T10:52:31+09:00,-100
M0022,3158,2026-08-17,2026-08-17T11:28:29+09:00,-900
M0022,3158,2026-08-17,2026-08-17T12:02:23+09:00,-700
M0022,3158,2026-08-17,2026-08-17T12:34:35+09:00,-300
M0022,3158,2026-08-17,2026-08-17T15:11:21+09:00,-1300
M0022,3158,2026-08-17,2026-08-17T15:59:33+09:00,-1500
M0022,3158,2026-08-17,2026-08-17T16:33:27+09:00,-1900
M0022,3158,2026-08-17,2026-08-17T18:33:03+09:00,-2200
M0022,3158,2026-08-17,2026-08-17T19:09:23+09:00,-1700
M0022,3158,2026-08-17,2026-08-17T19:59:55+09:00,-2400
M0022,3158,2026-08-17,2026-08-17T20:35:21+09:00,-3100
M0022,3158,2026-08-17,2026-08-17T21:13:05+09:00,-2900
M0023,3159,2026-08-17,2026-08-17T10:52:31+09:00,0
M0023,3159,2026-08-17,2026-08-17T11:28:29+09:00,100
M0023,3159,2026-08-17,2026-08-17T12:02:23+09:00,0
M0023,3159,2026-08-17,2026-08-17T12:34:35+09:00,-200
M0023,3159,2026-08-17,2026-08-17T13:07:15+09:00,-900
M0023,3159,2026-08-17,2026-08-17T13:35:21+09:00,-1300
M0023,3159,2026-08-17,2026-08-17T14:03:11+09:00,-500
M0023,3159,2026-08-17,2026-08-17T17:09:07+09:00,-600
M0023,3159,2026-08-17,2026-08-17T17:58:27+09:00,-1200
M0023,3159,2026-08-17,2026-08-17T18:33:03+09:00,-1900
M0023,3159,2026-08-17,2026-08-17T19:09:23+09:00,-900
M0023,3159,2026-08-17,2026-08-17T21:13:05+09:00,-1200
M0023,3159,2026-08-17,2026-08-17T21:59:13+09:00,-1900
M0023,3159,2026-08-17,2026-08-17T22:34:49+09:00,-2200
M0023,3159,2026-08-17,2026-08-17T23:11:50+09:00,-2000
M0024,3160,2026-08-17,2026-08-17T10:52:31+09:00,0
M0024,3160,2026-08-17,2026-08-17T12:34:35+09:00,-200
M0024,3160,2026-08-17,2026-08-17T13:07:15+09:00,-1000
M0024,3160,2026-08-17,2026-08-17T13:35:21+09:00,-1400
M0024,3160,2026-08-17,2026-08-17T14:03:11+09:00,-2000
M0024,3160,2026-08-17,2026-08-17T14:36:43+09:00,-1900
M0024,3160,2026-08-17,2026-08-17T15:11:21+09:00,-2500
M0024,3160,2026-08-17,2026-08-17T17:09:07+09:00,-2400
M0024,3160,2026-08-17,2026-08-17T17:58:27+09:00,-600
M0024,3160,2026-08-17,2026-08-17T18:33:03+09:00,1700
M0024,3160,2026-08-17,2026-08-17T19:09:23+09:00,2600
M0024,3160,2026-08-17,2026-08-17T19:59:55+09:00,2700
M0024,3160,2026-08-17,2026-08-17T20:35:21+09:00,2100
M0024,3160,2026-08-17,2026-08-17T21:13:05+09:00,2600
M0024,3160,2026-08-17,2026-08-17T21:59:13+09:00,2400
M0024,3160,2026-08-17,2026-08-17T22:34:49+09:00,2000
M0025,3161,2026-08-17,2026-08-17T10:52:31+09:00,0
M0025,3161,2026-08-17,2026-08-17T11:28:29+09:00,-600
M0025,3161,2026-08-17,2026-08-17T12:02:23+09:00,300
M0025,3161,2026-08-17,2026-08-17T15:59:33+09:00,-400
M0025,3161,2026-08-17,2026-08-17T16:33:27+09:00,-1000
M0025,3161,2026-08-17,2026-08-17T17:09:07+09:00,-1100
M0025,3161,2026-08-17,2026-08-17T17:58:27+09:00,-1200
M0025,3161,2026-08-17,2026-08-17T18:33:03+09:00,-1400
M0025,3161,2026-08-17,2026-08-17T19:59:55+09:00,-1600
M0025,3161,2026-08-17,2026-08-17T20:35:21+09:00,-2000
M0025,3161,2026-08-17,2026-08-17T21:13:05+09:00,-1600
M0025,3161,2026-08-17,2026-08-17T21:59:13+09:00,-200
M0025,3161,2026-08-17,2026-08-17T22:34:49+09:00,400
M0025,3161,2026-08-17,2026-08-17T23:11:50+09:00,-100
M0026,3162,2026-08-17,2026-08-17T10:52:31+09:00,0
M0026,3162,2026-08-17,2026-08-17T12:34:35+09:00,100
M0026,3162,2026-08-17,2026-08-17T13:07:15+09:00,1000
M0026,3162,2026-08-17,2026-08-17T15:11:21+09:00,1400
M0026,3162,2026-08-17,2026-08-17T17:09:07+09:00,1300
M0026,3162,2026-08-17,2026-08-17T17:58:27+09:00,1100
M0026,3162,2026-08-17,2026-08-17T18:33:03+09:00,400
M0026,3162,2026-08-17,2026-08-17T19:09:23+09:00,0
M0026,3162,2026-08-17,2026-08-17T19:59:55+09:00,-700
M0026,3162,2026-08-17,2026-08-17T20:35:21+09:00,-1300
M0026,3162,2026-08-17,2026-08-17T21:13:05+09:00,-700
M0027,3163,2026-08-17,2026-08-17T10:52:31+09:00,-100
M0027,3163,2026-08-17,2026-08-17T11:28:29+09:00,-600
M0027,3163,2026-08-17,2026-08-17T12:02:23+09:00,-300
M0027,3163,2026-08-17,2026-08-17T12:34:35+09:00,-400
M0027,3163,2026-08-17,2026-08-17T15:11:21+09:00,-800
M0027,3163,2026-08-17,2026-08-17T15:59:33+09:00,-1000
M0027,3163,2026-08-17,2026-08-17T16:33:27+09:00,-1300
M0027,3163,2026-08-17,2026-08-17T17:09:07+09:00,-2600
M0027,3163,2026-08-17,2026-08-17T17:58:27+09:00,-3300
M0027,3163,2026-08-17,2026-08-17T18:33:03+09:00,-3500
M0027,3163,2026-08-17,2026-08-17T19:09:23+09:00,-3900
M0027,3163,2026-08-17,2026-08-17T20:35:21+09:00,-4300
M0027,3163,2026-08-17,2026-08-17T21:13:05+09:00,-5400
M0027,3163,2026-08-17,2026-08-17T21:59:13+09:00,-6000
M0027,3163,2026-08-17,2026-08-17T22:34:49+09:00,-5500
M0028,3164,2026-08-17,2026-08-17T10:52:31+09:00,0
M0028,3164,2026-08-17,2026-08-17T12:02:23+09:00,-300
M0028,3164,2026-08-17,2026-08-17T12:34:35+09:00,-1000
M0028,3164,2026-08-17,2026-08-17T13:07:15+09:00,-800
M0028,3164,2026-08-17,2026-08-17T15:11:21+09:00,-1700
M0028,3164,2026-08-17,2026-08-17T15:59:33+09:00,-2300
M0028,3164,2026-08-17,2026-08-17T16:33:27+09:00,-1900
M0028,3164,2026-08-17,2026-08-17T20:35:21+09:00,-1600
M0028,3164,2026-08-17,2026-08-17T21:13:05+09:00,-1800
M0029,3165,2026-08-17,2026-08-17T10:52:31+09:00,-100
M0029,3165,2026-08-17,2026-08-17T11:28:29+09:00,-500
M0029,3165,2026-08-17,2026-08-17T12:02:23+09:00,-1200
M0029,3165,2026-08-17,2026-08-17T12:34:35+09:00,-500
M0029,3165,2026-08-17,2026-08-17T13:07:15+09:00,-1200
M0029,3165,2026-08-17,2026-08-17T13:35:21+09:00,-1300
M0029,3165,2026-08-17,2026-08-17T14:03:11+09:00,-1600
M0029,3165,2026-08-17,2026-08-17T14:36:43+09:00,-2000
M0029,3165,2026-08-17,2026-08-17T15:11:21+09:00,-2800
M0029,3165,2026-08-17,2026-08-17T16:33:27+09:00,-3400
M0029,3165,2026-08-17,2026-08-17T17:09:07+09:00,-3200
M0029,3165,2026-08-17,2026-08-17T17:58:27+09:00,-2000
M0029,3165,2026-08-17,2026-08-17T19:59:55+09:00,-2700
M0029,3165,2026-08-17,2026-08-17T20:35:21+09:00,-3200
M0029,3165,2026-08-17,2026-08-17T21:13:05+09:00,-2200
M0030,3166,2026-08-17,2026-08-17T10:52:31+09:00,-100
M0030,3166,2026-08-17,2026-08-17T11:28:29+09:00,300
M0030,3166,2026-08-17,2026-08-17T12:02:23+09:00,100
M0030,3166,2026-08-17,2026-08-17T12:34:35+09:00,1600
M0030,3166,2026-08-17,2026-08-17T13:07:15+09:00,1000
M0030,3166,2026-08-17,2026-08-17T13:35:21+09:00,600
M0030,3166,2026-08-17,2026-08-17T14:03:11+09:00,0
M0030,3166,2026-08-17,2026-08-17T14:36:43+09:00,-500
M0030,3166,2026-08-17,2026-08-17T15:59:33+09:00,-400
M0030,3166,2026-08-17,2026-08-17T17:09:07+09:00,-1100
M0030,3166,2026-08-17,2026-08-17T17:58:27+09:00,-900
M0030,3166,2026-08-17,2026-08-17T18:33:03+09:00,-1300
M0030,3166,2026-08-17,2026-08-17T19:09:23+09:00,-1100
M0030,3166,2026-08-17,2026-08-17T19:59:55+09:00,-1800
M0030,3166,2026-08-17,2026-08-17T20:35:21+09:00,-1300
M0030,3166,2026-08-17,2026-08-17T21:13:05+09:00,-1700
M0001,3075,2026-08-18,2026-08-18T10:52:51+09:00,200
M0001,3075,2026-08-18,2026-08-18T11:28:45+09:00,-100
M0001,3075,2026-08-18,2026-08-18T12:02:47+09:00,-800
M0001,3075,2026-08-18,2026-08-18T12:35:21+09:00,100
M0001,3075,2026-08-18,2026-08-18T14:04:28+09:00,-300
M0001,3075,2026-08-18,2026-08-18T14:37:28+09:00,-200
M0001,3075,2026-08-18,2026-08-18T15:11:53+09:00,-1400
M0001,3075,2026-08-18,2026-08-18T15:59:35+09:00,200
M0001,3075,2026-08-18,2026-08-18T16:33:08+09:00,-300
M0001,3075,2026-08-18,2026-08-18T17:08:27+09:00,400
M0001,3075,2026-08-18,2026-08-18T17:59:01+09:00,2000
M0001,3075,2026-08-18,2026-08-18T18:33:31+09:00,1700
M0001,3075,2026-08-18,2026-08-18T19:09:25+09:00,2100
M0001,3075,2026-08-18,2026-08-18T19:59:53+09:00,1400
M0001,3075,2026-08-18,2026-08-18T20:35:25+09:00,2300
M0001,3075,2026-08-18,2026-08-18T21:11:41+09:00,2200
M0001,3075,2026-08-18,2026-08-18T21:57:39+09:00,2000
M0001,3075,2026-08-18,2026-08-18T22:33:27+09:00,2100
M0001,3075,2026-08-18,2026-08-18T23:10:31+09:00,1900
M0002,3076,2026-08-18,2026-08-18T10:52:51+09:00,-200
M0002,3076,2026-08-18,2026-08-18T11:28:45+09:00,400
M0002,3076,2026-08-18,2026-08-18T12:02:47+09:00,-400
M0002,3076,2026-08-18,2026-08-18T12:35:21+09:00,-600
M0002,3076,2026-08-18,2026-08-18T13:07:37+09:00,200
M0002,3076,2026-08-18,2026-08-18T14:37:28+09:00,-300
M0002,3076,2026-08-18,2026-08-18T15:11:53+09:00,-1200
M0002,3076,2026-08-18,2026-08-18T15:59:35+09:00,-1900
M0002,3076,2026-08-18,2026-08-18T16:33:08+09:00,-2300
M0002,3076,2026-08-18,2026-08-18T17:59:01+09:00,-2200
M0002,3076,2026-08-18,2026-08-18T19:09:25+09:00,-2900
M0002,3076,2026-08-18,2026-08-18T20:35:25+09:00,-3100
M0002,3076,2026-08-18,2026-08-18T21:11:41+09:00,-4100
M0002,3076,2026-08-18,2026-08-18T21:57:39+09:00,-4200
M0003,3077,2026-08-18,2026-08-18T10:52:51+09:00,-300
M0003,3077,2026-08-18,2026-08-18T11:28:45+09:00,-1000
M0003,3077,2026-08-18,2026-08-18T12:02:47+09:00,1200
M0003,3077,2026-08-18,2026-08-18T12:35:21+09:00,1900
M0003,3077,2026-08-18,2026-08-18T13:07:37+09:00,1200
M0003,3077,2026-08-18,2026-08-18T13:35:43+09:00,1000
M0003,3077,2026-08-18,2026-08-18T14:04:28+09:00,1500
M0003,3077,2026-08-18,2026-08-18T14:37:28+09:00,800
M0003,3077,2026-08-18,2026-08-18T15:11:53+09:00,700
M0003,3077,2026-08-18,2026-08-18T15:59:35+09:00,0
M0003,3077,2026-08-18,2026-08-18T16:33:08+09:00,700
M0003,3077,2026-08-18,2026-08-18T17:59:01+09:00,300
M0003,3077,2026-08-18,2026-08-18T19:09:25+09:00,2200
M0003,3077,2026-08-18,2026-08-18T19:59:53+09:00,5500
M0003,3077,2026-08-18,2026-08-18T20:35:25+09:00,6300
M0003,3077,2026-08-18,2026-08-18T21:57:39+09:00,6000
M0004,3078,2026-08-18,2026-08-18T10:52:51+09:00,-100
M0004,3078,2026-08-18,2026-08-18T11:28:45+09:00,-900
M0004,3078,2026-08-18,2026-08-18T12:02:47+09:00,-1600
M0004,3078,2026-08-18,2026-08-18T12:35:21+09:00,-2200
M0004,3078,2026-08-18,2026-08-18T13:07:37+09:00,-1000
M0004,3078,2026-08-18,2026-08-18T13:35:43+09:00,-700
M0004,3078,2026-08-18,2026-08-18T14:04:28+09:00,-900
M0004,3078,2026-08-18,2026-08-18T14:37:28+09:00,-1000
M0004,3078,2026-08-18,2026-08-18T15:11:53+09:00,-2300
M0004,3078,2026-08-18,2026-08-18T15:59:35+09:00,-2600
M0004,3078,2026-08-18,2026-08-18T17:08:27+09:00,-1800
M0005,3079,2026-08-18,2026-08-18T10:52:51+09:00,-200
M0005,3079,2026-08-18,2026-08-18T11:28:45+09:00,-600
M0005,3079,2026-08-18,2026-08-18T12:02:47+09:00,-700
M0005,3079,2026-08-18,2026-08-18T13:07:37+09:00,-1100
M0005,3079,2026-08-18,2026-08-18T13:35:43+09:00,-1800
M0005,3079,2026-08-18,2026-08-18T14:04:28+09:00,-1500
M0005,3079,2026-08-18,2026-08-18T14:37:28+09:00,-2000
M0005,3079,2026-08-18,2026-08-18T15:11:53+09:00,-500
M0005,3079,2026-08-18,2026-08-18T15:59:35+09:00,-700
M0005,3079,2026-08-18,2026-08-18T16:33:08+09:00,-1300
M0005,3079,2026-08-18,2026-08-18T17:08:27+09:00,-2600
M0005,3079,2026-08-18,2026-08-18T17:59:01+09:00,-3000
M0005,3079,2026-08-18,2026-08-18T18:33:31+09:00,-2000
M0005,3079,2026-08-18,2026-08-18T19:09:25+09:00,-2800
M0005,3079,2026-08-18,2026-08-18T19:59:53+09:00,-2400
M0005,3079,2026-08-18,2026-08-18T21:11:41+09:00,-3500
M0005,3079,2026-08-18,2026-08-18T21:57:39+09:00,-3700
M0005,3079,2026-08-18,2026-08-18T23:10:31+09:00,-3900
M0006,3080,2026-08-18,2026-08-18T10:52:51+09:00,-100
M0006,3080,2026-08-18,2026-08-18T11:28:45+09:00,-600
M0006,3080,2026-08-18,2026-08-18T12:02:47+09:00,-1300
M0006,3080,2026-08-18,2026-08-18T12:35:21+09:00,-1700
M0006,3080,2026-08-18,2026-08-18T13:07:37+09:00,-2400
M0006,3080,2026-08-18,2026-08-18T13:35:43+09:00,-1800
M0006,3080,2026-08-18,2026-08-18T14:04:28+09:00,-1200
M0006,3080,2026-08-18,2026-08-18T15:11:53+09:00,-1300
M0006,3080,2026-08-18,2026-08-18T17:08:27+09:00,-1400
M0006,3080,2026-08-18,2026-08-18T17:59:01+09:00,-2200
M0006,3080,2026-08-18,2026-08-18T18:33:31+09:00,-1400
M0006,3080,2026-08-18,2026-08-18T19:09:25+09:00,-800
M0006,3080,2026-08-18,2026-08-18T19:59:53+09:00,-400
M0006,3080,2026-08-18,2026-08-18T22:33:27+09:00,-600
M0006,3080,2026-08-18,2026-08-18T23:10:31+09:00,-1100
M0007,3081,2026-08-18,2026-08-18T10:52:51+09:00,-100
M0007,3081,2026-08-18,2026-08-18T11:28:45+09:00,700
M0007,3081,2026-08-18,2026-08-18T12:02:47+09:00,1400
M0007,3081,2026-08-18,2026-08-18T12:35:21+09:00,3100
M0007,3081,2026-08-18,2026-08-18T13:07:37+09:00,3700
M0007,3081,2026-08-18,2026-08-18T13:35:43+09:00,3500
M0007,3081,2026-08-18,2026-08-18T14:04:28+09:00,3400
M0007,3081,2026-08-18,2026-08-18T14:37:28+09:00,3200
M0007,3081,2026-08-18,2026-08-18T15:11:53+09:00,3100
M0007,3081,2026-08-18,2026-08-18T15:59:35+09:00,2900
M0007,3081,2026-08-18,2026-08-18T16:33:08+09:00,3100
M0007,3081,2026-08-18,2026-08-18T17:08:27+09:00,3500
M0007,3081,2026-08-18,2026-08-18T18:33:31+09:00,3200
M0007,3081,2026-08-18,2026-08-18T19:09:25+09:00,2600
M0007,3081,2026-08-18,2026-08-18T19:59:53+09:00,1900
M0007,3081,2026-08-18,2026-08-18T20:35:25+09:00,1500
M0007,3081,2026-08-18,2026-08-18T21:11:41+09:00,3900
M0007,3081,2026-08-18,2026-08-18T21:57:39+09:00,6500
M0007,3081,2026-08-18,2026-08-18T22:33:27+09:00,8000
M0007,3081,2026-08-18,2026-08-18T23:10:31+09:00,7600
M0008,3082,2026-08-18,2026-08-18T10:52:51+09:00,-200
M0008,3082,2026-08-18,2026-08-18T11:28:45+09:00,-700
M0008,3082,2026-08-18,2026-08-18T12:02:47+09:00,-500
M0008,3082,2026-08-18,2026-08-18T12:35:21+09:00,-900
M0008,3082,2026-08-18,2026-08-18T13:07:37+09:00,-400
M0008,3082,2026-08-18,2026-08-18T13:35:43+09:00,-200
M0008,3082,2026-08-18,2026-08-18T14:04:28+09:00,500
M0008,3082,2026-08-18,2026-08-18T14:37:28+09:00,3200
M0008,3082,2026-08-18,2026-08-18T15:11:53+09:00,7300
M0008,3082,2026-08-18,2026-08-18T15:59:35+09:00,9400
M0008,3082,2026-08-18,2026-08-18T16:33:08+09:00,9000
M0008,3082,2026-08-18,2026-08-18T17:08:27+09:00,9600
M0008,3082,2026-08-18,2026-08-18T18:33:31+09:00,9400
M0008,3082,2026-08-18,2026-08-18T19:09:25+09:00,9600
M0008,3082,2026-08-18,2026-08-18T19:59:53+09:00,9100
M0008,3082,2026-08-18,2026-08-18T20:35:25+09:00,8600
M0008,3082,2026-08-18,2026-08-18T21:11:41+09:00,9000
M0008,3082,2026-08-18,2026-08-18T21:57:39+09:00,9300
M0008,3082,2026-08-18,2026-08-18T23:10:31+09:00,9400
M0009,3083,2026-08-18,2026-08-18T10:52:51+09:00,-100
M0009,3083,2026-08-18,2026-08-18T11:28:45+09:00,2400
M0009,3083,2026-08-18,2026-08-18T12:02:47+09:00,2900
M0009,3083,2026-08-18,2026-08-18T12:35:21+09:00,2200
M0009,3083,2026-08-18,2026-08-18T13:07:37+09:00,1700
M0009,3083,2026-08-18,2026-08-18T13:35:43+09:00,1900
M0009,3083,2026-08-18,2026-08-18T14:04:28+09:00,1700
M0009,3083,2026-08-18,2026-08-18T14:37:28+09:00,2700
M0009,3083,2026-08-18,2026-08-18T15:59:35+09:00,2300
M0009,3083,2026-08-18,2026-08-18T16:33:08+09:00,2000
M0009,3083,2026-08-18,2026-08-18T17:08:27+09:00,700
M0009,3083,2026-08-18,2026-08-18T17:59:01+09:00,200
M0009,3083,2026-08-18,2026-08-18T19:09:25+09:00,1300
M0009,3083,2026-08-18,2026-08-18T19:59:53+09:00,2400
M0009,3083,2026-08-18,2026-08-18T20:35:25+09:00,2800
M0009,3083,2026-08-18,2026-08-18T21:11:41+09:00,2200
M0010,3084,2026-08-18,2026-08-18T10:52:51+09:00,0
M0010,3084,2026-08-18,2026-08-18T12:02:47+09:00,100
M0010,3084,2026-08-18,2026-08-18T12:35:21+09:00,0
M0010,3084,2026-08-18,2026-08-18T13:07:37+09:00,700
M0010,3084,2026-08-18,2026-08-18T13:35:43+09:00,100
M0010,3084,2026-08-18,2026-08-18T14:04:28+09:00,-500
M0010,3084,2026-08-18,2026-08-18T14:37:28+09:00,-1200
M0010,3084,2026-08-18,2026-08-18T15:11:53+09:00,-1300
M0010,3084,2026-08-18,2026-08-18T15:59:35+09:00,-1700
M0010,3084,2026-08-18,2026-08-18T16:33:08+09:00,-1100
M0010,3084,2026-08-18,2026-08-18T17:08:27+09:00,-1600
M0010,3084,2026-08-18,2026-08-18T19:09:25+09:00,-2100
M0010,3084,2026-08-18,2026-08-18T19:59:53+09:00,-2800
M0010,3084,2026-08-18,2026-08-18T20:35:25+09:00,-3200
M0010,3084,2026-08-18,2026-08-18T21:11:41+09:00,-3600
M0010,3084,2026-08-18,2026-08-18T21:57:39+09:00,-3200
M0011,3085,2026-08-18,2026-08-18T10:52:51+09:00,0
M0011,3085,2026-08-18,2026-08-18T11:28:45+09:00,-700
M0011,3085,2026-08-18,2026-08-18T12:02:47+09:00,-900
M0011,3085,2026-08-18,2026-08-18T12:35:21+09:00,-500
M0011,3085,2026-08-18,2026-08-18T13:07:37+09:00,-1100
M0011,3085,2026-08-18,2026-08-18T13:35:43+09:00,-1200
M0011,3085,2026-08-18,2026-08-18T14:04:28+09:00,-1600
M0011,3085,2026-08-18,2026-08-18T14:37:28+09:00,-1200
M0011,3085,2026-08-18,2026-08-18T19:09:25+09:00,-1800
M0011,3085,2026-08-18,2026-08-18T19:59:53+09:00,-2400
M0011,3085,2026-08-18,2026-08-18T20:35:25+09:00,-2700
M0011,3085,2026-08-18,2026-08-18T21:11:41+09:00,-3500
M0011,3085,2026-08-18,2026-08-18T22:33:27+09:00,-2800
M0012,3086,2026-08-18,2026-08-18T10:52:51+09:00,-100
M0012,3086,2026-08-18,2026-08-18T11:28:45+09:00,2200
M0012,3086,2026-08-18,2026-08-18T12:02:47+09:00,4400
M0012,3086,2026-08-18,2026-08-18T12:35:21+09:00,4100
M0012,3086,2026-08-18,2026-08-18T13:07:37+09:00,4200
M0012,3086,2026-08-18,2026-08-18T13:35:43+09:00,3400
M0012,3086,2026-08-18,2026-08-18T14:04:28+09:00,2800
M0012,3086,2026-08-18,2026-08-18T14:37:28+09:00,2700
M0012,3086,2026-08-18,2026-08-18T15:59:35+09:00,2200
M0012,3086,2026-08-18,2026-08-18T16:33:08+09:00,1700
M0012,3086,2026-08-18,2026-08-18T17:08:27+09:00,1000
M0012,3086,2026-08-18,2026-08-18T19:09:25+09:00,700
M0012,3086,2026-08-18,2026-08-18T19:59:53+09:00,1500
M0012,3086,2026-08-18,2026-08-18T20:35:25+09:00,2800
M0012,3086,2026-08-18,2026-08-18T21:11:41+09:00,5600
M0013,3087,2026-08-18,2026-08-18T10:52:51+09:00,-200
M0013,3087,2026-08-18,2026-08-18T11:28:45+09:00,-800
M0013,3087,2026-08-18,2026-08-18T13:07:37+09:00,-700
M0013,3087,2026-08-18,2026-08-18T13:35:43+09:00,-1300
M0013,3087,2026-08-18,2026-08-18T14:37:28+09:00,-2000
M0013,3087,2026-08-18,2026-08-18T15:11:53+09:00,100
M0013,3087,2026-08-18,2026-08-18T15:59:35+09:00,0
M0013,3087,2026-08-18,2026-08-18T16:33:08+09:00,200
M0013,3087,2026-08-18,2026-08-18T17:08:27+09:00,-400
M0013,3087,2026-08-18,2026-08-18T17:59:01+09:00,-700
M0013,3087,2026-08-18,2026-08-18T18:33:31+09:00,-400
M0013,3087,2026-08-18,2026-08-18T19:09:25+09:00,200
M0013,3087,2026-08-18,2026-08-18T19:59:53+09:00,300
M0013,3087,2026-08-18,2026-08-18T20:35:25+09:00,1300
M0013,3087,2026-08-18,2026-08-18T21:11:41+09:00,1400
M0013,3087,2026-08-18,2026-08-18T22:33:27+09:00,1100
M0014,3150,2026-08-18,2026-08-18T10:52:51+09:00,-100
M0014,3150,2026-08-18,2026-08-18T11:28:45+09:00,400
M0014,3150,2026-08-18,2026-08-18T12:02:47+09:00,2900
M0014,3150,2026-08-18,2026-08-18T12:35:21+09:00,5200
M0014,3150,2026-08-18,2026-08-18T13:07:37+09:00,6200
M0014,3150,2026-08-18,2026-08-18T13:35:43+09:00,6600
M0014,3150,2026-08-18,2026-08-18T14:04:28+09:00,7300
M0014,3150,2026-08-18,2026-08-18T14:37:28+09:00,6600
M0014,3150,2026-08-18,2026-08-18T15:11:53+09:00,9300
M0014,3150,2026-08-18,2026-08-18T15:59:35+09:00,8700
M0014,3150,2026-08-18,2026-08-18T16:33:08+09:00,8900
M0014,3150,2026-08-18,2026-08-18T17:08:27+09:00,8700
M0014,3150,2026-08-18,2026-08-18T17:59:01+09:00,8100
M0014,3150,2026-08-18,2026-08-18T18:33:31+09:00,8000
M0014,3150,2026-08-18,2026-08-18T19:09:25+09:00,7200
M0014,3150,2026-08-18,2026-08-18T19:59:53+09:00,6500
M0014,3150,2026-08-18,2026-08-18T20:35:25+09:00,6900
M0014,3150,2026-08-18,2026-08-18T21:11:41+09:00,6500
M0015,3151,2026-08-18,2026-08-18T10:52:51+09:00,-100
M0015,3151,2026-08-18,2026-08-18T11:28:45+09:00,500
M0015,3151,2026-08-18,2026-08-18T12:02:47+09:00,100
M0015,3151,2026-08-18,2026-08-18T12:35:21+09:00,-400
M0015,3151,2026-08-18,2026-08-18T13:07:37+09:00,-100
M0015,3151,2026-08-18,2026-08-18T13:35:43+09:00,-700
M0015,3151,2026-08-18,2026-08-18T14:04:28+09:00,-500
M0015,3151,2026-08-18,2026-08-18T14:37:28+09:00,-200
M0015,3151,2026-08-18,2026-08-18T15:11:53+09:00,-600
M0015,3151,2026-08-18,2026-08-18T15:59:35+09:00,-800
M0015,3151,2026-08-18,2026-08-18T16:33:08+09:00,-1400
M0015,3151,2026-08-18,2026-08-18T17:08:27+09:00,-2400
M0015,3151,2026-08-18,2026-08-18T17:59:01+09:00,-3000
M0015,3151,2026-08-18,2026-08-18T18:33:31+09:00,-3800
M0015,3151,2026-08-18,2026-08-18T19:09:25+09:00,-4700
M0015,3151,2026-08-18,2026-08-18T19:59:53+09:00,-4900
M0015,3151,2026-08-18,2026-08-18T20:35:25+09:00,-5000
M0015,3151,2026-08-18,2026-08-18T21:11:41+09:00,-5800
M0015,3151,2026-08-18,2026-08-18T21:57:39+09:00,-3400
M0015,3151,2026-08-18,2026-08-18T22:33:27+09:00,-2800
M0016,3152,2026-08-18,2026-08-18T10:52:51+09:00,-200
M0016,3152,2026-08-18,2026-08-18T11:28:45+09:00,0
M0016,3152,2026-08-18,2026-08-18T12:02:47+09:00,-600
M0016,3152,2026-08-18,2026-08-18T12:35:21+09:00,-1100
M0016,3152,2026-08-18,2026-08-18T13:07:37+09:00,-1700
M0016,3152,2026-08-18,2026-08-18T13:35:43+09:00,-1300
M0016,3152,2026-08-18,2026-08-18T14:04:28+09:00,-2000
M0016,3152,2026-08-18,2026-08-18T14:37:28+09:00,-2600
M0016,3152,2026-08-18,2026-08-18T15:11:53+09:00,-2700
M0016,3152,2026-08-18,2026-08-18T15:59:35+09:00,-1200
M0016,3152,2026-08-18,2026-08-18T16:33:08+09:00,700
M0016,3152,2026-08-18,2026-08-18T19:09:25+09:00,300
M0016,3152,2026-08-18,2026-08-18T19:59:53+09:00,-700
M0016,3152,2026-08-18,2026-08-18T20:35:25+09:00,-1000
M0016,3152,2026-08-18,2026-08-18T21:11:41+09:00,-1300
M0016,3152,2026-08-18,2026-08-18T21:57:39+09:00,-1000
M0017,3153,2026-08-18,2026-08-18T10:52:51+09:00,100
M0017,3153,2026-08-18,2026-08-18T11:28:45+09:00,-500
M0017,3153,2026-08-18,2026-08-18T12:02:47+09:00,-400
M0017,3153,2026-08-18,2026-08-18T12:35:21+09:00,-900
M0017,3153,2026-08-18,2026-08-18T13:07:37+09:00,100
M0017,3153,2026-08-18,2026-08-18T13:35:43+09:00,500
M0017,3153,2026-08-18,2026-08-18T14:04:28+09:00,600
M0017,3153,2026-08-18,2026-08-18T14:37:28+09:00,2400
M0017,3153,2026-08-18,2026-08-18T15:11:53+09:00,5400
M0017,3153,2026-08-18,2026-08-18T15:59:35+09:00,5300
M0017,3153,2026-08-18,2026-08-18T16:33:08+09:00,5400
M0017,3153,2026-08-18,2026-08-18T17:08:27+09:00,6300
M0017,3153,2026-08-18,2026-08-18T17:59:01+09:00,7500
M0017,3153,2026-08-18,2026-08-18T18:33:31+09:00,6900
M0017,3153,2026-08-18,2026-08-18T19:09:25+09:00,6200
M0017,3153,2026-08-18,2026-08-18T19:59:53+09:00,5600
M0017,3153,2026-08-18,2026-08-18T20:35:25+09:00,6100
M0017,3153,2026-08-18,2026-08-18T21:11:41+09:00,6400
M0017,3153,2026-08-18,2026-08-18T21:57:39+09:00,5900
M0017,3153,2026-08-18,2026-08-18T22:33:27+09:00,6100
M0018,3154,2026-08-18,2026-08-18T10:52:51+09:00,0
M0018,3154,2026-08-18,2026-08-18T11:28:45+09:00,-400
M0018,3154,2026-08-18,2026-08-18T12:02:47+09:00,-700
M0018,3154,2026-08-18,2026-08-18T12:35:21+09:00,-800
M0018,3154,2026-08-18,2026-08-18T15:11:53+09:00,-900
M0018,3154,2026-08-18,2026-08-18T15:59:35+09:00,-400
M0018,3154,2026-08-18,2026-08-18T17:08:27+09:00,-800
M0018,3154,2026-08-18,2026-08-18T17:59:01+09:00,400
M0018,3154,2026-08-18,2026-08-18T18:33:31+09:00,-200
M0018,3154,2026-08-18,2026-08-18T19:09:25+09:00,-100
M0018,3154,2026-08-18,2026-08-18T19:59:53+09:00,-900
M0018,3154,2026-08-18,2026-08-18T20:35:25+09:00,-1200
M0018,3154,2026-08-18,2026-08-18T21:11:41+09:00,-1400
M0019,3155,2026-08-18,2026-08-18T10:52:51+09:00,-100
M0019,3155,2026-08-18,2026-08-18T12:02:47+09:00,2400
M0019,3155,2026-08-18,2026-08-18T12:35:21+09:00,3400
M0019,3155,2026-08-18,2026-08-18T13:07:37+09:00,4000
M0019,3155,2026-08-18,2026-08-18T13:35:43+09:00,6400
M0019,3155,2026-08-18,2026-08-18T14:04:28+09:00,7500
M0019,3155,2026-08-18,2026-08-18T14:37:28+09:00,7000
M0019,3155,2026-08-18,2026-08-18T15:11:53+09:00,8100
M0019,3155,2026-08-18,2026-08-18T15:59:35+09:00,7300
M0019,3155,2026-08-18,2026-08-18T17:08:27+09:00,6100
M0019,3155,2026-08-18,2026-08-18T17:59:01+09:00,5600
M0019,3155,2026-08-18,2026-08-18T18:33:31+09:00,6500
M0019,3155,2026-08-18,2026-08-18T19:09:25+09:00,6100
M0019,3155,2026-08-18,2026-08-18T19:59:53+09:00,5600
M0019,3155,2026-08-18,2026-08-18T20:35:25+09:00,5900
M0019,3155,2026-08-18,2026-08-18T21:11:41+09:00,5500
M0020,3156,2026-08-18,2026-08-18T10:52:51+09:00,0
M0020,3156,2026-08-18,2026-08-18T11:28:45+09:00,-700
M0020,3156,2026-08-18,2026-08-18T12:02:47+09:00,-200
M0020,3156,2026-08-18,2026-08-18T12:35:21+09:00,-400
M0020,3156,2026-08-18,2026-08-18T13:07:37+09:00,-600
M0020,3156,2026-08-18,2026-08-18T13:35:43+09:00,-1000
M0020,3156,2026-08-18,2026-08-18T14:04:28+09:00,400
M0020,3156,2026-08-18,2026-08-18T14:37:28+09:00,2100
M0020,3156,2026-08-18,2026-08-18T15:11:53+09:00,2500
M0020,3156,2026-08-18,2026-08-18T15:59:35+09:00,2100
M0020,3156,2026-08-18,2026-08-18T16:33:08+09:00,2600
M0020,3156,2026-08-18,2026-08-18T17:08:27+09:00,2500
M0020,3156,2026-08-18,2026-08-18T17:59:01+09:00,2400
M0020,3156,2026-08-18,2026-08-18T18:33:31+09:00,2600
M0020,3156,2026-08-18,2026-08-18T19:09:25+09:00,2100
M0020,3156,2026-08-18,2026-08-18T19:59:53+09:00,1500
M0020,3156,2026-08-18,2026-08-18T20:35:25+09:00,2400
M0020,3156,2026-08-18,2026-08-18T21:11:41+09:00,1300
M0020,3156,2026-08-18,2026-08-18T21:57:39+09:00,2000
M0020,3156,2026-08-18,2026-08-18T22:33:27+09:00,1900
M0021,3157,2026-08-18,2026-08-18T10:52:51+09:00,-200
M0021,3157,2026-08-18,2026-08-18T11:28:45+09:00,-1000
M0021,3157,2026-08-18,2026-08-18T12:02:47+09:00,-1400
M0021,3157,2026-08-18,2026-08-18T12:35:21+09:00,-1600
M0021,3157,2026-08-18,2026-08-18T13:07:37+09:00,-1100
M0021,3157,2026-08-18,2026-08-18T13:35:43+09:00,-1500
M0021,3157,2026-08-18,2026-08-18T14:04:28+09:00,-1200
M0021,3157,2026-08-18,2026-08-18T14:37:28+09:00,-1700
M0021,3157,2026-08-18,2026-08-18T15:11:53+09:00,-2100
M0021,3157,2026-08-18,2026-08-18T15:59:35+09:00,-2800
M0021,3157,2026-08-18,2026-08-18T16:33:08+09:00,-2300
M0021,3157,2026-08-18,2026-08-18T17:08:27+09:00,-3100
M0021,3157,2026-08-18,2026-08-18T17:59:01+09:00,-2500
M0021,3157,2026-08-18,2026-08-18T18:33:31+09:00,-1600
M0021,3157,2026-08-18,2026-08-18T19:09:25+09:00,-1700
M0021,3157,2026-08-18,2026-08-18T19:59:53+09:00,-1300
M0021,3157,2026-08-18,2026-08-18T20:35:25+09:00,-1700
M0021,3157,2026-08-18,2026-08-18T21:11:41+09:00,-2500
M0021,3157,2026-08-18,2026-08-18T21:57:39+09:00,-3200
M0021,3157,2026-08-18,2026-08-18T22:33:27+09:00,-2100
M0021,3157,2026-08-18,2026-08-18T23:10:31+09:00,1300
M0022,3158,2026-08-18,2026-08-18T10:52:51+09:00,-100
M0022,3158,2026-08-18,2026-08-18T11:28:45+09:00,-600
M0022,3158,2026-08-18,2026-08-18T12:02:47+09:00,-1200
M0022,3158,2026-08-18,2026-08-18T12:35:21+09:00,-200
M0022,3158,2026-08-18,2026-08-18T15:59:35+09:00,-900
M0022,3158,2026-08-18,2026-08-18T16:33:08+09:00,-1200
M0022,3158,2026-08-18,2026-08-18T17:08:27+09:00,-1000
M0022,3158,2026-08-18,2026-08-18T17:59:01+09:00,-1400
M0022,3158,2026-08-18,2026-08-18T18:33:31+09:00,-1200
M0022,3158,2026-08-18,2026-08-18T19:09:25+09:00,-1400
M0022,3158,2026-08-18,2026-08-18T19:59:53+09:00,-1800
M0022,3158,2026-08-18,2026-08-18T20:35:25+09:00,-2200
M0022,3158,2026-08-18,2026-08-18T21:11:41+09:00,-1300
M0023,3159,2026-08-18,2026-08-18T10:52:51+09:00,-200
M0023,3159,2026-08-18,2026-08-18T11:28:45+09:00,-900
M0023,3159,2026-08-18,2026-08-18T12:02:47+09:00,-500
M0023,3159,2026-08-18,2026-08-18T12:35:21+09:00,-1100
M0023,3159,2026-08-18,2026-08-18T13:07:37+09:00,-1300
M0023,3159,2026-08-18,2026-08-18T14:04:28+09:00,-1700
M0023,3159,2026-08-18,2026-08-18T14:37:28+09:00,-1200
M0023,3159,2026-08-18,2026-08-18T15:11:53+09:00,1400
M0023,3159,2026-08-18,2026-08-18T16:33:08+09:00,3600
M0023,3159,2026-08-18,2026-08-18T17:08:27+09:00,3700
M0023,3159,2026-08-18,2026-08-18T17:59:01+09:00,3100
M0023,3159,2026-08-18,2026-08-18T18:33:31+09:00,2700
M0023,3159,2026-08-18,2026-08-18T19:09:25+09:00,4500
M0023,3159,2026-08-18,2026-08-18T19:59:53+09:00,5100
M0023,3159,2026-08-18,2026-08-18T21:11:41+09:00,4700
M0023,3159,2026-08-18,2026-08-18T21:57:39+09:00,5100
M0023,3159,2026-08-18,2026-08-18T22:33:27+09:00,4800
M0024,3160,2026-08-18,2026-08-18T10:52:51+09:00,-100
M0024,3160,2026-08-18,2026-08-18T11:28:45+09:00,-800
M0024,3160,2026-08-18,2026-08-18T12:02:47+09:00,-1400
M0024,3160,2026-08-18,2026-08-18T12:35:21+09:00,-1900
M0024,3160,2026-08-18,2026-08-18T13:07:37+09:00,-2100
M0024,3160,2026-08-18,2026-08-18T13:35:43+09:00,-1100
M0024,3160,2026-08-18,2026-08-18T19:09:25+09:00,-1300
M0024,3160,2026-08-18,2026-08-18T19:59:53+09:00,-2000
M0024,3160,2026-08-18,2026-08-18T20:35:25+09:00,-1900
M0024,3160,2026-08-18,2026-08-18T21:11:41+09:00,-2700
M0024,3160,2026-08-18,2026-08-18T21:57:39+09:00,-3200
M0025,3161,2026-08-18,2026-08-18T10:52:51+09:00,-200
M0025,3161,2026-08-18,2026-08-18T11:28:45+09:00,200
M0025,3161,2026-08-18,2026-08-18T12:02:47+09:00,-600
M0025,3161,2026-08-18,2026-08-18T12:35:21+09:00,-800
M0025,3161,2026-08-18,2026-08-18T13:07:37+09:00,-1200
M0025,3161,2026-08-18,2026-08-18T13:35:43+09:00,-1000
M0025,3161,2026-08-18,2026-08-18T14:37:28+09:00,-1300
M0025,3161,2026-08-18,2026-08-18T15:11:53+09:00,1600
M0025,3161,2026-08-18,2026-08-18T15:59:35+09:00,3600
M0025,3161,2026-08-18,2026-08-18T17:08:27+09:00,2900
M0025,3161,2026-08-18,2026-08-18T19:09:25+09:00,2500
M0025,3161,2026-08-18,2026-08-18T19:59:53+09:00,1700
M0025,3161,2026-08-18,2026-08-18T20:35:25+09:00,1900
M0025,3161,2026-08-18,2026-08-18T21:11:41+09:00,2600
M0025,3161,2026-08-18,2026-08-18T21:57:39+09:00,2100
M0025,3161,2026-08-18,2026-08-18T22:33:27+09:00,1900
M0025,3161,2026-08-18,2026-08-18T23:10:31+09:00,2100
M0026,3162,2026-08-18,2026-08-18T10:52:51+09:00,-100
M0026,3162,2026-08-18,2026-08-18T11:28:45+09:00,-800
M0026,3162,2026-08-18,2026-08-18T12:02:47+09:00,600
M0026,3162,2026-08-18,2026-08-18T12:35:21+09:00,500
M0026,3162,2026-08-18,2026-08-18T13:07:37+09:00,1100
M0026,3162,2026-08-18,2026-08-18T15:11:53+09:00,300
M0026,3162,2026-08-18,2026-08-18T15:59:35+09:00,1000
M0026,3162,2026-08-18,2026-08-18T16:33:08+09:00,200
M0026,3162,2026-08-18,2026-08-18T17:08:27+09:00,1800
M0026,3162,2026-08-18,2026-08-18T17:59:01+09:00,3000
M0026,3162,2026-08-18,2026-08-18T19:09:25+09:00,2200
M0026,3162,2026-08-18,2026-08-18T19:59:53+09:00,4700
M0026,3162,2026-08-18,2026-08-18T20:35:25+09:00,5200
M0026,3162,2026-08-18,2026-08-18T21:11:41+09:00,5100
M0027,3163,2026-08-18,2026-08-18T10:52:51+09:00,-200
M0027,3163,2026-08-18,2026-08-18T11:28:45+09:00,-900
M0027,3163,2026-08-18,2026-08-18T12:02:47+09:00,-1400
M0027,3163,2026-08-18,2026-08-18T12:35:21+09:00,-1900
M0027,3163,2026-08-18,2026-08-18T13:07:37+09:00,-2600
M0027,3163,2026-08-18,2026-08-18T13:35:43+09:00,-3100
M0027,3163,2026-08-18,2026-08-18T14:04:28+09:00,-2600
M0027,3163,2026-08-18,2026-08-18T14:37:28+09:00,-2500
M0027,3163,2026-08-18,2026-08-18T15:11:53+09:00,-3700
M0027,3163,2026-08-18,2026-08-18T15:59:35+09:00,-3100
M0027,3163,2026-08-18,2026-08-18T16:33:08+09:00,-1700
M0027,3163,2026-08-18,2026-08-18T20:35:25+09:00,-2000
M0027,3163,2026-08-18,2026-08-18T21:11:41+09:00,-3200
M0027,3163,2026-08-18,2026-08-18T21:57:39+09:00,-2600
M0027,3163,2026-08-18,2026-08-18T22:33:27+09:00,-3000
M0028,3164,2026-08-18,2026-08-18T10:52:51+09:00,-200
M0028,3164,2026-08-18,2026-08-18T11:28:45+09:00,300
M0028,3164,2026-08-18,2026-08-18T12:02:47+09:00,-200
M0028,3164,2026-08-18,2026-08-18T12:35:21+09:00,-1000
M0028,3164,2026-08-18,2026-08-18T13:07:37+09:00,-1500
M0028,3164,2026-08-18,2026-08-18T13:35:43+09:00,-1300
M0028,3164,2026-08-18,2026-08-18T14:04:28+09:00,-2000
M0028,3164,2026-08-18,2026-08-18T14:37:28+09:00,-1800
M0028,3164,2026-08-18,2026-08-18T15:11:53+09:00,-2900
M0028,3164,2026-08-18,2026-08-18T15:59:35+09:00,-3300
M0028,3164,2026-08-18,2026-08-18T16:33:08+09:00,-3800
M0028,3164,2026-08-18,2026-08-18T17:08:27+09:00,-900
M0028,3164,2026-08-18,2026-08-18T17:59:01+09:00,-700
M0028,3164,2026-08-18,2026-08-18T18:33:31+09:00,400
M0028,3164,2026-08-18,2026-08-18T19:09:25+09:00,3000
M0028,3164,2026-08-18,2026-08-18T19:59:53+09:00,2100
M0028,3164,2026-08-18,2026-08-18T20:35:25+09:00,2500
M0028,3164,2026-08-18,2026-08-18T21:11:41+09:00,2800
M0028,3164,2026-08-18,2026-08-18T22:33:27+09:00,2300
M0029,3165,2026-08-18,2026-08-18T10:52:51+09:00,-100
M0029,3165,2026-08-18,2026-08-18T12:02:47+09:00,-200
M0029,3165,2026-08-18,2026-08-18T12:35:21+09:00,1300
M0029,3165,2026-08-18,2026-08-18T13:07:37+09:00,1500
M0029,3165,2026-08-18,2026-08-18T13:35:43+09:00,800
M0029,3165,2026-08-18,2026-08-18T14:04:28+09:00,200
M0029,3165,2026-08-18,2026-08-18T14:37:28+09:00,-300
M0029,3165,2026-08-18,2026-08-18T15:11:53+09:00,-600
M0029,3165,2026-08-18,2026-08-18T15:59:35+09:00,-1300
M0029,3165,2026-08-18,2026-08-18T16:33:08+09:00,-1500
M0029,3165,2026-08-18,2026-08-18T17:08:27+09:00,-1400
M0029,3165,2026-08-18,2026-08-18T17:59:01+09:00,-1600
M0029,3165,2026-08-18,2026-08-18T18:33:31+09:00,100
M0029,3165,2026-08-18,2026-08-18T19:09:25+09:00,-800
M0029,3165,2026-08-18,2026-08-18T19:59:53+09:00,-1200
M0029,3165,2026-08-18,2026-08-18T20:35:25+09:00,-300
M0030,3166,2026-08-18,2026-08-18T10:52:51+09:00,-200
M0030,3166,2026-08-18,2026-08-18T11:28:45+09:00,300
M0030,3166,2026-08-18,2026-08-18T12:02:47+09:00,200
M0030,3166,2026-08-18,2026-08-18T12:35:21+09:00,-400
M0030,3166,2026-08-18,2026-08-18T13:07:37+09:00,-500
M0030,3166,2026-08-18,2026-08-18T13:35:43+09:00,-600
M0030,3166,2026-08-18,2026-08-18T14:04:28+09:00,-1100
M0030,3166,2026-08-18,2026-08-18T14:37:28+09:00,-700
M0030,3166,2026-08-18,2026-08-18T15:11:53+09:00,-2000
M0030,3166,2026-08-18,2026-08-18T15:59:35+09:00,-1300
M0030,3166,2026-08-18,2026-08-18T16:33:08+09:00,-1600
M0030,3166,2026-08-18,2026-08-18T17:08:27+09:00,-2300
M0030,3166,2026-08-18,2026-08-18T17:59:01+09:00,-2700
M0030,3166,2026-08-18,2026-08-18T18:33:31+09:00,-2900
M0030,3166,2026-08-18,2026-08-18T19:09:25+09:00,-3100
M0030,3166,2026-08-18,2026-08-18T19:59:53+09:00,-2900
M0030,3166,2026-08-18,2026-08-18T20:35:25+09:00,-2200
M0001,3075,2026-08-19,2026-08-19T10:53:31+09:00,-300
M0001,3075,2026-08-19,2026-08-19T12:02:25+09:00,-600
M0001,3075,2026-08-19,2026-08-19T12:35:06+09:00,-1200
M0001,3075,2026-08-19,2026-08-19T13:06:21+09:00,-1000
M0001,3075,2026-08-19,2026-08-19T19:28:55+09:00,-1800
M0001,3075,2026-08-19,2026-08-19T20:05:19+09:00,-2400
M0001,3075,2026-08-19,2026-08-19T20:39:17+09:00,-1800
M0001,3075,2026-08-19,2026-08-19T21:30:39+09:00,-2500
M0001,3075,2026-08-19,2026-08-19T22:07:17+09:00,-900
M0001,3075,2026-08-19,2026-08-19T22:43:08+09:00,-200
M0002,3076,2026-08-19,2026-08-19T10:53:31+09:00,0
M0002,3076,2026-08-19,2026-08-19T14:49:47+09:00,-300
M0002,3076,2026-08-19,2026-08-19T15:26:59+09:00,300
M0002,3076,2026-08-19,2026-08-19T16:02:55+09:00,1300
M0002,3076,2026-08-19,2026-08-19T17:06:11+09:00,900
M0002,3076,2026-08-19,2026-08-19T17:32:35+09:00,500
M0002,3076,2026-08-19,2026-08-19T22:43:08+09:00,900
M0003,3077,2026-08-19,2026-08-19T10:53:31+09:00,0
M0003,3077,2026-08-19,2026-08-19T14:09:06+09:00,-600
M0003,3077,2026-08-19,2026-08-19T17:32:35+09:00,-700
M0003,3077,2026-08-19,2026-08-19T18:08:43+09:00,-1500
M0003,3077,2026-08-19,2026-08-19T18:50:27+09:00,-1100
M0004,3078,2026-08-19,2026-08-19T10:53:31+09:00,0
M0004,3078,2026-08-19,2026-08-19T13:06:21+09:00,-700
M0004,3078,2026-08-19,2026-08-19T13:35:01+09:00,-400
M0004,3078,2026-08-19,2026-08-19T14:09:06+09:00,-700
M0004,3078,2026-08-19,2026-08-19T17:06:11+09:00,-800
M0004,3078,2026-08-19,2026-08-19T18:08:43+09:00,-1100
M0004,3078,2026-08-19,2026-08-19T18:50:27+09:00,-1600
M0004,3078,2026-08-19,2026-08-19T20:05:19+09:00,-2300
M0004,3078,2026-08-19,2026-08-19T20:39:17+09:00,-1700
M0004,3078,2026-08-19,2026-08-19T21:30:39+09:00,-1900
M0004,3078,2026-08-19,2026-08-19T22:07:17+09:00,-2700
M0004,3078,2026-08-19,2026-08-19T22:43:08+09:00,-3300
M0005,3079,2026-08-19,2026-08-19T10:53:31+09:00,0
M0005,3079,2026-08-19,2026-08-19T12:02:25+09:00,300
M0005,3079,2026-08-19,2026-08-19T12:35:06+09:00,400
M0005,3079,2026-08-19,2026-08-19T14:49:47+09:00,200
M0005,3079,2026-08-19,2026-08-19T15:26:59+09:00,-500
M0005,3079,2026-08-19,2026-08-19T16:02:55+09:00,-1200
M0005,3079,2026-08-19,2026-08-19T17:06:11+09:00,-1500
M0005,3079,2026-08-19,2026-08-19T17:32:35+09:00,-2300
M0005,3079,2026-08-19,2026-08-19T18:08:43+09:00,-2900
M0005,3079,2026-08-19,2026-08-19T18:50:27+09:00,-3400
M0005,3079,2026-08-19,2026-08-19T19:28:55+09:00,-3800
M0005,3079,2026-08-19,2026-08-19T20:05:19+09:00,-4500
M0005,3079,2026-08-19,2026-08-19T20:39:17+09:00,-5500
M0005,3079,2026-08-19,2026-08-19T21:30:39+09:00,-6000
M0005,3079,2026-08-19,2026-08-19T22:07:17+09:00,-6100
M0006,3080,2026-08-19,2026-08-19T10:53:31+09:00,0
M0006,3080,2026-08-19,2026-08-19T11:28:23+09:00,-100
M0006,3080,2026-08-19,2026-08-19T12:02:25+09:00,-800
M0006,3080,2026-08-19,2026-08-19T12:35:06+09:00,200
M0006,3080,2026-08-19,2026-08-19T13:06:21+09:00,1200
M0006,3080,2026-08-19,2026-08-19T13:35:01+09:00,600
M0006,3080,2026-08-19,2026-08-19T14:09:06+09:00,-500
M0006,3080,2026-08-19,2026-08-19T14:49:47+09:00,-800
M0006,3080,2026-08-19,2026-08-19T15:26:59+09:00,-400
M0006,3080,2026-08-19,2026-08-19T19:28:55+09:00,-700
M0006,3080,2026-08-19,2026-08-19T20:05:19+09:00,-600
M0006,3080,2026-08-19,2026-08-19T20:39:17+09:00,-1700
M0006,3080,2026-08-19,2026-08-19T21:30:39+09:00,-1800
M0007,3081,2026-08-19,2026-08-19T10:53:31+09:00,0
M0007,3081,2026-08-19,2026-08-19T14:49:47+09:00,-200
M0007,3081,2026-08-19,2026-08-19T15:26:59+09:00,-900
M0007,3081,2026-08-19,2026-08-19T16:02:55+09:00,-500
M0007,3081,2026-08-19,2026-08-19T16:36:50+09:00,-300
M0007,3081,2026-08-19,2026-08-19T17:32:35+09:00,-700
M0007,3081,2026-08-19,2026-08-19T18:08:43+09:00,-1700
M0007,3081,2026-08-19,2026-08-19T18:50:27+09:00,-1900
M0007,3081,2026-08-19,2026-08-19T19:28:55+09:00,-2000
M0007,3081,2026-08-19,2026-08-19T20:39:17+09:00,-2300
M0007,3081,2026-08-19,2026-08-19T21:30:39+09:00,-2200
M0008,3082,2026-08-19,2026-08-19T10:53:31+09:00,0
M0008,3082,2026-08-19,2026-08-19T13:06:21+09:00,-200
M0008,3082,2026-08-19,2026-08-19T13:35:01+09:00,0
M0008,3082,2026-08-19,2026-08-19T20:05:19+09:00,100
M0008,3082,2026-08-19,2026-08-19T20:39:17+09:00,-200
M0008,3082,2026-08-19,2026-08-19T21:30:39+09:00,-700
M0008,3082,2026-08-19,2026-08-19T22:07:17+09:00,-1400
M0008,3082,2026-08-19,2026-08-19T22:43:08+09:00,-500
M0009,3083,2026-08-19,2026-08-19T10:53:31+09:00,0
M0009,3083,2026-08-19,2026-08-19T12:02:25+09:00,-700
M0009,3083,2026-08-19,2026-08-19T12:35:06+09:00,-300
M0009,3083,2026-08-19,2026-08-19T14:49:47+09:00,-700
M0009,3083,2026-08-19,2026-08-19T15:26:59+09:00,-400
M0009,3083,2026-08-19,2026-08-19T16:02:55+09:00,800
M0009,3083,2026-08-19,2026-08-19T16:36:50+09:00,3400
M0009,3083,2026-08-19,2026-08-19T17:06:11+09:00,3800
M0009,3083,2026-08-19,2026-08-19T17:32:35+09:00,3400
M0009,3083,2026-08-19,2026-08-19T18:08:43+09:00,2500
M0009,3083,2026-08-19,2026-08-19T18:50:27+09:00,2000
M0009,3083,2026-08-19,2026-08-19T19:28:55+09:00,2700
M0009,3083,2026-08-19,2026-08-19T20:05:19+09:00,2200
M0009,3083,2026-08-19,2026-08-19T20:39:17+09:00,2600
M0009,3083,2026-08-19,2026-08-19T21:30:39+09:00,1800
M0009,3083,2026-08-19,2026-08-19T22:07:17+09:00,1200
M0009,3083,2026-08-19,2026-08-19T22:43:08+09:00,1500
M0010,3084,2026-08-19,2026-08-19T10:53:31+09:00,0
M0010,3084,2026-08-19,2026-08-19T15:26:59+09:00,-100
M0010,3084,2026-08-19,2026-08-19T16:02:55+09:00,-700
M0010,3084,2026-08-19,2026-08-19T16:36:50+09:00,-1300
M0010,3084,2026-08-19,2026-08-19T17:06:11+09:00,-1700
M0010,3084,2026-08-19,2026-08-19T17:32:35+09:00,400
M0010,3084,2026-08-19,2026-08-19T18:08:43+09:00,700
M0010,3084,2026-08-19,2026-08-19T18:50:27+09:00,100
M0010,3084,2026-08-19,2026-08-19T19:28:55+09:00,-500
M0010,3084,2026-08-19,2026-08-19T20:05:19+09:00,-100
M0010,3084,2026-08-19,2026-08-19T20:39:17+09:00,-600
M0010,3084,2026-08-19,2026-08-19T21:30:39+09:00,400
M0011,3085,2026-08-19,2026-08-19T10:53:31+09:00,0
M0011,3085,2026-08-19,2026-08-19T13:35:01+09:00,-100
M0011,3085,2026-08-19,2026-08-19T14:09:06+09:00,1900
M0011,3085,2026-08-19,2026-08-19T14:49:47+09:00,1200
M0011,3085,2026-08-19,2026-08-19T15:26:59+09:00,800
M0011,3085,2026-08-19,2026-08-19T16:02:55+09:00,100
M0011,3085,2026-08-19,2026-08-19T16:36:50+09:00,0
M0011,3085,2026-08-19,2026-08-19T17:06:11+09:00,-500
M0011,3085,2026-08-19,2026-08-19T17:32:35+09:00,-1200
M0011,3085,2026-08-19,2026-08-19T18:08:43+09:00,-700
M0011,3085,2026-08-19,2026-08-19T18:50:27+09:00,-1400
M0011,3085,2026-08-19,2026-08-19T20:05:19+09:00,-1200
M0011,3085,2026-08-19,2026-08-19T20:39:17+09:00,-1700
M0011,3085,2026-08-19,2026-08-19T21:30:39+09:00,-1900
M0011,3085,2026-08-19,2026-08-19T22:07:17+09:00,-1700
M0011,3085,2026-08-19,2026-08-19T22:43:08+09:00,-2500
M0012,3086,2026-08-19,2026-08-19T10:53:31+09:00,0
M0012,3086,2026-08-19,2026-08-19T17:32:35+09:00,-200
M0012,3086,2026-08-19,2026-08-19T18:08:43+09:00,-300
M0012,3086,2026-08-19,2026-08-19T18:50:27+09:00,-200
M0012,3086,2026-08-19,2026-08-19T19:28:55+09:00,-800
M0012,3086,2026-08-19,2026-08-19T20:05:19+09:00,-500
M0012,3086,2026-08-19,2026-08-19T20:39:17+09:00,-400
M0012,3086,2026-08-19,2026-08-19T21:30:39+09:00,-900
M0012,3086,2026-08-19,2026-08-19T22:07:17+09:00,-100
M0013,3087,2026-08-19,2026-08-19T10:53:31+09:00,0
M0013,3087,2026-08-19,2026-08-19T13:06:21+09:00,-100
M0013,3087,2026-08-19,2026-08-19T13:35:01+09:00,-700
M0013,3087,2026-08-19,2026-08-19T14:09:06+09:00,-1000
M0013,3087,2026-08-19,2026-08-19T15:26:59+09:00,-1400
M0013,3087,2026-08-19,2026-08-19T16:02:55+09:00,-2000
M0013,3087,2026-08-19,2026-08-19T16:36:50+09:00,-2200
M0013,3087,2026-08-19,2026-08-19T17:06:11+09:00,-2900
M0013,3087,2026-08-19,2026-08-19T17:32:35+09:00,-3500
M0013,3087,2026-08-19,2026-08-19T18:08:43+09:00,-4600
M0013,3087,2026-08-19,2026-08-19T18:50:27+09:00,-5200
M0013,3087,2026-08-19,2026-08-19T19:28:55+09:00,-5100
M0013,3087,2026-08-19,2026-08-19T20:05:19+09:00,-5500
M0013,3087,2026-08-19,2026-08-19T20:39:17+09:00,-5400
M0013,3087,2026-08-19,2026-08-19T21:30:39+09:00,-5200
M0013,3087,2026-08-19,2026-08-19T22:07:17+09:00,-5300
M0013,3087,2026-08-19,2026-08-19T22:43:08+09:00,-6700
M0013,3087,2026-08-19,2026-08-19T23:29:49+09:00,-5800
M0014,3150,2026-08-19,2026-08-19T10:53:31+09:00,0
M0014,3150,2026-08-19,2026-08-19T12:35:06+09:00,300
M0014,3150,2026-08-19,2026-08-19T13:06:21+09:00,500
M0014,3150,2026-08-19,2026-08-19T14:09:06+09:00,-200
M0014,3150,2026-08-19,2026-08-19T14:49:47+09:00,-100
M0014,3150,2026-08-19,2026-08-19T15:26:59+09:00,400
M0014,3150,2026-08-19,2026-08-19T16:02:55+09:00,200
M0014,3150,2026-08-19,2026-08-19T16:36:50+09:00,-200
M0014,3150,2026-08-19,2026-08-19T17:06:11+09:00,-800
M0014,3150,2026-08-19,2026-08-19T17:32:35+09:00,-1400
M0014,3150,2026-08-19,2026-08-19T18:08:43+09:00,-2600
M0014,3150,2026-08-19,2026-08-19T18:50:27+09:00,-2100
M0014,3150,2026-08-19,2026-08-19T19:28:55+09:00,-2500
M0014,3150,2026-08-19,2026-08-19T20:05:19+09:00,-2100
M0014,3150,2026-08-19,2026-08-19T20:39:17+09:00,-1900
M0015,3151,2026-08-19,2026-08-19T10:53:31+09:00,0
M0015,3151,2026-08-19,2026-08-19T13:06:21+09:00,-300
M0015,3151,2026-08-19,2026-08-19T13:35:01+09:00,-1100
M0015,3151,2026-08-19,2026-08-19T14:09:06+09:00,-400
M0015,3151,2026-08-19,2026-08-19T14:49:47+09:00,-900
M0015,3151,2026-08-19,2026-08-19T15:26:59+09:00,-700
M0015,3151,2026-08-19,2026-08-19T16:02:55+09:00,-800
M0015,3151,2026-08-19,2026-08-19T16:36:50+09:00,-700
M0015,3151,2026-08-19,2026-08-19T17:06:11+09:00,-1100
M0015,3151,2026-08-19,2026-08-19T17:32:35+09:00,-1800
M0015,3151,2026-08-19,2026-08-19T18:08:43+09:00,1100
M0015,3151,2026-08-19,2026-08-19T18:50:27+09:00,800
M0015,3151,2026-08-19,2026-08-19T20:39:17+09:00,0
M0015,3151,2026-08-19,2026-08-19T21:30:39+09:00,-200
M0015,3151,2026-08-19,2026-08-19T22:07:17+09:00,-500
M0016,3152,2026-08-19,2026-08-19T10:53:31+09:00,0
M0016,3152,2026-08-19,2026-08-19T14:09:06+09:00,700
M0016,3152,2026-08-19,2026-08-19T18:08:43+09:00,200
M0016,3152,2026-08-19,2026-08-19T18:50:27+09:00,-100
M0016,3152,2026-08-19,2026-08-19T19:28:55+09:00,1400
M0016,3152,2026-08-19,2026-08-19T20:05:19+09:00,4800
M0016,3152,2026-08-19,2026-08-19T20:39:17+09:00,4700
M0016,3152,2026-08-19,2026-08-19T21:30:39+09:00,5500
M0016,3152,2026-08-19,2026-08-19T22:07:17+09:00,5800
M0017,3153,2026-08-19,2026-08-19T10:53:31+09:00,0
M0017,3153,2026-08-19,2026-08-19T15:26:59+09:00,-500
M0017,3153,2026-08-19,2026-08-19T16:02:55+09:00,-100
M0017,3153,2026-08-19,2026-08-19T16:36:50+09:00,-600
M0017,3153,2026-08-19,2026-08-19T18:08:43+09:00,-300
M0017,3153,2026-08-19,2026-08-19T18:50:27+09:00,500
M0017,3153,2026-08-19,2026-08-19T19:28:55+09:00,2800
M0017,3153,2026-08-19,2026-08-19T20:39:17+09:00,6200
M0017,3153,2026-08-19,2026-08-19T21:30:39+09:00,6600
M0018,3154,2026-08-19,2026-08-19T10:53:31+09:00,0
M0018,3154,2026-08-19,2026-08-19T13:35:01+09:00,-500
M0018,3154,2026-08-19,2026-08-19T15:26:59+09:00,-700
M0018,3154,2026-08-19,2026-08-19T16:02:55+09:00,-1200
M0018,3154,2026-08-19,2026-08-19T16:36:50+09:00,-1000
M0018,3154,2026-08-19,2026-08-19T18:08:43+09:00,-1300
M0018,3154,2026-08-19,2026-08-19T18:50:27+09:00,-1800
M0018,3154,2026-08-19,2026-08-19T19:28:55+09:00,-2400
M0018,3154,2026-08-19,2026-08-19T20:05:19+09:00,-3300
M0018,3154,2026-08-19,2026-08-19T20:39:17+09:00,-3800
M0018,3154,2026-08-19,2026-08-19T21:30:39+09:00,-4000
M0018,3154,2026-08-19,2026-08-19T22:07:17+09:00,-4400
M0019,3155,2026-08-19,2026-08-19T10:53:31+09:00,0
M0019,3155,2026-08-19,2026-08-19T15:26:59+09:00,400
M0019,3155,2026-08-19,2026-08-19T16:02:55+09:00,200
M0019,3155,2026-08-19,2026-08-19T17:32:35+09:00,500
M0019,3155,2026-08-19,2026-08-19T20:05:19+09:00,-300
M0019,3155,2026-08-19,2026-08-19T20:39:17+09:00,-400
M0020,3156,2026-08-19,2026-08-19T10:53:31+09:00,0
M0020,3156,2026-08-19,2026-08-19T14:09:06+09:00,-1100
M0020,3156,2026-08-19,2026-08-19T14:49:47+09:00,-600
M0020,3156,2026-08-19,2026-08-19T22:07:17+09:00,-700
M0020,3156,2026-08-19,2026-08-19T22:43:08+09:00,-1600
M0020,3156,2026-08-19,2026-08-19T23:29:49+09:00,-1100
M0021,3157,2026-08-19,2026-08-19T10:53:31+09:00,0
M0021,3157,2026-08-19,2026-08-19T12:02:25+09:00,1900
M0021,3157,2026-08-19,2026-08-19T12:35:06+09:00,2100
M0021,3157,2026-08-19,2026-08-19T13:06:21+09:00,1500
M0021,3157,2026-08-19,2026-08-19T13:35:01+09:00,2300
M0021,3157,2026-08-19,2026-08-19T17:06:11+09:00,2200
M0021,3157,2026-08-19,2026-08-19T17:32:35+09:00,2600
M0021,3157,2026-08-19,2026-08-19T18:08:43+09:00,1900
M0021,3157,2026-08-19,2026-08-19T18:50:27+09:00,2000
M0021,3157,2026-08-19,2026-08-19T19:28:55+09:00,1300
M0021,3157,2026-08-19,2026-08-19T20:05:19+09:00,1200
M0021,3157,2026-08-19,2026-08-19T20:39:17+09:00,400
M0021,3157,2026-08-19,2026-08-19T21:30:39+09:00,-300
M0021,3157,2026-08-19,2026-08-19T22:07:17+09:00,0
M0021,3157,2026-08-19,2026-08-19T22:43:08+09:00,-1400
M0021,3157,2026-08-19,2026-08-19T23:29:49+09:00,1000
M0022,3158,2026-08-19,2026-08-19T10:53:31+09:00,-200
M0022,3158,2026-08-19,2026-08-19T11:28:23+09:00,300
M0022,3158,2026-08-19,2026-08-19T12:02:25+09:00,200
M0022,3158,2026-08-19,2026-08-19T12:35:06+09:00,300
M0022,3158,2026-08-19,2026-08-19T13:06:21+09:00,1000
M0022,3158,2026-08-19,2026-08-19T13:35:01+09:00,300
M0022,3158,2026-08-19,2026-08-19T14:09:06+09:00,-500
M0022,3158,2026-08-19,2026-08-19T19:28:55+09:00,-1000
M0022,3158,2026-08-19,2026-08-19T20:05:19+09:00,-1900
M0022,3158,2026-08-19,2026-08-19T20:39:17+09:00,-2200
M0022,3158,2026-08-19,2026-08-19T21:30:39+09:00,-2300
M0023,3159,2026-08-19,2026-08-19T10:53:31+09:00,0
M0023,3159,2026-08-19,2026-08-19T17:06:11+09:00,-100
M0023,3159,2026-08-19,2026-08-19T17:32:35+09:00,0
M0023,3159,2026-08-19,2026-08-19T18:08:43+09:00,-800
M0023,3159,2026-08-19,2026-08-19T19:28:55+09:00,-1200
M0023,3159,2026-08-19,2026-08-19T20:05:19+09:00,-500
M0023,3159,2026-08-19,2026-08-19T20:39:17+09:00,-400
M0024,3160,2026-08-19,2026-08-19T10:53:31+09:00,0
M0024,3160,2026-08-19,2026-08-19T12:35:06+09:00,-100
M0024,3160,2026-08-19,2026-08-19T13:06:21+09:00,-400
M0024,3160,2026-08-19,2026-08-19T13:35:01+09:00,-500
M0024,3160,2026-08-19,2026-08-19T14:09:06+09:00,-200
M0024,3160,2026-08-19,2026-08-19T17:06:11+09:00,-300
M0024,3160,2026-08-19,2026-08-19T18:08:43+09:00,500
M0024,3160,2026-08-19,2026-08-19T19:28:55+09:00,600
M0024,3160,2026-08-19,2026-08-19T20:05:19+09:00,0
M0024,3160,2026-08-19,2026-08-19T20:39:17+09:00,800
M0024,3160,2026-08-19,2026-08-19T21:30:39+09:00,300
M0024,3160,2026-08-19,2026-08-19T22:07:17+09:00,-200
M0024,3160,2026-08-19,2026-08-19T22:43:08+09:00,-500
M0025,3161,2026-08-19,2026-08-19T10:53:31+09:00,0
M0025,3161,2026-08-19,2026-08-19T13:35:01+09:00,-300
M0025,3161,2026-08-19,2026-08-19T14:09:06+09:00,-1100
M0025,3161,2026-08-19,2026-08-19T14:49:47+09:00,-200
M0025,3161,2026-08-19,2026-08-19T15:26:59+09:00,-400
M0025,3161,2026-08-19,2026-08-19T16:02:55+09:00,-900
M0025,3161,2026-08-19,2026-08-19T16:36:50+09:00,-1200
M0025,3161,2026-08-19,2026-08-19T20:39:17+09:00,-900
M0025,3161,2026-08-19,2026-08-19T21:30:39+09:00,-1600
M0025,3161,2026-08-19,2026-08-19T22:07:17+09:00,200
M0025,3161,2026-08-19,2026-08-19T22:43:08+09:00,3100
M0026,3162,2026-08-19,2026-08-19T10:53:31+09:00,0
M0026,3162,2026-08-19,2026-08-19T13:35:01+09:00,-300
M0026,3162,2026-08-19,2026-08-19T14:09:06+09:00,-1100
M0026,3162,2026-08-19,2026-08-19T14:49:47+09:00,-900
M0026,3162,2026-08-19,2026-08-19T15:26:59+09:00,-1500
M0026,3162,2026-08-19,2026-08-19T16:02:55+09:00,300
M0026,3162,2026-08-19,2026-08-19T16:36:50+09:00,2600
M0026,3162,2026-08-19,2026-08-19T17:06:11+09:00,5200
M0026,3162,2026-08-19,2026-08-19T17:32:35+09:00,7200
M0026,3162,2026-08-19,2026-08-19T18:08:43+09:00,6600
M0026,3162,2026-08-19,2026-08-19T18:50:27+09:00,6500
M0026,3162,2026-08-19,2026-08-19T19:28:55+09:00,6400
M0026,3162,2026-08-19,2026-08-19T20:05:19+09:00,6000
M0026,3162,2026-08-19,2026-08-19T20:39:17+09:00,5300
M0026,3162,2026-08-19,2026-08-19T21:30:39+09:00,4900
M0026,3162,2026-08-19,2026-08-19T22:07:17+09:00,5300
M0026,3162,2026-08-19,2026-08-19T22:43:08+09:00,6900
M0027,3163,2026-08-19,2026-08-19T10:53:31+09:00,0
M0027,3163,2026-08-19,2026-08-19T13:06:21+09:00,-100
M0027,3163,2026-08-19,2026-08-19T18:50:27+09:00,-600
M0027,3163,2026-08-19,2026-08-19T19:28:55+09:00,-1200
M0027,3163,2026-08-19,2026-08-19T20:05:19+09:00,-200
M0027,3163,2026-08-19,2026-08-19T20:39:17+09:00,200
M0028,3164,2026-08-19,2026-08-19T10:53:31+09:00,0
M0028,3164,2026-08-19,2026-08-19T12:35:06+09:00,-100
M0028,3164,2026-08-19,2026-08-19T13:35:01+09:00,-200
M0028,3164,2026-08-19,2026-08-19T15:26:59+09:00,-600
M0028,3164,2026-08-19,2026-08-19T16:02:55+09:00,-1400
M0028,3164,2026-08-19,2026-08-19T16:36:50+09:00,-700
M0028,3164,2026-08-19,2026-08-19T17:06:11+09:00,1000
M0028,3164,2026-08-19,2026-08-19T20:39:17+09:00,900
M0028,3164,2026-08-19,2026-08-19T21:30:39+09:00,500
M0028,3164,2026-08-19,2026-08-19T22:07:17+09:00,1200
M0029,3165,2026-08-19,2026-08-19T10:53:31+09:00,0
M0029,3165,2026-08-19,2026-08-19T13:35:01+09:00,-700
M0029,3165,2026-08-19,2026-08-19T14:09:06+09:00,600
M0029,3165,2026-08-19,2026-08-19T14:49:47+09:00,300
M0029,3165,2026-08-19,2026-08-19T20:39:17+09:00,-600
M0029,3165,2026-08-19,2026-08-19T21:30:39+09:00,-400
M0029,3165,2026-08-19,2026-08-19T22:07:17+09:00,-1100
M0029,3165,2026-08-19,2026-08-19T22:43:08+09:00,1600
M0030,3166,2026-08-19,2026-08-19T10:53:31+09:00,-100
M0030,3166,2026-08-19,2026-08-19T11:28:23+09:00,1500
M0030,3166,2026-08-19,2026-08-19T12:02:25+09:00,2000
M0030,3166,2026-08-19,2026-08-19T12:35:06+09:00,2600
M0030,3166,2026-08-19,2026-08-19T13:06:21+09:00,2700
M0030,3166,2026-08-19,2026-08-19T21:30:39+09:00,2600
M0001,3075,2026-08-20,2026-08-20T10:52:57+09:00,-200
M0001,3075,2026-08-20,2026-08-20T11:28:53+09:00,-900
M0001,3075,2026-08-20,2026-08-20T12:02:37+09:00,-1400
M0001,3075,2026-08-20,2026-08-20T12:35:01+09:00,-2000
M0001,3075,2026-08-20,2026-08-20T13:07:39+09:00,-1900
M0001,3075,2026-08-20,2026-08-20T14:02:59+09:00,-2500
M0001,3075,2026-08-20,2026-08-20T14:35:37+09:00,-2300
M0001,3075,2026-08-20,2026-08-20T17:42:01+09:00,-2800
M0001,3075,2026-08-20,2026-08-20T18:28:21+09:00,-2900
M0001,3075,2026-08-20,2026-08-20T19:04:37+09:00,-3400
M0001,3075,2026-08-20,2026-08-20T19:39:23+09:00,-2600
M0002,3076,2026-08-20,2026-08-20T10:52:57+09:00,0
M0002,3076,2026-08-20,2026-08-20T13:36:17+09:00,-400
M0002,3076,2026-08-20,2026-08-20T14:02:59+09:00,-900
M0002,3076,2026-08-20,2026-08-20T14:35:37+09:00,-1600
M0002,3076,2026-08-20,2026-08-20T15:09:59+09:00,-1800
M0002,3076,2026-08-20,2026-08-20T16:32:33+09:00,-2000
M0002,3076,2026-08-20,2026-08-20T19:39:23+09:00,-2200
M0002,3076,2026-08-20,2026-08-20T20:28:35+09:00,-2400
M0002,3076,2026-08-20,2026-08-20T21:05:21+09:00,-500
M0002,3076,2026-08-20,2026-08-20T22:30:04+09:00,-600
M0002,3076,2026-08-20,2026-08-20T23:07:51+09:00,-100
M0003,3077,2026-08-20,2026-08-20T10:52:57+09:00,0
M0003,3077,2026-08-20,2026-08-20T12:02:37+09:00,-400
M0003,3077,2026-08-20,2026-08-20T12:35:01+09:00,-900
M0003,3077,2026-08-20,2026-08-20T13:07:39+09:00,-400
M0003,3077,2026-08-20,2026-08-20T13:36:17+09:00,-1100
M0003,3077,2026-08-20,2026-08-20T14:02:59+09:00,-800
M0003,3077,2026-08-20,2026-08-20T17:42:01+09:00,-1300
M0003,3077,2026-08-20,2026-08-20T18:28:21+09:00,-1900
M0003,3077,2026-08-20,2026-08-20T19:04:37+09:00,-1700
M0003,3077,2026-08-20,2026-08-20T19:39:23+09:00,-1800
M0004,3078,2026-08-20,2026-08-20T10:52:57+09:00,0
M0004,3078,2026-08-20,2026-08-20T13:07:39+09:00,-500
M0004,3078,2026-08-20,2026-08-20T13:36:17+09:00,-800
M0004,3078,2026-08-20,2026-08-20T15:09:59+09:00,-1800
M0004,3078,2026-08-20,2026-08-20T15:59:19+09:00,-1100
M0004,3078,2026-08-20,2026-08-20T16:32:33+09:00,-900
M0004,3078,2026-08-20,2026-08-20T19:04:37+09:00,-1500
M0004,3078,2026-08-20,2026-08-20T19:39:23+09:00,-2200
M0004,3078,2026-08-20,2026-08-20T20:28:35+09:00,-2100
M0004,3078,2026-08-20,2026-08-20T21:05:21+09:00,-1800
M0005,3079,2026-08-20,2026-08-20T10:52:57+09:00,-300
M0005,3079,2026-08-20,2026-08-20T11:28:53+09:00,400
M0005,3079,2026-08-20,2026-08-20T12:02:37+09:00,300
M0005,3079,2026-08-20,2026-08-20T12:35:01+09:00,900
M0005,3079,2026-08-20,2026-08-20T13:07:39+09:00,400
M0005,3079,2026-08-20,2026-08-20T13:36:17+09:00,100
M0005,3079,2026-08-20,2026-08-20T14:02:59+09:00,-500
M0005,3079,2026-08-20,2026-08-20T14:35:37+09:00,200
M0005,3079,2026-08-20,2026-08-20T15:59:19+09:00,0
M0005,3079,2026-08-20,2026-08-20T16:32:33+09:00,2400
M0005,3079,2026-08-20,2026-08-20T17:07:41+09:00,2800
M0005,3079,2026-08-20,2026-08-20T17:42:01+09:00,3500
M0005,3079,2026-08-20,2026-08-20T18:28:21+09:00,3100
M0005,3079,2026-08-20,2026-08-20T19:04:37+09:00,2400
M0005,3079,2026-08-20,2026-08-20T19:39:23+09:00,2300
M0005,3079,2026-08-20,2026-08-20T20:28:35+09:00,2600
M0005,3079,2026-08-20,2026-08-20T21:05:21+09:00,1800
M0005,3079,2026-08-20,2026-08-20T21:40:19+09:00,2600
M0005,3079,2026-08-20,2026-08-20T22:30:04+09:00,2700
M0005,3079,2026-08-20,2026-08-20T23:07:51+09:00,3000
M0005,3079,2026-08-20,2026-08-20T23:43:01+09:00,3600
M0006,3080,2026-08-20,2026-08-20T10:52:57+09:00,-200
M0006,3080,2026-08-20,2026-08-20T11:28:53+09:00,-400
M0006,3080,2026-08-20,2026-08-20T12:02:37+09:00,-1000
M0006,3080,2026-08-20,2026-08-20T12:35:01+09:00,-1800
M0006,3080,2026-08-20,2026-08-20T13:36:17+09:00,-1400
M0006,3080,2026-08-20,2026-08-20T14:02:59+09:00,700
M0006,3080,2026-08-20,2026-08-20T15:59:19+09:00,500
M0006,3080,2026-08-20,2026-08-20T16:32:33+09:00,1000
M0006,3080,2026-08-20,2026-08-20T17:07:41+09:00,1200
M0006,3080,2026-08-20,2026-08-20T17:42:01+09:00,3000
M0006,3080,2026-08-20,2026-08-20T18:28:21+09:00,2200
M0006,3080,2026-08-20,2026-08-20T19:04:37+09:00,1600
M0006,3080,2026-08-20,2026-08-20T19:39:23+09:00,1400
M0006,3080,2026-08-20,2026-08-20T20:28:35+09:00,1500
M0006,3080,2026-08-20,2026-08-20T21:05:21+09:00,1200
M0006,3080,2026-08-20,2026-08-20T21:40:19+09:00,1000
M0006,3080,2026-08-20,2026-08-20T22:30:04+09:00,1500
M0006,3080,2026-08-20,2026-08-20T23:07:51+09:00,700
M0007,3081,2026-08-20,2026-08-20T10:52:57+09:00,0
M0007,3081,2026-08-20,2026-08-20T13:36:17+09:00,-200
M0007,3081,2026-08-20,2026-08-20T14:02:59+09:00,-400
M0007,3081,2026-08-20,2026-08-20T14:35:37+09:00,-800
M0007,3081,2026-08-20,2026-08-20T19:39:23+09:00,-1000
M0007,3081,2026-08-20,2026-08-20T20:28:35+09:00,-800
M0007,3081,2026-08-20,2026-08-20T21:05:21+09:00,-900
M0007,3081,2026-08-20,2026-08-20T21:40:19+09:00,-1700
M0007,3081,2026-08-20,2026-08-20T22:30:04+09:00,-1200
M0008,3082,2026-08-20,2026-08-20T10:52:57+09:00,0
M0008,3082,2026-08-20,2026-08-20T12:35:01+09:00,-400
M0008,3082,2026-08-20,2026-08-20T13:07:39+09:00,100
M0008,3082,2026-08-20,2026-08-20T19:39:23+09:00,-400
M0008,3082,2026-08-20,2026-08-20T20:28:35+09:00,0
M0008,3082,2026-08-20,2026-08-20T21:05:21+09:00,-200
M0008,3082,2026-08-20,2026-08-20T21:40:19+09:00,-1500
M0008,3082,2026-08-20,2026-08-20T22:30:04+09:00,-2300
M0008,3082,2026-08-20,2026-08-20T23:07:51+09:00,-1100
M0009,3083,2026-08-20,2026-08-20T10:52:57+09:00,0
M0009,3083,2026-08-20,2026-08-20T13:36:17+09:00,-100
M0009,3083,2026-08-20,2026-08-20T14:02:59+09:00,-300
M0009,3083,2026-08-20,2026-08-20T14:35:37+09:00,-800
M0009,3083,2026-08-20,2026-08-20T15:09:59+09:00,-1000
M0009,3083,2026-08-20,2026-08-20T15:59:19+09:00,-1100
M0009,3083,2026-08-20,2026-08-20T16:32:33+09:00,800
M0009,3083,2026-08-20,2026-08-20T17:42:01+09:00,600
M0009,3083,2026-08-20,2026-08-20T18:28:21+09:00,200
M0009,3083,2026-08-20,2026-08-20T19:04:37+09:00,0
M0009,3083,2026-08-20,2026-08-20T19:39:23+09:00,-1200
M0009,3083,2026-08-20,2026-08-20T20:28:35+09:00,-1000
M0009,3083,2026-08-20,2026-08-20T21:05:21+09:00,-1200
M0009,3083,2026-08-20,2026-08-20T21:40:19+09:00,-1500
M0009,3083,2026-08-20,2026-08-20T22:30:04+09:00,-2000
M0009,3083,2026-08-20,2026-08-20T23:07:51+09:00,-800
M0010,3084,2026-08-20,2026-08-20T10:52:57+09:00,0
M0010,3084,2026-08-20,2026-08-20T13:36:17+09:00,-200
M0010,3084,2026-08-20,2026-08-20T14:02:59+09:00,-900
M0010,3084,2026-08-20,2026-08-20T14:35:37+09:00,-1100
M0010,3084,2026-08-20,2026-08-20T15:09:59+09:00,-1200
M0010,3084,2026-08-20,2026-08-20T19:39:23+09:00,-1500
M0010,3084,2026-08-20,2026-08-20T20:28:35+09:00,-900
M0011,3085,2026-08-20,2026-08-20T10:52:57+09:00,0
M0011,3085,2026-08-20,2026-08-20T11:28:53+09:00,-700
M0011,3085,2026-08-20,2026-08-20T12:02:37+09:00,500
M0011,3085,2026-08-20,2026-08-20T12:35:01+09:00,2700
M0011,3085,2026-08-20,2026-08-20T13:07:39+09:00,3700
M0011,3085,2026-08-20,2026-08-20T16:32:33+09:00,3500
M0011,3085,2026-08-20,2026-08-20T17:07:41+09:00,3300
M0011,3085,2026-08-20,2026-08-20T17:42:01+09:00,1900
M0011,3085,2026-08-20,2026-08-20T18:28:21+09:00,1700
M0011,3085,2026-08-20,2026-08-20T19:04:37+09:00,1000
M0011,3085,2026-08-20,2026-08-20T19:39:23+09:00,1500
M0011,3085,2026-08-20,2026-08-20T20:28:35+09:00,1100
M0011,3085,2026-08-20,2026-08-20T21:05:21+09:00,1400
M0011,3085,2026-08-20,2026-08-20T21:40:19+09:00,1000
M0012,3086,2026-08-20,2026-08-20T10:52:57+09:00,0
M0012,3086,2026-08-20,2026-08-20T12:35:01+09:00,-100
M0012,3086,2026-08-20,2026-08-20T13:36:17+09:00,-600
M0012,3086,2026-08-20,2026-08-20T14:02:59+09:00,-1300
M0012,3086,2026-08-20,2026-08-20T14:35:37+09:00,-1500
M0012,3086,2026-08-20,2026-08-20T15:09:59+09:00,-2800
M0012,3086,2026-08-20,2026-08-20T15:59:19+09:00,-3100
M0012,3086,2026-08-20,2026-08-20T16:32:33+09:00,-3700
M0012,3086,2026-08-20,2026-08-20T17:07:41+09:00,-4200
M0012,3086,2026-08-20,2026-08-20T17:42:01+09:00,-4300
M0012,3086,2026-08-20,2026-08-20T19:39:23+09:00,-4700
M0012,3086,2026-08-20,2026-08-20T20:28:35+09:00,-5300
M0012,3086,2026-08-20,2026-08-20T21:05:21+09:00,-6100
M0013,3087,2026-08-20,2026-08-20T10:52:57+09:00,0
M0013,3087,2026-08-20,2026-08-20T11:28:53+09:00,-700
M0013,3087,2026-08-20,2026-08-20T12:02:37+09:00,-400
M0013,3087,2026-08-20,2026-08-20T19:39:23+09:00,-1500
M0013,3087,2026-08-20,2026-08-20T20:28:35+09:00,-1800
M0013,3087,2026-08-20,2026-08-20T21:05:21+09:00,-2100
M0014,3150,2026-08-20,2026-08-20T10:52:57+09:00,-200
M0014,3150,2026-08-20,2026-08-20T11:28:53+09:00,300
M0014,3150,2026-08-20,2026-08-20T12:02:37+09:00,-200
M0014,3150,2026-08-20,2026-08-20T12:35:01+09:00,-800
M0014,3150,2026-08-20,2026-08-20T13:07:39+09:00,-1300
M0014,3150,2026-08-20,2026-08-20T13:36:17+09:00,-1000
M0014,3150,2026-08-20,2026-08-20T17:07:41+09:00,-1100
M0014,3150,2026-08-20,2026-08-20T17:42:01+09:00,-2500
M0014,3150,2026-08-20,2026-08-20T19:04:37+09:00,-2700
M0014,3150,2026-08-20,2026-08-20T19:39:23+09:00,-2200
M0014,3150,2026-08-20,2026-08-20T20:28:35+09:00,-2800
M0014,3150,2026-08-20,2026-08-20T21:05:21+09:00,-2900
M0014,3150,2026-08-20,2026-08-20T21:40:19+09:00,-3300
M0015,3151,2026-08-20,2026-08-20T10:52:57+09:00,0
M0015,3151,2026-08-20,2026-08-20T13:36:17+09:00,-300
M0015,3151,2026-08-20,2026-08-20T14:02:59+09:00,-400
M0015,3151,2026-08-20,2026-08-20T14:35:37+09:00,-800
M0015,3151,2026-08-20,2026-08-20T15:09:59+09:00,-900
M0015,3151,2026-08-20,2026-08-20T15:59:19+09:00,-400
M0015,3151,2026-08-20,2026-08-20T16:32:33+09:00,-700
M0015,3151,2026-08-20,2026-08-20T20:28:35+09:00,-1100
M0015,3151,2026-08-20,2026-08-20T21:05:21+09:00,-900
M0015,3151,2026-08-20,2026-08-20T21:40:19+09:00,-1500
M0016,3152,2026-08-20,2026-08-20T10:52:57+09:00,0
M0016,3152,2026-08-20,2026-08-20T15:09:59+09:00,300
M0016,3152,2026-08-20,2026-08-20T17:07:41+09:00,-100
M0016,3152,2026-08-20,2026-08-20T17:42:01+09:00,-400
M0016,3152,2026-08-20,2026-08-20T18:28:21+09:00,0
M0016,3152,2026-08-20,2026-08-20T19:04:37+09:00,-300
M0016,3152,2026-08-20,2026-08-20T19:39:23+09:00,-1500
M0016,3152,2026-08-20,2026-08-20T20:28:35+09:00,-2300
M0016,3152,2026-08-20,2026-08-20T21:05:21+09:00,-1600
M0016,3152,2026-08-20,2026-08-20T21:40:19+09:00,-1500
M0017,3153,2026-08-20,2026-08-20T10:52:57+09:00,-300
M0017,3153,2026-08-20,2026-08-20T11:28:53+09:00,-500
M0017,3153,2026-08-20,2026-08-20T12:02:37+09:00,-1300
M0017,3153,2026-08-20,2026-08-20T12:35:01+09:00,-1900
M0017,3153,2026-08-20,2026-08-20T13:07:39+09:00,-2600
M0017,3153,2026-08-20,2026-08-20T13:36:17+09:00,-3200
M0017,3153,2026-08-20,2026-08-20T14:02:59+09:00,-1800
M0017,3153,2026-08-20,2026-08-20T14:35:37+09:00,-1300
M0017,3153,2026-08-20,2026-08-20T19:39:23+09:00,-1800
M0017,3153,2026-08-20,2026-08-20T20:28:35+09:00,-1300
M0017,3153,2026-08-20,2026-08-20T21:05:21+09:00,-200
M0018,3154,2026-08-20,2026-08-20T10:52:57+09:00,0
M0018,3154,2026-08-20,2026-08-20T14:35:37+09:00,-100
M0018,3154,2026-08-20,2026-08-20T15:09:59+09:00,-200
M0018,3154,2026-08-20,2026-08-20T15:59:19+09:00,-500
M0018,3154,2026-08-20,2026-08-20T16:32:33+09:00,-1200
M0018,3154,2026-08-20,2026-08-20T17:07:41+09:00,-800
M0018,3154,2026-08-20,2026-08-20T18:28:21+09:00,-900
M0018,3154,2026-08-20,2026-08-20T19:04:37+09:00,-1100
M0018,3154,2026-08-20,2026-08-20T19:39:23+09:00,-1300
M0018,3154,2026-08-20,2026-08-20T21:40:19+09:00,-2000
M0018,3154,2026-08-20,2026-08-20T23:07:51+09:00,-2200
M0018,3154,2026-08-20,2026-08-20T23:43:01+09:00,-2500
M0019,3155,2026-08-20,2026-08-20T10:52:57+09:00,-200
M0019,3155,2026-08-20,2026-08-20T11:28:53+09:00,-300
M0019,3155,2026-08-20,2026-08-20T12:02:37+09:00,-200
M0019,3155,2026-08-20,2026-08-20T12:35:01+09:00,1500
M0019,3155,2026-08-20,2026-08-20T13:07:39+09:00,800
M0019,3155,2026-08-20,2026-08-20T13:36:17+09:00,100
M0019,3155,2026-08-20,2026-08-20T14:02:59+09:00,500
M0019,3155,2026-08-20,2026-08-20T14:35:37+09:00,200
M0019,3155,2026-08-20,2026-08-20T15:09:59+09:00,400
M0019,3155,2026-08-20,2026-08-20T16:32:33+09:00,-100
M0019,3155,2026-08-20,2026-08-20T17:07:41+09:00,100
M0019,3155,2026-08-20,2026-08-20T17:42:01+09:00,-1400
M0019,3155,2026-08-20,2026-08-20T18:28:21+09:00,-1100
M0019,3155,2026-08-20,2026-08-20T19:04:37+09:00,-1500
M0019,3155,2026-08-20,2026-08-20T19:39:23+09:00,0
M0019,3155,2026-08-20,2026-08-20T20:28:35+09:00,2800
M0019,3155,2026-08-20,2026-08-20T21:05:21+09:00,4500
M0019,3155,2026-08-20,2026-08-20T21:40:19+09:00,4200
M0019,3155,2026-08-20,2026-08-20T22:30:04+09:00,4100
M0019,3155,2026-08-20,2026-08-20T23:07:51+09:00,3900
M0020,3156,2026-08-20,2026-08-20T10:52:57+09:00,0
M0020,3156,2026-08-20,2026-08-20T15:09:59+09:00,-600
M0020,3156,2026-08-20,2026-08-20T17:42:01+09:00,0
M0020,3156,2026-08-20,2026-08-20T18:28:21+09:00,-300
M0020,3156,2026-08-20,2026-08-20T20:28:35+09:00,-800
M0020,3156,2026-08-20,2026-08-20T21:05:21+09:00,-1500
M0020,3156,2026-08-20,2026-08-20T21:40:19+09:00,-700
M0020,3156,2026-08-20,2026-08-20T22:30:04+09:00,-1300
M0020,3156,2026-08-20,2026-08-20T23:07:51+09:00,-900
M0021,3157,2026-08-20,2026-08-20T10:52:57+09:00,0
M0021,3157,2026-08-20,2026-08-20T12:02:37+09:00,-400
M0021,3157,2026-08-20,2026-08-20T12:35:01+09:00,-1000
M0021,3157,2026-08-20,2026-08-20T13:07:39+09:00,-1100
M0021,3157,2026-08-20,2026-08-20T13:36:17+09:00,-300
M0021,3157,2026-08-20,2026-08-20T14:02:59+09:00,-600
M0021,3157,2026-08-20,2026-08-20T14:35:37+09:00,-1100
M0021,3157,2026-08-20,2026-08-20T15:09:59+09:00,-2000
M0021,3157,2026-08-20,2026-08-20T15:59:19+09:00,-1400
M0021,3157,2026-08-20,2026-08-20T16:32:33+09:00,1200
M0021,3157,2026-08-20,2026-08-20T17:07:41+09:00,2900
M0021,3157,2026-08-20,2026-08-20T19:04:37+09:00,2400
M0021,3157,2026-08-20,2026-08-20T19:39:23+09:00,2000
M0021,3157,2026-08-20,2026-08-20T20:28:35+09:00,2700
M0021,3157,2026-08-20,2026-08-20T21:05:21+09:00,2100
M0021,3157,2026-08-20,2026-08-20T21:40:19+09:00,1800
M0021,3157,2026-08-20,2026-08-20T22:30:04+09:00,1900
M0021,3157,2026-08-20,2026-08-20T23:07:51+09:00,2200
M0022,3158,2026-08-20,2026-08-20T10:52:57+09:00,0
M0022,3158,2026-08-20,2026-08-20T11:28:53+09:00,-300
M0022,3158,2026-08-20,2026-08-20T12:02:37+09:00,-500
M0022,3158,2026-08-20,2026-08-20T12:35:01+09:00,-100
M0022,3158,2026-08-20,2026-08-20T13:07:39+09:00,-500
M0022,3158,2026-08-20,2026-08-20T15:09:59+09:00,800
M0022,3158,2026-08-20,2026-08-20T15:59:19+09:00,200
M0022,3158,2026-08-20,2026-08-20T16:32:33+09:00,500
M0022,3158,2026-08-20,2026-08-20T17:07:41+09:00,-100
M0022,3158,2026-08-20,2026-08-20T17:42:01+09:00,0
M0022,3158,2026-08-20,2026-08-20T18:28:21+09:00,-300
M0022,3158,2026-08-20,2026-08-20T19:04:37+09:00,100
M0022,3158,2026-08-20,2026-08-20T19:39:23+09:00,-1200
M0022,3158,2026-08-20,2026-08-20T20:28:35+09:00,-500
M0022,3158,2026-08-20,2026-08-20T21:05:21+09:00,-1100
M0022,3158,2026-08-20,2026-08-20T21:40:19+09:00,-1900
M0022,3158,2026-08-20,2026-08-20T22:30:04+09:00,-1500
M0023,3159,2026-08-20,2026-08-20T10:52:57+09:00,0
M0023,3159,2026-08-20,2026-08-20T13:36:17+09:00,-100
M0023,3159,2026-08-20,2026-08-20T14:02:59+09:00,-800
M0023,3159,2026-08-20,2026-08-20T14:35:37+09:00,-1100
M0023,3159,2026-08-20,2026-08-20T15:09:59+09:00,-800
M0023,3159,2026-08-20,2026-08-20T21:05:21+09:00,-1100
M0023,3159,2026-08-20,2026-08-20T21:40:19+09:00,-1800
M0024,3160,2026-08-20,2026-08-20T10:52:57+09:00,0
M0024,3160,2026-08-20,2026-08-20T12:35:01+09:00,-100
M0024,3160,2026-08-20,2026-08-20T13:07:39+09:00,-800
M0024,3160,2026-08-20,2026-08-20T13:36:17+09:00,-1500
M0024,3160,2026-08-20,2026-08-20T14:02:59+09:00,-1400
M0024,3160,2026-08-20,2026-08-20T15:09:59+09:00,-1100
M0024,3160,2026-08-20,2026-08-20T15:59:19+09:00,-1200
M0024,3160,2026-08-20,2026-08-20T16:32:33+09:00,-1300
M0024,3160,2026-08-20,2026-08-20T17:07:41+09:00,-1500
M0024,3160,2026-08-20,2026-08-20T17:42:01+09:00,-1900
M0024,3160,2026-08-20,2026-08-20T18:28:21+09:00,-1400
M0024,3160,2026-08-20,2026-08-20T19:04:37+09:00,-2000
M0024,3160,2026-08-20,2026-08-20T19:39:23+09:00,-2800
M0024,3160,2026-08-20,2026-08-20T20:28:35+09:00,-3000
M0024,3160,2026-08-20,2026-08-20T21:05:21+09:00,-3400
M0025,3161,2026-08-20,2026-08-20T10:52:57+09:00,0
M0025,3161,2026-08-20,2026-08-20T12:02:37+09:00,100
M0025,3161,2026-08-20,2026-08-20T12:35:01+09:00,500
M0025,3161,2026-08-20,2026-08-20T14:35:37+09:00,-100
M0025,3161,2026-08-20,2026-08-20T15:09:59+09:00,-1200
M0025,3161,2026-08-20,2026-08-20T15:59:19+09:00,-1800
M0025,3161,2026-08-20,2026-08-20T16:32:33+09:00,-2300
M0025,3161,2026-08-20,2026-08-20T17:07:41+09:00,-2800
M0025,3161,2026-08-20,2026-08-20T17:42:01+09:00,-2200
M0025,3161,2026-08-20,2026-08-20T19:04:37+09:00,-2300
M0025,3161,2026-08-20,2026-08-20T19:39:23+09:00,-3100
M0025,3161,2026-08-20,2026-08-20T20:28:35+09:00,-2900
M0025,3161,2026-08-20,2026-08-20T21:05:21+09:00,-600
M0025,3161,2026-08-20,2026-08-20T21:40:19+09:00,-1200
M0025,3161,2026-08-20,2026-08-20T22:30:04+09:00,-900
M0025,3161,2026-08-20,2026-08-20T23:07:51+09:00,-1200
M0025,3161,2026-08-20,2026-08-20T23:43:01+09:00,-1400
M0026,3162,2026-08-20,2026-08-20T10:52:57+09:00,0
M0026,3162,2026-08-20,2026-08-20T13:07:39+09:00,-200
M0026,3162,2026-08-20,2026-08-20T13:36:17+09:00,-100
M0026,3162,2026-08-20,2026-08-20T14:02:59+09:00,-300
M0026,3162,2026-08-20,2026-08-20T15:09:59+09:00,-500
M0026,3162,2026-08-20,2026-08-20T15:59:19+09:00,-1200
M0026,3162,2026-08-20,2026-08-20T16:32:33+09:00,-1500
M0026,3162,2026-08-20,2026-08-20T17:07:41+09:00,-1600
M0026,3162,2026-08-20,2026-08-20T17:42:01+09:00,-1500
M0026,3162,2026-08-20,2026-08-20T19:04:37+09:00,-1000
M0026,3162,2026-08-20,2026-08-20T19:39:23+09:00,1300
M0026,3162,2026-08-20,2026-08-20T20:28:35+09:00,1400
M0026,3162,2026-08-20,2026-08-20T21:05:21+09:00,900
M0026,3162,2026-08-20,2026-08-20T21:40:19+09:00,600
M0026,3162,2026-08-20,2026-08-20T22:30:04+09:00,800
M0027,3163,2026-08-20,2026-08-20T10:52:57+09:00,0
M0027,3163,2026-08-20,2026-08-20T14:35:37+09:00,-400
M0027,3163,2026-08-20,2026-08-20T15:09:59+09:00,-500
M0027,3163,2026-08-20,2026-08-20T15:59:19+09:00,400
M0027,3163,2026-08-20,2026-08-20T16:32:33+09:00,0
M0027,3163,2026-08-20,2026-08-20T19:39:23+09:00,-400
M0027,3163,2026-08-20,2026-08-20T20:28:35+09:00,-1100
M0027,3163,2026-08-20,2026-08-20T21:05:21+09:00,-300
M0027,3163,2026-08-20,2026-08-20T21:40:19+09:00,-800
M0027,3163,2026-08-20,2026-08-20T22:30:04+09:00,-100
M0028,3164,2026-08-20,2026-08-20T10:52:57+09:00,0
M0028,3164,2026-08-20,2026-08-20T12:35:01+09:00,-500
M0028,3164,2026-08-20,2026-08-20T13:07:39+09:00,-600
M0028,3164,2026-08-20,2026-08-20T13:36:17+09:00,-1000
M0028,3164,2026-08-20,2026-08-20T14:02:59+09:00,-1600
M0028,3164,2026-08-20,2026-08-20T14:35:37+09:00,-2000
M0028,3164,2026-08-20,2026-08-20T15:09:59+09:00,-1800
M0028,3164,2026-08-20,2026-08-20T15:59:19+09:00,-2300
M0028,3164,2026-08-20,2026-08-20T16:32:33+09:00,-2900
M0028,3164,2026-08-20,2026-08-20T17:07:41+09:00,-1400
M0028,3164,2026-08-20,2026-08-20T17:42:01+09:00,-700
M0028,3164,2026-08-20,2026-08-20T18:28:21+09:00,-200
M0028,3164,2026-08-20,2026-08-20T19:04:37+09:00,-800
M0028,3164,2026-08-20,2026-08-20T21:05:21+09:00,-600
M0028,3164,2026-08-20,2026-08-20T21:40:19+09:00,-800
M0029,3165,2026-08-20,2026-08-20T10:52:57+09:00,-100
M0029,3165,2026-08-20,2026-08-20T12:02:37+09:00,200
M0029,3165,2026-08-20,2026-08-20T12:35:01+09:00,500
M0029,3165,2026-08-20,2026-08-20T13:07:39+09:00,-100
M0029,3165,2026-08-20,2026-08-20T13:36:17+09:00,-200
M0029,3165,2026-08-20,2026-08-20T14:02:59+09:00,-800
M0029,3165,2026-08-20,2026-08-20T14:35:37+09:00,-1500
M0029,3165,2026-08-20,2026-08-20T15:09:59+09:00,-2200
M0029,3165,2026-08-20,2026-08-20T15:59:19+09:00,-2100
M0029,3165,2026-08-20,2026-08-20T16:32:33+09:00,-1600
M0029,3165,2026-08-20,2026-08-20T17:07:41+09:00,-2300
M0029,3165,2026-08-20,2026-08-20T17:42:01+09:00,-1800
M0029,3165,2026-08-20,2026-08-20T18:28:21+09:00,-2400
M0029,3165,2026-08-20,2026-08-20T19:39:23+09:00,-2900
M0029,3165,2026-08-20,2026-08-20T21:05:21+09:00,-3000
M0029,3165,2026-08-20,2026-08-20T21:40:19+09:00,-2100
M0030,3166,2026-08-20,2026-08-20T10:52:57+09:00,-200
M0030,3166,2026-08-20,2026-08-20T11:28:53+09:00,-800
M0030,3166,2026-08-20,2026-08-20T12:02:37+09:00,-1400
M0030,3166,2026-08-20,2026-08-20T15:09:59+09:00,-1500
M0030,3166,2026-08-20,2026-08-20T15:59:19+09:00,-1600
M0030,3166,2026-08-20,2026-08-20T16:32:33+09:00,-2100
M0030,3166,2026-08-20,2026-08-20T17:07:41+09:00,-2600
M0030,3166,2026-08-20,2026-08-20T17:42:01+09:00,-2300
M0030,3166,2026-08-20,2026-08-20T18:28:21+09:00,-2800
M0030,3166,2026-08-20,2026-08-20T19:04:37+09:00,-3100
M0030,3166,2026-08-20,2026-08-20T19:39:23+09:00,-4200
M0030,3166,2026-08-20,2026-08-20T20:28:35+09:00,-4400
M0030,3166,2026-08-20,2026-08-20T21:05:21+09:00,-4900
