store_id,model_id,machine_id,unit_number,data_date,start_count,zone
100928,1,M0001,3075,2026-08-12,354,
100928,1,M0001,3075,2026-08-12,40,
100928,1,M0001,3075,2026-08-12,685,zone_650g
100928,1,M0001,3075,2026-08-12,199,
100928,1,M0001,3075,2026-08-12,43,
100928,1,M0001,3075,2026-08-12,397,
100928,1,M0001,3075,2026-08-12,1032,zone_1000g
100928,1,M0001,3075,2026-08-12,1028,zone_1000g
100928,1,M0001,3075,2026-08-12,70,
100928,1,M0001,3075,2026-08-12,46,
100928,1,M0001,3075,2026-08-12,298,
100928,1,M0001,3075,2026-08-12,176,
100928,1,M0001,3075,2026-08-12,64,
100928,1,M0001,3075,2026-08-12,434,
100928,1,M0001,3075,2026-08-13,577,
100928,1,M0001,3075,2026-08-13,55,
100928,1,M0001,3075,2026-08-13,553,
100928,1,M0001,3075,2026-08-13,50,
100928,1,M0001,3075,2026-08-13,160,
100928,1,M0001,3075,2026-08-13,286,zone_250g
100928,1,M0001,3075,2026-08-13,113,
100928,1,M0001,3075,2026-08-13,407,
100928,1,M0001,3075,2026-08-13,187,zone_150g
100928,1,M0001,3075,2026-08-13,353,
100928,1,M0001,3075,2026-08-13,48,
100928,1,M0001,3075,2026-08-13,39,
100928,1,M0001,3075,2026-08-13,468,
100928,1,M0001,3075,2026-08-13,509,
100928,1,M0001,3075,2026-08-13,1035,zone_1000g
100928,1,M0001,3075,2026-08-13,149,
100928,1,M0001,3075,2026-08-13,577,
100928,1,M0001,3075,2026-08-13,50,
100928,1,M0001,3075,2026-08-14,646,
100928,1,M0001,3075,2026-08-14,1032,zone_1000g
100928,1,M0001,3075,2026-08-14,952,over_zone_650g
100928,1,M0001,3075,2026-08-14,310,
100928,1,M0001,3075,2026-08-14,110,
100928,1,M0001,3075,2026-08-14,40,
100928,1,M0001,3075,2026-08-14,284,zone_250g
100928,1,M0001,3075,2026-08-14,685,zone_650g
100928,1,M0001,3075,2026-08-14,324,
100928,1,M0001,3075,2026-08-14,57,
100928,1,M0001,3075,2026-08-14,683,zone_650g
100928,1,M0001,3075,2026-08-14,51,
100928,1,M0001,3075,2026-08-14,639,
100928,1,M0001,3075,2026-08-14,350,
100928,1,M0001,3075,2026-08-15,238,
100928,1,M0001,3075,2026-08-15,558,
100928,1,M0001,3075,2026-08-15,78,
100928,1,M0001,3075,2026-08-15,156,
100928,1,M0001,3075,2026-08-15,793,over_zone_650g
100928,1,M0001,3075,2026-08-15,180,
100928,1,M0001,3075,2026-08-15,494,
100928,1,M0001,3075,2026-08-15,450,
100928,1,M0001,3075,2026-08-15,233,
100928,1,M0001,3075,2026-08-15,653,
100928,1,M0001,3075,2026-08-15,582,
100928,1,M0001,3075,2026-08-15,37,
100928,1,M0001,3075,2026-08-15,680,
100928,1,M0001,3075,2026-08-15,63,
100928,1,M0001,3075,2026-08-15,342,
100928,1,M0001,3075,2026-08-15,146,
100928,1,M0001,3075,2026-08-15,683,zone_650g
100928,1,M0001,3075,2026-08-15,314,
100928,1,M0001,3075,2026-08-15,50,
100928,1,M0001,3075,2026-08-15,62,
100928,1,M0001,3075,2026-08-15,139,
100928,1,M0001,3075,2026-08-15,281,zone_250g
100928,1,M0001,3075,2026-08-15,40,
100928,1,M0001,3075,2026-08-16,125,
100928,1,M0001,3075,2026-08-16,252,
100928,1,M0001,3075,2026-08-16,426,
100928,1,M0001,3075,2026-08-16,569,
100928,1,M0001,3075,2026-08-16,355,
100928,1,M0001,3075,2026-08-16,160,
100928,1,M0001,3075,2026-08-16,125,
100928,1,M0001,3075,2026-08-16,563,
100928,1,M0001,3075,2026-08-16,1035,zone_1000g
100928,1,M0001,3075,2026-08-16,36,
100928,1,M0001,3075,2026-08-16,566,
100928,1,M0001,3075,2026-08-16,135,
100928,1,M0001,3075,2026-08-16,36,
100928,1,M0001,3075,2026-08-16,689,zone_650g
100928,1,M0001,3075,2026-08-16,169,
100928,1,M0001,3075,2026-08-17,330,
100928,1,M0001,3075,2026-08-17,38,
100928,1,M0001,3075,2026-08-17,37,
100928,1,M0001,3075,2026-08-17,179,
100928,1,M0001,3075,2026-08-17,680,
100928,1,M0001,3075,2026-08-17,285,zone_250g
100928,1,M0001,3075,2026-08-17,52,
100928,1,M0001,3075,2026-08-17,450,
100928,1,M0001,3075,2026-08-17,349,
100928,1,M0001,3075,2026-08-17,146,
100928,1,M0001,3075,2026-08-17,44,
100928,1,M0001,3075,2026-08-17,258,
100928,1,M0001,3075,2026-08-17,287,zone_250g
100928,1,M0001,3075,2026-08-17,54,
100928,1,M0001,3075,2026-08-17,48,
100928,1,M0001,3075,2026-08-17,637,
100928,1,M0001,3075,2026-08-18,111,
100928,1,M0001,3075,2026-08-18,230,
100928,1,M0001,3075,2026-08-18,691,over_zone_650g
100928,1,M0001,3075,2026-08-18,48,
100928,1,M0001,3075,2026-08-19,231,
100928,1,M0001,3075,2026-08-19,303,
100928,1,M0001,3075,2026-08-19,67,
100928,1,M0001,3075,2026-08-19,48,
100928,1,M0001,3075,2026-08-19,324,
100928,1,M0001,3075,2026-08-19,351,
100928,1,M0001,3075,2026-08-19,55,
100928,1,M0001,3075,2026-08-19,643,
100928,1,M0001,3075,2026-08-19,282,zone_250g
100928,1,M0001,3075,2026-08-19,145,
100928,1,M0001,3075,2026-08-19,364,
100928,1,M0001,3075,2026-08-19,549,
100928,1,M0001,3075,2026-08-19,37,
100928,1,M0001,3075,2026-08-20,630,
100928,1,M0001,3075,2026-08-20,729,over_zone_650g
100928,1,M0001,3075,2026-08-20,142,
100928,1,M0001,3075,2026-08-20,291,
100928,1,M0001,3075,2026-08-20,73,
100928,1,M0001,3075,2026-08-20,745,over_zone_650g
100928,1,M0002,3076,2026-08-12,641,
100928,1,M0002,3076,2026-08-12,196,
100928,1,M0002,3076,2026-08-12,765,over_zone_650g
100928,1,M0002,3076,2026-08-12,237,
100928,1,M0002,3076,2026-08-12,70,
100928,1,M0002,3076,2026-08-13,678,
100928,1,M0002,3076,2026-08-13,146,
100928,1,M0002,3076,2026-08-13,356,
100928,1,M0002,3076,2026-08-13,135,
100928,1,M0002,3076,2026-08-13,43,
100928,1,M0002,3076,2026-08-13,36,
100928,1,M0002,3076,2026-08-13,164,
100928,1,M0002,3076,2026-08-13,150,
100928,1,M0002,3076,2026-08-13,546,
100928,1,M0002,3076,2026-08-13,31,
100928,1,M0002,3076,2026-08-13,545,
100928,1,M0002,3076,2026-08-13,285,zone_250g
100928,1,M0002,3076,2026-08-13,140,
100928,1,M0002,3076,2026-08-13,47,
100928,1,M0002,3076,2026-08-13,613,
100928,1,M0002,3076,2026-08-13,1033,zone_1000g
100928,1,M0002,3076,2026-08-13,585,
100928,1,M0002,3076,2026-08-13,49,
100928,1,M0002,3076,2026-08-13,380,
100928,1,M0002,3076,2026-08-13,34,
100928,1,M0002,3076,2026-08-13,280,
100928,1,M0002,3076,2026-08-14,125,
100928,1,M0002,3076,2026-08-14,48,
100928,1,M0002,3076,2026-08-14,351,
100928,1,M0002,3076,2026-08-14,937,over_zone_650g
100928,1,M0002,3076,2026-08-14,259,
100928,1,M0002,3076,2026-08-14,37,
100928,1,M0002,3076,2026-08-14,162,
100928,1,M0002,3076,2026-08-14,927,over_zone_650g
100928,1,M0002,3076,2026-08-14,47,
100928,1,M0002,3076,2026-08-14,188,zone_150g
100928,1,M0002,3076,2026-08-14,151,
100928,1,M0002,3076,2026-08-14,283,zone_250g
100928,1,M0002,3076,2026-08-14,72,
100928,1,M0002,3076,2026-08-14,278,
100928,1,M0002,3076,2026-08-14,770,over_zone_650g
100928,1,M0002,3076,2026-08-14,177,
100928,1,M0002,3076,2026-08-14,521,
100928,1,M0002,3076,2026-08-14,61,
100928,1,M0002,3076,2026-08-14,241,
100928,1,M0002,3076,2026-08-14,145,
100928,1,M0002,3076,2026-08-14,60,
100928,1,M0002,3076,2026-08-15,402,
100928,1,M0002,3076,2026-08-15,446,
100928,1,M0002,3076,2026-08-15,50,
100928,1,M0002,3076,2026-08-15,787,over_zone_650g
100928,1,M0002,3076,2026-08-15,82,
100928,1,M0002,3076,2026-08-15,287,zone_250g
100928,1,M0002,3076,2026-08-15,47,
100928,1,M0002,3076,2026-08-15,479,
100928,1,M0002,3076,2026-08-15,224,
100928,1,M0002,3076,2026-08-15,276,
100928,1,M0002,3076,2026-08-15,36,
100928,1,M0002,3076,2026-08-15,36,
100928,1,M0002,3076,2026-08-15,47,
100928,1,M0002,3076,2026-08-15,217,
100928,1,M0002,3076,2026-08-15,1036,zone_1000g
100928,1,M0002,3076,2026-08-15,128,
100928,1,M0002,3076,2026-08-15,310,
100928,1,M0002,3076,2026-08-15,46,
100928,1,M0002,3076,2026-08-15,655,
100928,1,M0002,3076,2026-08-16,231,
100928,1,M0002,3076,2026-08-16,227,
100928,1,M0002,3076,2026-08-16,56,
100928,1,M0002,3076,2026-08-16,211,
100928,1,M0002,3076,2026-08-16,171,
100928,1,M0002,3076,2026-08-16,581,
100928,1,M0002,3076,2026-08-16,39,
100928,1,M0002,3076,2026-08-16,186,zone_150g
100928,1,M0002,3076,2026-08-16,357,
100928,1,M0002,3076,2026-08-16,435,
100928,1,M0002,3076,2026-08-16,574,
100928,1,M0002,3076,2026-08-16,742,over_zone_650g
100928,1,M0002,3076,2026-08-16,46,
100928,1,M0002,3076,2026-08-16,49,
100928,1,M0002,3076,2026-08-16,307,
100928,1,M0002,3076,2026-08-16,443,
100928,1,M0002,3076,2026-08-16,686,zone_650g
100928,1,M0002,3076,2026-08-16,363,
100928,1,M0002,3076,2026-08-16,691,over_zone_650g
100928,1,M0002,3076,2026-08-17,109,
100928,1,M0002,3076,2026-08-17,170,
100928,1,M0002,3076,2026-08-17,45,
100928,1,M0002,3076,2026-08-17,1034,zone_1000g
100928,1,M0002,3076,2026-08-17,496,
100928,1,M0002,3076,2026-08-17,47,
100928,1,M0002,3076,2026-08-17,537,
100928,1,M0002,3076,2026-08-17,370,
100928,1,M0002,3076,2026-08-17,286,zone_250g
100928,1,M0002,3076,2026-08-17,408,
100928,1,M0002,3076,2026-08-17,42,
100928,1,M0002,3076,2026-08-17,502,
100928,1,M0002,3076,2026-08-17,48,
100928,1,M0002,3076,2026-08-18,154,
100928,1,M0002,3076,2026-08-18,683,zone_650g
100928,1,M0002,3076,2026-08-18,42,
100928,1,M0002,3076,2026-08-18,31,
100928,1,M0002,3076,2026-08-18,162,
100928,1,M0002,3076,2026-08-18,155,
100928,1,M0002,3076,2026-08-19,199,
100928,1,M0002,3076,2026-08-19,144,
100928,1,M0002,3076,2026-08-19,60,
100928,1,M0002,3076,2026-08-19,112,
100928,1,M0002,3076,2026-08-19,178,
100928,1,M0002,3076,2026-08-19,58,
100928,1,M0002,3076,2026-08-19,586,
100928,1,M0002,3076,2026-08-19,75,
100928,1,M0002,3076,2026-08-19,75,
100928,1,M0002,3076,2026-08-20,610,
100928,1,M0002,3076,2026-08-20,425,
100928,1,M0002,3076,2026-08-20,138,
100928,1,M0002,3076,2026-08-20,160,
100928,1,M0002,3076,2026-08-20,346,
100928,1,M0002,3076,2026-08-20,191,
100928,1,M0002,3076,2026-08-20,279,
100928,1,M0002,3076,2026-08-20,62,
100928,1,M0002,3076,2026-08-20,47,
100928,1,M0002,3076,2026-08-20,290,
100928,1,M0003,3077,2026-08-12,251,
100928,1,M0003,3077,2026-08-12,157,
100928,1,M0003,3077,2026-08-12,262,
100928,1,M0003,3077,2026-08-12,49,
100928,1,M0003,3077,2026-08-12,146,
100928,1,M0003,3077,2026-08-12,156,
100928,1,M0003,3077,2026-08-12,38,
100928,1,M0003,3077,2026-08-12,692,over_zone_650g
100928,1,M0003,3077,2026-08-12,38,
100928,1,M0003,3077,2026-08-12,851,over_zone_650g
100928,1,M0003,3077,2026-08-12,1044,zone_1000g
100928,1,M0003,3077,2026-08-12,33,
100928,1,M0003,3077,2026-08-12,63,
100928,1,M0003,3077,2026-08-12,50,
100928,1,M0003,3077,2026-08-12,650,
100928,1,M0003,3077,2026-08-12,357,
100928,1,M0003,3077,2026-08-12,351,
100928,1,M0003,3077,2026-08-13,158,
100928,1,M0003,3077,2026-08-13,159,
100928,1,M0003,3077,2026-08-13,368,
100928,1,M0003,3077,2026-08-13,354,
100928,1,M0003,3077,2026-08-13,334,
100928,1,M0003,3077,2026-08-13,47,
100928,1,M0003,3077,2026-08-13,544,
100928,1,M0003,3077,2026-08-13,173,
100928,1,M0003,3077,2026-08-13,433,
100928,1,M0003,3077,2026-08-13,284,zone_250g
100928,1,M0003,3077,2026-08-13,365,
100928,1,M0003,3077,2026-08-13,706,over_zone_650g
100928,1,M0003,3077,2026-08-13,369,
100928,1,M0003,3077,2026-08-13,142,
100928,1,M0003,3077,2026-08-13,551,
100928,1,M0003,3077,2026-08-13,100,
100928,1,M0003,3077,2026-08-13,454,
100928,1,M0003,3077,2026-08-13,165,
100928,1,M0003,3077,2026-08-13,41,
100928,1,M0003,3077,2026-08-13,76,
100928,1,M0003,3077,2026-08-13,350,
100928,1,M0003,3077,2026-08-13,142,
100928,1,M0003,3077,2026-08-14,394,
100928,1,M0003,3077,2026-08-14,46,
100928,1,M0003,3077,2026-08-14,44,
100928,1,M0003,3077,2026-08-14,37,
100928,1,M0003,3077,2026-08-14,388,
100928,1,M0003,3077,2026-08-14,543,
100928,1,M0003,3077,2026-08-14,400,
100928,1,M0003,3077,2026-08-14,412,
100928,1,M0003,3077,2026-08-14,287,zone_250g
100928,1,M0003,3077,2026-08-14,350,
100928,1,M0003,3077,2026-08-14,33,
100928,1,M0003,3077,2026-08-14,690,over_zone_650g
100928,1,M0003,3077,2026-08-14,161,
100928,1,M0003,3077,2026-08-14,172,
100928,1,M0003,3077,2026-08-14,40,
100928,1,M0003,3077,2026-08-15,124,
100928,1,M0003,3077,2026-08-15,135,
100928,1,M0003,3077,2026-08-15,1032,zone_1000g
100928,1,M0003,3077,2026-08-15,1033,zone_1000g
100928,1,M0003,3077,2026-08-15,376,
100928,1,M0003,3077,2026-08-15,682,zone_650g
100928,1,M0003,3077,2026-08-15,488,zone_450g
100928,1,M0003,3077,2026-08-15,283,zone_250g
100928,1,M0003,3077,2026-08-15,350,
100928,1,M0003,3077,2026-08-15,1032,zone_1000g
100928,1,M0003,3077,2026-08-15,684,zone_650g
100928,1,M0003,3077,2026-08-15,281,zone_250g
100928,1,M0003,3077,2026-08-15,115,
100928,1,M0003,3077,2026-08-16,316,
100928,1,M0003,3077,2026-08-16,282,zone_250g
100928,1,M0003,3077,2026-08-16,156,
100928,1,M0003,3077,2026-08-16,260,
100928,1,M0003,3077,2026-08-16,1053,zone_1000g
100928,1,M0003,3077,2026-08-16,566,
100928,1,M0003,3077,2026-08-16,343,
100928,1,M0003,3077,2026-08-16,287,zone_250g
100928,1,M0003,3077,2026-08-16,283,zone_250g
100928,1,M0003,3077,2026-08-16,336,
100928,1,M0003,3077,2026-08-16,620,
100928,1,M0003,3077,2026-08-16,43,
100928,1,M0003,3077,2026-08-16,690,over_zone_650g
100928,1,M0003,3077,2026-08-16,240,
100928,1,M0003,3077,2026-08-16,496,
100928,1,M0003,3077,2026-08-16,761,over_zone_650g
100928,1,M0003,3077,2026-08-17,253,
100928,1,M0003,3077,2026-08-17,252,
100928,1,M0003,3077,2026-08-17,165,
100928,1,M0003,3077,2026-08-17,339,
100928,1,M0003,3077,2026-08-17,72,
100928,1,M0003,3077,2026-08-17,160,
100928,1,M0003,3077,2026-08-17,288,zone_250g
100928,1,M0003,3077,2026-08-17,479,
100928,1,M0003,3077,2026-08-17,50,
100928,1,M0003,3077,2026-08-17,200,
100928,1,M0003,3077,2026-08-17,49,
100928,1,M0003,3077,2026-08-17,50,
100928,1,M0003,3077,2026-08-17,682,zone_650g
100928,1,M0003,3077,2026-08-17,90,
100928,1,M0003,3077,2026-08-17,683,zone_650g
100928,1,M0003,3077,2026-08-17,52,
100928,1,M0003,3077,2026-08-17,356,
100928,1,M0003,3077,2026-08-17,155,
100928,1,M0003,3077,2026-08-17,30,
100928,1,M0003,3077,2026-08-17,52,
100928,1,M0003,3077,2026-08-17,114,
100928,1,M0003,3077,2026-08-17,49,
100928,1,M0003,3077,2026-08-17,282,zone_250g
100928,1,M0003,3077,2026-08-18,634,
100928,1,M0003,3077,2026-08-18,47,
100928,1,M0003,3077,2026-08-18,70,
100928,1,M0003,3077,2026-08-18,978,over_zone_650g
100928,1,M0003,3077,2026-08-18,162,
100928,1,M0003,3077,2026-08-19,402,
100928,1,M0003,3077,2026-08-19,764,over_zone_650g
100928,1,M0003,3077,2026-08-19,62,
100928,1,M0003,3077,2026-08-20,658,
100928,1,M0003,3077,2026-08-20,654,
100928,1,M0003,3077,2026-08-20,754,over_zone_650g
100928,1,M0004,3078,2026-08-12,116,
100928,1,M0004,3078,2026-08-12,24,
100928,1,M0004,3078,2026-08-12,995,over_zone_650g
100928,1,M0004,3078,2026-08-12,332,
100928,1,M0004,3078,2026-08-12,336,
100928,1,M0004,3078,2026-08-12,169,
100928,1,M0004,3078,2026-08-13,234,
100928,1,M0004,3078,2026-08-13,285,zone_250g
100928,1,M0004,3078,2026-08-13,199,
100928,1,M0004,3078,2026-08-13,322,
100928,1,M0004,3078,2026-08-13,50,
100928,1,M0004,3078,2026-08-13,38,
100928,1,M0004,3078,2026-08-13,41,
100928,1,M0004,3078,2026-08-13,48,
100928,1,M0004,3078,2026-08-13,483,zone_450g
100928,1,M0004,3078,2026-08-13,164,
100928,1,M0004,3078,2026-08-13,338,
100928,1,M0004,3078,2026-08-13,458,
100928,1,M0004,3078,2026-08-13,100,
100928,1,M0004,3078,2026-08-13,316,
100928,1,M0004,3078,2026-08-13,283,zone_250g
100928,1,M0004,3078,2026-08-13,564,
100928,1,M0004,3078,2026-08-13,545,
100928,1,M0004,3078,2026-08-13,41,
100928,1,M0004,3078,2026-08-13,51,
100928,1,M0004,3078,2026-08-13,159,
100928,1,M0004,3078,2026-08-13,445,
100928,1,M0004,3078,2026-08-13,102,
100928,1,M0004,3078,2026-08-13,51,
100928,1,M0004,3078,2026-08-13,110,
100928,1,M0004,3078,2026-08-13,42,
100928,1,M0004,3078,2026-08-14,98,
100928,1,M0004,3078,2026-08-14,170,
100928,1,M0004,3078,2026-08-14,325,
100928,1,M0004,3078,2026-08-14,50,
100928,1,M0004,3078,2026-08-14,37,
100928,1,M0004,3078,2026-08-14,547,
100928,1,M0004,3078,2026-08-14,1035,zone_1000g
100928,1,M0004,3078,2026-08-14,247,
100928,1,M0004,3078,2026-08-14,235,
100928,1,M0004,3078,2026-08-14,480,
100928,1,M0004,3078,2026-08-14,153,
100928,1,M0004,3078,2026-08-14,286,zone_250g
100928,1,M0004,3078,2026-08-14,368,
100928,1,M0004,3078,2026-08-14,52,
100928,1,M0004,3078,2026-08-14,582,
100928,1,M0004,3078,2026-08-14,366,
100928,1,M0004,3078,2026-08-14,147,
100928,1,M0004,3078,2026-08-14,186,zone_150g
100928,1,M0004,3078,2026-08-14,47,
100928,1,M0004,3078,2026-08-14,151,
100928,1,M0004,3078,2026-08-14,349,
100928,1,M0004,3078,2026-08-14,559,
100928,1,M0004,3078,2026-08-15,548,
100928,1,M0004,3078,2026-08-15,1034,zone_1000g
100928,1,M0004,3078,2026-08-15,51,
100928,1,M0004,3078,2026-08-15,40,
100928,1,M0004,3078,2026-08-15,928,over_zone_650g
100928,1,M0004,3078,2026-08-15,159,
100928,1,M0004,3078,2026-08-15,276,
100928,1,M0004,3078,2026-08-15,169,
100928,1,M0004,3078,2026-08-15,188,zone_150g
100928,1,M0004,3078,2026-08-15,229,
100928,1,M0004,3078,2026-08-15,645,
100928,1,M0004,3078,2026-08-15,150,
100928,1,M0004,3078,2026-08-15,53,
100928,1,M0004,3078,2026-08-15,126,
100928,1,M0004,3078,2026-08-15,43,
100928,1,M0004,3078,2026-08-15,137,
100928,1,M0004,3078,2026-08-15,41,
100928,1,M0004,3078,2026-08-15,1032,zone_1000g
100928,1,M0004,3078,2026-08-15,134,
100928,1,M0004,3078,2026-08-15,39,
100928,1,M0004,3078,2026-08-16,651,
100928,1,M0004,3078,2026-08-16,288,zone_250g
100928,1,M0004,3078,2026-08-16,172,
100928,1,M0004,3078,2026-08-16,42,
100928,1,M0004,3078,2026-08-16,467,
100928,1,M0004,3078,2026-08-16,1034,zone_1000g
100928,1,M0004,3078,2026-08-16,679,
100928,1,M0004,3078,2026-08-16,135,
100928,1,M0004,3078,2026-08-16,305,
100928,1,M0004,3078,2026-08-16,282,zone_250g
100928,1,M0004,3078,2026-08-16,45,
100928,1,M0004,3078,2026-08-16,47,
100928,1,M0004,3078,2026-08-16,338,
100928,1,M0004,3078,2026-08-16,60,
100928,1,M0004,3078,2026-08-16,383,
100928,1,M0004,3078,2026-08-16,51,
100928,1,M0004,3078,2026-08-16,208,
100928,1,M0004,3078,2026-08-17,527,
100928,1,M0004,3078,2026-08-17,686,zone_650g
100928,1,M0004,3078,2026-08-17,81,
100928,1,M0004,3078,2026-08-17,283,zone_250g
100928,1,M0004,3078,2026-08-17,148,
100928,1,M0004,3078,2026-08-17,59,
100928,1,M0004,3078,2026-08-17,183,zone_150g
100928,1,M0004,3078,2026-08-17,166,
100928,1,M0004,3078,2026-08-17,171,
100928,1,M0004,3078,2026-08-17,477,
100928,1,M0004,3078,2026-08-17,288,zone_250g
100928,1,M0004,3078,2026-08-17,290,
100928,1,M0004,3078,2026-08-17,185,zone_150g
100928,1,M0004,3078,2026-08-17,199,
100928,1,M0004,3078,2026-08-17,607,
100928,1,M0004,3078,2026-08-17,762,over_zone_650g
100928,1,M0004,3078,2026-08-18,134,
100928,1,M0004,3078,2026-08-18,1004,zone_1000g
100928,1,M0004,3078,2026-08-18,429,
100928,1,M0004,3078,2026-08-18,49,
100928,1,M0004,3078,2026-08-18,287,zone_250g
100928,1,M0004,3078,2026-08-18,202,
100928,1,M0004,3078,2026-08-19,671,
100928,1,M0004,3078,2026-08-19,348,
100928,1,M0004,3078,2026-08-19,549,
100928,1,M0004,3078,2026-08-19,684,zone_650g
100928,1,M0004,3078,2026-08-19,178,
100928,1,M0004,3078,2026-08-19,43,
100928,1,M0004,3078,2026-08-19,1043,zone_1000g
100928,1,M0004,3078,2026-08-20,111,
100928,1,M0004,3078,2026-08-20,486,zone_450g
100928,1,M0004,3078,2026-08-20,690,over_zone_650g
100928,1,M0004,3078,2026-08-20,243,
100928,1,M0004,3078,2026-08-20,652,
100928,1,M0004,3078,2026-08-20,197,
100928,1,M0004,3078,2026-08-20,285,zone_250g
100928,1,M0004,3078,2026-08-20,242,
100928,1,M0004,3078,2026-08-20,218,
100928,1,M0004,3078,2026-08-20,156,
100928,1,M0005,3079,2026-08-12,92,
100928,1,M0005,3079,2026-08-12,48,
100928,1,M0005,3079,2026-08-12,38,
100928,1,M0005,3079,2026-08-12,360,
100928,1,M0005,3079,2026-08-12,131,
100928,1,M0005,3079,2026-08-12,115,
100928,1,M0005,3079,2026-08-12,708,over_zone_650g
100928,1,M0005,3079,2026-08-12,553,
100928,1,M0005,3079,2026-08-12,281,zone_250g
100928,1,M0005,3079,2026-08-12,143,
100928,1,M0005,3079,2026-08-12,58,
100928,1,M0005,3079,2026-08-12,153,
100928,1,M0005,3079,2026-08-12,406,
100928,1,M0005,3079,2026-08-12,258,
100928,1,M0005,3079,2026-08-12,686,zone_650g
100928,1,M0005,3079,2026-08-12,478,
100928,1,M0005,3079,2026-08-12,56,
100928,1,M0005,3079,2026-08-12,286,zone_250g
100928,1,M0005,3079,2026-08-12,801,over_zone_650g
100928,1,M0005,3079,2026-08-12,37,
100928,1,M0005,3079,2026-08-13,250,
100928,1,M0005,3079,2026-08-13,287,zone_250g
100928,1,M0005,3079,2026-08-13,899,over_zone_650g
100928,1,M0005,3079,2026-08-13,173,
100928,1,M0005,3079,2026-08-13,755,over_zone_650g
100928,1,M0005,3079,2026-08-13,401,
100928,1,M0005,3079,2026-08-13,337,
100928,1,M0005,3079,2026-08-13,56,
100928,1,M0005,3079,2026-08-13,289,zone_250g
100928,1,M0005,3079,2026-08-13,577,
100928,1,M0005,3079,2026-08-13,694,over_zone_650g
100928,1,M0005,3079,2026-08-13,502,
100928,1,M0005,3079,2026-08-13,368,
100928,1,M0005,3079,2026-08-13,31,
100928,1,M0005,3079,2026-08-13,238,
100928,1,M0005,3079,2026-08-13,144,
100928,1,M0005,3079,2026-08-13,588,
100928,1,M0005,3079,2026-08-14,145,
100928,1,M0005,3079,2026-08-14,145,
100928,1,M0005,3079,2026-08-14,682,zone_650g
100928,1,M0005,3079,2026-08-14,164,
100928,1,M0005,3079,2026-08-14,66,
100928,1,M0005,3079,2026-08-14,283,zone_250g
100928,1,M0005,3079,2026-08-14,36,
100928,1,M0005,3079,2026-08-14,267,
100928,1,M0005,3079,2026-08-14,536,
100928,1,M0005,3079,2026-08-14,532,
100928,1,M0005,3079,2026-08-14,90,
100928,1,M0005,3079,2026-08-14,96,
100928,1,M0005,3079,2026-08-14,525,
100928,1,M0005,3079,2026-08-14,206,
100928,1,M0005,3079,2026-08-14,147,
100928,1,M0005,3079,2026-08-14,30,
100928,1,M0005,3079,2026-08-14,38,
100928,1,M0005,3079,2026-08-14,48,
100928,1,M0005,3079,2026-08-14,185,zone_150g
100928,1,M0005,3079,2026-08-14,442,
100928,1,M0005,3079,2026-08-14,359,
100928,1,M0005,3079,2026-08-14,59,
100928,1,M0005,3079,2026-08-14,372,
100928,1,M0005,3079,2026-08-14,350,
100928,1,M0005,3079,2026-08-14,42,
100928,1,M0005,3079,2026-08-14,537,
100928,1,M0005,3079,2026-08-14,556,
100928,1,M0005,3079,2026-08-15,149,
100928,1,M0005,3079,2026-08-15,550,
100928,1,M0005,3079,2026-08-15,239,
100928,1,M0005,3079,2026-08-15,546,
100928,1,M0005,3079,2026-08-15,53,
100928,1,M0005,3079,2026-08-15,255,
100928,1,M0005,3079,2026-08-15,385,
100928,1,M0005,3079,2026-08-15,348,
100928,1,M0005,3079,2026-08-15,1039,zone_1000g
100928,1,M0005,3079,2026-08-15,155,
100928,1,M0005,3079,2026-08-15,1040,zone_1000g
100928,1,M0005,3079,2026-08-15,289,zone_250g
100928,1,M0005,3079,2026-08-15,145,
100928,1,M0005,3079,2026-08-15,105,
100928,1,M0005,3079,2026-08-15,685,zone_650g
100928,1,M0005,3079,2026-08-16,384,
100928,1,M0005,3079,2026-08-16,284,zone_250g
100928,1,M0005,3079,2026-08-16,161,
100928,1,M0005,3079,2026-08-16,105,
100928,1,M0005,3079,2026-08-16,744,over_zone_650g
100928,1,M0005,3079,2026-08-16,646,
100928,1,M0005,3079,2026-08-16,373,
100928,1,M0005,3079,2026-08-16,286,zone_250g
100928,1,M0005,3079,2026-08-16,647,
100928,1,M0005,3079,2026-08-16,683,zone_650g
100928,1,M0005,3079,2026-08-16,353,
100928,1,M0005,3079,2026-08-16,33,
100928,1,M0005,3079,2026-08-16,174,
100928,1,M0005,3079,2026-08-16,561,
100928,1,M0005,3079,2026-08-16,293,
100928,1,M0005,3079,2026-08-16,51,
100928,1,M0005,3079,2026-08-16,32,
100928,1,M0005,3079,2026-08-16,396,
100928,1,M0005,3079,2026-08-16,902,over_zone_650g
100928,1,M0005,3079,2026-08-16,144,
100928,1,M0005,3079,2026-08-16,871,over_zone_650g
100928,1,M0005,3079,2026-08-17,642,
100928,1,M0005,3079,2026-08-17,251,
100928,1,M0005,3079,2026-08-17,284,zone_250g
100928,1,M0005,3079,2026-08-17,157,
100928,1,M0005,3079,2026-08-17,574,
100928,1,M0005,3079,2026-08-17,687,zone_650g
100928,1,M0005,3079,2026-08-17,22,
100928,1,M0005,3079,2026-08-17,348,
100928,1,M0005,3079,2026-08-17,147,
100928,1,M0005,3079,2026-08-17,366,
100928,1,M0005,3079,2026-08-17,39,
100928,1,M0005,3079,2026-08-17,48,
100928,1,M0005,3079,2026-08-17,168,
100928,1,M0005,3079,2026-08-17,100,
100928,1,M0005,3079,2026-08-18,250,
100928,1,M0005,3079,2026-08-18,351,
100928,1,M0005,3079,2026-08-18,287,zone_250g
100928,1,M0005,3079,2026-08-18,144,
100928,1,M0005,3079,2026-08-18,100,
100928,1,M0005,3079,2026-08-18,323,
100928,1,M0005,3079,2026-08-18,685,zone_650g
100928,1,M0005,3079,2026-08-19,253,
100928,1,M0005,3079,2026-08-19,121,
100928,1,M0005,3079,2026-08-19,1035,zone_1000g
100928,1,M0005,3079,2026-08-19,1039,zone_1000g
100928,1,M0005,3079,2026-08-19,38,
100928,1,M0005,3079,2026-08-19,284,zone_250g
100928,1,M0005,3079,2026-08-19,184,zone_150g
100928,1,M0005,3079,2026-08-19,285,zone_250g
100928,1,M0005,3079,2026-08-19,449,
100928,1,M0005,3079,2026-08-19,114,
100928,1,M0005,3079,2026-08-19,711,over_zone_650g
100928,1,M0005,3079,2026-08-19,681,zone_650g
100928,1,M0005,3079,2026-08-20,430,
100928,1,M0005,3079,2026-08-20,358,
100928,1,M0005,3079,2026-08-20,71,
100928,1,M0005,3079,2026-08-20,150,
100928,1,M0005,3079,2026-08-20,686,zone_650g
100928,1,M0005,3079,2026-08-20,238,
100928,1,M0005,3079,2026-08-20,275,
100928,1,M0005,3079,2026-08-20,121,
100928,1,M0005,3079,2026-08-20,43,
100928,1,M0005,3079,2026-08-20,375,
100928,1,M0005,3079,2026-08-20,40,
100928,1,M0005,3079,2026-08-20,164,
100928,1,M0005,3079,2026-08-20,196,
100928,1,M0005,3079,2026-08-20,141,
100928,1,M0005,3079,2026-08-20,287,zone_250g
100928,1,M0005,3079,2026-08-20,188,zone_150g
100928,1,M0005,3079,2026-08-20,684,zone_650g
100928,1,M0005,3079,2026-08-20,237,
100928,1,M0005,3079,2026-08-20,452,
100928,1,M0005,3079,2026-08-20,49,
100928,1,M0005,3079,2026-08-20,723,over_zone_650g
100928,1,M0005,3079,2026-08-20,175,
100928,1,M0005,3079,2026-08-20,285,zone_250g
100928,1,M0005,3079,2026-08-20,167,
100928,1,M0005,3079,2026-08-20,252,
100928,1,M0006,3080,2026-08-12,632,
100928,1,M0006,3080,2026-08-12,358,
100928,1,M0006,3080,2026-08-12,138,
100928,1,M0006,3080,2026-08-12,440,
100928,1,M0006,3080,2026-08-12,686,zone_650g
100928,1,M0006,3080,2026-08-12,48,
100928,1,M0006,3080,2026-08-12,131,
100928,1,M0006,3080,2026-08-12,686,zone_650g
100928,1,M0006,3080,2026-08-12,217,
100928,1,M0006,3080,2026-08-12,354,
100928,1,M0006,3080,2026-08-12,152,
100928,1,M0006,3080,2026-08-12,346,
100928,1,M0006,3080,2026-08-12,53,
100928,1,M0006,3080,2026-08-12,162,
100928,1,M0006,3080,2026-08-12,326,
100928,1,M0006,3080,2026-08-12,299,
100928,1,M0006,3080,2026-08-12,163,
100928,1,M0006,3080,2026-08-12,545,
100928,1,M0006,3080,2026-08-12,40,
100928,1,M0006,3080,2026-08-12,947,over_zone_650g
100928,1,M0006,3080,2026-08-12,29,
100928,1,M0006,3080,2026-08-13,573,
100928,1,M0006,3080,2026-08-13,104,
100928,1,M0006,3080,2026-08-13,275,
100928,1,M0006,3080,2026-08-13,440,
100928,1,M0006,3080,2026-08-13,52,
100928,1,M0006,3080,2026-08-13,250,
100928,1,M0006,3080,2026-08-13,535,
100928,1,M0006,3080,2026-08-13,574,
100928,1,M0006,3080,2026-08-13,129,
100928,1,M0006,3080,2026-08-13,38,
100928,1,M0006,3080,2026-08-13,374,
100928,1,M0006,3080,2026-08-13,659,
100928,1,M0006,3080,2026-08-13,1031,zone_1000g
100928,1,M0006,3080,2026-08-13,150,
100928,1,M0006,3080,2026-08-13,323,
100928,1,M0006,3080,2026-08-13,157,
100928,1,M0006,3080,2026-08-13,684,zone_650g
100928,1,M0006,3080,2026-08-13,58,
100928,1,M0006,3080,2026-08-14,239,
100928,1,M0006,3080,2026-08-14,137,
100928,1,M0006,3080,2026-08-14,98,
100928,1,M0006,3080,2026-08-14,837,over_zone_650g
100928,1,M0006,3080,2026-08-14,353,
100928,1,M0006,3080,2026-08-14,39,
100928,1,M0006,3080,2026-08-14,459,
100928,1,M0006,3080,2026-08-14,36,
100928,1,M0006,3080,2026-08-14,645,
100928,1,M0006,3080,2026-08-14,207,
100928,1,M0006,3080,2026-08-14,465,
100928,1,M0006,3080,2026-08-14,39,
100928,1,M0006,3080,2026-08-14,476,
100928,1,M0006,3080,2026-08-14,149,
100928,1,M0006,3080,2026-08-14,52,
100928,1,M0006,3080,2026-08-14,403,
100928,1,M0006,3080,2026-08-14,372,
100928,1,M0006,3080,2026-08-14,555,
100928,1,M0006,3080,2026-08-14,49,
100928,1,M0006,3080,2026-08-14,690,over_zone_650g
100928,1,M0006,3080,2026-08-14,284,zone_250g
100928,1,M0006,3080,2026-08-14,49,
100928,1,M0006,3080,2026-08-15,259,
100928,1,M0006,3080,2026-08-15,157,
100928,1,M0006,3080,2026-08-15,479,
100928,1,M0006,3080,2026-08-15,254,
100928,1,M0006,3080,2026-08-15,249,
100928,1,M0006,3080,2026-08-15,227,
100928,1,M0006,3080,2026-08-15,229,
100928,1,M0006,3080,2026-08-15,559,
100928,1,M0006,3080,2026-08-15,942,over_zone_650g
100928,1,M0006,3080,2026-08-15,342,
100928,1,M0006,3080,2026-08-15,766,over_zone_650g
100928,1,M0006,3080,2026-08-15,357,
100928,1,M0006,3080,2026-08-15,155,
100928,1,M0006,3080,2026-08-15,770,over_zone_650g
100928,1,M0006,3080,2026-08-15,328,
100928,1,M0006,3080,2026-08-15,50,
100928,1,M0006,3080,2026-08-15,285,zone_250g
100928,1,M0006,3080,2026-08-15,497,
100928,1,M0006,3080,2026-08-16,253,
100928,1,M0006,3080,2026-08-16,245,
100928,1,M0006,3080,2026-08-16,46,
100928,1,M0006,3080,2026-08-16,1036,zone_1000g
100928,1,M0006,3080,2026-08-16,600,
100928,1,M0006,3080,2026-08-16,287,zone_250g
100928,1,M0006,3080,2026-08-16,37,
100928,1,M0006,3080,2026-08-16,95,
100928,1,M0006,3080,2026-08-16,259,
100928,1,M0006,3080,2026-08-16,370,
100928,1,M0006,3080,2026-08-16,337,
100928,1,M0006,3080,2026-08-16,153,
100928,1,M0006,3080,2026-08-16,39,
100928,1,M0006,3080,2026-08-16,553,
100928,1,M0006,3080,2026-08-16,686,zone_650g
100928,1,M0006,3080,2026-08-16,47,
100928,1,M0006,3080,2026-08-16,227,
100928,1,M0006,3080,2026-08-16,270,
100928,1,M0006,3080,2026-08-16,497,
100928,1,M0006,3080,2026-08-16,47,
100928,1,M0006,3080,2026-08-16,491,
100928,1,M0006,3080,2026-08-16,685,zone_650g
100928,1,M0006,3080,2026-08-17,453,
100928,1,M0006,3080,2026-08-17,1040,zone_1000g
100928,1,M0006,3080,2026-08-17,42,
100928,1,M0006,3080,2026-08-17,580,
100928,1,M0006,3080,2026-08-17,282,zone_250g
100928,1,M0006,3080,2026-08-17,448,
100928,1,M0006,3080,2026-08-17,424,
100928,1,M0006,3080,2026-08-17,176,
100928,1,M0006,3080,2026-08-17,362,
100928,1,M0006,3080,2026-08-17,479,
100928,1,M0006,3080,2026-08-18,155,
100928,1,M0006,3080,2026-08-18,30,
100928,1,M0006,3080,2026-08-18,133,
100928,1,M0006,3080,2026-08-18,754,over_zone_650g
100928,1,M0006,3080,2026-08-18,231,
100928,1,M0006,3080,2026-08-18,445,
100928,1,M0006,3080,2026-08-18,170,
100928,1,M0006,3080,2026-08-18,362,
100928,1,M0006,3080,2026-08-19,633,
100928,1,M0006,3080,2026-08-19,55,
100928,1,M0006,3080,2026-08-19,173,
100928,1,M0006,3080,2026-08-19,601,
100928,1,M0006,3080,2026-08-19,739,over_zone_650g
100928,1,M0006,3080,2026-08-19,140,
100928,1,M0006,3080,2026-08-19,541,
100928,1,M0006,3080,2026-08-19,838,over_zone_650g
100928,1,M0006,3080,2026-08-20,299,
100928,1,M0006,3080,2026-08-20,148,
100928,1,M0006,3080,2026-08-20,223,
100928,1,M0006,3080,2026-08-20,1032,zone_1000g
100928,1,M0006,3080,2026-08-20,258,
100928,1,M0006,3080,2026-08-20,51,
100928,1,M0006,3080,2026-08-20,168,
100928,1,M0006,3080,2026-08-20,48,
100928,1,M0006,3080,2026-08-20,251,
100928,1,M0006,3080,2026-08-20,42,
100928,1,M0006,3080,2026-08-20,253,
100928,1,M0006,3080,2026-08-20,65,
100928,1,M0006,3080,2026-08-20,1038,zone_1000g
100928,1,M0006,3080,2026-08-20,488,zone_450g
100928,1,M0006,3080,2026-08-20,288,zone_250g
100928,1,M0006,3080,2026-08-20,126,
100928,1,M0006,3080,2026-08-20,34,
100928,1,M0006,3080,2026-08-20,37,
100928,1,M0006,3080,2026-08-20,689,zone_650g
100928,1,M0006,3080,2026-08-20,757,over_zone_650g
100928,1,M0007,3081,2026-08-12,519,
100928,1,M0007,3081,2026-08-12,285,zone_250g
100928,1,M0007,3081,2026-08-12,686,zone_650g
100928,1,M0007,3081,2026-08-12,284,zone_250g
100928,1,M0007,3081,2026-08-13,283,zone_250g
100928,1,M0007,3081,2026-08-13,804,over_zone_650g
100928,1,M0007,3081,2026-08-13,131,
100928,1,M0007,3081,2026-08-13,418,
100928,1,M0007,3081,2026-08-13,245,
100928,1,M0007,3081,2026-08-13,1035,zone_1000g
100928,1,M0007,3081,2026-08-13,88,
100928,1,M0007,3081,2026-08-13,686,zone_650g
100928,1,M0007,3081,2026-08-13,782,over_zone_650g
100928,1,M0007,3081,2026-08-13,51,
100928,1,M0007,3081,2026-08-13,159,
100928,1,M0007,3081,2026-08-13,37,
100928,1,M0007,3081,2026-08-13,168,
100928,1,M0007,3081,2026-08-13,229,
100928,1,M0007,3081,2026-08-13,453,
100928,1,M0007,3081,2026-08-13,48,
100928,1,M0007,3081,2026-08-13,66,
100928,1,M0007,3081,2026-08-13,150,
100928,1,M0007,3081,2026-08-13,154,
100928,1,M0007,3081,2026-08-13,142,
100928,1,M0007,3081,2026-08-13,199,
100928,1,M0007,3081,2026-08-13,680,
100928,1,M0007,3081,2026-08-13,679,
100928,1,M0007,3081,2026-08-14,186,zone_150g
100928,1,M0007,3081,2026-08-14,50,
100928,1,M0007,3081,2026-08-14,161,
100928,1,M0007,3081,2026-08-14,129,
100928,1,M0007,3081,2026-08-14,396,
100928,1,M0007,3081,2026-08-14,162,
100928,1,M0007,3081,2026-08-14,374,
100928,1,M0007,3081,2026-08-14,56,
100928,1,M0007,3081,2026-08-14,438,
100928,1,M0007,3081,2026-08-14,195,
100928,1,M0007,3081,2026-08-14,369,
100928,1,M0007,3081,2026-08-14,316,
100928,1,M0007,3081,2026-08-14,46,
100928,1,M0007,3081,2026-08-14,188,zone_150g
100928,1,M0007,3081,2026-08-14,51,
100928,1,M0007,3081,2026-08-14,49,
100928,1,M0007,3081,2026-08-14,231,
100928,1,M0007,3081,2026-08-14,286,zone_250g
100928,1,M0007,3081,2026-08-14,286,zone_250g
100928,1,M0007,3081,2026-08-14,186,zone_150g
100928,1,M0007,3081,2026-08-14,42,
100928,1,M0007,3081,2026-08-14,1041,zone_1000g
100928,1,M0007,3081,2026-08-15,120,
100928,1,M0007,3081,2026-08-15,1033,zone_1000g
100928,1,M0007,3081,2026-08-15,336,
100928,1,M0007,3081,2026-08-15,662,
100928,1,M0007,3081,2026-08-15,43,
100928,1,M0007,3081,2026-08-15,239,
100928,1,M0007,3081,2026-08-15,215,
100928,1,M0007,3081,2026-08-15,745,over_zone_650g
100928,1,M0007,3081,2026-08-15,273,
100928,1,M0007,3081,2026-08-15,173,
100928,1,M0007,3081,2026-08-15,41,
100928,1,M0007,3081,2026-08-15,285,zone_250g
100928,1,M0007,3081,2026-08-15,372,
100928,1,M0007,3081,2026-08-15,370,
100928,1,M0007,3081,2026-08-15,788,over_zone_650g
100928,1,M0007,3081,2026-08-16,104,
100928,1,M0007,3081,2026-08-16,44,
100928,1,M0007,3081,2026-08-16,347,
100928,1,M0007,3081,2026-08-16,456,
100928,1,M0007,3081,2026-08-16,686,zone_650g
100928,1,M0007,3081,2026-08-16,61,
100928,1,M0007,3081,2026-08-16,278,
100928,1,M0007,3081,2026-08-16,1033,zone_1000g
100928,1,M0007,3081,2026-08-16,30,
100928,1,M0007,3081,2026-08-16,358,
100928,1,M0007,3081,2026-08-16,286,zone_250g
100928,1,M0007,3081,2026-08-16,284,zone_250g
100928,1,M0007,3081,2026-08-16,236,
100928,1,M0007,3081,2026-08-16,128,
100928,1,M0007,3081,2026-08-16,555,
100928,1,M0007,3081,2026-08-16,454,
100928,1,M0007,3081,2026-08-16,685,zone_650g
100928,1,M0007,3081,2026-08-17,206,
100928,1,M0007,3081,2026-08-17,50,
100928,1,M0007,3081,2026-08-17,37,
100928,1,M0007,3081,2026-08-17,459,
100928,1,M0007,3081,2026-08-17,114,
100928,1,M0007,3081,2026-08-17,143,
100928,1,M0007,3081,2026-08-17,31,
100928,1,M0007,3081,2026-08-17,259,
100928,1,M0007,3081,2026-08-17,551,
100928,1,M0007,3081,2026-08-17,138,
100928,1,M0007,3081,2026-08-17,285,zone_250g
100928,1,M0007,3081,2026-08-17,177,
100928,1,M0007,3081,2026-08-17,38,
100928,1,M0007,3081,2026-08-17,351,
100928,1,M0007,3081,2026-08-17,283,zone_250g
100928,1,M0007,3081,2026-08-17,193,
100928,1,M0007,3081,2026-08-17,35,
100928,1,M0007,3081,2026-08-17,54,
100928,1,M0007,3081,2026-08-17,157,
100928,1,M0007,3081,2026-08-17,135,
100928,1,M0007,3081,2026-08-17,371,
100928,1,M0007,3081,2026-08-17,223,
100928,1,M0007,3081,2026-08-17,36,
100928,1,M0007,3081,2026-08-17,47,
100928,1,M0007,3081,2026-08-17,160,
100928,1,M0007,3081,2026-08-17,42,
100928,1,M0007,3081,2026-08-18,238,
100928,1,M0007,3081,2026-08-18,49,
100928,1,M0007,3081,2026-08-18,260,
100928,1,M0007,3081,2026-08-18,39,
100928,1,M0007,3081,2026-08-18,333,
100928,1,M0007,3081,2026-08-18,152,
100928,1,M0007,3081,2026-08-19,658,
100928,1,M0007,3081,2026-08-19,138,
100928,1,M0007,3081,2026-08-19,41,
100928,1,M0007,3081,2026-08-19,1035,zone_1000g
100928,1,M0007,3081,2026-08-19,261,
100928,1,M0007,3081,2026-08-19,279,
100928,1,M0007,3081,2026-08-20,311,
100928,1,M0007,3081,2026-08-20,440,
100928,1,M0007,3081,2026-08-20,366,
100928,1,M0007,3081,2026-08-20,146,
100928,1,M0007,3081,2026-08-20,687,zone_650g
100928,1,M0007,3081,2026-08-20,180,
100928,1,M0008,3082,2026-08-12,307,
100928,1,M0008,3082,2026-08-12,164,
100928,1,M0008,3082,2026-08-12,349,
100928,1,M0008,3082,2026-08-12,45,
100928,1,M0008,3082,2026-08-12,315,
100928,1,M0008,3082,2026-08-12,79,
100928,1,M0008,3082,2026-08-12,522,
100928,1,M0008,3082,2026-08-12,52,
100928,1,M0008,3082,2026-08-12,41,
100928,1,M0008,3082,2026-08-12,442,
100928,1,M0008,3082,2026-08-12,286,zone_250g
100928,1,M0008,3082,2026-08-12,222,
100928,1,M0008,3082,2026-08-12,254,
100928,1,M0008,3082,2026-08-12,361,
100928,1,M0008,3082,2026-08-12,359,
100928,1,M0008,3082,2026-08-12,250,
100928,1,M0008,3082,2026-08-12,264,
100928,1,M0008,3082,2026-08-12,43,
100928,1,M0008,3082,2026-08-12,38,
100928,1,M0008,3082,2026-08-12,656,
100928,1,M0008,3082,2026-08-12,143,
100928,1,M0008,3082,2026-08-12,42,
100928,1,M0008,3082,2026-08-13,638,
100928,1,M0008,3082,2026-08-13,56,
100928,1,M0008,3082,2026-08-13,286,zone_250g
100928,1,M0008,3082,2026-08-13,1014,zone_1000g
100928,1,M0008,3082,2026-08-13,447,
100928,1,M0008,3082,2026-08-13,284,zone_250g
100928,1,M0008,3082,2026-08-13,310,
100928,1,M0008,3082,2026-08-13,439,
100928,1,M0008,3082,2026-08-13,683,zone_650g
100928,1,M0008,3082,2026-08-13,62,
100928,1,M0008,3082,2026-08-13,36,
100928,1,M0008,3082,2026-08-13,52,
100928,1,M0008,3082,2026-08-13,36,
100928,1,M0008,3082,2026-08-13,52,
100928,1,M0008,3082,2026-08-13,435,
100928,1,M0008,3082,2026-08-13,875,over_zone_650g
100928,1,M0008,3082,2026-08-13,37,
100928,1,M0008,3082,2026-08-14,97,
100928,1,M0008,3082,2026-08-14,307,
100928,1,M0008,3082,2026-08-14,367,
100928,1,M0008,3082,2026-08-14,565,
100928,1,M0008,3082,2026-08-14,230,
100928,1,M0008,3082,2026-08-14,454,
100928,1,M0008,3082,2026-08-14,288,zone_250g
100928,1,M0008,3082,2026-08-14,282,zone_250g
100928,1,M0008,3082,2026-08-14,364,
100928,1,M0008,3082,2026-08-14,353,
100928,1,M0008,3082,2026-08-14,278,
100928,1,M0008,3082,2026-08-14,356,
100928,1,M0008,3082,2026-08-14,482,zone_450g
100928,1,M0008,3082,2026-08-14,1037,zone_1000g
100928,1,M0008,3082,2026-08-14,184,zone_150g
100928,1,M0008,3082,2026-08-14,356,
100928,1,M0008,3082,2026-08-15,107,
100928,1,M0008,3082,2026-08-15,687,zone_650g
100928,1,M0008,3082,2026-08-15,327,
100928,1,M0008,3082,2026-08-15,1032,zone_1000g
100928,1,M0008,3082,2026-08-15,90,
100928,1,M0008,3082,2026-08-15,41,
100928,1,M0008,3082,2026-08-15,147,
100928,1,M0008,3082,2026-08-15,449,
100928,1,M0008,3082,2026-08-15,684,zone_650g
100928,1,M0008,3082,2026-08-15,138,
100928,1,M0008,3082,2026-08-15,353,
100928,1,M0008,3082,2026-08-15,140,
100928,1,M0008,3082,2026-08-15,44,
100928,1,M0008,3082,2026-08-15,120,
100928,1,M0008,3082,2026-08-15,37,
100928,1,M0008,3082,2026-08-15,153,
100928,1,M0008,3082,2026-08-15,31,
100928,1,M0008,3082,2026-08-15,557,
100928,1,M0008,3082,2026-08-15,49,
100928,1,M0008,3082,2026-08-15,49,
100928,1,M0008,3082,2026-08-15,73,
100928,1,M0008,3082,2026-08-15,50,
100928,1,M0008,3082,2026-08-15,36,
100928,1,M0008,3082,2026-08-15,283,zone_250g
100928,1,M0008,3082,2026-08-16,135,
100928,1,M0008,3082,2026-08-16,46,
100928,1,M0008,3082,2026-08-16,141,
100928,1,M0008,3082,2026-08-16,684,zone_650g
100928,1,M0008,3082,2026-08-16,688,zone_650g
100928,1,M0008,3082,2026-08-16,246,
100928,1,M0008,3082,2026-08-16,157,
100928,1,M0008,3082,2026-08-16,608,
100928,1,M0008,3082,2026-08-16,291,
100928,1,M0008,3082,2026-08-16,352,
100928,1,M0008,3082,2026-08-16,345,
100928,1,M0008,3082,2026-08-16,651,
100928,1,M0008,3082,2026-08-16,527,
100928,1,M0008,3082,2026-08-16,568,
100928,1,M0008,3082,2026-08-16,933,over_zone_650g
100928,1,M0008,3082,2026-08-17,333,
100928,1,M0008,3082,2026-08-17,569,
100928,1,M0008,3082,2026-08-17,302,
100928,1,M0008,3082,2026-08-17,703,over_zone_650g
100928,1,M0008,3082,2026-08-17,51,
100928,1,M0008,3082,2026-08-17,477,
100928,1,M0008,3082,2026-08-17,756,over_zone_650g
100928,1,M0008,3082,2026-08-17,94,
100928,1,M0008,3082,2026-08-18,518,
100928,1,M0008,3082,2026-08-18,450,
100928,1,M0008,3082,2026-08-18,238,
100928,1,M0008,3082,2026-08-18,273,
100928,1,M0008,3082,2026-08-18,427,
100928,1,M0008,3082,2026-08-19,407,
100928,1,M0008,3082,2026-08-19,38,
100928,1,M0008,3082,2026-08-19,71,
100928,1,M0008,3082,2026-08-19,1033,zone_1000g
100928,1,M0008,3082,2026-08-20,212,
100928,1,M0008,3082,2026-08-20,246,
100928,1,M0008,3082,2026-08-20,66,
100928,1,M0008,3082,2026-08-20,612,
100928,1,M0008,3082,2026-08-20,198,
100928,1,M0008,3082,2026-08-20,122,
100928,1,M0008,3082,2026-08-20,490,
100928,1,M0008,3082,2026-08-20,929,over_zone_650g
100928,1,M0009,3083,2026-08-12,509,
100928,1,M0009,3083,2026-08-12,37,
100928,1,M0009,3083,2026-08-12,465,
100928,1,M0009,3083,2026-08-12,384,
100928,1,M0009,3083,2026-08-12,146,
100928,1,M0009,3083,2026-08-12,283,zone_250g
100928,1,M0009,3083,2026-08-12,144,
100928,1,M0009,3083,2026-08-12,96,
100928,1,M0009,3083,2026-08-12,120,
100928,1,M0009,3083,2026-08-13,171,
100928,1,M0009,3083,2026-08-13,345,
100928,1,M0009,3083,2026-08-13,688,zone_650g
100928,1,M0009,3083,2026-08-13,249,
100928,1,M0009,3083,2026-08-13,687,zone_650g
100928,1,M0009,3083,2026-08-13,1036,zone_1000g
100928,1,M0009,3083,2026-08-13,681,zone_650g
100928,1,M0009,3083,2026-08-13,33,
100928,1,M0009,3083,2026-08-13,244,
100928,1,M0009,3083,2026-08-13,48,
100928,1,M0009,3083,2026-08-13,254,
100928,1,M0009,3083,2026-08-13,337,
100928,1,M0009,3083,2026-08-13,144,
100928,1,M0009,3083,2026-08-13,151,
100928,1,M0009,3083,2026-08-13,139,
100928,1,M0009,3083,2026-08-14,650,
100928,1,M0009,3083,2026-08-14,65,
100928,1,M0009,3083,2026-08-14,686,zone_650g
100928,1,M0009,3083,2026-08-14,158,
100928,1,M0009,3083,2026-08-14,50,
100928,1,M0009,3083,2026-08-14,148,
100928,1,M0009,3083,2026-08-14,282,zone_250g
100928,1,M0009,3083,2026-08-14,538,
100928,1,M0009,3083,2026-08-14,313,
100928,1,M0009,3083,2026-08-14,1035,zone_1000g
100928,1,M0009,3083,2026-08-14,387,
100928,1,M0009,3083,2026-08-14,1035,zone_1000g
100928,1,M0009,3083,2026-08-14,69,
100928,1,M0009,3083,2026-08-14,48,
100928,1,M0009,3083,2026-08-14,564,
100928,1,M0009,3083,2026-08-15,292,
100928,1,M0009,3083,2026-08-15,320,
100928,1,M0009,3083,2026-08-15,347,
100928,1,M0009,3083,2026-08-15,287,zone_250g
100928,1,M0009,3083,2026-08-15,138,
100928,1,M0009,3083,2026-08-15,1034,zone_1000g
100928,1,M0009,3083,2026-08-15,772,over_zone_650g
100928,1,M0009,3083,2026-08-15,414,
100928,1,M0009,3083,2026-08-15,547,
100928,1,M0009,3083,2026-08-15,688,zone_650g
100928,1,M0009,3083,2026-08-15,63,
100928,1,M0009,3083,2026-08-15,743,over_zone_650g
100928,1,M0009,3083,2026-08-16,113,
100928,1,M0009,3083,2026-08-16,262,
100928,1,M0009,3083,2026-08-16,37,
100928,1,M0009,3083,2026-08-16,37,
100928,1,M0009,3083,2026-08-16,38,
100928,1,M0009,3083,2026-08-16,275,
100928,1,M0009,3083,2026-08-16,155,
100928,1,M0009,3083,2026-08-16,153,
100928,1,M0009,3083,2026-08-16,155,
100928,1,M0009,3083,2026-08-16,108,
100928,1,M0009,3083,2026-08-16,552,
100928,1,M0009,3083,2026-08-16,162,
100928,1,M0009,3083,2026-08-16,331,
100928,1,M0009,3083,2026-08-16,216,
100928,1,M0009,3083,2026-08-16,155,
100928,1,M0009,3083,2026-08-16,194,
100928,1,M0009,3083,2026-08-16,60,
100928,1,M0009,3083,2026-08-16,642,
100928,1,M0009,3083,2026-08-16,1036,zone_1000g
100928,1,M0009,3083,2026-08-16,37,
100928,1,M0009,3083,2026-08-16,88,
100928,1,M0009,3083,2026-08-16,49,
100928,1,M0009,3083,2026-08-16,39,
100928,1,M0009,3083,2026-08-16,570,
100928,1,M0009,3083,2026-08-16,131,
100928,1,M0009,3083,2026-08-16,84,
100928,1,M0009,3083,2026-08-17,82,
100928,1,M0009,3083,2026-08-17,144,
100928,1,M0009,3083,2026-08-17,50,
100928,1,M0009,3083,2026-08-17,304,
100928,1,M0009,3083,2026-08-17,357,
100928,1,M0009,3083,2026-08-17,1034,zone_1000g
100928,1,M0009,3083,2026-08-17,689,zone_650g
100928,1,M0009,3083,2026-08-17,690,over_zone_650g
100928,1,M0009,3083,2026-08-17,174,
100928,1,M0009,3083,2026-08-17,120,
100928,1,M0009,3083,2026-08-17,51,
100928,1,M0009,3083,2026-08-18,123,
100928,1,M0009,3083,2026-08-18,36,
100928,1,M0009,3083,2026-08-18,1039,zone_1000g
100928,1,M0009,3083,2026-08-18,145,
100928,1,M0009,3083,2026-08-18,383,
100928,1,M0009,3083,2026-08-19,668,
100928,1,M0009,3083,2026-08-19,362,
100928,1,M0009,3083,2026-08-19,39,
100928,1,M0009,3083,2026-08-19,275,
100928,1,M0009,3083,2026-08-19,50,
100928,1,M0009,3083,2026-08-19,42,
100928,1,M0009,3083,2026-08-19,303,
100928,1,M0009,3083,2026-08-19,490,
100928,1,M0009,3083,2026-08-19,291,
100928,1,M0009,3083,2026-08-19,148,
100928,1,M0009,3083,2026-08-19,687,zone_650g
100928,1,M0009,3083,2026-08-19,405,
100928,1,M0009,3083,2026-08-19,162,
100928,1,M0009,3083,2026-08-19,146,
100928,1,M0009,3083,2026-08-19,677,
100928,1,M0009,3083,2026-08-19,519,
100928,1,M0009,3083,2026-08-20,245,
100928,1,M0009,3083,2026-08-20,34,
100928,1,M0009,3083,2026-08-20,107,
100928,1,M0009,3083,2026-08-20,175,
100928,1,M0009,3083,2026-08-20,163,
100928,1,M0009,3083,2026-08-20,241,
100928,1,M0009,3083,2026-08-20,281,zone_250g
100928,1,M0009,3083,2026-08-20,58,
100928,1,M0009,3083,2026-08-20,688,zone_650g
100928,1,M0009,3083,2026-08-20,48,
100928,1,M0009,3083,2026-08-20,243,
100928,1,M0009,3083,2026-08-20,142,
100928,1,M0009,3083,2026-08-20,279,
100928,1,M0009,3083,2026-08-20,880,over_zone_650g
100928,1,M0009,3083,2026-08-20,68,
100928,1,M0009,3083,2026-08-20,136,
100928,1,M0009,3083,2026-08-20,339,
100928,1,M0009,3083,2026-08-20,143,
100928,1,M0009,3083,2026-08-20,1035,zone_1000g
100928,1,M0010,3084,2026-08-12,313,
100928,1,M0010,3084,2026-08-12,259,
100928,1,M0010,3084,2026-08-12,285,zone_250g
100928,1,M0010,3084,2026-08-12,562,
100928,1,M0010,3084,2026-08-12,680,
100928,1,M0010,3084,2026-08-12,388,
100928,1,M0010,3084,2026-08-12,40,
100928,1,M0010,3084,2026-08-12,168,
100928,1,M0010,3084,2026-08-12,1032,zone_1000g
100928,1,M0010,3084,2026-08-12,552,
100928,1,M0010,3084,2026-08-12,148,
100928,1,M0010,3084,2026-08-12,551,
100928,1,M0010,3084,2026-08-12,34,
100928,1,M0010,3084,2026-08-13,658,
100928,1,M0010,3084,2026-08-13,140,
100928,1,M0010,3084,2026-08-13,614,
100928,1,M0010,3084,2026-08-13,265,
100928,1,M0010,3084,2026-08-13,243,
100928,1,M0010,3084,2026-08-13,685,zone_650g
100928,1,M0010,3084,2026-08-13,282,zone_250g
100928,1,M0010,3084,2026-08-13,102,
100928,1,M0010,3084,2026-08-13,451,
100928,1,M0010,3084,2026-08-13,55,
100928,1,M0010,3084,2026-08-13,42,
100928,1,M0010,3084,2026-08-13,211,
100928,1,M0010,3084,2026-08-13,686,zone_650g
100928,1,M0010,3084,2026-08-13,44,
100928,1,M0010,3084,2026-08-13,342,
100928,1,M0010,3084,2026-08-13,679,
100928,1,M0010,3084,2026-08-14,397,
100928,1,M0010,3084,2026-08-14,563,
100928,1,M0010,3084,2026-08-14,639,
100928,1,M0010,3084,2026-08-14,833,over_zone_650g
100928,1,M0010,3084,2026-08-14,686,zone_650g
100928,1,M0010,3084,2026-08-14,283,zone_250g
100928,1,M0010,3084,2026-08-14,683,zone_650g
100928,1,M0010,3084,2026-08-14,47,
100928,1,M0010,3084,2026-08-14,1037,zone_1000g
100928,1,M0010,3084,2026-08-14,260,
100928,1,M0010,3084,2026-08-14,28,
100928,1,M0010,3084,2026-08-14,357,
100928,1,M0010,3084,2026-08-14,690,over_zone_650g
100928,1,M0010,3084,2026-08-14,322,
100928,1,M0010,3084,2026-08-15,232,
100928,1,M0010,3084,2026-08-15,1038,zone_1000g
100928,1,M0010,3084,2026-08-15,40,
100928,1,M0010,3084,2026-08-15,54,
100928,1,M0010,3084,2026-08-15,153,
100928,1,M0010,3084,2026-08-15,1033,zone_1000g
100928,1,M0010,3084,2026-08-15,156,
100928,1,M0010,3084,2026-08-15,35,
100928,1,M0010,3084,2026-08-15,348,
100928,1,M0010,3084,2026-08-15,35,
100928,1,M0010,3084,2026-08-15,308,
100928,1,M0010,3084,2026-08-15,288,zone_250g
100928,1,M0010,3084,2026-08-15,44,
100928,1,M0010,3084,2026-08-15,365,
100928,1,M0010,3084,2026-08-15,1029,zone_1000g
100928,1,M0010,3084,2026-08-15,457,
100928,1,M0010,3084,2026-08-15,222,
100928,1,M0010,3084,2026-08-16,313,
100928,1,M0010,3084,2026-08-16,45,
100928,1,M0010,3084,2026-08-16,1033,zone_1000g
100928,1,M0010,3084,2026-08-16,154,
100928,1,M0010,3084,2026-08-16,99,
100928,1,M0010,3084,2026-08-16,271,
100928,1,M0010,3084,2026-08-16,138,
100928,1,M0010,3084,2026-08-16,309,
100928,1,M0010,3084,2026-08-16,144,
100928,1,M0010,3084,2026-08-16,941,over_zone_650g
100928,1,M0010,3084,2026-08-16,586,
100928,1,M0010,3084,2026-08-16,783,over_zone_650g
100928,1,M0010,3084,2026-08-16,54,
100928,1,M0010,3084,2026-08-16,134,
100928,1,M0010,3084,2026-08-16,205,
100928,1,M0010,3084,2026-08-16,42,
100928,1,M0010,3084,2026-08-16,31,
100928,1,M0010,3084,2026-08-16,286,zone_250g
100928,1,M0010,3084,2026-08-16,49,
100928,1,M0010,3084,2026-08-17,419,
100928,1,M0010,3084,2026-08-17,156,
100928,1,M0010,3084,2026-08-17,67,
100928,1,M0010,3084,2026-08-17,137,
100928,1,M0010,3084,2026-08-17,475,
100928,1,M0010,3084,2026-08-17,39,
100928,1,M0010,3084,2026-08-17,599,
100928,1,M0010,3084,2026-08-17,200,
100928,1,M0010,3084,2026-08-17,682,zone_650g
100928,1,M0010,3084,2026-08-17,67,
100928,1,M0010,3084,2026-08-17,62,
100928,1,M0010,3084,2026-08-17,162,
100928,1,M0010,3084,2026-08-17,161,
100928,1,M0010,3084,2026-08-17,297,
100928,1,M0010,3084,2026-08-17,250,
100928,1,M0010,3084,2026-08-17,150,
100928,1,M0010,3084,2026-08-17,260,
100928,1,M0010,3084,2026-08-17,390,
100928,1,M0010,3084,2026-08-18,258,
100928,1,M0010,3084,2026-08-18,355,
100928,1,M0010,3084,2026-08-18,68,
100928,1,M0010,3084,2026-08-18,144,
100928,1,M0010,3084,2026-08-18,285,zone_250g
100928,1,M0010,3084,2026-08-18,149,
100928,1,M0010,3084,2026-08-19,391,
100928,1,M0010,3084,2026-08-19,139,
100928,1,M0010,3084,2026-08-19,357,
100928,1,M0010,3084,2026-08-19,150,
100928,1,M0010,3084,2026-08-19,206,
100928,1,M0010,3084,2026-08-19,47,
100928,1,M0010,3084,2026-08-19,347,
100928,1,M0010,3084,2026-08-19,383,
100928,1,M0010,3084,2026-08-19,684,zone_650g
100928,1,M0010,3084,2026-08-19,342,
100928,1,M0010,3084,2026-08-20,641,
100928,1,M0010,3084,2026-08-20,137,
100928,1,M0010,3084,2026-08-20,65,
100928,1,M0010,3084,2026-08-20,352,
100928,1,M0011,3085,2026-08-12,536,
100928,1,M0011,3085,2026-08-12,995,over_zone_650g
100928,1,M0011,3085,2026-08-12,325,
100928,1,M0011,3085,2026-08-12,297,
100928,1,M0011,3085,2026-08-12,163,
100928,1,M0011,3085,2026-08-13,554,
100928,1,M0011,3085,2026-08-13,578,
100928,1,M0011,3085,2026-08-13,155,
100928,1,M0011,3085,2026-08-13,38,
100928,1,M0011,3085,2026-08-13,737,over_zone_650g
100928,1,M0011,3085,2026-08-13,368,
100928,1,M0011,3085,2026-08-13,367,
100928,1,M0011,3085,2026-08-13,71,
100928,1,M0011,3085,2026-08-13,155,
100928,1,M0011,3085,2026-08-13,545,
100928,1,M0011,3085,2026-08-13,964,over_zone_650g
100928,1,M0011,3085,2026-08-13,158,
100928,1,M0011,3085,2026-08-13,1041,zone_1000g
100928,1,M0011,3085,2026-08-14,322,
100928,1,M0011,3085,2026-08-14,159,
100928,1,M0011,3085,2026-08-14,47,
100928,1,M0011,3085,2026-08-14,338,
100928,1,M0011,3085,2026-08-14,904,over_zone_650g
100928,1,M0011,3085,2026-08-14,156,
100928,1,M0011,3085,2026-08-14,564,
100928,1,M0011,3085,2026-08-14,332,
100928,1,M0011,3085,2026-08-14,405,
100928,1,M0011,3085,2026-08-14,811,over_zone_650g
100928,1,M0011,3085,2026-08-14,465,
100928,1,M0011,3085,2026-08-14,50,
100928,1,M0011,3085,2026-08-14,641,
100928,1,M0011,3085,2026-08-14,152,
100928,1,M0011,3085,2026-08-14,93,
100928,1,M0011,3085,2026-08-14,285,zone_250g
100928,1,M0011,3085,2026-08-14,785,over_zone_650g
100928,1,M0011,3085,2026-08-14,51,
100928,1,M0011,3085,2026-08-15,301,
100928,1,M0011,3085,2026-08-15,685,zone_650g
100928,1,M0011,3085,2026-08-15,107,
100928,1,M0011,3085,2026-08-15,1034,zone_1000g
100928,1,M0011,3085,2026-08-15,650,
100928,1,M0011,3085,2026-08-15,683,zone_650g
100928,1,M0011,3085,2026-08-15,553,
100928,1,M0011,3085,2026-08-15,184,zone_150g
100928,1,M0011,3085,2026-08-15,78,
100928,1,M0011,3085,2026-08-15,339,
100928,1,M0011,3085,2026-08-15,50,
100928,1,M0011,3085,2026-08-15,41,
100928,1,M0011,3085,2026-08-15,40,
100928,1,M0011,3085,2026-08-15,43,
100928,1,M0011,3085,2026-08-15,38,
100928,1,M0011,3085,2026-08-15,40,
100928,1,M0011,3085,2026-08-15,170,
100928,1,M0011,3085,2026-08-15,186,zone_150g
100928,1,M0011,3085,2026-08-15,384,
100928,1,M0011,3085,2026-08-15,197,
100928,1,M0011,3085,2026-08-15,183,zone_150g
100928,1,M0011,3085,2026-08-15,62,
100928,1,M0011,3085,2026-08-16,405,
100928,1,M0011,3085,2026-08-16,71,
100928,1,M0011,3085,2026-08-16,36,
100928,1,M0011,3085,2026-08-16,494,
100928,1,M0011,3085,2026-08-16,459,
100928,1,M0011,3085,2026-08-16,285,zone_250g
100928,1,M0011,3085,2026-08-16,294,
100928,1,M0011,3085,2026-08-16,138,
100928,1,M0011,3085,2026-08-16,288,zone_250g
100928,1,M0011,3085,2026-08-16,63,
100928,1,M0011,3085,2026-08-16,32,
100928,1,M0011,3085,2026-08-16,1008,zone_1000g
100928,1,M0011,3085,2026-08-16,187,zone_150g
100928,1,M0011,3085,2026-08-16,158,
100928,1,M0011,3085,2026-08-16,26,
100928,1,M0011,3085,2026-08-16,617,
100928,1,M0011,3085,2026-08-16,194,
100928,1,M0011,3085,2026-08-16,284,zone_250g
100928,1,M0011,3085,2026-08-16,41,
100928,1,M0011,3085,2026-08-16,37,
100928,1,M0011,3085,2026-08-16,187,zone_150g
100928,1,M0011,3085,2026-08-16,140,
100928,1,M0011,3085,2026-08-16,153,
100928,1,M0011,3085,2026-08-16,286,zone_250g
100928,1,M0011,3085,2026-08-16,158,
100928,1,M0011,3085,2026-08-17,381,
100928,1,M0011,3085,2026-08-17,571,
100928,1,M0011,3085,2026-08-17,376,
100928,1,M0011,3085,2026-08-17,34,
100928,1,M0011,3085,2026-08-17,310,
100928,1,M0011,3085,2026-08-17,686,zone_650g
100928,1,M0011,3085,2026-08-17,141,
100928,1,M0011,3085,2026-08-17,1034,zone_1000g
100928,1,M0011,3085,2026-08-17,253,
100928,1,M0011,3085,2026-08-17,947,over_zone_650g
100928,1,M0011,3085,2026-08-18,301,
100928,1,M0011,3085,2026-08-18,188,zone_150g
100928,1,M0011,3085,2026-08-18,162,
100928,1,M0011,3085,2026-08-18,430,
100928,1,M0011,3085,2026-08-18,707,over_zone_650g
100928,1,M0011,3085,2026-08-18,234,
100928,1,M0011,3085,2026-08-19,272,
100928,1,M0011,3085,2026-08-19,52,
100928,1,M0011,3085,2026-08-19,566,
100928,1,M0011,3085,2026-08-19,139,
100928,1,M0011,3085,2026-08-19,648,
100928,1,M0011,3085,2026-08-19,456,
100928,1,M0011,3085,2026-08-19,573,
100928,1,M0011,3085,2026-08-19,144,
100928,1,M0011,3085,2026-08-19,687,zone_650g
100928,1,M0011,3085,2026-08-19,236,
100928,1,M0011,3085,2026-08-19,548,
100928,1,M0011,3085,2026-08-19,677,
100928,1,M0011,3085,2026-08-20,665,
100928,1,M0011,3085,2026-08-20,36,
100928,1,M0011,3085,2026-08-20,53,
100928,1,M0011,3085,2026-08-20,143,
100928,1,M0011,3085,2026-08-20,203,
100928,1,M0011,3085,2026-08-20,132,
100928,1,M0011,3085,2026-08-20,35,
100928,1,M0011,3085,2026-08-20,1030,zone_1000g
100928,1,M0011,3085,2026-08-20,60,
100928,1,M0011,3085,2026-08-20,686,zone_650g
100928,1,M0011,3085,2026-08-20,580,
100928,1,M0011,3085,2026-08-20,140,
100928,1,M0011,3085,2026-08-20,342,
100928,1,M0012,3086,2026-08-12,489,zone_450g
100928,1,M0012,3086,2026-08-12,360,
100928,1,M0012,3086,2026-08-12,578,
100928,1,M0012,3086,2026-08-12,483,zone_450g
100928,1,M0012,3086,2026-08-12,106,
100928,1,M0012,3086,2026-08-12,139,
100928,1,M0012,3086,2026-08-12,34,
100928,1,M0012,3086,2026-08-12,543,
100928,1,M0012,3086,2026-08-12,76,
100928,1,M0012,3086,2026-08-12,50,
100928,1,M0012,3086,2026-08-12,507,
100928,1,M0012,3086,2026-08-12,365,
100928,1,M0012,3086,2026-08-12,291,
100928,1,M0012,3086,2026-08-12,154,
100928,1,M0012,3086,2026-08-12,62,
100928,1,M0012,3086,2026-08-12,785,over_zone_650g
100928,1,M0012,3086,2026-08-13,527,
100928,1,M0012,3086,2026-08-13,54,
100928,1,M0012,3086,2026-08-13,370,
100928,1,M0012,3086,2026-08-13,1035,zone_1000g
100928,1,M0012,3086,2026-08-13,188,zone_150g
100928,1,M0012,3086,2026-08-13,282,zone_250g
100928,1,M0012,3086,2026-08-13,43,
100928,1,M0012,3086,2026-08-13,1033,zone_1000g
100928,1,M0012,3086,2026-08-13,54,
100928,1,M0012,3086,2026-08-13,1051,zone_1000g
100928,1,M0012,3086,2026-08-13,284,zone_250g
100928,1,M0012,3086,2026-08-13,145,
100928,1,M0012,3086,2026-08-13,286,zone_250g
100928,1,M0012,3086,2026-08-13,509,
100928,1,M0012,3086,2026-08-13,348,
100928,1,M0012,3086,2026-08-13,56,
100928,1,M0012,3086,2026-08-13,186,zone_150g
100928,1,M0012,3086,2026-08-14,414,
100928,1,M0012,3086,2026-08-14,175,
100928,1,M0012,3086,2026-08-14,148,
100928,1,M0012,3086,2026-08-14,191,
100928,1,M0012,3086,2026-08-14,599,
100928,1,M0012,3086,2026-08-14,105,
100928,1,M0012,3086,2026-08-14,363,
100928,1,M0012,3086,2026-08-14,489,zone_450g
100928,1,M0012,3086,2026-08-14,249,
100928,1,M0012,3086,2026-08-14,333,
100928,1,M0012,3086,2026-08-14,549,
100928,1,M0012,3086,2026-08-14,199,
100928,1,M0012,3086,2026-08-14,1035,zone_1000g
100928,1,M0012,3086,2026-08-14,47,
100928,1,M0012,3086,2026-08-14,136,
100928,1,M0012,3086,2026-08-14,686,zone_650g
100928,1,M0012,3086,2026-08-14,343,
100928,1,M0012,3086,2026-08-14,351,
100928,1,M0012,3086,2026-08-14,281,zone_250g
100928,1,M0012,3086,2026-08-14,48,
100928,1,M0012,3086,2026-08-14,679,
100928,1,M0012,3086,2026-08-14,283,zone_250g
100928,1,M0012,3086,2026-08-15,493,
100928,1,M0012,3086,2026-08-15,287,zone_250g
100928,1,M0012,3086,2026-08-15,282,zone_250g
100928,1,M0012,3086,2026-08-15,1035,zone_1000g
100928,1,M0012,3086,2026-08-15,136,
100928,1,M0012,3086,2026-08-15,342,
100928,1,M0012,3086,2026-08-15,242,
100928,1,M0012,3086,2026-08-15,534,
100928,1,M0012,3086,2026-08-15,153,
100928,1,M0012,3086,2026-08-15,494,
100928,1,M0012,3086,2026-08-15,84,
100928,1,M0012,3086,2026-08-15,375,
100928,1,M0012,3086,2026-08-15,282,zone_250g
100928,1,M0012,3086,2026-08-15,78,
100928,1,M0012,3086,2026-08-15,697,over_zone_650g
100928,1,M0012,3086,2026-08-15,36,
100928,1,M0012,3086,2026-08-15,127,
100928,1,M0012,3086,2026-08-15,447,
100928,1,M0012,3086,2026-08-15,844,over_zone_650g
100928,1,M0012,3086,2026-08-15,459,
100928,1,M0012,3086,2026-08-16,110,
100928,1,M0012,3086,2026-08-16,685,zone_650g
100928,1,M0012,3086,2026-08-16,384,
100928,1,M0012,3086,2026-08-16,286,zone_250g
100928,1,M0012,3086,2026-08-16,600,
100928,1,M0012,3086,2026-08-16,187,zone_150g
100928,1,M0012,3086,2026-08-16,869,over_zone_650g
100928,1,M0012,3086,2026-08-16,58,
100928,1,M0012,3086,2026-08-16,164,
100928,1,M0012,3086,2026-08-16,285,zone_250g
100928,1,M0012,3086,2026-08-16,241,
100928,1,M0012,3086,2026-08-16,38,
100928,1,M0012,3086,2026-08-16,110,
100928,1,M0012,3086,2026-08-16,1037,zone_1000g
100928,1,M0012,3086,2026-08-16,244,
100928,1,M0012,3086,2026-08-16,321,
100928,1,M0012,3086,2026-08-16,418,
100928,1,M0012,3086,2026-08-16,480,
100928,1,M0012,3086,2026-08-16,53,
100928,1,M0012,3086,2026-08-16,282,zone_250g
100928,1,M0012,3086,2026-08-16,528,
100928,1,M0012,3086,2026-08-17,290,
100928,1,M0012,3086,2026-08-17,194,
100928,1,M0012,3086,2026-08-17,157,
100928,1,M0012,3086,2026-08-17,182,zone_150g
100928,1,M0012,3086,2026-08-17,156,
100928,1,M0012,3086,2026-08-17,451,
100928,1,M0012,3086,2026-08-17,356,
100928,1,M0012,3086,2026-08-17,39,
100928,1,M0012,3086,2026-08-17,39,
100928,1,M0012,3086,2026-08-17,37,
100928,1,M0012,3086,2026-08-17,175,
100928,1,M0012,3086,2026-08-17,682,zone_650g
100928,1,M0012,3086,2026-08-17,1033,zone_1000g
100928,1,M0012,3086,2026-08-17,41,
100928,1,M0012,3086,2026-08-17,462,
100928,1,M0012,3086,2026-08-17,39,
100928,1,M0012,3086,2026-08-17,139,
100928,1,M0012,3086,2026-08-17,65,
100928,1,M0012,3086,2026-08-17,345,
100928,1,M0012,3086,2026-08-17,225,
100928,1,M0012,3086,2026-08-18,98,
100928,1,M0012,3086,2026-08-18,47,
100928,1,M0012,3086,2026-08-18,37,
100928,1,M0012,3086,2026-08-18,80,
100928,1,M0012,3086,2026-08-18,283,zone_250g
100928,1,M0012,3086,2026-08-18,171,
100928,1,M0012,3086,2026-08-18,775,over_zone_650g
100928,1,M0012,3086,2026-08-19,669,
100928,1,M0012,3086,2026-08-19,151,
100928,1,M0012,3086,2026-08-19,40,
100928,1,M0012,3086,2026-08-19,41,
100928,1,M0012,3086,2026-08-19,146,
100928,1,M0012,3086,2026-08-19,684,zone_650g
100928,1,M0012,3086,2026-08-19,269,
100928,1,M0012,3086,2026-08-19,166,
100928,1,M0012,3086,2026-08-19,684,zone_650g
100928,1,M0012,3086,2026-08-19,54,
100928,1,M0012,3086,2026-08-20,156,
100928,1,M0012,3086,2026-08-20,689,zone_650g
100928,1,M0012,3086,2026-08-20,684,zone_650g
100928,1,M0012,3086,2026-08-20,140,
100928,1,M0012,3086,2026-08-20,1030,zone_1000g
100928,1,M0012,3086,2026-08-20,551,
100928,1,M0012,3086,2026-08-20,394,
100928,1,M0012,3086,2026-08-20,172,
100928,1,M0012,3086,2026-08-20,363,
100928,1,M0012,3086,2026-08-20,1037,zone_1000g
100928,1,M0012,3086,2026-08-20,257,
100928,1,M0012,3086,2026-08-20,59,
100928,1,M0013,3087,2026-08-12,672,
100928,1,M0013,3087,2026-08-12,145,
100928,1,M0013,3087,2026-08-12,547,
100928,1,M0013,3087,2026-08-12,131,
100928,1,M0013,3087,2026-08-12,339,
100928,1,M0013,3087,2026-08-12,31,
100928,1,M0013,3087,2026-08-12,45,
100928,1,M0013,3087,2026-08-12,627,
100928,1,M0013,3087,2026-08-12,453,
100928,1,M0013,3087,2026-08-12,686,zone_650g
100928,1,M0013,3087,2026-08-12,140,
100928,1,M0013,3087,2026-08-12,58,
100928,1,M0013,3087,2026-08-12,48,
100928,1,M0013,3087,2026-08-12,235,
100928,1,M0013,3087,2026-08-12,288,zone_250g
100928,1,M0013,3087,2026-08-12,32,
100928,1,M0013,3087,2026-08-12,373,
100928,1,M0013,3087,2026-08-12,301,
100928,1,M0013,3087,2026-08-12,230,
100928,1,M0013,3087,2026-08-13,190,
100928,1,M0013,3087,2026-08-13,755,over_zone_650g
100928,1,M0013,3087,2026-08-13,682,zone_650g
100928,1,M0013,3087,2026-08-13,316,
100928,1,M0013,3087,2026-08-13,161,
100928,1,M0013,3087,2026-08-13,575,
100928,1,M0013,3087,2026-08-13,36,
100928,1,M0013,3087,2026-08-13,746,over_zone_650g
100928,1,M0013,3087,2026-08-13,616,
100928,1,M0013,3087,2026-08-13,774,over_zone_650g
100928,1,M0013,3087,2026-08-13,158,
100928,1,M0013,3087,2026-08-13,358,
100928,1,M0013,3087,2026-08-13,187,zone_150g
100928,1,M0013,3087,2026-08-13,344,
100928,1,M0013,3087,2026-08-13,381,
100928,1,M0013,3087,2026-08-13,344,
100928,1,M0013,3087,2026-08-13,47,
100928,1,M0013,3087,2026-08-13,159,
100928,1,M0013,3087,2026-08-14,307,
100928,1,M0013,3087,2026-08-14,133,
100928,1,M0013,3087,2026-08-14,38,
100928,1,M0013,3087,2026-08-14,1042,zone_1000g
100928,1,M0013,3087,2026-08-14,249,
100928,1,M0013,3087,2026-08-14,148,
100928,1,M0013,3087,2026-08-14,1039,zone_1000g
100928,1,M0013,3087,2026-08-14,919,over_zone_650g
100928,1,M0013,3087,2026-08-14,148,
100928,1,M0013,3087,2026-08-14,677,
100928,1,M0013,3087,2026-08-14,638,
100928,1,M0013,3087,2026-08-14,35,
100928,1,M0013,3087,2026-08-15,251,
100928,1,M0013,3087,2026-08-15,181,zone_150g
100928,1,M0013,3087,2026-08-15,237,
100928,1,M0013,3087,2026-08-15,394,
100928,1,M0013,3087,2026-08-15,52,
100928,1,M0013,3087,2026-08-15,131,
100928,1,M0013,3087,2026-08-15,334,
100928,1,M0013,3087,2026-08-15,43,
100928,1,M0013,3087,2026-08-15,283,zone_250g
100928,1,M0013,3087,2026-08-15,149,
100928,1,M0013,3087,2026-08-15,250,
100928,1,M0013,3087,2026-08-15,361,
100928,1,M0013,3087,2026-08-15,162,
100928,1,M0013,3087,2026-08-15,36,
100928,1,M0013,3087,2026-08-15,313,
100928,1,M0013,3087,2026-08-15,37,
100928,1,M0013,3087,2026-08-15,461,
100928,1,M0013,3087,2026-08-15,250,
100928,1,M0013,3087,2026-08-15,557,
100928,1,M0013,3087,2026-08-15,135,
100928,1,M0013,3087,2026-08-15,34,
100928,1,M0013,3087,2026-08-15,288,zone_250g
100928,1,M0013,3087,2026-08-15,777,over_zone_650g
100928,1,M0013,3087,2026-08-15,40,
100928,1,M0013,3087,2026-08-15,220,
100928,1,M0013,3087,2026-08-15,44,
100928,1,M0013,3087,2026-08-15,36,
100928,1,M0013,3087,2026-08-16,133,
100928,1,M0013,3087,2026-08-16,250,
100928,1,M0013,3087,2026-08-16,140,
100928,1,M0013,3087,2026-08-16,853,over_zone_650g
100928,1,M0013,3087,2026-08-16,347,
100928,1,M0013,3087,2026-08-16,49,
100928,1,M0013,3087,2026-08-16,351,
100928,1,M0013,3087,2026-08-16,46,
100928,1,M0013,3087,2026-08-16,1037,zone_1000g
100928,1,M0013,3087,2026-08-16,580,
100928,1,M0013,3087,2026-08-16,41,
100928,1,M0013,3087,2026-08-16,200,
100928,1,M0013,3087,2026-08-16,340,
100928,1,M0013,3087,2026-08-16,58,
100928,1,M0013,3087,2026-08-16,271,
100928,1,M0013,3087,2026-08-16,654,
100928,1,M0013,3087,2026-08-16,296,
100928,1,M0013,3087,2026-08-16,588,
100928,1,M0013,3087,2026-08-16,147,
100928,1,M0013,3087,2026-08-16,354,
100928,1,M0013,3087,2026-08-16,241,
100928,1,M0013,3087,2026-08-17,610,
100928,1,M0013,3087,2026-08-17,126,
100928,1,M0013,3087,2026-08-17,33,
100928,1,M0013,3087,2026-08-17,488,zone_450g
100928,1,M0013,3087,2026-08-17,683,zone_650g
100928,1,M0013,3087,2026-08-17,283,zone_250g
100928,1,M0013,3087,2026-08-17,45,
100928,1,M0013,3087,2026-08-17,143,
100928,1,M0013,3087,2026-08-17,286,zone_250g
100928,1,M0013,3087,2026-08-17,534,
100928,1,M0013,3087,2026-08-17,191,
100928,1,M0013,3087,2026-08-17,688,zone_650g
100928,1,M0013,3087,2026-08-17,685,zone_650g
100928,1,M0013,3087,2026-08-17,224,
100928,1,M0013,3087,2026-08-17,37,
100928,1,M0013,3087,2026-08-17,145,
100928,1,M0013,3087,2026-08-17,514,
100928,1,M0013,3087,2026-08-17,600,
100928,1,M0013,3087,2026-08-18,675,
100928,1,M0013,3087,2026-08-18,124,
100928,1,M0013,3087,2026-08-18,293,
100928,1,M0013,3087,2026-08-18,336,
100928,1,M0013,3087,2026-08-18,103,
100928,1,M0013,3087,2026-08-18,541,
100928,1,M0013,3087,2026-08-19,679,
100928,1,M0013,3087,2026-08-19,69,
100928,1,M0013,3087,2026-08-19,59,
100928,1,M0013,3087,2026-08-19,485,zone_450g
100928,1,M0013,3087,2026-08-19,104,
100928,1,M0013,3087,2026-08-19,239,
100928,1,M0013,3087,2026-08-19,1036,zone_1000g
100928,1,M0013,3087,2026-08-19,80,
100928,1,M0013,3087,2026-08-19,129,
100928,1,M0013,3087,2026-08-19,1030,zone_1000g
100928,1,M0013,3087,2026-08-19,402,
100928,1,M0013,3087,2026-08-19,351,
100928,1,M0013,3087,2026-08-19,994,over_zone_650g
100928,1,M0013,3087,2026-08-19,35,
100928,1,M0013,3087,2026-08-20,120,
100928,1,M0013,3087,2026-08-20,339,
100928,1,M0013,3087,2026-08-20,380,
100928,1,M0013,3087,2026-08-20,494,
100928,1,M0013,3087,2026-08-20,547,
100928,1,M0013,3087,2026-08-20,300,
100928,1,M0014,3150,2026-08-12,392,
100928,1,M0014,3150,2026-08-12,541,
100928,1,M0014,3150,2026-08-12,193,
100928,1,M0014,3150,2026-08-12,515,
100928,1,M0014,3150,2026-08-12,756,over_zone_650g
100928,1,M0014,3150,2026-08-12,505,
100928,1,M0014,3150,2026-08-12,144,
100928,1,M0014,3150,2026-08-12,696,over_zone_650g
100928,1,M0014,3150,2026-08-12,250,
100928,1,M0014,3150,2026-08-12,53,
100928,1,M0014,3150,2026-08-12,1035,zone_1000g
100928,1,M0014,3150,2026-08-12,135,
100928,1,M0014,3150,2026-08-12,471,
100928,1,M0014,3150,2026-08-12,280,
100928,1,M0014,3150,2026-08-12,149,
100928,1,M0014,3150,2026-08-12,56,
100928,1,M0014,3150,2026-08-12,649,
100928,1,M0014,3150,2026-08-13,241,
100928,1,M0014,3150,2026-08-13,612,
100928,1,M0014,3150,2026-08-13,1035,zone_1000g
100928,1,M0014,3150,2026-08-13,142,
100928,1,M0014,3150,2026-08-13,156,
100928,1,M0014,3150,2026-08-13,444,
100928,1,M0014,3150,2026-08-13,442,
100928,1,M0014,3150,2026-08-13,31,
100928,1,M0014,3150,2026-08-13,90,
100928,1,M0014,3150,2026-08-13,151,
100928,1,M0014,3150,2026-08-13,73,
100928,1,M0014,3150,2026-08-13,49,
100928,1,M0014,3150,2026-08-13,172,
100928,1,M0014,3150,2026-08-13,684,zone_650g
100928,1,M0014,3150,2026-08-13,38,
100928,1,M0014,3150,2026-08-13,42,
100928,1,M0014,3150,2026-08-13,262,
100928,1,M0014,3150,2026-08-13,577,
100928,1,M0014,3150,2026-08-13,367,
100928,1,M0014,3150,2026-08-13,118,
100928,1,M0014,3150,2026-08-13,689,zone_650g
100928,1,M0014,3150,2026-08-14,672,
100928,1,M0014,3150,2026-08-14,361,
100928,1,M0014,3150,2026-08-14,162,
100928,1,M0014,3150,2026-08-14,652,
100928,1,M0014,3150,2026-08-14,252,
100928,1,M0014,3150,2026-08-14,686,zone_650g
100928,1,M0014,3150,2026-08-14,1036,zone_1000g
100928,1,M0014,3150,2026-08-14,48,
100928,1,M0014,3150,2026-08-14,387,
100928,1,M0014,3150,2026-08-14,685,zone_650g
100928,1,M0014,3150,2026-08-14,133,
100928,1,M0014,3150,2026-08-14,41,
100928,1,M0014,3150,2026-08-14,1041,zone_1000g
100928,1,M0014,3150,2026-08-14,124,
100928,1,M0014,3150,2026-08-15,271,
100928,1,M0014,3150,2026-08-15,171,
100928,1,M0014,3150,2026-08-15,511,
100928,1,M0014,3150,2026-08-15,210,
100928,1,M0014,3150,2026-08-15,291,
100928,1,M0014,3150,2026-08-15,582,
100928,1,M0014,3150,2026-08-15,345,
100928,1,M0014,3150,2026-08-15,37,
100928,1,M0014,3150,2026-08-15,54,
100928,1,M0014,3150,2026-08-15,269,
100928,1,M0014,3150,2026-08-15,685,zone_650g
100928,1,M0014,3150,2026-08-15,230,
100928,1,M0014,3150,2026-08-15,680,
100928,1,M0014,3150,2026-08-15,76,
100928,1,M0014,3150,2026-08-15,588,
100928,1,M0014,3150,2026-08-15,120,
100928,1,M0014,3150,2026-08-15,349,
100928,1,M0014,3150,2026-08-15,69,
100928,1,M0014,3150,2026-08-16,302,
100928,1,M0014,3150,2026-08-16,197,
100928,1,M0014,3150,2026-08-16,280,
100928,1,M0014,3150,2026-08-16,334,
100928,1,M0014,3150,2026-08-16,136,
100928,1,M0014,3150,2026-08-16,47,
100928,1,M0014,3150,2026-08-16,148,
100928,1,M0014,3150,2026-08-16,186,zone_150g
100928,1,M0014,3150,2026-08-16,701,over_zone_650g
100928,1,M0014,3150,2026-08-16,261,
100928,1,M0014,3150,2026-08-16,753,over_zone_650g
100928,1,M0014,3150,2026-08-16,59,
100928,1,M0014,3150,2026-08-16,470,
100928,1,M0014,3150,2026-08-16,1012,zone_1000g
100928,1,M0014,3150,2026-08-16,113,
100928,1,M0014,3150,2026-08-16,153,
100928,1,M0014,3150,2026-08-16,445,
100928,1,M0014,3150,2026-08-16,152,
100928,1,M0014,3150,2026-08-16,283,zone_250g
100928,1,M0014,3150,2026-08-16,135,
100928,1,M0014,3150,2026-08-16,536,
100928,1,M0014,3150,2026-08-16,31,
100928,1,M0014,3150,2026-08-16,52,
100928,1,M0014,3150,2026-08-17,560,
100928,1,M0014,3150,2026-08-17,286,zone_250g
100928,1,M0014,3150,2026-08-17,105,
100928,1,M0014,3150,2026-08-17,335,
100928,1,M0014,3150,2026-08-17,214,
100928,1,M0014,3150,2026-08-17,238,
100928,1,M0014,3150,2026-08-17,283,zone_250g
100928,1,M0014,3150,2026-08-17,76,
100928,1,M0014,3150,2026-08-17,534,
100928,1,M0014,3150,2026-08-17,122,
100928,1,M0014,3150,2026-08-17,74,
100928,1,M0014,3150,2026-08-17,142,
100928,1,M0014,3150,2026-08-17,181,zone_150g
100928,1,M0014,3150,2026-08-18,265,
100928,1,M0014,3150,2026-08-18,52,
100928,1,M0014,3150,2026-08-18,37,
100928,1,M0014,3150,2026-08-18,39,
100928,1,M0014,3150,2026-08-18,287,zone_250g
100928,1,M0014,3150,2026-08-18,184,zone_150g
100928,1,M0014,3150,2026-08-18,74,
100928,1,M0014,3150,2026-08-18,34,
100928,1,M0014,3150,2026-08-19,301,
100928,1,M0014,3150,2026-08-19,43,
100928,1,M0014,3150,2026-08-19,42,
100928,1,M0014,3150,2026-08-19,685,zone_650g
100928,1,M0014,3150,2026-08-19,111,
100928,1,M0014,3150,2026-08-19,43,
100928,1,M0014,3150,2026-08-19,253,
100928,1,M0014,3150,2026-08-19,346,
100928,1,M0014,3150,2026-08-19,360,
100928,1,M0014,3150,2026-08-19,345,
100928,1,M0014,3150,2026-08-19,1036,zone_1000g
100928,1,M0014,3150,2026-08-19,39,
100928,1,M0014,3150,2026-08-19,57,
100928,1,M0014,3150,2026-08-19,350,
100928,1,M0014,3150,2026-08-19,458,
100928,1,M0014,3150,2026-08-19,294,
100928,1,M0014,3150,2026-08-20,173,
100928,1,M0014,3150,2026-08-20,570,
100928,1,M0014,3150,2026-08-20,254,
100928,1,M0014,3150,2026-08-20,455,
100928,1,M0014,3150,2026-08-20,124,
100928,1,M0014,3150,2026-08-20,140,
100928,1,M0014,3150,2026-08-20,1036,zone_1000g
100928,1,M0014,3150,2026-08-20,278,
100928,1,M0014,3150,2026-08-20,646,
100928,1,M0014,3150,2026-08-20,248,
100928,1,M0015,3151,2026-08-12,503,
100928,1,M0015,3151,2026-08-12,56,
100928,1,M0015,3151,2026-08-12,324,
100928,1,M0015,3151,2026-08-12,281,zone_250g
100928,1,M0015,3151,2026-08-12,173,
100928,1,M0015,3151,2026-08-12,435,
100928,1,M0015,3151,2026-08-12,185,zone_150g
100928,1,M0015,3151,2026-08-13,252,
100928,1,M0015,3151,2026-08-13,152,
100928,1,M0015,3151,2026-08-13,287,zone_250g
100928,1,M0015,3151,2026-08-13,323,
100928,1,M0015,3151,2026-08-13,169,
100928,1,M0015,3151,2026-08-13,467,
100928,1,M0015,3151,2026-08-13,52,
100928,1,M0015,3151,2026-08-13,333,
100928,1,M0015,3151,2026-08-13,535,
100928,1,M0015,3151,2026-08-13,133,
100928,1,M0015,3151,2026-08-13,567,
100928,1,M0015,3151,2026-08-13,230,
100928,1,M0015,3151,2026-08-13,94,
100928,1,M0015,3151,2026-08-13,52,
100928,1,M0015,3151,2026-08-13,43,
100928,1,M0015,3151,2026-08-13,375,
100928,1,M0015,3151,2026-08-13,46,
100928,1,M0015,3151,2026-08-13,42,
100928,1,M0015,3151,2026-08-13,43,
100928,1,M0015,3151,2026-08-13,263,
100928,1,M0015,3151,2026-08-13,287,zone_250g
100928,1,M0015,3151,2026-08-13,206,
100928,1,M0015,3151,2026-08-13,49,
100928,1,M0015,3151,2026-08-13,1040,zone_1000g
100928,1,M0015,3151,2026-08-13,54,
100928,1,M0015,3151,2026-08-13,53,
100928,1,M0015,3151,2026-08-14,596,
100928,1,M0015,3151,2026-08-14,44,
100928,1,M0015,3151,2026-08-14,1040,zone_1000g
100928,1,M0015,3151,2026-08-14,101,
100928,1,M0015,3151,2026-08-14,563,
100928,1,M0015,3151,2026-08-14,152,
100928,1,M0015,3151,2026-08-14,139,
100928,1,M0015,3151,2026-08-14,358,
100928,1,M0015,3151,2026-08-14,150,
100928,1,M0015,3151,2026-08-14,168,
100928,1,M0015,3151,2026-08-14,352,
100928,1,M0015,3151,2026-08-14,682,zone_650g
100928,1,M0015,3151,2026-08-14,468,
100928,1,M0015,3151,2026-08-14,473,
100928,1,M0015,3151,2026-08-15,329,
100928,1,M0015,3151,2026-08-15,648,
100928,1,M0015,3151,2026-08-15,38,
100928,1,M0015,3151,2026-08-15,45,
100928,1,M0015,3151,2026-08-15,316,
100928,1,M0015,3151,2026-08-15,380,
100928,1,M0015,3151,2026-08-15,439,
100928,1,M0015,3151,2026-08-15,548,
100928,1,M0015,3151,2026-08-15,42,
100928,1,M0015,3151,2026-08-15,686,zone_650g
100928,1,M0015,3151,2026-08-15,196,
100928,1,M0015,3151,2026-08-15,143,
100928,1,M0015,3151,2026-08-15,38,
100928,1,M0015,3151,2026-08-15,708,over_zone_650g
100928,1,M0015,3151,2026-08-15,1033,zone_1000g
100928,1,M0015,3151,2026-08-15,212,
100928,1,M0015,3151,2026-08-15,146,
100928,1,M0015,3151,2026-08-16,270,
100928,1,M0015,3151,2026-08-16,57,
100928,1,M0015,3151,2026-08-16,547,
100928,1,M0015,3151,2026-08-16,175,
100928,1,M0015,3151,2026-08-16,381,
100928,1,M0015,3151,2026-08-16,68,
100928,1,M0015,3151,2026-08-16,137,
100928,1,M0015,3151,2026-08-16,35,
100928,1,M0015,3151,2026-08-16,356,
100928,1,M0015,3151,2026-08-16,685,zone_650g
100928,1,M0015,3151,2026-08-16,417,
100928,1,M0015,3151,2026-08-16,606,
100928,1,M0015,3151,2026-08-16,283,zone_250g
100928,1,M0015,3151,2026-08-16,565,
100928,1,M0015,3151,2026-08-16,40,
100928,1,M0015,3151,2026-08-16,480,
100928,1,M0015,3151,2026-08-16,115,
100928,1,M0015,3151,2026-08-16,559,
100928,1,M0015,3151,2026-08-16,416,
100928,1,M0015,3151,2026-08-17,629,
100928,1,M0015,3151,2026-08-17,435,
100928,1,M0015,3151,2026-08-17,100,
100928,1,M0015,3151,2026-08-17,54,
100928,1,M0015,3151,2026-08-17,534,
100928,1,M0015,3151,2026-08-17,535,
100928,1,M0015,3151,2026-08-17,286,zone_250g
100928,1,M0015,3151,2026-08-17,185,zone_150g
100928,1,M0015,3151,2026-08-17,113,
100928,1,M0015,3151,2026-08-17,498,
100928,1,M0015,3151,2026-08-17,945,over_zone_650g
100928,1,M0015,3151,2026-08-17,1035,zone_1000g
100928,1,M0015,3151,2026-08-17,1032,zone_1000g
100928,1,M0015,3151,2026-08-17,38,
100928,1,M0015,3151,2026-08-17,159,
100928,1,M0015,3151,2026-08-18,124,
100928,1,M0015,3151,2026-08-18,171,
100928,1,M0015,3151,2026-08-18,392,
100928,1,M0015,3151,2026-08-18,168,
100928,1,M0015,3151,2026-08-18,284,zone_250g
100928,1,M0015,3151,2026-08-18,373,
100928,1,M0015,3151,2026-08-18,136,
100928,1,M0015,3151,2026-08-18,282,zone_250g
100928,1,M0015,3151,2026-08-19,647,
100928,1,M0015,3151,2026-08-19,37,
100928,1,M0015,3151,2026-08-19,124,
100928,1,M0015,3151,2026-08-19,69,
100928,1,M0015,3151,2026-08-19,277,
100928,1,M0015,3151,2026-08-19,349,
100928,1,M0015,3151,2026-08-19,55,
100928,1,M0015,3151,2026-08-19,288,zone_250g
100928,1,M0015,3151,2026-08-19,188,zone_150g
100928,1,M0015,3151,2026-08-19,46,
100928,1,M0015,3151,2026-08-19,514,
100928,1,M0015,3151,2026-08-19,279,
100928,1,M0015,3151,2026-08-19,48,
100928,1,M0015,3151,2026-08-19,314,
100928,1,M0015,3151,2026-08-19,350,
100928,1,M0015,3151,2026-08-19,524,
100928,1,M0015,3151,2026-08-19,227,
100928,1,M0015,3151,2026-08-20,519,
100928,1,M0015,3151,2026-08-20,508,
100928,1,M0015,3151,2026-08-20,132,
100928,1,M0015,3151,2026-08-20,520,
100928,1,M0015,3151,2026-08-20,341,
100928,1,M0015,3151,2026-08-20,200,
100928,1,M0015,3151,2026-08-20,114,
100928,1,M0015,3151,2026-08-20,543,
100928,1,M0015,3151,2026-08-20,138,
100928,1,M0016,3152,2026-08-12,127,
100928,1,M0016,3152,2026-08-12,360,
100928,1,M0016,3152,2026-08-12,33,
100928,1,M0016,3152,2026-08-12,48,
100928,1,M0016,3152,2026-08-12,564,
100928,1,M0016,3152,2026-08-12,33,
100928,1,M0016,3152,2026-08-12,145,
100928,1,M0016,3152,2026-08-12,68,
100928,1,M0016,3152,2026-08-12,475,
100928,1,M0016,3152,2026-08-12,284,zone_250g
100928,1,M0016,3152,2026-08-12,253,
100928,1,M0016,3152,2026-08-12,613,
100928,1,M0016,3152,2026-08-12,336,
100928,1,M0016,3152,2026-08-12,454,
100928,1,M0016,3152,2026-08-12,336,
100928,1,M0016,3152,2026-08-12,144,
100928,1,M0016,3152,2026-08-13,247,
100928,1,M0016,3152,2026-08-13,52,
100928,1,M0016,3152,2026-08-13,353,
100928,1,M0016,3152,2026-08-13,65,
100928,1,M0016,3152,2026-08-13,353,
100928,1,M0016,3152,2026-08-13,43,
100928,1,M0016,3152,2026-08-13,155,
100928,1,M0016,3152,2026-08-13,540,
100928,1,M0016,3152,2026-08-13,343,
100928,1,M0016,3152,2026-08-13,238,
100928,1,M0016,3152,2026-08-13,1034,zone_1000g
100928,1,M0016,3152,2026-08-13,348,
100928,1,M0016,3152,2026-08-13,443,
100928,1,M0016,3152,2026-08-13,339,
100928,1,M0016,3152,2026-08-13,683,zone_650g
100928,1,M0016,3152,2026-08-13,152,
100928,1,M0016,3152,2026-08-13,243,
100928,1,M0016,3152,2026-08-13,31,
100928,1,M0016,3152,2026-08-14,286,zone_250g
100928,1,M0016,3152,2026-08-14,367,
100928,1,M0016,3152,2026-08-14,637,
100928,1,M0016,3152,2026-08-14,156,
100928,1,M0016,3152,2026-08-14,685,zone_650g
100928,1,M0016,3152,2026-08-14,940,over_zone_650g
100928,1,M0016,3152,2026-08-14,46,
100928,1,M0016,3152,2026-08-14,38,
100928,1,M0016,3152,2026-08-14,39,
100928,1,M0016,3152,2026-08-14,48,
100928,1,M0016,3152,2026-08-14,172,
100928,1,M0016,3152,2026-08-14,537,
100928,1,M0016,3152,2026-08-14,230,
100928,1,M0016,3152,2026-08-14,54,
100928,1,M0016,3152,2026-08-14,521,
100928,1,M0016,3152,2026-08-14,142,
100928,1,M0016,3152,2026-08-15,272,
100928,1,M0016,3152,2026-08-15,298,
100928,1,M0016,3152,2026-08-15,282,zone_250g
100928,1,M0016,3152,2026-08-15,683,zone_650g
100928,1,M0016,3152,2026-08-15,50,
100928,1,M0016,3152,2026-08-15,248,
100928,1,M0016,3152,2026-08-15,497,
100928,1,M0016,3152,2026-08-15,452,
100928,1,M0016,3152,2026-08-15,280,
100928,1,M0016,3152,2026-08-15,1032,zone_1000g
100928,1,M0016,3152,2026-08-15,683,zone_650g
100928,1,M0016,3152,2026-08-15,351,
100928,1,M0016,3152,2026-08-16,101,
100928,1,M0016,3152,2026-08-16,51,
100928,1,M0016,3152,2026-08-16,237,
100928,1,M0016,3152,2026-08-16,225,
100928,1,M0016,3152,2026-08-16,181,zone_150g
100928,1,M0016,3152,2026-08-16,38,
100928,1,M0016,3152,2026-08-16,36,
100928,1,M0016,3152,2026-08-16,285,zone_250g
100928,1,M0016,3152,2026-08-16,186,zone_150g
100928,1,M0016,3152,2026-08-16,487,zone_450g
100928,1,M0016,3152,2026-08-16,43,
100928,1,M0016,3152,2026-08-16,288,zone_250g
100928,1,M0016,3152,2026-08-16,139,
100928,1,M0016,3152,2026-08-16,159,
100928,1,M0016,3152,2026-08-16,38,
100928,1,M0016,3152,2026-08-16,630,
100928,1,M0016,3152,2026-08-16,694,over_zone_650g
100928,1,M0016,3152,2026-08-16,1039,zone_1000g
100928,1,M0016,3152,2026-08-16,336,
100928,1,M0016,3152,2026-08-16,48,
100928,1,M0016,3152,2026-08-17,293,
100928,1,M0016,3152,2026-08-17,55,
100928,1,M0016,3152,2026-08-17,286,zone_250g
100928,1,M0016,3152,2026-08-17,372,
100928,1,M0016,3152,2026-08-17,58,
100928,1,M0016,3152,2026-08-17,380,
100928,1,M0016,3152,2026-08-17,128,
100928,1,M0016,3152,2026-08-17,158,
100928,1,M0016,3152,2026-08-17,45,
100928,1,M0016,3152,2026-08-17,657,
100928,1,M0016,3152,2026-08-17,385,
100928,1,M0016,3152,2026-08-17,40,
100928,1,M0016,3152,2026-08-17,1037,zone_1000g
100928,1,M0016,3152,2026-08-17,49,
100928,1,M0016,3152,2026-08-17,45,
100928,1,M0016,3152,2026-08-17,490,
100928,1,M0016,3152,2026-08-17,87,
100928,1,M0016,3152,2026-08-18,310,
100928,1,M0016,3152,2026-08-18,99,
100928,1,M0016,3152,2026-08-18,158,
100928,1,M0016,3152,2026-08-18,344,
100928,1,M0016,3152,2026-08-18,643,
100928,1,M0016,3152,2026-08-18,31,
100928,1,M0016,3152,2026-08-19,209,
100928,1,M0016,3152,2026-08-19,662,
100928,1,M0016,3152,2026-08-19,37,
100928,1,M0016,3152,2026-08-19,36,
100928,1,M0016,3152,2026-08-19,348,
100928,1,M0016,3152,2026-08-19,49,
100928,1,M0016,3152,2026-08-19,282,zone_250g
100928,1,M0016,3152,2026-08-19,164,
100928,1,M0016,3152,2026-08-20,172,
100928,1,M0016,3152,2026-08-20,302,
100928,1,M0016,3152,2026-08-20,282,zone_250g
100928,1,M0016,3152,2026-08-20,142,
100928,1,M0016,3152,2026-08-20,46,
100928,1,M0016,3152,2026-08-20,48,
100928,1,M0016,3152,2026-08-20,56,
100928,1,M0016,3152,2026-08-20,690,over_zone_650g
100928,1,M0016,3152,2026-08-20,913,over_zone_650g
100928,1,M0016,3152,2026-08-20,58,
100928,1,M0017,3153,2026-08-12,250,
100928,1,M0017,3153,2026-08-12,98,
100928,1,M0017,3153,2026-08-12,1005,zone_1000g
100928,1,M0017,3153,2026-08-12,147,
100928,1,M0017,3153,2026-08-12,686,zone_650g
100928,1,M0017,3153,2026-08-12,227,
100928,1,M0017,3153,2026-08-12,37,
100928,1,M0017,3153,2026-08-12,167,
100928,1,M0017,3153,2026-08-12,283,zone_250g
100928,1,M0017,3153,2026-08-12,185,zone_150g
100928,1,M0017,3153,2026-08-12,116,
100928,1,M0017,3153,2026-08-12,181,zone_150g
100928,1,M0017,3153,2026-08-12,714,over_zone_650g
100928,1,M0017,3153,2026-08-12,1039,zone_1000g
100928,1,M0017,3153,2026-08-12,74,
100928,1,M0017,3153,2026-08-12,136,
100928,1,M0017,3153,2026-08-12,349,
100928,1,M0017,3153,2026-08-12,150,
100928,1,M0017,3153,2026-08-13,650,
100928,1,M0017,3153,2026-08-13,167,
100928,1,M0017,3153,2026-08-13,81,
100928,1,M0017,3153,2026-08-13,366,
100928,1,M0017,3153,2026-08-13,680,
100928,1,M0017,3153,2026-08-13,687,zone_650g
100928,1,M0017,3153,2026-08-13,242,
100928,1,M0017,3153,2026-08-13,313,
100928,1,M0017,3153,2026-08-13,40,
100928,1,M0017,3153,2026-08-13,705,over_zone_650g
100928,1,M0017,3153,2026-08-13,144,
100928,1,M0017,3153,2026-08-13,195,
100928,1,M0017,3153,2026-08-13,159,
100928,1,M0017,3153,2026-08-13,132,
100928,1,M0017,3153,2026-08-13,37,
100928,1,M0017,3153,2026-08-13,41,
100928,1,M0017,3153,2026-08-13,207,
100928,1,M0017,3153,2026-08-13,163,
100928,1,M0017,3153,2026-08-14,228,
100928,1,M0017,3153,2026-08-14,41,
100928,1,M0017,3153,2026-08-14,134,
100928,1,M0017,3153,2026-08-14,138,
100928,1,M0017,3153,2026-08-14,377,
100928,1,M0017,3153,2026-08-14,154,
100928,1,M0017,3153,2026-08-14,946,over_zone_650g
100928,1,M0017,3153,2026-08-14,1035,zone_1000g
100928,1,M0017,3153,2026-08-14,158,
100928,1,M0017,3153,2026-08-14,664,
100928,1,M0017,3153,2026-08-14,39,
100928,1,M0017,3153,2026-08-14,683,zone_650g
100928,1,M0017,3153,2026-08-14,183,zone_150g
100928,1,M0017,3153,2026-08-15,292,
100928,1,M0017,3153,2026-08-15,792,over_zone_650g
100928,1,M0017,3153,2026-08-15,320,
100928,1,M0017,3153,2026-08-15,256,
100928,1,M0017,3153,2026-08-15,281,zone_250g
100928,1,M0017,3153,2026-08-15,55,
100928,1,M0017,3153,2026-08-15,36,
100928,1,M0017,3153,2026-08-15,411,
100928,1,M0017,3153,2026-08-15,47,
100928,1,M0017,3153,2026-08-15,663,
100928,1,M0017,3153,2026-08-15,404,
100928,1,M0017,3153,2026-08-15,875,over_zone_650g
100928,1,M0017,3153,2026-08-15,47,
100928,1,M0017,3153,2026-08-15,357,
100928,1,M0017,3153,2026-08-15,337,
100928,1,M0017,3153,2026-08-15,530,
100928,1,M0017,3153,2026-08-15,1031,zone_1000g
100928,1,M0017,3153,2026-08-15,37,
100928,1,M0017,3153,2026-08-15,54,
100928,1,M0017,3153,2026-08-15,128,
100928,1,M0017,3153,2026-08-15,129,
100928,1,M0017,3153,2026-08-16,274,
100928,1,M0017,3153,2026-08-16,271,
100928,1,M0017,3153,2026-08-16,69,
100928,1,M0017,3153,2026-08-16,281,zone_250g
100928,1,M0017,3153,2026-08-16,637,
100928,1,M0017,3153,2026-08-16,547,
100928,1,M0017,3153,2026-08-16,540,
100928,1,M0017,3153,2026-08-16,114,
100928,1,M0017,3153,2026-08-16,152,
100928,1,M0017,3153,2026-08-16,625,
100928,1,M0017,3153,2026-08-16,704,over_zone_650g
100928,1,M0017,3153,2026-08-16,689,zone_650g
100928,1,M0017,3153,2026-08-16,165,
100928,1,M0017,3153,2026-08-16,285,zone_250g
100928,1,M0017,3153,2026-08-16,485,zone_450g
100928,1,M0017,3153,2026-08-16,336,
100928,1,M0017,3153,2026-08-17,647,
100928,1,M0017,3153,2026-08-17,258,
100928,1,M0017,3153,2026-08-17,166,
100928,1,M0017,3153,2026-08-17,38,
100928,1,M0017,3153,2026-08-17,719,over_zone_650g
100928,1,M0017,3153,2026-08-17,43,
100928,1,M0017,3153,2026-08-17,482,zone_450g
100928,1,M0017,3153,2026-08-17,61,
100928,1,M0017,3153,2026-08-17,402,
100928,1,M0017,3153,2026-08-18,289,zone_250g
100928,1,M0017,3153,2026-08-18,356,
100928,1,M0017,3153,2026-08-18,38,
100928,1,M0017,3153,2026-08-18,594,
100928,1,M0017,3153,2026-08-18,48,
100928,1,M0017,3153,2026-08-18,285,zone_250g
100928,1,M0017,3153,2026-08-19,345,
100928,1,M0017,3153,2026-08-19,41,
100928,1,M0017,3153,2026-08-19,431,
100928,1,M0017,3153,2026-08-19,253,
100928,1,M0017,3153,2026-08-19,50,
100928,1,M0017,3153,2026-08-19,375,
100928,1,M0017,3153,2026-08-19,47,
100928,1,M0017,3153,2026-08-19,375,
100928,1,M0017,3153,2026-08-19,38,
100928,1,M0017,3153,2026-08-19,38,
100928,1,M0017,3153,2026-08-20,309,
100928,1,M0017,3153,2026-08-20,1038,zone_1000g
100928,1,M0017,3153,2026-08-20,552,
100928,1,M0017,3153,2026-08-20,284,zone_250g
100928,1,M0017,3153,2026-08-20,51,
100928,1,M0017,3153,2026-08-20,36,
100928,1,M0017,3153,2026-08-20,607,
100928,1,M0017,3153,2026-08-20,48,
100928,1,M0018,3154,2026-08-12,190,
100928,1,M0018,3154,2026-08-12,326,
100928,1,M0018,3154,2026-08-12,152,
100928,1,M0018,3154,2026-08-12,565,
100928,1,M0018,3154,2026-08-12,50,
100928,1,M0018,3154,2026-08-12,88,
100928,1,M0018,3154,2026-08-12,50,
100928,1,M0018,3154,2026-08-12,286,zone_250g
100928,1,M0018,3154,2026-08-12,274,
100928,1,M0018,3154,2026-08-12,64,
100928,1,M0018,3154,2026-08-12,201,
100928,1,M0018,3154,2026-08-12,556,
100928,1,M0018,3154,2026-08-12,236,
100928,1,M0018,3154,2026-08-12,444,
100928,1,M0018,3154,2026-08-12,234,
100928,1,M0018,3154,2026-08-12,553,
100928,1,M0018,3154,2026-08-12,174,
100928,1,M0018,3154,2026-08-12,526,
100928,1,M0018,3154,2026-08-12,284,zone_250g
100928,1,M0018,3154,2026-08-12,140,
100928,1,M0018,3154,2026-08-13,271,
100928,1,M0018,3154,2026-08-13,49,
100928,1,M0018,3154,2026-08-13,136,
100928,1,M0018,3154,2026-08-13,162,
100928,1,M0018,3154,2026-08-13,834,over_zone_650g
100928,1,M0018,3154,2026-08-13,51,
100928,1,M0018,3154,2026-08-13,185,zone_150g
100928,1,M0018,3154,2026-08-13,105,
100928,1,M0018,3154,2026-08-13,746,over_zone_650g
100928,1,M0018,3154,2026-08-13,34,
100928,1,M0018,3154,2026-08-13,151,
100928,1,M0018,3154,2026-08-13,449,
100928,1,M0018,3154,2026-08-13,653,
100928,1,M0018,3154,2026-08-13,256,
100928,1,M0018,3154,2026-08-13,568,
100928,1,M0018,3154,2026-08-13,136,
100928,1,M0018,3154,2026-08-13,638,
100928,1,M0018,3154,2026-08-13,484,zone_450g
100928,1,M0018,3154,2026-08-13,139,
100928,1,M0018,3154,2026-08-13,166,
100928,1,M0018,3154,2026-08-14,231,
100928,1,M0018,3154,2026-08-14,231,
100928,1,M0018,3154,2026-08-14,1035,zone_1000g
100928,1,M0018,3154,2026-08-14,144,
100928,1,M0018,3154,2026-08-14,39,
100928,1,M0018,3154,2026-08-14,51,
100928,1,M0018,3154,2026-08-14,257,
100928,1,M0018,3154,2026-08-14,162,
100928,1,M0018,3154,2026-08-14,37,
100928,1,M0018,3154,2026-08-14,41,
100928,1,M0018,3154,2026-08-14,143,
100928,1,M0018,3154,2026-08-14,36,
100928,1,M0018,3154,2026-08-14,149,
100928,1,M0018,3154,2026-08-14,142,
100928,1,M0018,3154,2026-08-14,47,
100928,1,M0018,3154,2026-08-14,683,zone_650g
100928,1,M0018,3154,2026-08-14,473,
100928,1,M0018,3154,2026-08-14,415,
100928,1,M0018,3154,2026-08-14,144,
100928,1,M0018,3154,2026-08-14,43,
100928,1,M0018,3154,2026-08-15,150,
100928,1,M0018,3154,2026-08-15,97,
100928,1,M0018,3154,2026-08-15,291,
100928,1,M0018,3154,2026-08-15,279,
100928,1,M0018,3154,2026-08-15,48,
100928,1,M0018,3154,2026-08-15,455,
100928,1,M0018,3154,2026-08-15,376,
100928,1,M0018,3154,2026-08-15,37,
100928,1,M0018,3154,2026-08-15,1041,zone_1000g
100928,1,M0018,3154,2026-08-15,50,
100928,1,M0018,3154,2026-08-15,355,
100928,1,M0018,3154,2026-08-15,32,
100928,1,M0018,3154,2026-08-15,286,zone_250g
100928,1,M0018,3154,2026-08-15,328,
100928,1,M0018,3154,2026-08-15,187,zone_150g
100928,1,M0018,3154,2026-08-15,182,zone_150g
100928,1,M0018,3154,2026-08-15,1038,zone_1000g
100928,1,M0018,3154,2026-08-15,38,
100928,1,M0018,3154,2026-08-15,164,
100928,1,M0018,3154,2026-08-15,47,
100928,1,M0018,3154,2026-08-15,1037,zone_1000g
100928,1,M0018,3154,2026-08-15,161,
100928,1,M0018,3154,2026-08-16,121,
100928,1,M0018,3154,2026-08-16,51,
100928,1,M0018,3154,2026-08-16,365,
100928,1,M0018,3154,2026-08-16,684,zone_650g
100928,1,M0018,3154,2026-08-16,223,
100928,1,M0018,3154,2026-08-16,676,
100928,1,M0018,3154,2026-08-16,358,
100928,1,M0018,3154,2026-08-16,301,
100928,1,M0018,3154,2026-08-16,40,
100928,1,M0018,3154,2026-08-16,95,
100928,1,M0018,3154,2026-08-16,280,
100928,1,M0018,3154,2026-08-16,346,
100928,1,M0018,3154,2026-08-16,177,
100928,1,M0018,3154,2026-08-16,281,zone_250g
100928,1,M0018,3154,2026-08-16,536,
100928,1,M0018,3154,2026-08-16,48,
100928,1,M0018,3154,2026-08-16,417,
100928,1,M0018,3154,2026-08-16,185,zone_150g
100928,1,M0018,3154,2026-08-16,105,
100928,1,M0018,3154,2026-08-16,110,
100928,1,M0018,3154,2026-08-16,180,
100928,1,M0018,3154,2026-08-16,296,
100928,1,M0018,3154,2026-08-16,48,
100928,1,M0018,3154,2026-08-17,124,
100928,1,M0018,3154,2026-08-17,205,
100928,1,M0018,3154,2026-08-17,296,
100928,1,M0018,3154,2026-08-17,37,
100928,1,M0018,3154,2026-08-17,166,
100928,1,M0018,3154,2026-08-17,45,
100928,1,M0018,3154,2026-08-17,185,zone_150g
100928,1,M0018,3154,2026-08-17,67,
100928,1,M0018,3154,2026-08-17,367,
100928,1,M0018,3154,2026-08-17,637,
100928,1,M0018,3154,2026-08-17,554,
100928,1,M0018,3154,2026-08-17,93,
100928,1,M0018,3154,2026-08-17,157,
100928,1,M0018,3154,2026-08-17,540,
100928,1,M0018,3154,2026-08-17,48,
100928,1,M0018,3154,2026-08-17,283,zone_250g
100928,1,M0018,3154,2026-08-17,349,
100928,1,M0018,3154,2026-08-17,187,zone_150g
100928,1,M0018,3154,2026-08-17,562,
100928,1,M0018,3154,2026-08-17,136,
100928,1,M0018,3154,2026-08-17,157,
100928,1,M0018,3154,2026-08-17,64,
100928,1,M0018,3154,2026-08-17,335,
100928,1,M0018,3154,2026-08-17,43,
100928,1,M0018,3154,2026-08-18,627,
100928,1,M0018,3154,2026-08-18,55,
100928,1,M0018,3154,2026-08-19,264,
100928,1,M0018,3154,2026-08-19,133,
100928,1,M0018,3154,2026-08-19,193,
100928,1,M0018,3154,2026-08-19,351,
100928,1,M0018,3154,2026-08-19,32,
100928,1,M0018,3154,2026-08-19,143,
100928,1,M0018,3154,2026-08-19,141,
100928,1,M0018,3154,2026-08-19,287,zone_250g
100928,1,M0018,3154,2026-08-19,244,
100928,1,M0018,3154,2026-08-19,352,
100928,1,M0018,3154,2026-08-19,583,
100928,1,M0018,3154,2026-08-19,588,
100928,1,M0018,3154,2026-08-19,608,
100928,1,M0018,3154,2026-08-20,238,
100928,1,M0018,3154,2026-08-20,107,
100928,1,M0018,3154,2026-08-20,440,
100928,1,M0018,3154,2026-08-20,48,
100928,1,M0018,3154,2026-08-20,687,zone_650g
100928,1,M0018,3154,2026-08-20,607,
100928,1,M0018,3154,2026-08-20,677,
100928,1,M0019,3155,2026-08-12,86,
100928,1,M0019,3155,2026-08-12,552,
100928,1,M0019,3155,2026-08-12,285,zone_250g
100928,1,M0019,3155,2026-08-12,387,
100928,1,M0019,3155,2026-08-12,185,zone_150g
100928,1,M0019,3155,2026-08-12,580,
100928,1,M0019,3155,2026-08-12,117,
100928,1,M0019,3155,2026-08-12,347,
100928,1,M0019,3155,2026-08-12,486,zone_450g
100928,1,M0019,3155,2026-08-12,376,
100928,1,M0019,3155,2026-08-12,35,
100928,1,M0019,3155,2026-08-13,668,
100928,1,M0019,3155,2026-08-13,381,
100928,1,M0019,3155,2026-08-13,142,
100928,1,M0019,3155,2026-08-13,51,
100928,1,M0019,3155,2026-08-13,250,
100928,1,M0019,3155,2026-08-13,49,
100928,1,M0019,3155,2026-08-13,42,
100928,1,M0019,3155,2026-08-13,41,
100928,1,M0019,3155,2026-08-13,157,
100928,1,M0019,3155,2026-08-13,52,
100928,1,M0019,3155,2026-08-13,141,
100928,1,M0019,3155,2026-08-13,150,
100928,1,M0019,3155,2026-08-13,32,
100928,1,M0019,3155,2026-08-13,692,over_zone_650g
100928,1,M0019,3155,2026-08-13,166,
100928,1,M0019,3155,2026-08-13,1034,zone_1000g
100928,1,M0019,3155,2026-08-13,702,over_zone_650g
100928,1,M0019,3155,2026-08-13,264,
100928,1,M0019,3155,2026-08-13,566,
100928,1,M0019,3155,2026-08-14,256,
100928,1,M0019,3155,2026-08-14,151,
100928,1,M0019,3155,2026-08-14,43,
100928,1,M0019,3155,2026-08-14,358,
100928,1,M0019,3155,2026-08-14,439,
100928,1,M0019,3155,2026-08-14,359,
100928,1,M0019,3155,2026-08-14,35,
100928,1,M0019,3155,2026-08-14,331,
100928,1,M0019,3155,2026-08-14,50,
100928,1,M0019,3155,2026-08-14,189,zone_150g
100928,1,M0019,3155,2026-08-14,154,
100928,1,M0019,3155,2026-08-14,686,zone_650g
100928,1,M0019,3155,2026-08-14,556,
100928,1,M0019,3155,2026-08-14,152,
100928,1,M0019,3155,2026-08-14,550,
100928,1,M0019,3155,2026-08-14,30,
100928,1,M0019,3155,2026-08-14,164,
100928,1,M0019,3155,2026-08-14,244,
100928,1,M0019,3155,2026-08-14,291,
100928,1,M0019,3155,2026-08-14,160,
100928,1,M0019,3155,2026-08-14,764,over_zone_650g
100928,1,M0019,3155,2026-08-14,183,zone_150g
100928,1,M0019,3155,2026-08-14,683,zone_650g
100928,1,M0019,3155,2026-08-15,120,
100928,1,M0019,3155,2026-08-15,31,
100928,1,M0019,3155,2026-08-15,53,
100928,1,M0019,3155,2026-08-15,165,
100928,1,M0019,3155,2026-08-15,49,
100928,1,M0019,3155,2026-08-15,144,
100928,1,M0019,3155,2026-08-15,342,
100928,1,M0019,3155,2026-08-15,752,over_zone_650g
100928,1,M0019,3155,2026-08-15,287,zone_250g
100928,1,M0019,3155,2026-08-15,163,
100928,1,M0019,3155,2026-08-15,225,
100928,1,M0019,3155,2026-08-15,167,
100928,1,M0019,3155,2026-08-15,34,
100928,1,M0019,3155,2026-08-15,1031,zone_1000g
100928,1,M0019,3155,2026-08-15,47,
100928,1,M0019,3155,2026-08-15,156,
100928,1,M0019,3155,2026-08-15,207,
100928,1,M0019,3155,2026-08-15,679,
100928,1,M0019,3155,2026-08-15,257,
100928,1,M0019,3155,2026-08-15,214,
100928,1,M0019,3155,2026-08-15,139,
100928,1,M0019,3155,2026-08-15,759,over_zone_650g
100928,1,M0019,3155,2026-08-15,281,zone_250g
100928,1,M0019,3155,2026-08-15,60,
100928,1,M0019,3155,2026-08-15,36,
100928,1,M0019,3155,2026-08-16,400,
100928,1,M0019,3155,2026-08-16,266,
100928,1,M0019,3155,2026-08-16,283,zone_250g
100928,1,M0019,3155,2026-08-16,262,
100928,1,M0019,3155,2026-08-16,682,zone_650g
100928,1,M0019,3155,2026-08-16,413,
100928,1,M0019,3155,2026-08-16,377,
100928,1,M0019,3155,2026-08-16,358,
100928,1,M0019,3155,2026-08-16,67,
100928,1,M0019,3155,2026-08-16,150,
100928,1,M0019,3155,2026-08-16,1039,zone_1000g
100928,1,M0019,3155,2026-08-16,681,zone_650g
100928,1,M0019,3155,2026-08-16,50,
100928,1,M0019,3155,2026-08-16,336,
100928,1,M0019,3155,2026-08-17,159,
100928,1,M0019,3155,2026-08-17,352,
100928,1,M0019,3155,2026-08-17,827,over_zone_650g
100928,1,M0019,3155,2026-08-17,841,over_zone_650g
100928,1,M0019,3155,2026-08-17,54,
100928,1,M0019,3155,2026-08-17,131,
100928,1,M0019,3155,2026-08-18,337,
100928,1,M0019,3155,2026-08-18,45,
100928,1,M0019,3155,2026-08-18,40,
100928,1,M0019,3155,2026-08-18,160,
100928,1,M0019,3155,2026-08-18,36,
100928,1,M0019,3155,2026-08-18,183,zone_150g
100928,1,M0019,3155,2026-08-18,41,
100928,1,M0019,3155,2026-08-18,49,
100928,1,M0019,3155,2026-08-19,300,
100928,1,M0019,3155,2026-08-19,455,
100928,1,M0019,3155,2026-08-19,199,
100928,1,M0019,3155,2026-08-19,581,
100928,1,M0019,3155,2026-08-20,236,
100928,1,M0019,3155,2026-08-20,152,
100928,1,M0019,3155,2026-08-20,299,
100928,1,M0019,3155,2026-08-20,140,
100928,1,M0019,3155,2026-08-20,42,
100928,1,M0019,3155,2026-08-20,1041,zone_1000g
100928,1,M0019,3155,2026-08-20,514,
100928,1,M0019,3155,2026-08-20,350,
100928,1,M0019,3155,2026-08-20,749,over_zone_650g
100928,1,M0019,3155,2026-08-20,156,
100928,1,M0019,3155,2026-08-20,946,over_zone_650g
100928,1,M0019,3155,2026-08-20,284,zone_250g
100928,1,M0019,3155,2026-08-20,772,over_zone_650g
100928,1,M0019,3155,2026-08-20,50,
100928,1,M0019,3155,2026-08-20,36,
100928,1,M0019,3155,2026-08-20,40,
100928,1,M0019,3155,2026-08-20,287,zone_250g
100928,1,M0019,3155,2026-08-20,184,zone_150g
100928,1,M0019,3155,2026-08-20,71,
100928,1,M0019,3155,2026-08-20,162,
100928,1,M0019,3155,2026-08-20,185,zone_150g
100928,1,M0020,3156,2026-08-12,668,
100928,1,M0020,3156,2026-08-12,37,
100928,1,M0020,3156,2026-08-12,36,
100928,1,M0020,3156,2026-08-12,43,
100928,1,M0020,3156,2026-08-12,174,
100928,1,M0020,3156,2026-08-12,342,
100928,1,M0020,3156,2026-08-12,623,
100928,1,M0020,3156,2026-08-12,52,
100928,1,M0020,3156,2026-08-12,153,
100928,1,M0020,3156,2026-08-12,681,zone_650g
100928,1,M0020,3156,2026-08-12,493,
100928,1,M0020,3156,2026-08-12,51,
100928,1,M0020,3156,2026-08-12,282,zone_250g
100928,1,M0020,3156,2026-08-12,195,
100928,1,M0020,3156,2026-08-12,366,
100928,1,M0020,3156,2026-08-12,680,
100928,1,M0020,3156,2026-08-13,321,
100928,1,M0020,3156,2026-08-13,145,
100928,1,M0020,3156,2026-08-13,384,
100928,1,M0020,3156,2026-08-13,143,
100928,1,M0020,3156,2026-08-13,615,
100928,1,M0020,3156,2026-08-13,954,over_zone_650g
100928,1,M0020,3156,2026-08-13,42,
100928,1,M0020,3156,2026-08-13,141,
100928,1,M0020,3156,2026-08-13,150,
100928,1,M0020,3156,2026-08-13,32,
100928,1,M0020,3156,2026-08-13,53,
100928,1,M0020,3156,2026-08-13,1035,zone_1000g
100928,1,M0020,3156,2026-08-13,533,
100928,1,M0020,3156,2026-08-14,666,
100928,1,M0020,3156,2026-08-14,341,
100928,1,M0020,3156,2026-08-14,141,
100928,1,M0020,3156,2026-08-14,555,
100928,1,M0020,3156,2026-08-14,685,zone_650g
100928,1,M0020,3156,2026-08-14,553,
100928,1,M0020,3156,2026-08-14,128,
100928,1,M0020,3156,2026-08-14,142,
100928,1,M0020,3156,2026-08-14,49,
100928,1,M0020,3156,2026-08-14,48,
100928,1,M0020,3156,2026-08-14,47,
100928,1,M0020,3156,2026-08-14,171,
100928,1,M0020,3156,2026-08-14,48,
100928,1,M0020,3156,2026-08-14,640,
100928,1,M0020,3156,2026-08-14,308,
100928,1,M0020,3156,2026-08-14,382,
100928,1,M0020,3156,2026-08-14,118,
100928,1,M0020,3156,2026-08-14,70,
100928,1,M0020,3156,2026-08-14,153,
100928,1,M0020,3156,2026-08-14,1034,zone_1000g
100928,1,M0020,3156,2026-08-14,190,
100928,1,M0020,3156,2026-08-14,684,zone_650g
100928,1,M0020,3156,2026-08-15,293,
100928,1,M0020,3156,2026-08-15,255,
100928,1,M0020,3156,2026-08-15,340,
100928,1,M0020,3156,2026-08-15,523,
100928,1,M0020,3156,2026-08-15,287,zone_250g
100928,1,M0020,3156,2026-08-15,49,
100928,1,M0020,3156,2026-08-15,147,
100928,1,M0020,3156,2026-08-15,147,
100928,1,M0020,3156,2026-08-15,153,
100928,1,M0020,3156,2026-08-15,287,zone_250g
100928,1,M0020,3156,2026-08-15,168,
100928,1,M0020,3156,2026-08-15,218,
100928,1,M0020,3156,2026-08-15,251,
100928,1,M0020,3156,2026-08-15,133,
100928,1,M0020,3156,2026-08-15,39,
100928,1,M0020,3156,2026-08-15,310,
100928,1,M0020,3156,2026-08-15,82,
100928,1,M0020,3156,2026-08-15,36,
100928,1,M0020,3156,2026-08-15,37,
100928,1,M0020,3156,2026-08-15,61,
100928,1,M0020,3156,2026-08-15,682,zone_650g
100928,1,M0020,3156,2026-08-15,1036,zone_1000g
100928,1,M0020,3156,2026-08-15,47,
100928,1,M0020,3156,2026-08-15,38,
100928,1,M0020,3156,2026-08-15,51,
100928,1,M0020,3156,2026-08-15,38,
100928,1,M0020,3156,2026-08-16,250,
100928,1,M0020,3156,2026-08-16,143,
100928,1,M0020,3156,2026-08-16,286,zone_250g
100928,1,M0020,3156,2026-08-16,193,
100928,1,M0020,3156,2026-08-16,244,
100928,1,M0020,3156,2026-08-16,1038,zone_1000g
100928,1,M0020,3156,2026-08-16,283,zone_250g
100928,1,M0020,3156,2026-08-16,339,
100928,1,M0020,3156,2026-08-16,375,
100928,1,M0020,3156,2026-08-16,213,
100928,1,M0020,3156,2026-08-16,528,
100928,1,M0020,3156,2026-08-16,694,over_zone_650g
100928,1,M0020,3156,2026-08-16,288,zone_250g
100928,1,M0020,3156,2026-08-16,1034,zone_1000g
100928,1,M0020,3156,2026-08-16,336,
100928,1,M0020,3156,2026-08-16,111,
100928,1,M0020,3156,2026-08-16,324,
100928,1,M0020,3156,2026-08-17,640,
100928,1,M0020,3156,2026-08-17,279,
100928,1,M0020,3156,2026-08-17,68,
100928,1,M0020,3156,2026-08-17,100,
100928,1,M0020,3156,2026-08-17,559,
100928,1,M0020,3156,2026-08-17,688,zone_650g
100928,1,M0020,3156,2026-08-17,95,
100928,1,M0020,3156,2026-08-17,1036,zone_1000g
100928,1,M0020,3156,2026-08-18,643,
100928,1,M0020,3156,2026-08-18,378,
100928,1,M0020,3156,2026-08-18,345,
100928,1,M0020,3156,2026-08-18,195,
100928,1,M0020,3156,2026-08-19,667,
100928,1,M0020,3156,2026-08-19,284,zone_250g
100928,1,M0020,3156,2026-08-19,168,
100928,1,M0020,3156,2026-08-19,46,
100928,1,M0020,3156,2026-08-19,230,
100928,1,M0020,3156,2026-08-19,433,
100928,1,M0020,3156,2026-08-20,520,
100928,1,M0020,3156,2026-08-20,166,
100928,1,M0020,3156,2026-08-20,238,
100928,1,M0020,3156,2026-08-20,310,
100928,1,M0020,3156,2026-08-20,703,over_zone_650g
100928,1,M0020,3156,2026-08-20,54,
100928,1,M0020,3156,2026-08-20,851,over_zone_650g
100928,1,M0021,3157,2026-08-12,106,
100928,1,M0021,3157,2026-08-12,698,over_zone_650g
100928,1,M0021,3157,2026-08-12,283,zone_250g
100928,1,M0021,3157,2026-08-12,295,
100928,1,M0021,3157,2026-08-12,342,
100928,1,M0021,3157,2026-08-12,392,
100928,1,M0021,3157,2026-08-12,85,
100928,1,M0021,3157,2026-08-12,717,over_zone_650g
100928,1,M0021,3157,2026-08-13,400,
100928,1,M0021,3157,2026-08-13,288,zone_250g
100928,1,M0021,3157,2026-08-13,284,zone_250g
100928,1,M0021,3157,2026-08-13,355,
100928,1,M0021,3157,2026-08-13,50,
100928,1,M0021,3157,2026-08-13,517,
100928,1,M0021,3157,2026-08-13,137,
100928,1,M0021,3157,2026-08-13,280,
100928,1,M0021,3157,2026-08-13,337,
100928,1,M0021,3157,2026-08-13,729,over_zone_650g
100928,1,M0021,3157,2026-08-13,134,
100928,1,M0021,3157,2026-08-13,543,
100928,1,M0021,3157,2026-08-13,426,
100928,1,M0021,3157,2026-08-13,255,
100928,1,M0021,3157,2026-08-13,51,
100928,1,M0021,3157,2026-08-13,60,
100928,1,M0021,3157,2026-08-13,250,
100928,1,M0021,3157,2026-08-14,256,
100928,1,M0021,3157,2026-08-14,286,zone_250g
100928,1,M0021,3157,2026-08-14,287,zone_250g
100928,1,M0021,3157,2026-08-14,147,
100928,1,M0021,3157,2026-08-14,87,
100928,1,M0021,3157,2026-08-14,670,
100928,1,M0021,3157,2026-08-14,437,
100928,1,M0021,3157,2026-08-14,184,zone_150g
100928,1,M0021,3157,2026-08-14,146,
100928,1,M0021,3157,2026-08-14,28,
100928,1,M0021,3157,2026-08-14,48,
100928,1,M0021,3157,2026-08-14,188,zone_150g
100928,1,M0021,3157,2026-08-14,38,
100928,1,M0021,3157,2026-08-14,40,
100928,1,M0021,3157,2026-08-14,750,over_zone_650g
100928,1,M0021,3157,2026-08-14,1034,zone_1000g
100928,1,M0021,3157,2026-08-14,41,
100928,1,M0021,3157,2026-08-14,347,
100928,1,M0021,3157,2026-08-14,185,zone_150g
100928,1,M0021,3157,2026-08-15,289,zone_250g
100928,1,M0021,3157,2026-08-15,660,
100928,1,M0021,3157,2026-08-15,322,
100928,1,M0021,3157,2026-08-15,472,
100928,1,M0021,3157,2026-08-15,546,
100928,1,M0021,3157,2026-08-15,49,
100928,1,M0021,3157,2026-08-15,543,
100928,1,M0021,3157,2026-08-15,353,
100928,1,M0021,3157,2026-08-15,297,
100928,1,M0021,3157,2026-08-15,51,
100928,1,M0021,3157,2026-08-15,306,
100928,1,M0021,3157,2026-08-15,264,
100928,1,M0021,3157,2026-08-15,451,
100928,1,M0021,3157,2026-08-15,342,
100928,1,M0021,3157,2026-08-15,51,
100928,1,M0021,3157,2026-08-15,688,zone_650g
100928,1,M0021,3157,2026-08-16,110,
100928,1,M0021,3157,2026-08-16,260,
100928,1,M0021,3157,2026-08-16,49,
100928,1,M0021,3157,2026-08-16,594,
100928,1,M0021,3157,2026-08-16,683,zone_650g
100928,1,M0021,3157,2026-08-16,283,zone_250g
100928,1,M0021,3157,2026-08-16,269,
100928,1,M0021,3157,2026-08-16,64,
100928,1,M0021,3157,2026-08-16,636,
100928,1,M0021,3157,2026-08-16,254,
100928,1,M0021,3157,2026-08-16,180,
100928,1,M0021,3157,2026-08-16,40,
100928,1,M0021,3157,2026-08-16,549,
100928,1,M0021,3157,2026-08-16,624,
100928,1,M0021,3157,2026-08-16,36,
100928,1,M0021,3157,2026-08-16,126,
100928,1,M0021,3157,2026-08-16,1038,zone_1000g
100928,1,M0021,3157,2026-08-16,413,
100928,1,M0021,3157,2026-08-16,51,
100928,1,M0021,3157,2026-08-16,159,
100928,1,M0021,3157,2026-08-16,182,zone_150g
100928,1,M0021,3157,2026-08-16,42,
100928,1,M0021,3157,2026-08-17,139,
100928,1,M0021,3157,2026-08-17,244,
100928,1,M0021,3157,2026-08-17,141,
100928,1,M0021,3157,2026-08-17,88,
100928,1,M0021,3157,2026-08-17,355,
100928,1,M0021,3157,2026-08-17,551,
100928,1,M0021,3157,2026-08-17,692,over_zone_650g
100928,1,M0021,3157,2026-08-17,683,zone_650g
100928,1,M0021,3157,2026-08-17,142,
100928,1,M0021,3157,2026-08-17,534,
100928,1,M0021,3157,2026-08-17,39,
100928,1,M0021,3157,2026-08-17,370,
100928,1,M0021,3157,2026-08-17,266,
100928,1,M0021,3157,2026-08-17,290,
100928,1,M0021,3157,2026-08-17,287,zone_250g
100928,1,M0021,3157,2026-08-17,50,
100928,1,M0021,3157,2026-08-17,52,
100928,1,M0021,3157,2026-08-17,275,
100928,1,M0021,3157,2026-08-17,37,
100928,1,M0021,3157,2026-08-17,1039,zone_1000g
100928,1,M0021,3157,2026-08-17,355,
100928,1,M0021,3157,2026-08-17,48,
100928,1,M0021,3157,2026-08-18,662,
100928,1,M0021,3157,2026-08-18,81,
100928,1,M0021,3157,2026-08-18,289,zone_250g
100928,1,M0021,3157,2026-08-18,286,zone_250g
100928,1,M0021,3157,2026-08-18,41,
100928,1,M0021,3157,2026-08-18,537,
100928,1,M0021,3157,2026-08-18,279,
100928,1,M0021,3157,2026-08-19,108,
100928,1,M0021,3157,2026-08-19,48,
100928,1,M0021,3157,2026-08-19,289,zone_250g
100928,1,M0021,3157,2026-08-19,429,
100928,1,M0021,3157,2026-08-19,120,
100928,1,M0021,3157,2026-08-19,283,zone_250g
100928,1,M0021,3157,2026-08-19,281,zone_250g
100928,1,M0021,3157,2026-08-19,282,zone_250g
100928,1,M0021,3157,2026-08-19,157,
100928,1,M0021,3157,2026-08-19,166,
100928,1,M0021,3157,2026-08-19,540,
100928,1,M0021,3157,2026-08-19,269,
100928,1,M0021,3157,2026-08-19,104,
100928,1,M0021,3157,2026-08-19,56,
100928,1,M0021,3157,2026-08-19,963,over_zone_650g
100928,1,M0021,3157,2026-08-19,911,over_zone_650g
100928,1,M0021,3157,2026-08-19,47,
100928,1,M0021,3157,2026-08-20,671,
100928,1,M0021,3157,2026-08-20,345,
100928,1,M0021,3157,2026-08-20,255,
100928,1,M0021,3157,2026-08-20,525,
100928,1,M0021,3157,2026-08-20,134,
100928,1,M0021,3157,2026-08-20,284,zone_250g
100928,1,M0021,3157,2026-08-20,271,
100928,1,M0021,3157,2026-08-20,151,
100928,1,M0021,3157,2026-08-20,206,
100928,1,M0021,3157,2026-08-20,36,
100928,1,M0021,3157,2026-08-20,36,
100928,1,M0021,3157,2026-08-20,152,
100928,1,M0021,3157,2026-08-20,779,over_zone_650g
100928,1,M0021,3157,2026-08-20,48,
100928,1,M0021,3157,2026-08-20,712,over_zone_650g
100928,1,M0021,3157,2026-08-20,217,
100928,1,M0021,3157,2026-08-20,231,
100928,1,M0021,3157,2026-08-20,384,
100928,1,M0022,3158,2026-08-12,587,
100928,1,M0022,3158,2026-08-12,455,
100928,1,M0022,3158,2026-08-12,144,
100928,1,M0022,3158,2026-08-12,29,
100928,1,M0022,3158,2026-08-12,52,
100928,1,M0022,3158,2026-08-12,1034,zone_1000g
100928,1,M0022,3158,2026-08-12,141,
100928,1,M0022,3158,2026-08-12,245,
100928,1,M0022,3158,2026-08-12,283,zone_250g
100928,1,M0022,3158,2026-08-13,229,
100928,1,M0022,3158,2026-08-13,100,
100928,1,M0022,3158,2026-08-13,185,zone_150g
100928,1,M0022,3158,2026-08-13,1033,zone_1000g
100928,1,M0022,3158,2026-08-13,742,over_zone_650g
100928,1,M0022,3158,2026-08-13,32,
100928,1,M0022,3158,2026-08-13,749,over_zone_650g
100928,1,M0022,3158,2026-08-13,284,zone_250g
100928,1,M0022,3158,2026-08-13,354,
100928,1,M0022,3158,2026-08-13,165,
100928,1,M0022,3158,2026-08-13,1032,zone_1000g
100928,1,M0022,3158,2026-08-13,52,
100928,1,M0022,3158,2026-08-13,287,zone_250g
100928,1,M0022,3158,2026-08-13,55,
100928,1,M0022,3158,2026-08-13,950,over_zone_650g
100928,1,M0022,3158,2026-08-13,180,
100928,1,M0022,3158,2026-08-14,141,
100928,1,M0022,3158,2026-08-14,100,
100928,1,M0022,3158,2026-08-14,190,
100928,1,M0022,3158,2026-08-14,36,
100928,1,M0022,3158,2026-08-14,52,
100928,1,M0022,3158,2026-08-14,44,
100928,1,M0022,3158,2026-08-14,136,
100928,1,M0022,3158,2026-08-14,53,
100928,1,M0022,3158,2026-08-14,256,
100928,1,M0022,3158,2026-08-14,354,
100928,1,M0022,3158,2026-08-14,331,
100928,1,M0022,3158,2026-08-14,485,zone_450g
100928,1,M0022,3158,2026-08-14,681,zone_650g
100928,1,M0022,3158,2026-08-14,56,
100928,1,M0022,3158,2026-08-14,285,zone_250g
100928,1,M0022,3158,2026-08-14,115,
100928,1,M0022,3158,2026-08-14,463,
100928,1,M0022,3158,2026-08-14,346,
100928,1,M0022,3158,2026-08-14,81,
100928,1,M0022,3158,2026-08-14,555,
100928,1,M0022,3158,2026-08-14,155,
100928,1,M0022,3158,2026-08-14,146,
100928,1,M0022,3158,2026-08-14,551,
100928,1,M0022,3158,2026-08-14,436,
100928,1,M0022,3158,2026-08-15,133,
100928,1,M0022,3158,2026-08-15,40,
100928,1,M0022,3158,2026-08-15,100,
100928,1,M0022,3158,2026-08-15,645,
100928,1,M0022,3158,2026-08-15,178,
100928,1,M0022,3158,2026-08-15,48,
100928,1,M0022,3158,2026-08-15,140,
100928,1,M0022,3158,2026-08-15,64,
100928,1,M0022,3158,2026-08-15,438,
100928,1,M0022,3158,2026-08-15,92,
100928,1,M0022,3158,2026-08-15,273,
100928,1,M0022,3158,2026-08-15,460,
100928,1,M0022,3158,2026-08-15,127,
100928,1,M0022,3158,2026-08-15,284,zone_250g
100928,1,M0022,3158,2026-08-15,39,
100928,1,M0022,3158,2026-08-15,366,
100928,1,M0022,3158,2026-08-15,50,
100928,1,M0022,3158,2026-08-15,57,
100928,1,M0022,3158,2026-08-15,150,
100928,1,M0022,3158,2026-08-15,1040,zone_1000g
100928,1,M0022,3158,2026-08-15,379,
100928,1,M0022,3158,2026-08-15,563,
100928,1,M0022,3158,2026-08-15,424,
100928,1,M0022,3158,2026-08-16,107,
100928,1,M0022,3158,2026-08-16,164,
100928,1,M0022,3158,2026-08-16,677,
100928,1,M0022,3158,2026-08-16,1034,zone_1000g
100928,1,M0022,3158,2026-08-16,203,
100928,1,M0022,3158,2026-08-16,192,
100928,1,M0022,3158,2026-08-16,50,
100928,1,M0022,3158,2026-08-16,554,
100928,1,M0022,3158,2026-08-16,45,
100928,1,M0022,3158,2026-08-16,36,
100928,1,M0022,3158,2026-08-16,53,
100928,1,M0022,3158,2026-08-16,201,
100928,1,M0022,3158,2026-08-16,666,
100928,1,M0022,3158,2026-08-16,35,
100928,1,M0022,3158,2026-08-16,355,
100928,1,M0022,3158,2026-08-16,133,
100928,1,M0022,3158,2026-08-16,137,
100928,1,M0022,3158,2026-08-16,492,
100928,1,M0022,3158,2026-08-16,288,zone_250g
100928,1,M0022,3158,2026-08-16,181,zone_150g
100928,1,M0022,3158,2026-08-17,668,
100928,1,M0022,3158,2026-08-17,247,
100928,1,M0022,3158,2026-08-17,689,zone_650g
100928,1,M0022,3158,2026-08-17,337,
100928,1,M0022,3158,2026-08-17,281,zone_250g
100928,1,M0022,3158,2026-08-17,242,
100928,1,M0022,3158,2026-08-17,368,
100928,1,M0022,3158,2026-08-17,1036,zone_1000g
100928,1,M0022,3158,2026-08-17,37,
100928,1,M0022,3158,2026-08-18,117,
100928,1,M0022,3158,2026-08-18,233,
100928,1,M0022,3158,2026-08-18,504,
100928,1,M0022,3158,2026-08-19,233,
100928,1,M0022,3158,2026-08-19,127,
100928,1,M0022,3158,2026-08-19,205,
100928,1,M0022,3158,2026-08-19,392,
100928,1,M0022,3158,2026-08-19,52,
100928,1,M0022,3158,2026-08-19,1035,zone_1000g
100928,1,M0022,3158,2026-08-19,154,
100928,1,M0022,3158,2026-08-19,1034,zone_1000g
100928,1,M0022,3158,2026-08-19,58,
100928,1,M0022,3158,2026-08-19,279,
100928,1,M0022,3158,2026-08-20,517,
100928,1,M0022,3158,2026-08-20,143,
100928,1,M0022,3158,2026-08-20,96,
100928,1,M0022,3158,2026-08-20,686,zone_650g
100928,1,M0022,3158,2026-08-20,51,
100928,1,M0022,3158,2026-08-20,597,
100928,1,M0022,3158,2026-08-20,139,
100928,1,M0022,3158,2026-08-20,284,zone_250g
100928,1,M0022,3158,2026-08-20,144,
100928,1,M0022,3158,2026-08-20,741,over_zone_650g
100928,1,M0022,3158,2026-08-20,160,
100928,1,M0022,3158,2026-08-20,687,zone_650g
100928,1,M0022,3158,2026-08-20,283,zone_250g
100928,1,M0022,3158,2026-08-20,219,
100928,1,M0022,3158,2026-08-20,162,
100928,1,M0022,3158,2026-08-20,684,zone_650g
100928,1,M0022,3158,2026-08-20,195,
100928,1,M0023,3159,2026-08-12,160,
100928,1,M0023,3159,2026-08-12,452,
100928,1,M0023,3159,2026-08-12,1042,zone_1000g
100928,1,M0023,3159,2026-08-12,182,zone_150g
100928,1,M0023,3159,2026-08-12,174,
100928,1,M0023,3159,2026-08-12,690,over_zone_650g
100928,1,M0023,3159,2026-08-12,264,
100928,1,M0023,3159,2026-08-12,96,
100928,1,M0023,3159,2026-08-12,523,
100928,1,M0023,3159,2026-08-12,349,
100928,1,M0023,3159,2026-08-12,154,
100928,1,M0023,3159,2026-08-12,48,
100928,1,M0023,3159,2026-08-12,40,
100928,1,M0023,3159,2026-08-12,37,
100928,1,M0023,3159,2026-08-13,445,
100928,1,M0023,3159,2026-08-13,688,zone_650g
100928,1,M0023,3159,2026-08-13,390,
100928,1,M0023,3159,2026-08-13,29,
100928,1,M0023,3159,2026-08-13,63,
100928,1,M0023,3159,2026-08-13,297,
100928,1,M0023,3159,2026-08-13,267,
100928,1,M0023,3159,2026-08-13,172,
100928,1,M0023,3159,2026-08-13,284,zone_250g
100928,1,M0023,3159,2026-08-13,42,
100928,1,M0023,3159,2026-08-13,922,over_zone_650g
100928,1,M0023,3159,2026-08-13,331,
100928,1,M0023,3159,2026-08-13,622,
100928,1,M0023,3159,2026-08-13,151,
100928,1,M0023,3159,2026-08-13,27,
100928,1,M0023,3159,2026-08-13,272,
100928,1,M0023,3159,2026-08-13,283,zone_250g
100928,1,M0023,3159,2026-08-13,158,
100928,1,M0023,3159,2026-08-13,56,
100928,1,M0023,3159,2026-08-13,317,
100928,1,M0023,3159,2026-08-13,649,
100928,1,M0023,3159,2026-08-13,199,
100928,1,M0023,3159,2026-08-14,678,
100928,1,M0023,3159,2026-08-14,190,
100928,1,M0023,3159,2026-08-14,436,
100928,1,M0023,3159,2026-08-14,55,
100928,1,M0023,3159,2026-08-14,177,
100928,1,M0023,3159,2026-08-14,148,
100928,1,M0023,3159,2026-08-14,284,zone_250g
100928,1,M0023,3159,2026-08-14,37,
100928,1,M0023,3159,2026-08-14,285,zone_250g
100928,1,M0023,3159,2026-08-14,36,
100928,1,M0023,3159,2026-08-14,37,
100928,1,M0023,3159,2026-08-14,474,
100928,1,M0023,3159,2026-08-14,548,
100928,1,M0023,3159,2026-08-14,66,
100928,1,M0023,3159,2026-08-14,54,
100928,1,M0023,3159,2026-08-14,144,
100928,1,M0023,3159,2026-08-14,119,
100928,1,M0023,3159,2026-08-14,286,zone_250g
100928,1,M0023,3159,2026-08-14,560,
100928,1,M0023,3159,2026-08-14,37,
100928,1,M0023,3159,2026-08-14,951,over_zone_650g
100928,1,M0023,3159,2026-08-14,48,
100928,1,M0023,3159,2026-08-14,710,over_zone_650g
100928,1,M0023,3159,2026-08-15,246,
100928,1,M0023,3159,2026-08-15,144,
100928,1,M0023,3159,2026-08-15,38,
100928,1,M0023,3159,2026-08-15,50,
100928,1,M0023,3159,2026-08-15,38,
100928,1,M0023,3159,2026-08-15,205,
100928,1,M0023,3159,2026-08-15,457,
100928,1,M0023,3159,2026-08-15,759,over_zone_650g
100928,1,M0023,3159,2026-08-15,161,
100928,1,M0023,3159,2026-08-15,36,
100928,1,M0023,3159,2026-08-15,48,
100928,1,M0023,3159,2026-08-15,611,
100928,1,M0023,3159,2026-08-15,687,zone_650g
100928,1,M0023,3159,2026-08-15,144,
100928,1,M0023,3159,2026-08-15,457,
100928,1,M0023,3159,2026-08-15,524,
100928,1,M0023,3159,2026-08-15,457,
100928,1,M0023,3159,2026-08-15,63,
100928,1,M0023,3159,2026-08-15,690,over_zone_650g
100928,1,M0023,3159,2026-08-15,37,
100928,1,M0023,3159,2026-08-16,231,
100928,1,M0023,3159,2026-08-16,111,
100928,1,M0023,3159,2026-08-16,686,zone_650g
100928,1,M0023,3159,2026-08-16,283,zone_250g
100928,1,M0023,3159,2026-08-16,323,
100928,1,M0023,3159,2026-08-16,283,zone_250g
100928,1,M0023,3159,2026-08-16,550,
100928,1,M0023,3159,2026-08-16,205,
100928,1,M0023,3159,2026-08-16,358,
100928,1,M0023,3159,2026-08-16,42,
100928,1,M0023,3159,2026-08-16,37,
100928,1,M0023,3159,2026-08-16,235,
100928,1,M0023,3159,2026-08-16,640,
100928,1,M0023,3159,2026-08-16,284,zone_250g
100928,1,M0023,3159,2026-08-16,258,
100928,1,M0023,3159,2026-08-16,533,
100928,1,M0023,3159,2026-08-16,354,
100928,1,M0023,3159,2026-08-16,201,
100928,1,M0023,3159,2026-08-16,37,
100928,1,M0023,3159,2026-08-16,544,
100928,1,M0023,3159,2026-08-17,633,
100928,1,M0023,3159,2026-08-17,244,
100928,1,M0023,3159,2026-08-17,407,
100928,1,M0023,3159,2026-08-17,551,
100928,1,M0023,3159,2026-08-17,245,
100928,1,M0023,3159,2026-08-17,685,zone_650g
100928,1,M0023,3159,2026-08-17,245,
100928,1,M0023,3159,2026-08-18,674,
100928,1,M0023,3159,2026-08-18,583,
100928,1,M0023,3159,2026-08-19,117,
100928,1,M0023,3159,2026-08-19,107,
100928,1,M0023,3159,2026-08-19,460,
100928,1,M0023,3159,2026-08-19,144,
100928,1,M0023,3159,2026-08-19,365,
100928,1,M0023,3159,2026-08-19,133,
100928,1,M0023,3159,2026-08-19,153,
100928,1,M0023,3159,2026-08-19,148,
100928,1,M0023,3159,2026-08-20,655,
100928,1,M0023,3159,2026-08-20,156,
100928,1,M0023,3159,2026-08-20,231,
100928,1,M0023,3159,2026-08-20,544,
100928,1,M0024,3160,2026-08-12,403,
100928,1,M0024,3160,2026-08-12,49,
100928,1,M0024,3160,2026-08-12,643,
100928,1,M0024,3160,2026-08-13,306,
100928,1,M0024,3160,2026-08-13,73,
100928,1,M0024,3160,2026-08-13,50,
100928,1,M0024,3160,2026-08-13,331,
100928,1,M0024,3160,2026-08-13,551,
100928,1,M0024,3160,2026-08-13,121,
100928,1,M0024,3160,2026-08-13,464,
100928,1,M0024,3160,2026-08-13,453,
100928,1,M0024,3160,2026-08-13,161,
100928,1,M0024,3160,2026-08-13,165,
100928,1,M0024,3160,2026-08-13,225,
100928,1,M0024,3160,2026-08-13,37,
100928,1,M0024,3160,2026-08-13,358,
100928,1,M0024,3160,2026-08-13,42,
100928,1,M0024,3160,2026-08-13,446,
100928,1,M0024,3160,2026-08-13,338,
100928,1,M0024,3160,2026-08-13,140,
100928,1,M0024,3160,2026-08-13,155,
100928,1,M0024,3160,2026-08-13,57,
100928,1,M0024,3160,2026-08-13,340,
100928,1,M0024,3160,2026-08-13,893,over_zone_650g
100928,1,M0024,3160,2026-08-13,183,zone_150g
100928,1,M0024,3160,2026-08-14,123,
100928,1,M0024,3160,2026-08-14,137,
100928,1,M0024,3160,2026-08-14,352,
100928,1,M0024,3160,2026-08-14,211,
100928,1,M0024,3160,2026-08-14,661,
100928,1,M0024,3160,2026-08-14,37,
100928,1,M0024,3160,2026-08-14,442,
100928,1,M0024,3160,2026-08-14,142,
100928,1,M0024,3160,2026-08-14,148,
100928,1,M0024,3160,2026-08-14,729,over_zone_650g
100928,1,M0024,3160,2026-08-14,66,
100928,1,M0024,3160,2026-08-14,353,
100928,1,M0024,3160,2026-08-14,680,
100928,1,M0024,3160,2026-08-14,825,over_zone_650g
100928,1,M0024,3160,2026-08-14,285,zone_250g
100928,1,M0024,3160,2026-08-14,49,
100928,1,M0024,3160,2026-08-14,395,
100928,1,M0024,3160,2026-08-14,742,over_zone_650g
100928,1,M0024,3160,2026-08-14,283,zone_250g
100928,1,M0024,3160,2026-08-14,244,
100928,1,M0024,3160,2026-08-15,672,
100928,1,M0024,3160,2026-08-15,687,zone_650g
100928,1,M0024,3160,2026-08-15,39,
100928,1,M0024,3160,2026-08-15,574,
100928,1,M0024,3160,2026-08-15,127,
100928,1,M0024,3160,2026-08-15,1033,zone_1000g
100928,1,M0024,3160,2026-08-15,132,
100928,1,M0024,3160,2026-08-15,292,
100928,1,M0024,3160,2026-08-15,824,over_zone_650g
100928,1,M0024,3160,2026-08-15,205,
100928,1,M0024,3160,2026-08-15,687,zone_650g
100928,1,M0024,3160,2026-08-15,287,zone_250g
100928,1,M0024,3160,2026-08-15,284,zone_250g
100928,1,M0024,3160,2026-08-15,290,
100928,1,M0024,3160,2026-08-15,72,
100928,1,M0024,3160,2026-08-15,1031,zone_1000g
100928,1,M0024,3160,2026-08-15,47,
100928,1,M0024,3160,2026-08-15,37,
100928,1,M0024,3160,2026-08-15,36,
100928,1,M0024,3160,2026-08-16,651,
100928,1,M0024,3160,2026-08-16,464,
100928,1,M0024,3160,2026-08-16,236,
100928,1,M0024,3160,2026-08-16,267,
100928,1,M0024,3160,2026-08-16,171,
100928,1,M0024,3160,2026-08-16,465,
100928,1,M0024,3160,2026-08-16,243,
100928,1,M0024,3160,2026-08-16,180,
100928,1,M0024,3160,2026-08-16,447,
100928,1,M0024,3160,2026-08-16,42,
100928,1,M0024,3160,2026-08-16,167,
100928,1,M0024,3160,2026-08-16,47,
100928,1,M0024,3160,2026-08-16,674,
100928,1,M0024,3160,2026-08-16,567,
100928,1,M0024,3160,2026-08-16,547,
100928,1,M0024,3160,2026-08-16,34,
100928,1,M0024,3160,2026-08-16,31,
100928,1,M0024,3160,2026-08-17,106,
100928,1,M0024,3160,2026-08-17,606,
100928,1,M0024,3160,2026-08-17,649,
100928,1,M0024,3160,2026-08-17,32,
100928,1,M0024,3160,2026-08-17,750,over_zone_650g
100928,1,M0024,3160,2026-08-17,144,
100928,1,M0024,3160,2026-08-17,160,
100928,1,M0024,3160,2026-08-17,133,
100928,1,M0024,3160,2026-08-17,39,
100928,1,M0024,3160,2026-08-17,63,
100928,1,M0024,3160,2026-08-17,360,
100928,1,M0024,3160,2026-08-17,553,
100928,1,M0024,3160,2026-08-17,180,
100928,1,M0024,3160,2026-08-17,46,
100928,1,M0024,3160,2026-08-17,375,
100928,1,M0024,3160,2026-08-18,661,
100928,1,M0024,3160,2026-08-18,525,
100928,1,M0024,3160,2026-08-18,191,
100928,1,M0024,3160,2026-08-19,274,
100928,1,M0024,3160,2026-08-19,446,
100928,1,M0024,3160,2026-08-19,52,
100928,1,M0024,3160,2026-08-19,143,
100928,1,M0024,3160,2026-08-19,250,
100928,1,M0024,3160,2026-08-19,165,
100928,1,M0024,3160,2026-08-19,287,zone_250g
100928,1,M0024,3160,2026-08-19,143,
100928,1,M0024,3160,2026-08-19,195,
100928,1,M0024,3160,2026-08-19,527,
100928,1,M0024,3160,2026-08-19,110,
100928,1,M0024,3160,2026-08-19,760,over_zone_650g
100928,1,M0024,3160,2026-08-20,645,
100928,1,M0024,3160,2026-08-20,321,
100928,1,M0024,3160,2026-08-20,153,
100928,1,M0024,3160,2026-08-20,486,zone_450g
100928,1,M0024,3160,2026-08-20,154,
100928,1,M0024,3160,2026-08-20,750,over_zone_650g
100928,1,M0024,3160,2026-08-20,151,
100928,1,M0024,3160,2026-08-20,410,
100928,1,M0024,3160,2026-08-20,140,
100928,1,M0024,3160,2026-08-20,283,zone_250g
100928,1,M0024,3160,2026-08-20,481,zone_450g
100928,1,M0024,3160,2026-08-20,339,
100928,1,M0025,3161,2026-08-12,365,
100928,1,M0025,3161,2026-08-12,454,
100928,1,M0025,3161,2026-08-12,1037,zone_1000g
100928,1,M0025,3161,2026-08-12,306,
100928,1,M0025,3161,2026-08-12,350,
100928,1,M0025,3161,2026-08-12,71,
100928,1,M0025,3161,2026-08-12,686,zone_650g
100928,1,M0025,3161,2026-08-12,124,
100928,1,M0025,3161,2026-08-12,52,
100928,1,M0025,3161,2026-08-12,284,zone_250g
100928,1,M0025,3161,2026-08-12,507,
100928,1,M0025,3161,2026-08-13,664,
100928,1,M0025,3161,2026-08-13,160,
100928,1,M0025,3161,2026-08-13,36,
100928,1,M0025,3161,2026-08-13,58,
100928,1,M0025,3161,2026-08-13,508,
100928,1,M0025,3161,2026-08-13,148,
100928,1,M0025,3161,2026-08-13,281,zone_250g
100928,1,M0025,3161,2026-08-13,363,
100928,1,M0025,3161,2026-08-13,567,
100928,1,M0025,3161,2026-08-13,268,
100928,1,M0025,3161,2026-08-13,64,
100928,1,M0025,3161,2026-08-13,372,
100928,1,M0025,3161,2026-08-13,244,
100928,1,M0025,3161,2026-08-13,51,
100928,1,M0025,3161,2026-08-13,287,zone_250g
100928,1,M0025,3161,2026-08-13,67,
100928,1,M0025,3161,2026-08-13,391,
100928,1,M0025,3161,2026-08-13,577,
100928,1,M0025,3161,2026-08-13,227,
100928,1,M0025,3161,2026-08-14,378,
100928,1,M0025,3161,2026-08-14,47,
100928,1,M0025,3161,2026-08-14,342,
100928,1,M0025,3161,2026-08-14,29,
100928,1,M0025,3161,2026-08-14,1033,zone_1000g
100928,1,M0025,3161,2026-08-14,244,
100928,1,M0025,3161,2026-08-14,203,
100928,1,M0025,3161,2026-08-14,140,
100928,1,M0025,3161,2026-08-14,339,
100928,1,M0025,3161,2026-08-14,37,
100928,1,M0025,3161,2026-08-14,79,
100928,1,M0025,3161,2026-08-14,68,
100928,1,M0025,3161,2026-08-14,241,
100928,1,M0025,3161,2026-08-14,148,
100928,1,M0025,3161,2026-08-14,50,
100928,1,M0025,3161,2026-08-14,29,
100928,1,M0025,3161,2026-08-14,49,
100928,1,M0025,3161,2026-08-14,548,
100928,1,M0025,3161,2026-08-14,697,over_zone_650g
100928,1,M0025,3161,2026-08-14,40,
100928,1,M0025,3161,2026-08-14,36,
100928,1,M0025,3161,2026-08-14,246,
100928,1,M0025,3161,2026-08-14,38,
100928,1,M0025,3161,2026-08-14,51,
100928,1,M0025,3161,2026-08-14,44,
100928,1,M0025,3161,2026-08-14,66,
100928,1,M0025,3161,2026-08-14,47,
100928,1,M0025,3161,2026-08-15,665,
100928,1,M0025,3161,2026-08-15,269,
100928,1,M0025,3161,2026-08-15,481,zone_450g
100928,1,M0025,3161,2026-08-15,285,zone_250g
100928,1,M0025,3161,2026-08-15,687,zone_650g
100928,1,M0025,3161,2026-08-15,155,
100928,1,M0025,3161,2026-08-15,643,
100928,1,M0025,3161,2026-08-15,560,
100928,1,M0025,3161,2026-08-15,368,
100928,1,M0025,3161,2026-08-15,107,
100928,1,M0025,3161,2026-08-15,152,
100928,1,M0025,3161,2026-08-15,759,over_zone_650g
100928,1,M0025,3161,2026-08-15,364,
100928,1,M0025,3161,2026-08-15,33,
100928,1,M0025,3161,2026-08-16,618,
100928,1,M0025,3161,2026-08-16,634,
100928,1,M0025,3161,2026-08-16,145,
100928,1,M0025,3161,2026-08-16,683,zone_650g
100928,1,M0025,3161,2026-08-16,769,over_zone_650g
100928,1,M0025,3161,2026-08-16,686,zone_650g
100928,1,M0025,3161,2026-08-16,758,over_zone_650g
100928,1,M0025,3161,2026-08-16,544,
100928,1,M0025,3161,2026-08-16,41,
100928,1,M0025,3161,2026-08-16,207,
100928,1,M0025,3161,2026-08-16,349,
100928,1,M0025,3161,2026-08-16,420,
100928,1,M0025,3161,2026-08-16,101,
100928,1,M0025,3161,2026-08-17,332,
100928,1,M0025,3161,2026-08-17,234,
100928,1,M0025,3161,2026-08-17,383,
100928,1,M0025,3161,2026-08-17,682,zone_650g
100928,1,M0025,3161,2026-08-17,150,
100928,1,M0025,3161,2026-08-17,103,
100928,1,M0025,3161,2026-08-17,706,over_zone_650g
100928,1,M0025,3161,2026-08-17,338,
100928,1,M0025,3161,2026-08-17,147,
100928,1,M0025,3161,2026-08-17,63,
100928,1,M0025,3161,2026-08-17,51,
100928,1,M0025,3161,2026-08-17,687,zone_650g
100928,1,M0025,3161,2026-08-18,275,
100928,1,M0025,3161,2026-08-18,41,
100928,1,M0025,3161,2026-08-18,821,over_zone_650g
100928,1,M0025,3161,2026-08-18,347,
100928,1,M0025,3161,2026-08-18,45,
100928,1,M0025,3161,2026-08-18,241,
100928,1,M0025,3161,2026-08-18,51,
100928,1,M0025,3161,2026-08-18,175,
100928,1,M0025,3161,2026-08-19,302,
100928,1,M0025,3161,2026-08-19,295,
100928,1,M0025,3161,2026-08-19,545,
100928,1,M0025,3161,2026-08-19,78,
100928,1,M0025,3161,2026-08-19,232,
100928,1,M0025,3161,2026-08-19,604,
100928,1,M0025,3161,2026-08-19,166,
100928,1,M0025,3161,2026-08-19,179,
100928,1,M0025,3161,2026-08-19,487,zone_450g
100928,1,M0025,3161,2026-08-19,44,
100928,1,M0025,3161,2026-08-19,55,
100928,1,M0025,3161,2026-08-20,265,
100928,1,M0025,3161,2026-08-20,544,
100928,1,M0025,3161,2026-08-20,249,
100928,1,M0025,3161,2026-08-20,688,zone_650g
100928,1,M0025,3161,2026-08-20,684,zone_650g
100928,1,M0025,3161,2026-08-20,135,
100928,1,M0025,3161,2026-08-20,147,
100928,1,M0025,3161,2026-08-20,44,
100928,1,M0025,3161,2026-08-20,425,
100928,1,M0025,3161,2026-08-20,685,zone_650g
100928,1,M0025,3161,2026-08-20,157,
100928,1,M0025,3161,2026-08-20,47,
100928,1,M0025,3161,2026-08-20,283,zone_250g
100928,1,M0025,3161,2026-08-20,183,zone_150g
100928,1,M0025,3161,2026-08-20,178,
100928,1,M0025,3161,2026-08-20,93,
100928,1,M0025,3161,2026-08-20,183,zone_150g
100928,1,M0026,3162,2026-08-12,252,
100928,1,M0026,3162,2026-08-12,1037,zone_1000g
100928,1,M0026,3162,2026-08-12,683,zone_650g
100928,1,M0026,3162,2026-08-12,445,
100928,1,M0026,3162,2026-08-12,38,
100928,1,M0026,3162,2026-08-13,664,
100928,1,M0026,3162,2026-08-13,820,over_zone_650g
100928,1,M0026,3162,2026-08-13,142,
100928,1,M0026,3162,2026-08-13,144,
100928,1,M0026,3162,2026-08-13,151,
100928,1,M0026,3162,2026-08-13,319,
100928,1,M0026,3162,2026-08-13,100,
100928,1,M0026,3162,2026-08-13,686,zone_650g
100928,1,M0026,3162,2026-08-13,991,over_zone_650g
100928,1,M0026,3162,2026-08-13,684,zone_650g
100928,1,M0026,3162,2026-08-13,58,
100928,1,M0026,3162,2026-08-13,345,
100928,1,M0026,3162,2026-08-13,41,
100928,1,M0026,3162,2026-08-13,1031,zone_1000g
100928,1,M0026,3162,2026-08-13,338,
100928,1,M0026,3162,2026-08-13,146,
100928,1,M0026,3162,2026-08-13,142,
100928,1,M0026,3162,2026-08-13,187,zone_150g
100928,1,M0026,3162,2026-08-14,664,
100928,1,M0026,3162,2026-08-14,48,
100928,1,M0026,3162,2026-08-14,564,
100928,1,M0026,3162,2026-08-14,355,
100928,1,M0026,3162,2026-08-14,47,
100928,1,M0026,3162,2026-08-14,591,
100928,1,M0026,3162,2026-08-14,335,
100928,1,M0026,3162,2026-08-14,78,
100928,1,M0026,3162,2026-08-14,117,
100928,1,M0026,3162,2026-08-14,135,
100928,1,M0026,3162,2026-08-14,282,zone_250g
100928,1,M0026,3162,2026-08-14,566,
100928,1,M0026,3162,2026-08-14,558,
100928,1,M0026,3162,2026-08-14,752,over_zone_650g
100928,1,M0026,3162,2026-08-14,267,
100928,1,M0026,3162,2026-08-14,733,over_zone_650g
100928,1,M0026,3162,2026-08-14,650,
100928,1,M0026,3162,2026-08-14,480,
100928,1,M0026,3162,2026-08-14,57,
100928,1,M0026,3162,2026-08-15,284,zone_250g
100928,1,M0026,3162,2026-08-15,479,
100928,1,M0026,3162,2026-08-15,1037,zone_1000g
100928,1,M0026,3162,2026-08-15,36,
100928,1,M0026,3162,2026-08-15,337,
100928,1,M0026,3162,2026-08-15,48,
100928,1,M0026,3162,2026-08-15,345,
100928,1,M0026,3162,2026-08-15,357,
100928,1,M0026,3162,2026-08-15,143,
100928,1,M0026,3162,2026-08-15,77,
100928,1,M0026,3162,2026-08-15,683,zone_650g
100928,1,M0026,3162,2026-08-15,36,
100928,1,M0026,3162,2026-08-15,284,zone_250g
100928,1,M0026,3162,2026-08-15,182,zone_150g
100928,1,M0026,3162,2026-08-15,183,zone_150g
100928,1,M0026,3162,2026-08-15,46,
100928,1,M0026,3162,2026-08-15,182,zone_150g
100928,1,M0026,3162,2026-08-15,180,
100928,1,M0026,3162,2026-08-15,573,
100928,1,M0026,3162,2026-08-15,155,
100928,1,M0026,3162,2026-08-15,36,
100928,1,M0026,3162,2026-08-15,46,
100928,1,M0026,3162,2026-08-15,41,
100928,1,M0026,3162,2026-08-16,198,
100928,1,M0026,3162,2026-08-16,61,
100928,1,M0026,3162,2026-08-16,546,
100928,1,M0026,3162,2026-08-16,685,zone_650g
100928,1,M0026,3162,2026-08-16,278,
100928,1,M0026,3162,2026-08-16,1034,zone_1000g
100928,1,M0026,3162,2026-08-16,451,
100928,1,M0026,3162,2026-08-16,461,
100928,1,M0026,3162,2026-08-16,555,
100928,1,M0026,3162,2026-08-16,52,
100928,1,M0026,3162,2026-08-16,73,
100928,1,M0026,3162,2026-08-16,286,zone_250g
100928,1,M0026,3162,2026-08-16,266,
100928,1,M0026,3162,2026-08-16,226,
100928,1,M0026,3162,2026-08-16,143,
100928,1,M0026,3162,2026-08-16,44,
100928,1,M0026,3162,2026-08-16,56,
100928,1,M0026,3162,2026-08-16,825,over_zone_650g
100928,1,M0026,3162,2026-08-16,140,
100928,1,M0026,3162,2026-08-16,51,
100928,1,M0026,3162,2026-08-17,137,
100928,1,M0026,3162,2026-08-17,40,
100928,1,M0026,3162,2026-08-17,288,zone_250g
100928,1,M0026,3162,2026-08-17,67,
100928,1,M0026,3162,2026-08-17,265,
100928,1,M0026,3162,2026-08-17,56,
100928,1,M0026,3162,2026-08-17,687,zone_650g
100928,1,M0026,3162,2026-08-17,711,over_zone_650g
100928,1,M0026,3162,2026-08-17,482,zone_450g
100928,1,M0026,3162,2026-08-17,159,
100928,1,M0026,3162,2026-08-17,42,
100928,1,M0026,3162,2026-08-18,628,
100928,1,M0026,3162,2026-08-18,47,
100928,1,M0026,3162,2026-08-18,160,
100928,1,M0026,3162,2026-08-19,581,
100928,1,M0026,3162,2026-08-19,283,zone_250g
100928,1,M0026,3162,2026-08-19,684,zone_650g
100928,1,M0026,3162,2026-08-19,54,
100928,1,M0026,3162,2026-08-19,41,
100928,1,M0026,3162,2026-08-19,40,
100928,1,M0026,3162,2026-08-19,36,
100928,1,M0026,3162,2026-08-19,38,
100928,1,M0026,3162,2026-08-19,683,zone_650g
100928,1,M0026,3162,2026-08-19,686,zone_650g
100928,1,M0026,3162,2026-08-19,172,
100928,1,M0026,3162,2026-08-19,286,zone_250g
100928,1,M0026,3162,2026-08-19,421,
100928,1,M0026,3162,2026-08-19,281,zone_250g
100928,1,M0026,3162,2026-08-19,104,
100928,1,M0026,3162,2026-08-19,663,
100928,1,M0026,3162,2026-08-19,56,
100928,1,M0026,3162,2026-08-20,409,
100928,1,M0026,3162,2026-08-20,149,
100928,1,M0026,3162,2026-08-20,688,zone_650g
100928,1,M0026,3162,2026-08-20,224,
100928,1,M0026,3162,2026-08-20,176,
100928,1,M0026,3162,2026-08-20,268,
100928,1,M0026,3162,2026-08-20,38,
100928,1,M0026,3162,2026-08-20,198,
100928,1,M0026,3162,2026-08-20,361,
100928,1,M0026,3162,2026-08-20,79,
100928,1,M0026,3162,2026-08-20,540,
100928,1,M0027,3163,2026-08-12,234,
100928,1,M0027,3163,2026-08-12,46,
100928,1,M0027,3163,2026-08-12,281,zone_250g
100928,1,M0027,3163,2026-08-12,40,
100928,1,M0027,3163,2026-08-12,40,
100928,1,M0027,3163,2026-08-12,581,
100928,1,M0027,3163,2026-08-12,282,zone_250g
100928,1,M0027,3163,2026-08-12,74,
100928,1,M0027,3163,2026-08-12,676,
100928,1,M0027,3163,2026-08-12,58,
100928,1,M0027,3163,2026-08-12,603,
100928,1,M0027,3163,2026-08-12,685,zone_650g
100928,1,M0027,3163,2026-08-12,150,
100928,1,M0027,3163,2026-08-12,78,
100928,1,M0027,3163,2026-08-12,533,
100928,1,M0027,3163,2026-08-12,46,
100928,1,M0027,3163,2026-08-12,285,zone_250g
100928,1,M0027,3163,2026-08-12,45,
100928,1,M0027,3163,2026-08-12,158,
100928,1,M0027,3163,2026-08-13,639,
100928,1,M0027,3163,2026-08-13,42,
100928,1,M0027,3163,2026-08-13,90,
100928,1,M0027,3163,2026-08-13,363,
100928,1,M0027,3163,2026-08-13,151,
100928,1,M0027,3163,2026-08-13,359,
100928,1,M0027,3163,2026-08-13,145,
100928,1,M0027,3163,2026-08-13,681,zone_650g
100928,1,M0027,3163,2026-08-13,51,
100928,1,M0027,3163,2026-08-13,671,
100928,1,M0027,3163,2026-08-13,685,zone_650g
100928,1,M0027,3163,2026-08-13,184,zone_150g
100928,1,M0027,3163,2026-08-13,220,
100928,1,M0027,3163,2026-08-13,231,
100928,1,M0027,3163,2026-08-13,283,zone_250g
100928,1,M0027,3163,2026-08-13,159,
100928,1,M0027,3163,2026-08-13,52,
100928,1,M0027,3163,2026-08-13,559,
100928,1,M0027,3163,2026-08-13,357,
100928,1,M0027,3163,2026-08-13,701,over_zone_650g
100928,1,M0027,3163,2026-08-14,318,
100928,1,M0027,3163,2026-08-14,351,
100928,1,M0027,3163,2026-08-14,48,
100928,1,M0027,3163,2026-08-14,287,zone_250g
100928,1,M0027,3163,2026-08-14,142,
100928,1,M0027,3163,2026-08-14,448,
100928,1,M0027,3163,2026-08-14,64,
100928,1,M0027,3163,2026-08-14,686,zone_650g
100928,1,M0027,3163,2026-08-14,251,
100928,1,M0027,3163,2026-08-14,538,
100928,1,M0027,3163,2026-08-14,39,
100928,1,M0027,3163,2026-08-14,238,
100928,1,M0027,3163,2026-08-14,306,
100928,1,M0027,3163,2026-08-14,45,
100928,1,M0027,3163,2026-08-14,289,zone_250g
100928,1,M0027,3163,2026-08-14,94,
100928,1,M0027,3163,2026-08-14,532,
100928,1,M0027,3163,2026-08-14,949,over_zone_650g
100928,1,M0027,3163,2026-08-14,257,
100928,1,M0027,3163,2026-08-14,630,
100928,1,M0027,3163,2026-08-14,283,zone_250g
100928,1,M0027,3163,2026-08-14,682,zone_650g
100928,1,M0027,3163,2026-08-15,327,
100928,1,M0027,3163,2026-08-15,47,
100928,1,M0027,3163,2026-08-15,1033,zone_1000g
100928,1,M0027,3163,2026-08-15,283,zone_250g
100928,1,M0027,3163,2026-08-15,142,
100928,1,M0027,3163,2026-08-15,346,
100928,1,M0027,3163,2026-08-15,144,
100928,1,M0027,3163,2026-08-15,397,
100928,1,M0027,3163,2026-08-15,685,zone_650g
100928,1,M0027,3163,2026-08-15,162,
100928,1,M0027,3163,2026-08-15,337,
100928,1,M0027,3163,2026-08-15,690,over_zone_650g
100928,1,M0027,3163,2026-08-15,1043,zone_1000g
100928,1,M0027,3163,2026-08-15,690,over_zone_650g
100928,1,M0027,3163,2026-08-15,37,
100928,1,M0027,3163,2026-08-15,348,
100928,1,M0027,3163,2026-08-16,249,
100928,1,M0027,3163,2026-08-16,343,
100928,1,M0027,3163,2026-08-16,405,
100928,1,M0027,3163,2026-08-16,284,zone_250g
100928,1,M0027,3163,2026-08-16,368,
100928,1,M0027,3163,2026-08-16,257,
100928,1,M0027,3163,2026-08-16,53,
100928,1,M0027,3163,2026-08-16,221,
100928,1,M0027,3163,2026-08-16,301,
100928,1,M0027,3163,2026-08-16,140,
100928,1,M0027,3163,2026-08-16,352,
100928,1,M0027,3163,2026-08-16,37,
100928,1,M0027,3163,2026-08-16,656,
100928,1,M0027,3163,2026-08-16,150,
100928,1,M0027,3163,2026-08-16,450,
100928,1,M0027,3163,2026-08-16,140,
100928,1,M0027,3163,2026-08-16,118,
100928,1,M0027,3163,2026-08-16,269,
100928,1,M0027,3163,2026-08-16,37,
100928,1,M0027,3163,2026-08-16,210,
100928,1,M0027,3163,2026-08-16,88,
100928,1,M0027,3163,2026-08-16,49,
100928,1,M0027,3163,2026-08-16,37,
100928,1,M0027,3163,2026-08-16,187,zone_150g
100928,1,M0027,3163,2026-08-16,682,zone_650g
100928,1,M0027,3163,2026-08-16,51,
100928,1,M0027,3163,2026-08-17,230,
100928,1,M0027,3163,2026-08-17,236,
100928,1,M0027,3163,2026-08-17,354,
100928,1,M0027,3163,2026-08-17,37,
100928,1,M0027,3163,2026-08-17,555,
100928,1,M0027,3163,2026-08-17,356,
100928,1,M0027,3163,2026-08-17,291,
100928,1,M0027,3163,2026-08-17,974,over_zone_650g
100928,1,M0027,3163,2026-08-17,639,
100928,1,M0027,3163,2026-08-17,202,
100928,1,M0027,3163,2026-08-17,546,
100928,1,M0027,3163,2026-08-17,157,
100928,1,M0027,3163,2026-08-17,691,over_zone_650g
100928,1,M0027,3163,2026-08-18,648,
100928,1,M0027,3163,2026-08-18,226,
100928,1,M0027,3163,2026-08-18,1034,zone_1000g
100928,1,M0027,3163,2026-08-18,264,
100928,1,M0027,3163,2026-08-19,218,
100928,1,M0027,3163,2026-08-19,1038,zone_1000g
100928,1,M0027,3163,2026-08-19,38,
100928,1,M0027,3163,2026-08-20,314,
100928,1,M0027,3163,2026-08-20,287,zone_250g
100928,1,M0027,3163,2026-08-20,100,
100928,1,M0027,3163,2026-08-20,360,
100928,1,M0027,3163,2026-08-20,43,
100928,1,M0027,3163,2026-08-20,300,
100928,1,M0027,3163,2026-08-20,480,
100928,1,M0027,3163,2026-08-20,144,
100928,1,M0027,3163,2026-08-20,44,
100928,1,M0027,3163,2026-08-20,683,zone_650g
100928,1,M0027,3163,2026-08-20,48,
100928,1,M0028,3164,2026-08-12,167,
100928,1,M0028,3164,2026-08-12,40,
100928,1,M0028,3164,2026-08-12,201,
100928,1,M0028,3164,2026-08-12,355,
100928,1,M0028,3164,2026-08-12,143,
100928,1,M0028,3164,2026-08-12,684,zone_650g
100928,1,M0028,3164,2026-08-12,38,
100928,1,M0028,3164,2026-08-12,49,
100928,1,M0028,3164,2026-08-12,390,
100928,1,M0028,3164,2026-08-12,683,zone_650g
100928,1,M0028,3164,2026-08-12,184,zone_150g
100928,1,M0028,3164,2026-08-12,33,
100928,1,M0028,3164,2026-08-12,38,
100928,1,M0028,3164,2026-08-12,176,
100928,1,M0028,3164,2026-08-12,685,zone_650g
100928,1,M0028,3164,2026-08-12,118,
100928,1,M0028,3164,2026-08-12,70,
100928,1,M0028,3164,2026-08-12,149,
100928,1,M0028,3164,2026-08-12,155,
100928,1,M0028,3164,2026-08-12,680,
100928,1,M0028,3164,2026-08-12,683,zone_650g
100928,1,M0028,3164,2026-08-12,279,
100928,1,M0028,3164,2026-08-12,107,
100928,1,M0028,3164,2026-08-12,687,zone_650g
100928,1,M0028,3164,2026-08-12,170,
100928,1,M0028,3164,2026-08-12,243,
100928,1,M0028,3164,2026-08-12,131,
100928,1,M0028,3164,2026-08-13,273,
100928,1,M0028,3164,2026-08-13,260,
100928,1,M0028,3164,2026-08-13,34,
100928,1,M0028,3164,2026-08-13,575,
100928,1,M0028,3164,2026-08-13,285,zone_250g
100928,1,M0028,3164,2026-08-13,148,
100928,1,M0028,3164,2026-08-13,275,
100928,1,M0028,3164,2026-08-13,40,
100928,1,M0028,3164,2026-08-13,431,
100928,1,M0028,3164,2026-08-13,153,
100928,1,M0028,3164,2026-08-13,833,over_zone_650g
100928,1,M0028,3164,2026-08-13,286,zone_250g
100928,1,M0028,3164,2026-08-13,586,
100928,1,M0028,3164,2026-08-13,46,
100928,1,M0028,3164,2026-08-13,186,zone_150g
100928,1,M0028,3164,2026-08-13,40,
100928,1,M0028,3164,2026-08-13,141,
100928,1,M0028,3164,2026-08-13,289,zone_250g
100928,1,M0028,3164,2026-08-13,408,
100928,1,M0028,3164,2026-08-13,41,
100928,1,M0028,3164,2026-08-13,30,
100928,1,M0028,3164,2026-08-13,166,
100928,1,M0028,3164,2026-08-13,536,
100928,1,M0028,3164,2026-08-13,415,
100928,1,M0028,3164,2026-08-14,529,
100928,1,M0028,3164,2026-08-14,686,zone_650g
100928,1,M0028,3164,2026-08-14,66,
100928,1,M0028,3164,2026-08-14,935,over_zone_650g
100928,1,M0028,3164,2026-08-14,53,
100928,1,M0028,3164,2026-08-14,791,over_zone_650g
100928,1,M0028,3164,2026-08-14,146,
100928,1,M0028,3164,2026-08-14,150,
100928,1,M0028,3164,2026-08-14,286,zone_250g
100928,1,M0028,3164,2026-08-14,44,
100928,1,M0028,3164,2026-08-14,87,
100928,1,M0028,3164,2026-08-14,575,
100928,1,M0028,3164,2026-08-14,356,
100928,1,M0028,3164,2026-08-14,55,
100928,1,M0028,3164,2026-08-14,683,zone_650g
100928,1,M0028,3164,2026-08-14,144,
100928,1,M0028,3164,2026-08-14,448,
100928,1,M0028,3164,2026-08-14,152,
100928,1,M0028,3164,2026-08-15,636,
100928,1,M0028,3164,2026-08-15,130,
100928,1,M0028,3164,2026-08-15,847,over_zone_650g
100928,1,M0028,3164,2026-08-15,39,
100928,1,M0028,3164,2026-08-15,430,
100928,1,M0028,3164,2026-08-15,608,
100928,1,M0028,3164,2026-08-15,177,
100928,1,M0028,3164,2026-08-15,474,
100928,1,M0028,3164,2026-08-15,684,zone_650g
100928,1,M0028,3164,2026-08-15,45,
100928,1,M0028,3164,2026-08-15,1050,zone_1000g
100928,1,M0028,3164,2026-08-15,132,
100928,1,M0028,3164,2026-08-15,684,zone_650g
100928,1,M0028,3164,2026-08-15,48,
100928,1,M0028,3164,2026-08-16,149,
100928,1,M0028,3164,2026-08-16,241,
100928,1,M0028,3164,2026-08-16,629,
100928,1,M0028,3164,2026-08-16,130,
100928,1,M0028,3164,2026-08-16,42,
100928,1,M0028,3164,2026-08-16,286,zone_250g
100928,1,M0028,3164,2026-08-16,149,
100928,1,M0028,3164,2026-08-16,285,zone_250g
100928,1,M0028,3164,2026-08-16,186,zone_150g
100928,1,M0028,3164,2026-08-16,1033,zone_1000g
100928,1,M0028,3164,2026-08-16,151,
100928,1,M0028,3164,2026-08-16,187,zone_150g
100928,1,M0028,3164,2026-08-16,168,
100928,1,M0028,3164,2026-08-16,510,
100928,1,M0028,3164,2026-08-16,560,
100928,1,M0028,3164,2026-08-16,58,
100928,1,M0028,3164,2026-08-16,250,
100928,1,M0028,3164,2026-08-16,336,
100928,1,M0028,3164,2026-08-16,155,
100928,1,M0028,3164,2026-08-16,51,
100928,1,M0028,3164,2026-08-16,290,
100928,1,M0028,3164,2026-08-16,185,zone_150g
100928,1,M0028,3164,2026-08-16,228,
100928,1,M0028,3164,2026-08-16,56,
100928,1,M0028,3164,2026-08-17,629,
100928,1,M0028,3164,2026-08-17,688,zone_650g
100928,1,M0028,3164,2026-08-17,435,
100928,1,M0028,3164,2026-08-17,161,
100928,1,M0028,3164,2026-08-17,47,
100928,1,M0028,3164,2026-08-17,41,
100928,1,M0028,3164,2026-08-17,253,
100928,1,M0028,3164,2026-08-18,235,
100928,1,M0028,3164,2026-08-18,354,
100928,1,M0028,3164,2026-08-18,748,over_zone_650g
100928,1,M0028,3164,2026-08-18,495,
100928,1,M0028,3164,2026-08-19,116,
100928,1,M0028,3164,2026-08-19,1033,zone_1000g
100928,1,M0028,3164,2026-08-19,36,
100928,1,M0028,3164,2026-08-19,62,
100928,1,M0028,3164,2026-08-19,151,
100928,1,M0028,3164,2026-08-19,59,
100928,1,M0028,3164,2026-08-19,477,
100928,1,M0028,3164,2026-08-20,300,
100928,1,M0028,3164,2026-08-20,518,
100928,1,M0028,3164,2026-08-20,150,
100928,1,M0028,3164,2026-08-20,66,
100928,1,M0028,3164,2026-08-20,663,
100928,1,M0028,3164,2026-08-20,1045,zone_1000g
100928,1,M0028,3164,2026-08-20,46,
100928,1,M0028,3164,2026-08-20,287,zone_250g
100928,1,M0028,3164,2026-08-20,148,
100928,1,M0028,3164,2026-08-20,69,
100928,1,M0028,3164,2026-08-20,64,
100928,1,M0028,3164,2026-08-20,131,
100928,1,M0028,3164,2026-08-20,829,over_zone_650g
100928,1,M0028,3164,2026-08-20,61,
100928,1,M0029,3165,2026-08-12,368,
100928,1,M0029,3165,2026-08-12,182,zone_150g
100928,1,M0029,3165,2026-08-12,140,
100928,1,M0029,3165,2026-08-12,52,
100928,1,M0029,3165,2026-08-12,551,
100928,1,M0029,3165,2026-08-12,1023,zone_1000g
100928,1,M0029,3165,2026-08-12,66,
100928,1,M0029,3165,2026-08-12,691,over_zone_650g
100928,1,M0029,3165,2026-08-12,40,
100928,1,M0029,3165,2026-08-12,36,
100928,1,M0029,3165,2026-08-12,37,
100928,1,M0029,3165,2026-08-12,168,
100928,1,M0029,3165,2026-08-12,336,
100928,1,M0029,3165,2026-08-12,47,
100928,1,M0029,3165,2026-08-12,686,zone_650g
100928,1,M0029,3165,2026-08-12,188,zone_150g
100928,1,M0029,3165,2026-08-12,286,zone_250g
100928,1,M0029,3165,2026-08-12,174,
100928,1,M0029,3165,2026-08-12,368,
100928,1,M0029,3165,2026-08-12,369,
100928,1,M0029,3165,2026-08-12,287,zone_250g
100928,1,M0029,3165,2026-08-13,300,
100928,1,M0029,3165,2026-08-13,679,
100928,1,M0029,3165,2026-08-13,162,
100928,1,M0029,3165,2026-08-13,283,zone_250g
100928,1,M0029,3165,2026-08-13,170,
100928,1,M0029,3165,2026-08-13,59,
100928,1,M0029,3165,2026-08-13,38,
100928,1,M0029,3165,2026-08-13,554,
100928,1,M0029,3165,2026-08-13,152,
100928,1,M0029,3165,2026-08-13,265,
100928,1,M0029,3165,2026-08-13,687,zone_650g
100928,1,M0029,3165,2026-08-13,75,
100928,1,M0029,3165,2026-08-13,306,
100928,1,M0029,3165,2026-08-13,559,
100928,1,M0029,3165,2026-08-13,177,
100928,1,M0029,3165,2026-08-13,46,
100928,1,M0029,3165,2026-08-13,700,over_zone_650g
100928,1,M0029,3165,2026-08-13,76,
100928,1,M0029,3165,2026-08-13,26,
100928,1,M0029,3165,2026-08-13,96,
100928,1,M0029,3165,2026-08-14,520,
100928,1,M0029,3165,2026-08-14,38,
100928,1,M0029,3165,2026-08-14,564,
100928,1,M0029,3165,2026-08-14,779,over_zone_650g
100928,1,M0029,3165,2026-08-14,1042,zone_1000g
100928,1,M0029,3165,2026-08-14,382,
100928,1,M0029,3165,2026-08-14,41,
100928,1,M0029,3165,2026-08-14,682,zone_650g
100928,1,M0029,3165,2026-08-14,50,
100928,1,M0029,3165,2026-08-14,1031,zone_1000g
100928,1,M0029,3165,2026-08-14,256,
100928,1,M0029,3165,2026-08-14,393,
100928,1,M0029,3165,2026-08-15,649,
100928,1,M0029,3165,2026-08-15,49,
100928,1,M0029,3165,2026-08-15,439,
100928,1,M0029,3165,2026-08-15,952,over_zone_650g
100928,1,M0029,3165,2026-08-15,68,
100928,1,M0029,3165,2026-08-15,288,zone_250g
100928,1,M0029,3165,2026-08-15,287,zone_250g
100928,1,M0029,3165,2026-08-15,43,
100928,1,M0029,3165,2026-08-15,342,
100928,1,M0029,3165,2026-08-15,163,
100928,1,M0029,3165,2026-08-15,51,
100928,1,M0029,3165,2026-08-15,538,
100928,1,M0029,3165,2026-08-15,105,
100928,1,M0029,3165,2026-08-15,356,
100928,1,M0029,3165,2026-08-15,167,
100928,1,M0029,3165,2026-08-15,787,over_zone_650g
100928,1,M0029,3165,2026-08-15,242,
100928,1,M0029,3165,2026-08-15,37,
100928,1,M0029,3165,2026-08-16,142,
100928,1,M0029,3165,2026-08-16,849,over_zone_650g
100928,1,M0029,3165,2026-08-16,39,
100928,1,M0029,3165,2026-08-16,689,zone_650g
100928,1,M0029,3165,2026-08-16,286,zone_250g
100928,1,M0029,3165,2026-08-16,238,
100928,1,M0029,3165,2026-08-16,39,
100928,1,M0029,3165,2026-08-16,489,zone_450g
100928,1,M0029,3165,2026-08-16,40,
100928,1,M0029,3165,2026-08-16,955,over_zone_650g
100928,1,M0029,3165,2026-08-16,1035,zone_1000g
100928,1,M0029,3165,2026-08-16,99,
100928,1,M0029,3165,2026-08-17,166,
100928,1,M0029,3165,2026-08-17,651,
100928,1,M0029,3165,2026-08-17,152,
100928,1,M0029,3165,2026-08-17,455,
100928,1,M0029,3165,2026-08-17,274,
100928,1,M0029,3165,2026-08-17,461,
100928,1,M0029,3165,2026-08-17,536,
100928,1,M0029,3165,2026-08-17,1036,zone_1000g
100928,1,M0029,3165,2026-08-17,36,
100928,1,M0029,3165,2026-08-17,683,zone_650g
100928,1,M0029,3165,2026-08-17,147,
100928,1,M0029,3165,2026-08-17,81,
100928,1,M0029,3165,2026-08-18,274,
100928,1,M0029,3165,2026-08-18,77,
100928,1,M0029,3165,2026-08-18,285,zone_250g
100928,1,M0029,3165,2026-08-18,154,
100928,1,M0029,3165,2026-08-18,49,
100928,1,M0029,3165,2026-08-18,155,
100928,1,M0029,3165,2026-08-18,687,zone_650g
100928,1,M0029,3165,2026-08-19,653,
100928,1,M0029,3165,2026-08-19,49,
100928,1,M0029,3165,2026-08-19,450,
100928,1,M0029,3165,2026-08-19,599,
100928,1,M0029,3165,2026-08-19,753,over_zone_650g
100928,1,M0029,3165,2026-08-19,49,
100928,1,M0029,3165,2026-08-20,130,
100928,1,M0029,3165,2026-08-20,567,
100928,1,M0029,3165,2026-08-20,151,
100928,1,M0029,3165,2026-08-20,56,
100928,1,M0029,3165,2026-08-20,744,over_zone_650g
100928,1,M0029,3165,2026-08-20,187,zone_150g
100928,1,M0029,3165,2026-08-20,1035,zone_1000g
100928,1,M0029,3165,2026-08-20,207,
100928,1,M0029,3165,2026-08-20,190,
100928,1,M0029,3165,2026-08-20,563,
100928,1,M0029,3165,2026-08-20,46,
100928,1,M0029,3165,2026-08-20,689,zone_650g
100928,1,M0029,3165,2026-08-20,178,
100928,1,M0029,3165,2026-08-20,147,
100928,1,M0029,3165,2026-08-20,145,
100928,1,M0029,3165,2026-08-20,50,
100928,1,M0029,3165,2026-08-20,320,
100928,1,M0029,3165,2026-08-20,160,
100928,1,M0029,3165,2026-08-20,30,
100928,1,M0030,3166,2026-08-12,244,
100928,1,M0030,3166,2026-08-12,150,
100928,1,M0030,3166,2026-08-12,38,
100928,1,M0030,3166,2026-08-12,39,
100928,1,M0030,3166,2026-08-12,337,
100928,1,M0030,3166,2026-08-12,286,zone_250g
100928,1,M0030,3166,2026-08-12,61,
100928,1,M0030,3166,2026-08-12,150,
100928,1,M0030,3166,2026-08-12,458,
100928,1,M0030,3166,2026-08-12,169,
100928,1,M0030,3166,2026-08-12,207,
100928,1,M0030,3166,2026-08-12,222,
100928,1,M0030,3166,2026-08-12,1023,zone_1000g
100928,1,M0030,3166,2026-08-12,241,
100928,1,M0030,3166,2026-08-12,444,
100928,1,M0030,3166,2026-08-12,65,
100928,1,M0030,3166,2026-08-12,48,
100928,1,M0030,3166,2026-08-12,50,
100928,1,M0030,3166,2026-08-12,346,
100928,1,M0030,3166,2026-08-12,396,
100928,1,M0030,3166,2026-08-12,450,
100928,1,M0030,3166,2026-08-12,36,
100928,1,M0030,3166,2026-08-12,560,
100928,1,M0030,3166,2026-08-13,564,
100928,1,M0030,3166,2026-08-13,684,zone_650g
100928,1,M0030,3166,2026-08-13,158,
100928,1,M0030,3166,2026-08-13,33,
100928,1,M0030,3166,2026-08-13,31,
100928,1,M0030,3166,2026-08-13,39,
100928,1,M0030,3166,2026-08-13,374,
100928,1,M0030,3166,2026-08-13,680,
100928,1,M0030,3166,2026-08-13,435,
100928,1,M0030,3166,2026-08-13,133,
100928,1,M0030,3166,2026-08-13,482,zone_450g
100928,1,M0030,3166,2026-08-13,78,
100928,1,M0030,3166,2026-08-13,151,
100928,1,M0030,3166,2026-08-13,33,
100928,1,M0030,3166,2026-08-13,173,
100928,1,M0030,3166,2026-08-13,469,
100928,1,M0030,3166,2026-08-13,62,
100928,1,M0030,3166,2026-08-13,268,
100928,1,M0030,3166,2026-08-13,288,zone_250g
100928,1,M0030,3166,2026-08-13,90,
100928,1,M0030,3166,2026-08-13,551,
100928,1,M0030,3166,2026-08-14,603,
100928,1,M0030,3166,2026-08-14,268,
100928,1,M0030,3166,2026-08-14,49,
100928,1,M0030,3166,2026-08-14,109,
100928,1,M0030,3166,2026-08-14,162,
100928,1,M0030,3166,2026-08-14,36,
100928,1,M0030,3166,2026-08-14,571,
100928,1,M0030,3166,2026-08-14,169,
100928,1,M0030,3166,2026-08-14,448,
100928,1,M0030,3166,2026-08-14,143,
100928,1,M0030,3166,2026-08-14,1039,zone_1000g
100928,1,M0030,3166,2026-08-14,150,
100928,1,M0030,3166,2026-08-14,172,
100928,1,M0030,3166,2026-08-14,557,
100928,1,M0030,3166,2026-08-14,36,
100928,1,M0030,3166,2026-08-14,42,
100928,1,M0030,3166,2026-08-14,656,
100928,1,M0030,3166,2026-08-15,249,
100928,1,M0030,3166,2026-08-15,171,
100928,1,M0030,3166,2026-08-15,1028,zone_1000g
100928,1,M0030,3166,2026-08-15,285,zone_250g
100928,1,M0030,3166,2026-08-15,146,
100928,1,M0030,3166,2026-08-15,635,
100928,1,M0030,3166,2026-08-15,286,zone_250g
100928,1,M0030,3166,2026-08-15,619,
100928,1,M0030,3166,2026-08-15,85,
100928,1,M0030,3166,2026-08-15,357,
100928,1,M0030,3166,2026-08-15,393,
100928,1,M0030,3166,2026-08-15,286,zone_250g
100928,1,M0030,3166,2026-08-15,762,over_zone_650g
100928,1,M0030,3166,2026-08-15,48,
100928,1,M0030,3166,2026-08-15,45,
100928,1,M0030,3166,2026-08-15,338,
100928,1,M0030,3166,2026-08-16,670,
100928,1,M0030,3166,2026-08-16,409,
100928,1,M0030,3166,2026-08-16,196,
100928,1,M0030,3166,2026-08-16,379,
100928,1,M0030,3166,2026-08-16,620,
100928,1,M0030,3166,2026-08-16,688,zone_650g
100928,1,M0030,3166,2026-08-16,141,
100928,1,M0030,3166,2026-08-16,151,
100928,1,M0030,3166,2026-08-16,252,
100928,1,M0030,3166,2026-08-16,159,
100928,1,M0030,3166,2026-08-16,681,zone_650g
100928,1,M0030,3166,2026-08-16,36,
100928,1,M0030,3166,2026-08-16,366,
100928,1,M0030,3166,2026-08-16,252,
100928,1,M0030,3166,2026-08-16,688,zone_650g
100928,1,M0030,3166,2026-08-16,687,zone_650g
100928,1,M0030,3166,2026-08-16,299,
100928,1,M0030,3166,2026-08-16,44,
100928,1,M0030,3166,2026-08-16,875,over_zone_650g
100928,1,M0030,3166,2026-08-17,248,
100928,1,M0030,3166,2026-08-17,439,
100928,1,M0030,3166,2026-08-17,48,
100928,1,M0030,3166,2026-08-17,157,
100928,1,M0030,3166,2026-08-17,326,
100928,1,M0030,3166,2026-08-17,1037,zone_1000g
100928,1,M0030,3166,2026-08-17,42,
100928,1,M0030,3166,2026-08-17,172,
100928,1,M0030,3166,2026-08-17,358,
100928,1,M0030,3166,2026-08-17,47,
100928,1,M0030,3166,2026-08-17,687,zone_650g
100928,1,M0030,3166,2026-08-17,687,zone_650g
100928,1,M0030,3166,2026-08-17,141,
100928,1,M0030,3166,2026-08-17,42,
100928,1,M0030,3166,2026-08-17,675,
100928,1,M0030,3166,2026-08-17,177,
100928,1,M0030,3166,2026-08-17,596,
100928,1,M0030,3166,2026-08-18,272,
100928,1,M0030,3166,2026-08-18,31,
100928,1,M0030,3166,2026-08-18,158,
100928,1,M0030,3166,2026-08-18,689,zone_650g
100928,1,M0030,3166,2026-08-18,139,
100928,1,M0030,3166,2026-08-18,164,
100928,1,M0030,3166,2026-08-18,359,
100928,1,M0030,3166,2026-08-19,100,
100928,1,M0030,3166,2026-08-19,36,
100928,1,M0030,3166,2026-08-19,37,
100928,1,M0030,3166,2026-08-19,523,
100928,1,M0030,3166,2026-08-19,63,
100928,1,M0030,3166,2026-08-20,241,
100928,1,M0030,3166,2026-08-20,691,over_zone_650g
100928,1,M0030,3166,2026-08-20,173,
100928,1,M0030,3166,2026-08-20,222,
100928,1,M0030,3166,2026-08-20,566,
100928,1,M0030,3166,2026-08-20,309,
100928,1,M0030,3166,2026-08-20,392,
100928,1,M0030,3166,2026-08-20,34,
100928,1,M0030,3166,2026-08-20,388,
100928,1,M0030,3166,2026-08-20,684,zone_650g
100928,1,M0030,3166,2026-08-20,269,
100928,1,M0030,3166,2026-08-20,126,
100928,1,M0030,3166,2026-08-20,74,
100928,1,M0030,3166,2026-08-20,523,
100928,1,M0030,3166,2026-08-20,92,
